col_0,col_1,col_2,col_3,col_4,col_5,col_6,col_7,col_8,col_9,col_10,col_11,col_12,col_13,col_14,col_15,col_16,col_17,col_18,col_19,col_20,col_21,col_22,col_23,col_24,col_25,col_26,col_27,col_28,col_29,col_30,col_31,col_32,col_33,col_34,col_35,col_36,col_37,col_38,col_39,col_40,col_41,col_42,col_43,col_44,col_45,col_46,Color Code,col_48,col_49,col_50,col_51,col_52,col_53,col_54,col_55,col_56,col_57,col_58,col_59,col_60,SFIO,col_62,col_63,col_64,col_65
,,,,,,,,,,,,,,,,,,,,,,,,,,,,,,,,,,,,,,,,,,,,,,,Error,,,,,,,,,,,,,,GPIO,,,,
Revision,1.2,,,,,,,,,,,,,,,,,,,,,,,,,,,,,,,,,,,,,,,,,,,,,,Warning,,,,,,,,,,,,,,STRAP,,,,
,,,,,,,,,,,,,,,,,,,,,,,,,,,,,,,,,,,,,,,,,,,,,,,,,,,,,,,,,,,,,UNUSED,,,,
SODIMM Pin #,Jetson SODIMM Signal Name,Jetson Orin NX and Nano Function,Verilog Ball Name,SOC Ball Name,,Pin Muxing,,,,,Allowed Pin Direction,,,,,Pin Groups,,,,,,General,,,,,,Pad Info,,,POR,Customer Configuration,,,,,,Error Check,,,,,,,Filled in by Customers,,,,,,,,,,,,,,,Customer Usage Description or Net Names,Devkit Usage,Package Signal Name,Ball Location,GPIO True Usage Direction,Comment
,,,,,Unused,GPIO,SFIO0,SFIO1,SFIO2,SFIO3,GPIO,SFIO0,SFIO1,SFIO2,SFIO3,F0,F1,F2,F3,FS,Device Tree Pin Name,Power Rail,Wake,Strap,GTE,DPD Control,DPD Group,Pad Category,Pad Type,Pull Strength,Pin State,Pin Group,SDMMC DAT/CMD,PUPD,Tristate,E_Input,GPIO Init Value,Customer Usage Checker,Initial State Checker,Pin Direction Checker,Wake Checker,True,3.3V Tolerance Enable Checker,Error Checker,Customer Usage,Pin Direction,Req. Initial State,Wake Pin,Lock,Initiator Target Mode,3.3V Tolerance Enable,LPDR Enable,EQOS LPBK Enable,Int Pull Up Value (Ω),Int Pull Down Value (Ω),Ext Pull Up Value (Ω),Ext Pull Down Value (Ω),Req. Deep Sleep State,IO Block Voltage,,,,,,
Pin #,Signal Name,Signal Name,MPIO,,,,,,,,,,,,,,,,,,,,,,,,,,,,,,,,,,,,,,,,,,,,,,,,,,,,,,,,,,,Signal Name,Pin #,,
,,,SYS,VDDIO_A,,,,,,,,,,,,,,,,,,,,,,,,,,,,,,,,,,,,,,,,,,,,,,,,,,,,,,,1.8V,,SYS,VDDIO_A,,,
,,,SYS_RESET_N,SF_RST_N,unused_SYS_RESET_N,,RESET,,,,,I,,,,,,,,,sys_reset_n,vddio_sys,,,,,,JT_RST,BILPRST_GFCR90_VDP1P1P1,N/A,z,,,NORMAL,TRISTATE,ENABLE,,True,True,True,True,True,True,VALID,RESET,Input,,,,,,,,,,,,,,Module Reset.  Reset to the module when driven low by the carrier board.  Used as carrier board supply enable when driven high by the module when module power sequence is complete.  Used to ensure proper power on/off sequencing between module and carrier board supplies. 1kΩ pull-up to 1.8V on the module.,SYS_RESET_N,SF_RST_N,AC50,,
,,,SHUTDOWN_N,SF_SHUTDOWN_N,unused_SHUTDOWN_N,,SHUTDOWN_N,,,,,O,,,,SHUTDOWN,RSVD1,RSVD2,RSVD3,RSVD1,shutdown_n,vddio_sys,,,,,,DD,BDPGLPHVIN_HFCR90_VDP1P1P1,50k,z,SHUTDOWN,,NORMAL,NORMAL,DISABLE,,True,True,True,True,True,True,VALID,SHUTDOWN_N,Output,,,,,Disable,Disable,,,,,,,,System Power Shutdown,SHUTDOWN_N,SF_SHUTDOWN_N,AC51,,
,,,SCE_ERROR,GP00_SCE_ERROR,unused_SCE_ERROR,GPIO3_PEE.00,,,,,B,B,,,,SCE,RSVD1,RSVD2,RSVD3,RSVD1,sce_error_pee0,vddio_sys,wake25,,GTE_SLICE2[31]Â ,SCE_ERROR,SYS,DD,BDPGLPHVIN_HFCR90_VDP1P1P1,50k,z,RSVD1,,PULL_DOWN,TRISTATE,DISABLE,N/A,True,True,True,True,True,True,VALID,unused_SCE_ERROR,Not Assigned,,No,,,Disable,Disable,,,,,,,,,UNUSED,GP00_SCE_ERROR,AB50,,
,,,VCOMP_ALERT,GP01,unused_VCOMP_ALERT,GPIO3_PEE.01,SOC_THERM_OC1,,,,B,I,,,,SOC,RSVD1,RSVD2,RSVD3,RSVD1,vcomp_alert_pee1,vddio_sys,wake26,,GTE_SLICE2[30]Â ,VCOMP_ALERT,SYS,DD,BDPGLPHVIN_HFCR90_VDP1P1P1,50k,pd,SOC,,NORMAL,TRISTATE,ENABLE,N/A,True,True,True,True,True,True,VALID,SOC_THERM_OC1,Input,,No,,,Disable,Disable,,,,,,,,Monitor VMON to throttle power,GPIO,GP01,AA51,,
,,,SOC_GPIO26,GP59,unused_SOC_GPIO26,GPIO3_PEE.05,,,,,B,,,,,RSVD0,RSVD1,RSVD2,RSVD3,RSVD0,soc_gpio26_pee5,vddio_sys,,,GTE_SLICE2[26],SOC_GPIO26,SYS,DD,BDPGLPHVIN_HFCR90_VDP1P1P1,50k,z,RSVD0,,PULL_DOWN,TRISTATE,DISABLE,N/A,True,True,True,True,True,True,VALID,unused_SOC_GPIO26,Not Assigned,,,,,Disable,Disable,,,,,,,,,UNUSED,GP59,AB49,,
,,,SOC_GPIO27,GP60,unused_SOC_GPIO27,GPIO3_PEE.06,,,,,B,,,,,RSVD0,RSVD1,RSVD2,RSVD3,RSVD0,soc_gpio27_pee6,vddio_sys,,,GTE_SLICE2[25],SOC_GPIO27,SYS,DD,BDPGLPHVIN_HFCR90_VDP1P1P1,50k,z,RSVD0,,PULL_DOWN,TRISTATE,DISABLE,N/A,True,True,True,True,True,True,VALID,unused_SOC_GPIO27,Not Assigned,,,,,Disable,Disable,,,,,,,,,UNUSED,GP60,AD51,,
,,,PMU_INT_N,SF_PWR_INT_N,unused_PMU_INT_N,,PMICINTR,,,,,I,,,,,,,,,pmu_int_n,vddio_sys,wake24,,,,,ST,BDPGLP_MFCR90_VDP1P1P1,50k,z,,,NORMAL,TRISTATE,ENABLE,,True,True,True,True,True,True,VALID,PMICINTR,Input,,No,,,,Disable,,,,,,,,PMIC Interrupt,PMIC_NIRQ,SF_PWR_INT_N,AD52,,
178,MOD_SLEEP*,MOD_SLEEP*,SOC_PWR_REQ,SF_PWR_SOC_EN,unused_SOC_PWR_REQ,,SOC_PWR_REQ,,,,,O,,,,,,,,,soc_pwr_req,vddio_sys,,,,,,ST,BDPGLP_MFCR90_VDP1P1P1,50k,1,,,NORMAL,NORMAL,DISABLE,,True,True,True,True,True,True,VALID,SOC_PWR_REQ,Output,Drive 1,,,,,Disable,,,,,,,,,Module SOC Power Request,SF_PWR_SOC_EN,AA47,,
212,GPIO10,GPIO10,AO_RETENTION_N,GP02,unused_AO_RETENTION_N,GPIO3_PEE.02,GPIO_AO_RET,,,,B,B,O,,O,GPIO,LED,RSVD2,ISTCTRL,RSVD2,ao_retention_n_pee2,vddio_sys,wake2,,GTE_SLICE2[29],AO_RETENTION_N,SYS,DD,BDPGLPHVIN_HFCR90_VDP1P1P1,50k,z,GPIO_PEE2,,NORMAL,TRISTATE,ENABLE,,True,True,True,True,True,True,VALID,GPIO3_PEE.02,Input,,No,,,Disable,Disable,,,,,,,,,Baseboard M.2 Alert,GP02,AA48,,
,,,BATT_OC,GP03,unused_BATT_OC,GPIO3_PEE.03,SOC_THERM_OC2,,,,B,I,,,,SOC,RSVD1,RSVD2,RSVD3,RSVD1,batt_oc_pee3,vddio_sys,wake10,,GTE_SLICE2[28],BATT_OC,SYS,DD,BDPGLPHVIN_HFCR90_VDP1P1P1,50k,pd,SOC,,PULL_UP,TRISTATE,ENABLE,N/A,True,True,True,True,True,True,VALID,SOC_THERM_OC2,Input,Int PU,No,,,Disable,Disable,,,,,,,,,,GP03,AA52,,
,,,BOOTV_CTL_N,SF_PWR_VBOOT_EN_N,unused_BOOTV_CTL_N,GPIO3_PEE.07,,,,,B,,,,,RSVD0,RSVD1,RSVD2,RSVD3,RSVD0,bootv_ctl_n_pee7,vddio_sys,,,GTE_SLICE2[24],BOOTV_CTL_N,SYS,ST,BDPGLP_MFCR90_VDP1P1P1,50k,z,RSVD0,,PULL_DOWN,TRISTATE,DISABLE,N/A,True,True,True,True,True,True,VALID,unused_BOOTV_CTL_N,Not Assigned,,,,,Disable,Disable,,,,,,,,,,SF_PWR_VBOOT_EN_N,AC45,,
,,,CLK_32K_IN,SF_CLK32K,unused_CLK_32K_IN,,CLK_32K_IN,,,,,I,,,,,,,,,clk_32k_in,vddio_sys,,,,,,DD,BDPGLPHVIN_HFCR90_VDP1P1P1,50k,z,,,NORMAL,TRISTATE,ENABLE,,True,True,True,True,True,True,VALID,CLK_32K_IN,Input,,,,,Disable,Disable,,,,1k,,,,,,SF_CLK32K,AC52,,
240,SLEEP/WAKE*,SLEEP/WAKE*,POWER_ON,GP04,unused_POWER_ON,GPIO3_PEE.04,,,,,B,,,,,RSVD0,RSVD1,RSVD2,RSVD3,RSVD0,power_on_pee4,vddio_sys,wake29,,GTE_SLICE2[27],POWER_ON,SYS,DD,BDPGLPHVIN_HFCR90_VDP1P1P1,50k,pd,GPIO_PEE4,,NORMAL,TRISTATE,ENABLE,,True,True,True,True,True,True,VALID,GPIO3_PEE.04,Input,,No,,,Disable,Disable,,100k,,10k,,,,,Button Signal from Baseboard,GP04,AA46,,
94,HDMI_CEC,HDMI_CEC,HDMI_CEC,GP05_HDMI_CEC,unused_HDMI_CEC,GPIO3_PGG.00,HDMI_CEC,,,,B,B,,,,HDMI,RSVD1,RSVD2,RSVD3,RSVD1,hdmi_cec_pgg0,vddio_sys,wake9,,GTE_SLICE2[23],HDMI_CEC,SYS,DD,BDPGLPHVIN_HFCR90_VDP1P1P1,50k,z,HDMI,,NORMAL,NORMAL,ENABLE,N/A,True,True,True,True,True,True,VALID,HDMI_CEC,Bidirectional,,Yes,,,Enable,Disable,,,,,,,,,HDMI CEC,GP05_HDMI_CEC,AA50,,
,,,AO,VDDIO_B,,,,,,,,,,,,,,,,,,,,,,,,,,,,,,,,,,,,,,,,,,,,,,,,,,,,,,,1.8V,,AO,VDDIO_B,,,
126,GPIO03,GPIO03,SPI2_SCK,GP06_SPI2_CLK,unused_SPI2_SCK,GPIO3_PCC.00,SPI2_SCK,,,,B,B,,,,SPI2,RSVD1,RSVD2,RSVD3,RSVD1,spi2_sck_pcc0,vddio_ao,,,GTE_SLICE2[22],SPI2_SCK,AO,DD,BDPGLPHVIN_HFCR90_VDP1P1P1,50k,pd,GPIO_PCC0,,NORMAL,NORMAL,DISABLE,0,True,True,True,True,True,True,VALID,GPIO3_PCC.00,Output,Drive 0,,,Initiator,Disable,Disable,,,,,,,,,Baseboard BT Enable,GP06_SPI2_CLK,AF48,,
127,GPIO04,GPIO04,SPI2_MISO,GP07_SPI2_MISO,unused_SPI2_MISO,GPIO3_PCC.01,SPI2_DIN,,,,B,B,,,,SPI2,RSVD1,RSVD2,RSVD3,RSVD1,spi2_miso_pcc1,vddio_ao,,,GTE_SLICE2[21],SPI2_MISO,AO,DD,BDPGLPHVIN_HFCR90_VDP1P1P1,50k,pd,GPIO_PCC1,,NORMAL,NORMAL,DISABLE,1,True,True,True,True,True,True,VALID,GPIO3_PCC.01,Output,Drive 1,,,Initiator,Disable,Disable,,,,10k,,,,,Baseboard Power LED Control,GP07_SPI2_MISO,AF44,,
128,GPIO05,GPIO05,SPI2_MOSI,GP08_SPI2_MOSI,unused_SPI2_MOSI,GPIO3_PCC.02,SPI2_DOUT,,,,B,B,,,,SPI2,RSVD1,RSVD2,RSVD3,RSVD1,spi2_mosi_pcc2,vddio_ao,,,GTE_SLICE2[20],SPI2_MOSI,AO,DD,BDPGLPHVIN_HFCR90_VDP1P1P1,50k,pd,GPIO_PCC2,,NORMAL,NORMAL,DISABLE,0,True,True,True,True,True,True,VALID,GPIO3_PCC.02,Output,Drive 0,,,Initiator,Disable,Disable,,,,,,,,,Baseboard Wifi Disable Control,GP08_SPI2_MOSI,AF46,,
130,GPIO06,GPIO06,SPI2_CS0,GP09_SPI2_CS_N,unused_SPI2_CS0,GPIO3_PCC.03,SPI2_CS0,,,,B,B,,,,SPI2,RSVD1,RSVD2,RSVD3,RSVD1,spi2_cs0_pcc3,vddio_ao,wake39,,GTE_SLICE2[19],SPI2_CS0,AO,DD,BDPGLPHVIN_HFCR90_VDP1P1P1,50k,z,GPIO_PCC3,,NORMAL,NORMAL,DISABLE,0,True,True,True,True,True,True,VALID,GPIO3_PCC.03,Output,Drive 0,No,,Initiator,Disable,Disable,,,10k,,,,,,Baseboard CAM MUX Sel,GP09_SPI2_CS_N,AF49,,
,,,TOUCH_CLK,GP10_PWM4,unused_TOUCH_CLK,GPIO3_PCC.04,GP_PWM4,,,,B,O,O,,,GP,TOUCH,RSVD2,RSVD3,RSVD2,touch_clk_pcc4,vddio_ao,,,GTE_SLICE2[18],TOUCH_CLK,AO,DD,BDPGLPHVIN_HFCR90_VDP1P1P1,50k,z,GP,,NORMAL,TRISTATE,DISABLE,N/A,True,True,True,True,True,True,VALID,GP_PWM4,Output,Z,,,,Enable,Disable,,,,,,,,,,GP10_PWM4,AG46,,
236,UART2_TXD,UART2_TXD (DEBUG),UART3_TX,GP11_UART3_TXD,unused_UART3_TX,GPIO3_PCC.05,UC3_TXD,,,,B,O,O,,,UARTC,UARTJ,RSVD2,RSVD3,RSVD2,uart3_tx_pcc5,vddio_ao,,,GTE_SLICE2[17],UART3_TX,AO,DD,BDPGLPHVIN_HFCR90_VDP1P1P1,50k,pd,UARTC,,NORMAL,NORMAL,DISABLE,N/A,True,True,True,True,True,True,VALID,UC3_TXD,Output,,,,,Disable,Disable,,,,,,,,,Debug UART,GP11_UART3_TXD,AG50,,
238,UART2_RXD,UART2_RXD (DEBUG),UART3_RX,GP12_UART3_RXD,unused_UART3_RX,GPIO3_PCC.06,UC3_RXD,,,,B,I,I,,,UARTC,UARTJ,RSVD2,RSVD3,RSVD2,uart3_rx_pcc6,vddio_ao,,,GTE_SLICE2[16],UART3_RX,AO,DD,BDPGLPHVIN_HFCR90_VDP1P1P1,50k,pd,UARTC,,NORMAL,TRISTATE,ENABLE,N/A,True,True,True,True,True,True,VALID,UC3_RXD,Input,,,,,Disable,Disable,,,,,,,,,,GP12_UART3_RXD,AF47,,
185,I2C0_SCL,I2C0_SCL,GEN2_I2C_SCL,GP13_I2C2_CLK,unused_GEN2_I2C_SCL,GPIO3_PCC.07,I2C2_CLK,,,,B,B,,,,I2C2,RSVD1,RSVD2,RSVD3,RSVD1,gen2_i2c_scl_pcc7,vddio_ao,,,GTE_SLICE2[15],GEN2_I2C_SCL,AO,DD,BDPGLPHVIN_HFCR90_VDP1P1P1,50k,z,I2C2,,NORMAL,NORMAL,ENABLE,N/A,True,True,True,True,True,True,VALID,I2C2_CLK,Bidirectional,,,,,Enable,Disable,,1.5k,,,,,,,Baseboard 40 Pin ID I2C (3.3V),GP13_I2C2_CLK,AF42,,Pulled up to 3V3 in module.
187,I2C0_SDA,I2C0_SDA,GEN2_I2C_SDA,GP14_I2C2_DAT,unused_GEN2_I2C_SDA,GPIO3_PDD.00,I2C2_DAT,,,,B,B,,,,I2C2,RSVD1,RSVD2,RSVD3,RSVD1,gen2_i2c_sda_pdd0,vddio_ao,wake41,,GTE_SLICE2[14],GEN2_I2C_SDA,AO,DD,BDPGLPHVIN_HFCR90_VDP1P1P1,50k,z,I2C2,,NORMAL,NORMAL,ENABLE,N/A,True,True,True,True,True,True,VALID,I2C2_DAT,Bidirectional,,No,,,Enable,Disable,,1.5k,,,,,,,,GP14_I2C2_DAT,AF43,,Pulled up to 3V3 in module.
189,I2C1_SCL,I2C1_SCL,GEN8_I2C_SCL,GP15_I2C8_CLK,unused_GEN8_I2C_SCL,GPIO3_PDD.01,I2C8_CLK,,,,B,B,,,,I2C8,RSVD1,RSVD2,RSVD3,RSVD1,gen8_i2c_scl_pdd1,vddio_ao,,,GTE_SLICE2[13],GEN8_I2C_SCL,AO,DD,BDPGLPHVIN_HFCR90_VDP1P1P1,50k,z,I2C8,,NORMAL,NORMAL,ENABLE,N/A,True,True,True,True,True,True,VALID,I2C8_CLK,Bidirectional,,,,,Enable,Disable,,2.2k,,,,,,,Baseboard 40 Pin I2C (3.3V),GP15_I2C8_CLK,AG48,,Pulled up to 3V3 in module.
191,I2C1_SDA,I2C1_SDA,GEN8_I2C_SDA,GP16_I2C8_DAT,unused_GEN8_I2C_SDA,GPIO3_PDD.02,I2C8_DAT,,,,B,B,,,,I2C8,RSVD1,RSVD2,RSVD3,RSVD1,gen8_i2c_sda_pdd2,vddio_ao,wake21,,GTE_SLICE2[12],GEN8_I2C_SDA,AO,DD,BDPGLPHVIN_HFCR90_VDP1P1P1,50k,z,I2C8,,NORMAL,NORMAL,ENABLE,N/A,True,True,True,True,True,True,VALID,I2C8_DAT,Bidirectional,,No,,,Enable,Disable,,2.2k,,,,,,,,GP16_I2C8_DAT,AG44,,Pulled up to 3V3 in module.
,,,AO_HV (3.3V Capable),VDDIO_C,,,,,,,,,,,,,,,,,,,,,,,,,,,,,,,,,,,,,,,,,,,,,,,,,,,,,,,3.3V,,AO_HV (3.3V Capable),VDDIO_C,,,
145,CAN_TX,RSVD (CAN_TX),CAN0_DOUT,GP17_CAN0_DOUT,unused_CAN0_DOUT,GPIO3_PAA.00,CAN0_DOUT,,,,B,O,,,,CAN0,RSVD1,RSVD2,RSVD3,RSVD1,can0_dout_paa0,vddio_ao_hv,,,GTE_SLICE2[11],CAN0_DOUT,AO_HV,CZ,BDSDMEM_GFCR90_VDP1P1P1VC,19.5K +/- 35%,z,CAN0,,NORMAL,NORMAL,DISABLE,N/A,True,True,True,True,True,True,VALID,CAN0_DOUT,Output,,,,Initiator,,,,,,,,,,,CAN Output,GP17_CAN0_DOUT,AE47,,
143,CAN_RX,RSVD (CAN_RX),CAN0_DIN,GP18_CAN0_DIN,unused_CAN0_DIN,GPIO3_PAA.01,CAN0_DIN,,,,B,I,,,,CAN0,RSVD1,RSVD2,RSVD3,RSVD1,can0_din_paa1,vddio_ao_hv,wake42,,GTE_SLICE2[10],CAN0_DIN,AO_HV,CZ,BDSDMEM_GFCR90_VDP1P1P1VC,19.5K +/- 35%,z,CAN0,,NORMAL,TRISTATE,ENABLE,N/A,True,True,True,True,True,True,VALID,CAN0_DIN,Input,,No,,Initiator,,,,,,,,,,,CAN Input,GP18_CAN0_DIN,AE50,,
,,,CAN1_DOUT,GP19_CAN1_DOUT,unused_CAN1_DOUT,GPIO3_PAA.02,CAN1_DOUT,,,,B,O,,,,CAN1,RSVD1,RSVD2,RSVD3,RSVD1,can1_dout_paa2,vddio_ao_hv,,,GTE_SLICE2[9],CAN1_DOUT,AO_HV,CZ,BDSDMEM_GFCR90_VDP1P1P1VC,19.5K +/- 35%,z,RSVD1,,PULL_DOWN,TRISTATE,DISABLE,N/A,True,True,True,True,True,True,VALID,unused_CAN1_DOUT,Not Assigned,,,,Initiator,,,,,,,,,,,UNUSED,GP19_CAN1_DOUT,AD46,,
,,,CAN1_DIN,GP20_CAN1_DIN,unused_CAN1_DIN,GPIO3_PAA.03,CAN1_DIN,,,,B,I,,,,CAN1,RSVD1,RSVD2,RSVD3,RSVD1,can1_din_paa3,vddio_ao_hv,wake43,,GTE_SLICE2[8],CAN1_DIN,AO_HV,CZ,BDSDMEM_GFCR90_VDP1P1P1VC,19.5K +/- 35%,z,RSVD1,,PULL_DOWN,TRISTATE,DISABLE,N/A,True,True,True,True,True,True,VALID,unused_CAN1_DIN,Not Assigned,,No,,Initiator,,,,,,,,,,,UNUSED,GP20_CAN1_DIN,AD45,,
,,,CAN0_STB,GP21,unused_CAN0_STB,GPIO3_PAA.04,,,TSC_EDGE_OUT2,TSC_EDGE_OUT0C,B,,O,O,O,RSVD0,WDT,TSC_EDGE_OUT2,TSC_EDGE_OUT0C,RSVD0,can0_stb_paa4,vddio_ao_hv,wake30,,GTE_SLICE2[7],CAN0_STB,AO_HV,CZ,BDSDMEM_GFCR90_VDP1P1P1VC,19.5K +/- 35%,pd,GPIO_PAA4,,NORMAL,NORMAL,DISABLE,0,True,True,True,True,True,True,VALID,GPIO3_PAA.04,Output,Drive 0,No,,,,,,,,,,,,,GPIO,GP21,AE46,,
,,,CAN0_EN,GP22,unused_CAN0_EN,GPIO3_PAA.05,,,,,B,,,,,RSVD0,RSVD1,RSVD2,RSVD3,RSVD0,can0_en_paa5,vddio_ao_hv,,,GTE_SLICE2[6],CAN0_EN,AO_HV,CZ,BDSDMEM_GFCR90_VDP1P1P1VC,19.5K +/- 35%,pd,GPIO_PAA5,,NORMAL,NORMAL,DISABLE,1,True,True,True,True,True,True,VALID,GPIO3_PAA.05,Output,Drive 1,,,,,,,,,,,,,,GPIO,GP22,AF51,,
,,,SOC_GPIO49,GP23,unused_SOC_GPIO49,GPIO3_PAA.06,,,,,B,,,,,RSVD0,RSVD1,RSVD2,RSVD3,RSVD0,soc_gpio49_paa6,vddio_ao_hv,wake46,,GTE_SLICE2[5],SOC_GPIO49,AO_HV,CZ,BDSDMEM_GFCR90_VDP1P1P1VC,19.5K +/- 35%,pd,RSVD0,,PULL_DOWN,TRISTATE,DISABLE,N/A,True,True,True,True,True,True,VALID,unused_SOC_GPIO49,Not Assigned,,No,,,,,,,,,,,,,UNUSED,GP23,AD50,,
,,,CAN0_ERR,GP24,unused_CAN0_ERR,GPIO3_PAA.07,,TSC_EDGE_OUT3,,TSC_EDGE_OUT0D,B,,O,,O,RSVD0,TSC_EDGE_OUT3,RSVD2,TSC_EDGE_OUT0D,RSVD0,can0_err_paa7,vddio_ao_hv,wake49,,GTE_SLICE2[4],CAN0_ERR,AO_HV,CZ,BDSDMEM_GFCR90_VDP1P1P1VC,19.5K +/- 35%,pd,RSVD0,,PULL_DOWN,TRISTATE,DISABLE,N/A,True,True,True,True,True,True,VALID,unused_CAN0_ERR,Not Assigned,,No,,,,,,,,,,,,,UNUSED,GP24,AF52,,
,,,CAN1_STB,GP25,unused_CAN1_STB,GPIO3_PBB.00,,DMIC3_CLK,DMIC5_CLK,,B,,O,O,,RSVD0,DMIC3,DMIC5,RSVD3,RSVD0,can1_stb_pbb0,vddio_ao_hv,,,GTE_SLICE2[3],CAN1_STB,AO_HV,CZ,BDSDMEM_GFCR90_VDP1P1P1VC,19.5K +/- 35%,pd,RSVD0,,PULL_DOWN,TRISTATE,DISABLE,N/A,True,True,True,True,True,True,VALID,unused_CAN1_STB,Not Assigned,,,,,,,,,,,,,,,UNUSED,GP25,AD47,,
,,,CAN1_EN,GP26,unused_CAN1_EN,GPIO3_PBB.01,,DMIC3_DAT,DMIC5_DAT,,B,,I,I,,RSVD0,DMIC3,DMIC5,RSVD3,RSVD0,can1_en_pbb1,vddio_ao_hv,,,GTE_SLICE2[2],CAN1_EN,AO_HV,CZ,BDSDMEM_GFCR90_VDP1P1P1VC,19.5K +/- 35%,pd,RSVD0,,PULL_DOWN,TRISTATE,DISABLE,N/A,True,True,True,True,True,True,VALID,unused_CAN1_EN,Not Assigned,,,,Initiator,,,,,,,,,,,UNUSED,GP26,AE49,,
,,,SOC_GPIO50,GP27,unused_SOC_GPIO50,GPIO3_PBB.02,,TSC_EDGE_OUT0,,TSC_EDGE_OUT0A,B,,O,,O,RSVD0,TSC_EDGE_OUT0,RSVD2,TSC_EDGE_OUT0A,RSVD0,soc_gpio50_pbb2,vddio_ao_hv,wake48,,GTE_SLICE2[1],SOC_GPIO50,AO_HV,CZ,BDSDMEM_GFCR90_VDP1P1P1VC,19.5K +/- 35%,pd,RSVD0,,PULL_DOWN,TRISTATE,DISABLE,N/A,True,True,True,True,True,True,VALID,unused_SOC_GPIO50,Not Assigned,,No,,Initiator,,,,,,,,,,,UNUSED,GP27,AD48,,
,,,CAN1_ERR,GP28,unused_CAN1_ERR,GPIO3_PBB.03,,,,,B,,O,,O,RSVD0,TSC_EDGE_OUT1,RSVD2,TSC_EDGE_OUT0B,RSVD0,can1_err_pbb3,vddio_ao_hv,wake47,,GTE_SLICE2[0],CAN1_ERR,AO_HV,CZ,BDSDMEM_GFCR90_VDP1P1P1VC,19.5K +/- 35%,pd,GPIO_PBB3,,NORMAL,NORMAL,DISABLE,1,True,True,True,True,True,True,VALID,GPIO3_PBB.03,Output,Drive 1,No,,Initiator,,,,,,,,,,,GPIO,GP28,AF50,,
,,,DEBUG,VDDIO_D,,,,,,,,,,,,,,,,,,,,,,,,,,,,,,,,,,,,,,,,,,,,,,,,,,,,,,,1.8V,,DEBUG,VDDIO_D,,,
,,,SOC_GPIO08,GP29,unused_SOC_GPIO08,GPIO3_PB.00,,,,,B,,,,,RSVD0,RSVD1,RSVD2,RSVD3,RSVD0,soc_gpio08_pb0,vddio_debug,,,,SOC_GPIO08,DBG,ST,BDPGLP_MFCR90_VXVDP1P1P1,50k,pd,GPIO_PB0,,PULL_UP,TRISTATE,ENABLE,,True,True,True,True,True,True,VALID,GPIO3_PB.00,Input,Int PU,,,,,Disable,,,,,,,,,GPIO,GP29,W47,,
,,,NVDBG_SEL,SF_NVDBG_SEL,unused_NVDBG_SEL,,NVDBG_SEL,,,,,I,,,,,,,,,nvdbg_sel,vddio_debug,wake14,,,,DBG,JT_RST,BILPRST_GFCR90_VDP1P1P1,N/A,z,,,NORMAL,TRISTATE,ENABLE,,True,True,True,True,True,True,VALID,NVDBG_SEL,Input,,No,,,,,,,,,100k,,,,NVDBG_SEL,SF_NVDBG_SEL,Y51,,
,,,NVJTAG_SEL,SF_NVJTAG_SEL,unused_NVJTAG_SEL,,NVJTAG_SEL,,,,,I,,,,,,,,,nvjtag_sel,vddio_debug,,,,,DBG,JT_RST,BILPRST_GFCR90_VDP1P1P1,N/A,z,,,NORMAL,TRISTATE,ENABLE,,True,True,True,True,True,True,VALID,NVJTAG_SEL,Input,,,,,,,,,,,100k,,,,NVJTAG_SEL,SF_NVJTAG_SEL,Y50,,
,,,JTAG_TRST_,SF_JTAG_TRST_N,unused_JTAG_TRST_,,JTAG_TRST_N,,,,,I,,,,,,,,,jtag_trst_,vddio_debug,,,,,DBG,ST,BDPGLP_MFCR90_VXVDP1P1P1,50k,z,,,NORMAL,TRISTATE,ENABLE,,True,True,True,True,True,True,VALID,JTAG_TRST_N,Input,,,,,,,,,,,,,,,JTAG_TRST_,SF_JTAG_TRST_N,Y52,,
,,,JTAG_TDO,SF_JTAG_TDO,unused_JTAG_TDO,,JTAG_TDO,,,,,O,,,,,,,,,jtag_tdo,vddio_debug,,,,,DBG,ST,BDPGLP_MFCR90_VXVDP1P1P1,50k,z,,,NORMAL,NORMAL,DISABLE,,True,True,True,True,True,True,VALID,JTAG_TDO,Output,,,,,,,,,,,100k,,,,JTAG_TDO,SF_JTAG_TDO,Y48,,
,,,JTAG_TMS,SF_JTAG_TMS,unused_JTAG_TMS,,JTAG_TMS,,,,,I,,,,,,,,,jtag_tms,vddio_debug,,,,,DBG,ST,BDPGLP_MFCR90_VXVDP1P1P1,50k,pu,,,NORMAL,TRISTATE,ENABLE,,True,True,True,True,True,True,VALID,JTAG_TMS,Input,,,,,,,,,,,100k,,,,JTAG_TMS,SF_JTAG_TMS,W50,,
,,,JTAG_TCK,SF_JTAG_TCK,unused_JTAG_TCK,,JTAG_TCK,,,,,I,,,,,,,,,jtag_tck,vddio_debug,,,,,DBG,ST,BDPGLP_MFCR90_VXVDP1P1P1,50k,z,,,NORMAL,TRISTATE,ENABLE,,True,True,True,True,True,True,VALID,JTAG_TCK,Input,,,,,,,,,,,100k,,,,JTAG_TCK,SF_JTAG_TCK,W49,,
,,,JTAG_TDI,SF_JTAG_TDI,unused_JTAG_TDI,,JTAG_TDI,,,,,I,,,,,,,,,jtag_tdi,vddio_debug,,,,,DBG,ST,BDPGLP_MFCR90_VXVDP1P1P1,50k,pu,,,NORMAL,TRISTATE,ENABLE,,True,True,True,True,True,True,VALID,JTAG_TDI,Input,,,,,,,,,,,100k,,,,JTAG_TDI,SF_JTAG_TDI,Y49,,
,,,G2,VDDIO_E,,,,,,,,,,,,,,,,,,,,,,,,,,,,,,,,,,,,,,,,,,,,,,,,,,,,,,,1.8V,,G2,VDDIO_E,,,
,,,GPU_PWR_REQ,SF_PWR_GPU_EN,unused_GPU_PWR_REQ,GPIO3_PX.00,,,,,B,,,,,RSVD0,RSVD1,RSVD2,RSVD3,RSVD0,gpu_pwr_req_px0,vddio_g2,,,,GPU_PWR_REQ,G2,ST,BDPGLP_MFCR90_VXVDP1P1P1,50k,0,RSVD0,,PULL_DOWN,TRISTATE,DISABLE,N/A,True,True,True,True,True,True,VALID,unused_GPU_PWR_REQ,Not Assigned,,,,,,Disable,,,,,,,,,UNUSED,SF_PWR_GPU_EN,T44,,
,,,CV_PWR_REQ,SF_PWR_CV_EN,unused_CV_PWR_REQ,GPIO3_PX.01,,,,,B,,,,,RSVD0,RSVD1,RSVD2,RSVD3,RSVD0,cv_pwr_req_px1,vddio_g2,,,,CV_PWR_REQ,G2,ST,BDPGLP_MFCR90_VXVDP1P1P1,50k,0,RSVD0,,PULL_DOWN,TRISTATE,DISABLE,N/A,True,True,True,True,True,True,VALID,unused_CV_PWR_REQ,Not Assigned,,,,,,Disable,,,,,,,,,UNUSED,SF_PWR_CV_EN,R45,,
,,,GP_PWM2,GP30_PWM2,unused_GP_PWM2,GPIO3_PX.02,GP_PWM2,,,,B,O,,,,GP,RSVD1,RSVD2,RSVD3,RSVD1,gp_pwm2_px2,vddio_g2,,,,GP_PWM2,G2,DD,BDPGLPHVIN_HFCR90_VXVDP1P1P1,50k,z,RSVD1,,PULL_DOWN,TRISTATE,DISABLE,N/A,True,True,True,True,True,True,VALID,unused_GP_PWM2,Not Assigned,,,,,Disable,Disable,,,,,,,,,UNUSED,GP30_PWM2,T43,,
230,GPIO14,GPIO14 (PWM),GP_PWM3,GP31_PWM3,unused_GP_PWM3,GPIO3_PX.03,GP_PWM3,,,,B,O,,,,GP,RSVD1,RSVD2,RSVD3,RSVD1,gp_pwm3_px3,vddio_g2,,,,GP_PWM3,G2,DD,BDPGLPHVIN_HFCR90_VXVDP1P1P1,50k,z,GP,,NORMAL,NORMAL,DISABLE,N/A,True,True,True,True,True,True,VALID,GP_PWM3,Output,Drive 0,,,,Disable,Disable,,,,,100k,,,,Baseboard FAN PWM,GP31_PWM3,R46,,
99,UART0_TXD,UART0_TXD,UART2_TX,GP32_UART2_TXD,unused_UART2_TX,GPIO3_PX.04,UB3_TXD,,,,B,O,,,,UARTB,RSVD1,RSVD2,RSVD3,RSVD1,uart2_tx_px4,vddio_g2,,ram_code3,,UART2,G2,DD,BDPGLPHVIN_HFCR90_VXVDP1P1P1,50k,pd,UARTB,,NORMAL,NORMAL,DISABLE,N/A,True,True,True,True,True,True,VALID,UB3_TXD,Output,,,,,Disable,Disable,,,,,,,,,Baseboard M.2 UART,GP32_UART2_TXD,T47,,Output only
101,UART0_RXD,UART0_RXD,UART2_RX,GP33_UART2_RXD,unused_UART2_RX,GPIO3_PX.05,UB3_RXD,,,,B,I,,,,UARTB,RSVD1,RSVD2,RSVD3,RSVD1,uart2_rx_px5,vddio_g2,,,,UART2,G2,DD,BDPGLPHVIN_HFCR90_VXVDP1P1P1,50k,pd,UARTB,,NORMAL,TRISTATE,ENABLE,N/A,True,True,True,True,True,True,VALID,UB3_RXD,Input,,,,,Disable,Disable,,,,,,,,,,GP33_UART2_RXD,P48,,
103,UART0_RTS*,UART0_RTS*,UART2_RTS,GP34_UART2_RTS_N,unused_UART2_RTS,GPIO3_PX.06,UB3_RTS,,,,B,O,,,,UARTB,RSVD1,RSVD2,RSVD3,RSVD1,uart2_rts_px6,vddio_g2,,ram_code2,,UART2,G2,ST,BDPGLP_MFCR90_VXVDP1P1P1,50k,pd,UARTB,,NORMAL,NORMAL,DISABLE,N/A,True,True,True,True,True,True,VALID,UB3_RTS,Output,,,,,,Disable,,,,,,,,,,GP34_UART2_RTS_N,P50,,Output only
105,UART0_CTS*,UART0_CTS*,UART2_CTS,GP35_UART2_CTS_N,unused_UART2_CTS,GPIO3_PX.07,UB3_CTS,,,,B,I,,,,UARTB,RSVD1,RSVD2,RSVD3,RSVD1,uart2_cts_px7,vddio_g2,wake52,,,UART2,G2,ST,BDPGLP_MFCR90_VXVDP1P1P1,50k,pu,UARTB,,NORMAL,TRISTATE,ENABLE,N/A,True,True,True,True,True,True,VALID,UB3_CTS,Input,,No,,,,Disable,,,,,,,,,,GP35_UART2_CTS_N,N46,,
106,SPI1_SCK,SPI1_SCK,SPI3_SCK,GP36_SPI3_CLK,unused_SPI3_SCK,GPIO3_PY.00,SPI3_SCK,,,,B,B,,,,SPI3,RSVD1,RSVD2,RSVD3,RSVD1,spi3_sck_py0,vddio_g2,,,,G2,G2,DD,BDPGLPHVIN_HFCR90_VXVDP1P1P1,50k,pd,GPIO_PY0,,PULL_DOWN,TRISTATE,ENABLE,,True,True,True,True,True,True,VALID,GPIO3_PY.00,Input,Int PD,,,Initiator,Disable,Disable,,,,,,,,,Baseboard 40 Pin Header SPI 1,GP36_SPI3_CLK,P42,,
108,SPI1_MISO,SPI1_MISO,SPI3_MISO,GP37_SPI3_MISO,unused_SPI3_MISO,GPIO3_PY.01,SPI3_DIN,,,,B,B,,,,SPI3,RSVD1,RSVD2,RSVD3,RSVD1,spi3_miso_py1,vddio_g2,,,,G2,G2,DD,BDPGLPHVIN_HFCR90_VXVDP1P1P1,50k,pd,GPIO_PY1,,PULL_DOWN,TRISTATE,ENABLE,,True,True,True,True,True,True,VALID,GPIO3_PY.01,Input,Int PD,,,Initiator,Disable,Disable,,,,,,,,,,GP37_SPI3_MISO,R47,,
104,SPI1_MOSI,SPI1_MOSI,SPI3_MOSI,GP38_SPI3_MOSI,unused_SPI3_MOSI,GPIO3_PY.02,SPI3_DOUT,,,,B,B,,,,SPI3,RSVD1,RSVD2,RSVD3,RSVD1,spi3_mosi_py2,vddio_g2,,,,G2,G2,DD,BDPGLPHVIN_HFCR90_VXVDP1P1P1,50k,pd,GPIO_PY2,,PULL_DOWN,TRISTATE,ENABLE,,True,True,True,True,True,True,VALID,GPIO3_PY.02,Input,Int PD,,,Initiator,Disable,Disable,,,,,,,,,,GP38_SPI3_MOSI,P45,,
110,SPI1_CS0*,SPI1_CS0*,SPI3_CS0,GP39_SPI3_CS0_N,unused_SPI3_CS0,GPIO3_PY.03,SPI3_CS0,,,,B,B,,,,SPI3,RSVD1,RSVD2,RSVD3,RSVD1,spi3_cs0_py3,vddio_g2,wake56,,,G2,G2,DD,BDPGLPHVIN_HFCR90_VXVDP1P1P1,50k,z,GPIO_PY3,,PULL_DOWN,TRISTATE,ENABLE,,True,True,True,True,True,True,VALID,GPIO3_PY.03,Input,Int PD,No,,Initiator,Disable,Disable,,,,,,,,,,GP39_SPI3_CS0_N,R48,,
112,SPI1_CS1*,SPI1_CS1*,SPI3_CS1,GP40_SPI3_CS1_N,unused_SPI3_CS1,GPIO3_PY.04,SPI3_CS1,,,,B,B,,,,SPI3,RSVD1,RSVD2,RSVD3,RSVD1,spi3_cs1_py4,vddio_g2,wake58,,,G2,G2,DD,BDPGLPHVIN_HFCR90_VXVDP1P1P1,50k,z,GPIO_PY4,,PULL_DOWN,TRISTATE,ENABLE,,True,True,True,True,True,True,VALID,GPIO3_PY.04,Input,Int PD,No,,Initiator,Disable,Disable,,,,,,,,,,GP40_SPI3_CS1_N,T46,,
,,,UART5_TX,GP41_UART5_TXD_DDRCODE1,unused_UART5_TX,GPIO3_PY.05,UE3_TXD,,,,B,O,,O,,UARTE,RSVD1,UARTI,RSVD3,RSVD1,uart5_tx_py5,vddio_g2,,ram_code1,,UART5,G2,ST,BDPGLP_MFCR90_VXVDP1P1P1,50k,pd,RSVD1,,PULL_DOWN,TRISTATE,DISABLE,N/A,True,True,True,True,True,True,VALID,unused_UART5_TX,Not Assigned,,,,,,Disable,,,,,,,,,,GP41_UART5_TXD_DDRCODE1,R51,,
,,,UART5_RX,GP42_UART5_RXD,unused_UART5_RX,GPIO3_PY.06,UE3_RXD,,,,B,I,,I,,UARTE,RSVD1,UARTI,RSVD3,RSVD1,uart5_rx_py6,vddio_g2,,,,UART5,G2,ST,BDPGLP_MFCR90_VXVDP1P1P1,50k,pd,RSVD1,,PULL_DOWN,TRISTATE,DISABLE,N/A,True,True,True,True,True,True,VALID,unused_UART5_RX,Not Assigned,,,,,,Disable,,,,,,,,,,GP42_UART5_RXD,R52,,
,,,UART5_RTS,GP43_UART5_RTS_N_DDRCODE0,unused_UART5_RTS,GPIO3_PY.07,UE3_RTS,,,,B,O,O,,,UARTE,RSVD1,RSVD2,RSVD3,RSVD1,uart5_rts_py7,vddio_g2,,ram_code0,,UART5,G2,ST,BDPGLP_MFCR90_VXVDP1P1P1,50k,pd,RSVD1,,PULL_DOWN,TRISTATE,DISABLE,N/A,True,True,True,True,True,True,VALID,unused_UART5_RTS,Not Assigned,,,,,,Disable,,,,,,,,,,GP43_UART5_RTS_N_DDRCODE0,R50,,
,,,UART5_CTS,GP44_UART5_CTS_N,unused_UART5_CTS,GPIO3_PZ.00,UE3_CTS,,,,B,I,,,,UARTE,RSVD1,RSVD2,RSVD3,RSVD1,uart5_cts_pz0,vddio_g2,wake53,,,UART5,G2,ST,BDPGLP_MFCR90_VXVDP1P1P1,50k,pu,RSVD1,,PULL_DOWN,TRISTATE,DISABLE,N/A,True,True,True,True,True,True,VALID,unused_UART5_CTS,Not Assigned,,No,,,,Disable,,,,,,,,,,GP44_UART5_CTS_N,P51,,
87,GPIO00,GPIO00 (USB_VBUS_EN0),USB_VBUS_EN0,GP45_USB_VBUS_EN0,unused_USB_VBUS_EN0,GPIO3_PZ.01,USB_VBUS_EN0,,,,B,B,,,,USB,RSVD1,RSVD2,RSVD3,RSVD1,usb_vbus_en0_pz1,vddio_g2,wake31,,,G2,G2,DD,BDPGLPHVIN_HFCR90_VXVDP1P1P1,50k,0,GPIO_PZ1,,PULL_UP,TRISTATE,ENABLE,,True,True,True,True,True,True,VALID,GPIO3_PZ.01,Input,Int PU,Yes,,,Disable,Disable,,,,,,,,,Baseboard USB VBUS Detect,GP45_USB_VBUS_EN0,N43,,
,,,USB_VBUS_EN1,GP46_USB_VBUS_EN1,unused_USB_VBUS_EN1,GPIO3_PZ.02,USB_VBUS_EN1,,,,B,B,,,,USB,RSVD1,RSVD2,RSVD3,RSVD1,usb_vbus_en1_pz2,vddio_g2,wake32,,,G2,G2,DD,BDPGLPHVIN_HFCR90_VXVDP1P1P1,50k,0,RSVD1,,PULL_DOWN,TRISTATE,DISABLE,N/A,True,True,True,True,True,True,VALID,unused_USB_VBUS_EN1,Not Assigned,,No,,,Disable,Disable,,,,,,,,,,GP46_USB_VBUS_EN1,P43,,
91,SPI0_SCK,SPI0_SCK,SPI1_SCK,GP47_SPI1_CLK,unused_SPI1_SCK,GPIO3_PZ.03,SPI1_SCK,,,,B,B,,,,SPI1,RSVD1,RSVD2,RSVD3,RSVD1,spi1_sck_pz3,vddio_g2,,,,G2,G2,DD,BDPGLPHVIN_HFCR90_VXVDP1P1P1,50k,pd,GPIO_PZ3,,PULL_DOWN,TRISTATE,ENABLE,,True,True,True,True,True,True,VALID,GPIO3_PZ.03,Input,Int PD,,,Initiator,Disable,Disable,,,,,,,,,Baseboard 40 Pin Header SPI 0,GP47_SPI1_CLK,P52,,
93,SPI0_MISO,SPI0_MISO,SPI1_MISO,GP48_SPI1_MISO,unused_SPI1_MISO,GPIO3_PZ.04,SPI1_DIN,,,,B,B,,,,SPI1,RSVD1,RSVD2,RSVD3,RSVD1,spi1_miso_pz4,vddio_g2,,,,G2,G2,DD,BDPGLPHVIN_HFCR90_VXVDP1P1P1,50k,pd,GPIO_PZ4,,PULL_DOWN,TRISTATE,ENABLE,,True,True,True,True,True,True,VALID,GPIO3_PZ.04,Input,Int PD,,,Initiator,Disable,Disable,,,,,,,,,,GP48_SPI1_MISO,N44,,
89,SPI0_MOSI,SPI0_MOSI,SPI1_MOSI,GP49_SPI1_MOSI,unused_SPI1_MOSI,GPIO3_PZ.05,SPI1_DOUT,,,,B,B,,,,SPI1,RSVD1,RSVD2,RSVD3,RSVD1,spi1_mosi_pz5,vddio_g2,,,,G2,G2,DD,BDPGLPHVIN_HFCR90_VXVDP1P1P1,50k,pd,GPIO_PZ5,,PULL_DOWN,TRISTATE,ENABLE,,True,True,True,True,True,True,VALID,GPIO3_PZ.05,Input,Int PD,,,Initiator,Disable,Disable,,,,,,,,,,GP49_SPI1_MOSI,P47,,
95,SPI0_CS0*,SPI0_CS0*,SPI1_CS0,GP50_SPI1_CS0_N,unused_SPI1_CS0,GPIO3_PZ.06,SPI1_CS0,,,,B,B,,,,SPI1,RSVD1,RSVD2,RSVD3,RSVD1,spi1_cs0_pz6,vddio_g2,wake45,,,G2,G2,DD,BDPGLPHVIN_HFCR90_VXVDP1P1P1,50k,z,GPIO_PZ6,,PULL_UP,TRISTATE,ENABLE,,True,True,True,True,True,True,VALID,GPIO3_PZ.06,Input,Int PU,No,,Initiator,Disable,Disable,,,,,,,,,,GP50_SPI1_CS0_N,T49,,
97,SPI0_CS1*,SPI0_CS1*,SPI1_CS1,GP51_SPI1_CS1_N,unused_SPI1_CS1,GPIO3_PZ.07,SPI1_CS1,,,,B,B,,,,SPI1,RSVD1,RSVD2,RSVD3,RSVD1,spi1_cs1_pz7,vddio_g2,wake50,,,G2,G2,DD,BDPGLPHVIN_HFCR90_VXVDP1P1P1,50k,z,GPIO_PZ7,,PULL_UP,TRISTATE,ENABLE,,True,True,True,True,True,True,VALID,GPIO3_PZ.07,Input,Int PU,No,,Initiator,Disable,Disable,,,,,,,,,,GP51_SPI1_CS1_N,P49,,
,,,G3,VDDIO_F,,,,,,,,,,,,,,,,,,,,,,,,,,,,,,,,,,,,,,,,,,,,,,,,,,,,,,,1.8V,,G3,VDDIO_F,,,
116,CAM0_MCLK,CAM0_MCLK,EXTPERIPH1_CLK,GP52_CLK1,unused_EXTPERIPH1_CLK,GPIO3_PP.00,EXTPERIPH1_CLK,,,,B,O,,,,EXTPERIPH1,RSVD1,RSVD2,RSVD3,RSVD1,extperiph1_clk_pp0,vddio_g3,,,,G3,G3,ST,BDPGLP_MFCR90_VXVDP1P1P1,50k,pd,EXTPERIPH1,,NORMAL,NORMAL,DISABLE,N/A,True,True,True,True,True,True,VALID,EXTPERIPH1_CLK,Output,Drive 0,,,,,Disable,,,,,,,,,Baseboard Camera 0 CLK,GP52_CLK1,L45,,
122,CAM1_MCLK,CAM1_MCLK,EXTPERIPH2_CLK,GP53_CLK2,unused_EXTPERIPH2_CLK,GPIO3_PP.01,EXTPERIPH2_CLK,,,,B,O,,,,EXTPERIPH2,RSVD1,RSVD2,RSVD3,RSVD1,extperiph2_clk_pp1,vddio_g3,,,,G3,G3,ST,BDPGLP_MFCR90_VXVDP1P1P1,50k,pd,EXTPERIPH2,,NORMAL,NORMAL,DISABLE,N/A,True,True,True,True,True,True,VALID,EXTPERIPH2_CLK,Output,Drive 0,,,,,Disable,,,,,,,,,Baseboard Camera 1 CLK,GP53_CLK2,M50,,
213,CAM_I2C_SCL,CAM_I2C_SCL,CAM_I2C_SCL,GP54_I2C3_CLK,unused_CAM_I2C_SCL,GPIO3_PP.02,I2C3_CLK,,,,B,B,B,B,B,I2C3,VI0,VI0_ALT,VI1,I2C3,cam_i2c_scl_pp2,vddio_g3,,,,CAM_I2C_SCL,G3,DD,BDPGLPHVIN_HFCR90_VXVDP1P1P1,50k,z,I2C3,,NORMAL,NORMAL,ENABLE,N/A,True,True,True,True,True,True,VALID,I2C3_CLK,Bidirectional,,,,,Enable,Disable,,2.2k,,,,,,,Baseboard Camera I2C (3.3V),GP54_I2C3_CLK,M42,,Pulled up to 3V3 in module
215,CAM_I2C_SDA,CAM_I2C_SDA,CAM_I2C_SDA,GP55_I2C3_DAT,unused_CAM_I2C_SDA,GPIO3_PP.03,I2C3_DAT,,,,B,B,B,,B,I2C3,VI0,RSVD2,VI1,RSVD2,cam_i2c_sda_pp3,vddio_g3,,,,CAM_I2C_SDA,G3,DD,BDPGLPHVIN_HFCR90_VXVDP1P1P1,50k,z,I2C3,,NORMAL,NORMAL,ENABLE,N/A,True,True,True,True,True,True,VALID,I2C3_DAT,Bidirectional,,,,,Enable,Disable,,2.2k,,,,,,,,GP55_I2C3_DAT,M47,,Pulled up to 3V3 in module
,,,SOC_GPIO23,GP56,unused_SOC_GPIO23,GPIO3_PP.04,,,,,B,B,B,B,B,VI0,VI0_ALT,VI1,VI1_ALT,VI0,soc_gpio23_pp4,vddio_g3,,,,SOC_GPIO23,G3,DD,BDPGLPHVIN_HFCR90_VXVDP1P1P1,50k,pd,VI0,,PULL_DOWN,TRISTATE,DISABLE,N/A,True,True,True,True,True,True,VALID,unused_SOC_GPIO23,Not Assigned,,,,,Disable,Disable,,,,,,,,,UNUSED,GP56,L50,,
,,,SOC_GPIO24,GP57,unused_SOC_GPIO24,GPIO3_PP.05,,SOC_THERM_OC3,,,B,B,I,B,B,VI0,SOC,VI1,VI1_ALT,VI0,soc_gpio24_pp5,vddio_g3,,,,G3,G3,DD,BDPGLPHVIN_HFCR90_VXVDP1P1P1,50k,pd,SOC,,PULL_UP,TRISTATE,ENABLE,N/A,True,True,True,True,True,True,VALID,SOC_THERM_OC3,Input,Int PU,,,,Disable,Disable,,,,,,,,,SFIO,GP57,L49,,
124,GPIO02,GPIO02,SOC_GPIO25,GP58,unused_SOC_GPIO25,GPIO3_PP.06,,,,,B,B,B,B,I,VI0,I2S5,VI1,DMIC1,VI0,soc_gpio25_pp6,vddio_g3,wake37,,,G3,G3,DD,BDPGLPHVIN_HFCR90_VXVDP1P1P1,50k,pd,GPIO_PP6,,NORMAL,TRISTATE,ENABLE,,True,True,True,True,True,True,VALID,GPIO3_PP.06,Input,,Yes,,,Enable,Disable,,,,47K,,,,,Baseboard M.2 Wake Request to AP,GP58,L48,,
,,,PWR_I2C_SCL,SF_PWR_I2C_CLK,unused_PWR_I2C_SCL,GPIO3_PP.07,I2C5_CLK,,,,B,B,,,,I2C5,RSVD1,RSVD2,RSVD3,RSVD1,pwr_i2c_scl_pp7,vddio_g3,,,,G3,G3,DD,BDPGLPHVIN_HFCR90_VXVDP1P1P1,50k,z,I2C5,,NORMAL,NORMAL,ENABLE,N/A,True,True,True,True,True,True,VALID,I2C5_CLK,Bidirectional,,,,,Enable,Disable,,,,2.2k,,,,,,SF_PWR_I2C_CLK,L43,,
,,,PWR_I2C_SDA,SF_PWR_I2C_DAT,unused_PWR_I2C_SDA,GPIO3_PQ.00,I2C5_DAT,,,,B,B,,,,I2C5,RSVD1,RSVD2,I2C5,RSVD1,pwr_i2c_sda_pq0,vddio_g3,wake35,,,G3,G3,DD,BDPGLPHVIN_HFCR90_VXVDP1P1P1,50k,z,I2C5,,NORMAL,NORMAL,ENABLE,N/A,True,True,True,True,True,True,VALID,I2C5_DAT,Bidirectional,,No,,,Enable,Disable,,,,2.2k,,,,,,SF_PWR_I2C_DAT,M48,,
,,,SOC_GPIO28,GP61,unused_SOC_GPIO28,GPIO3_PQ.01,,,,,B,B,,B,,VI0,RSVD1,VI1,RSVD3,RSVD1,soc_gpio28_pq1,vddio_g3,wake40,,,G3,G3,DD,BDPGLPHVIN_HFCR90_VXVDP1P1P1,50k,pd,RSVD1,,PULL_DOWN,TRISTATE,DISABLE,N/A,True,True,True,True,True,True,VALID,unused_SOC_GPIO28,Not Assigned,,No,,,Disable,Disable,,,,,,,,,UNUSED,GP61,K47,,
208,GPIO08,GPIO08 (SDMMC_CD),SOC_GPIO29,GP62,unused_SOC_GPIO29,GPIO3_PQ.02,,NV_THERM_FAN_TACH0,,,B,,I,,,RSVD0,NV,RSVD2,RSVD3,RSVD0,soc_gpio29_pq2,vddio_g3,,,,G3,G3,DD,BDPGLPHVIN_HFCR90_VXVDP1P1P1,50k,pd,NV,,NORMAL,TRISTATE,ENABLE,N/A,True,True,True,True,True,True,VALID,NV_THERM_FAN_TACH0,Input,,,,,Disable,Disable,,,,10k,,,,,Baseboard FAN TACH,GP62,N49,,
,,,SOC_GPIO30,GP63,unused_SOC_GPIO30,GPIO3_PQ.03,,WDT_RESET_OUTA,,,B,,O,,,RSVD0,WDT,RSVD2,RSVD3,RSVD0,soc_gpio30_pq3,vddio_g3,,,,G3,G3,DD,BDPGLPHVIN_HFCR90_VXVDP1P1P1,50k,z,GPIO_PQ3,,NORMAL,NORMAL,DISABLE,1,True,True,True,True,True,True,VALID,GPIO3_PQ.03,Output,Drive 1,,,,Enable,Disable,,,,10K,,,,,GPIO,GP63,K46,,
,,,SOC_GPIO31,GP64,unused_SOC_GPIO31,GPIO3_PQ.04,,,,,B,,,,,RSVD0,RSVD1,RSVD2,RSVD3,RSVD0,soc_gpio31_pq4,vddio_g3,,,,G3,G3,DD,BDPGLPHVIN_HFCR90_VXVDP1P1P1,50k,pd,RSVD0,,PULL_DOWN,TRISTATE,DISABLE,N/A,True,True,True,True,True,True,VALID,unused_SOC_GPIO31,Not Assigned,,,,,Disable,Disable,,,,,,,,,UNUSED,GP64,L47,,
118,GPIO01,GPIO01 (CLK),SOC_GPIO32,GP65,unused_SOC_GPIO32,GPIO3_PQ.05,,EXTPERIPH3_CLK,,,B,,O,O,,RSVD0,EXTPERIPH3,DCB,RSVD3,RSVD0,soc_gpio32_pq5,vddio_g3,,,,G3,G3,DD,BDPGLPHVIN_HFCR90_VXVDP1P1P1,50k,pd,GPIO_PQ5,,PULL_UP,TRISTATE,ENABLE,,True,True,True,True,True,True,VALID,GPIO3_PQ.05,Input,Int PU,,,,Disable,Disable,,,,,,,,,Baseboard 40 Pin GPIO,GP65,M45,,
216,GPIO11,GPIO11 (CLK),SOC_GPIO33,GP66,unused_SOC_GPIO33,GPIO3_PQ.06,,EXTPERIPH4_CLK,,,B,,O,O,,RSVD0,EXTPERIPH4,DCB,RSVD3,RSVD0,soc_gpio33_pq6,vddio_g3,,,,G3,G3,DD,BDPGLPHVIN_HFCR90_VXVDP1P1P1,50k,pd,GPIO_PQ6,,PULL_UP,TRISTATE,ENABLE,,True,True,True,True,True,True,VALID,GPIO3_PQ.06,Input,Int PU,,,,Disable,Disable,,,,,,,,,Baseboard 40 Pin GPIO,GP66,M51,,
,,,SOC_GPIO35,GP67,unused_SOC_GPIO35,GPIO3_PQ.07,,,,,B,,O,O,,RSVD0,I2S5,DMIC1,RSVD3,RSVD0,soc_gpio35_pq7,vddio_g3,,,,G3,G3,DD,BDPGLPHVIN_HFCR90_VXVDP1P1P1,50k,pd,RSVD0,,PULL_DOWN,TRISTATE,DISABLE,N/A,True,True,True,True,True,True,VALID,unused_SOC_GPIO35,Not Assigned,,,,,Disable,Disable,,,,,,,,,UNUSED,GP67,M52,,
,,,SOC_GPIO37,GP68,unused_SOC_GPIO37,GPIO3_PR.00,GP_PWM8,,,,B,O,I,I,O,GP,I2S5,DMIC4,DSPK1,GP,soc_gpio37_pr0,vddio_g3,,,,G3,G3,DD,BDPGLPHVIN_HFCR90_VXVDP1P1P1,50k,pd,GP,,PULL_DOWN,TRISTATE,DISABLE,N/A,True,True,True,True,True,True,VALID,unused_SOC_GPIO37,Not Assigned,,,,,Disable,Disable,,,,,,,,,UNUSED,GP68,N50,,
,,,SOC_GPIO56,GP69,unused_SOC_GPIO56,GPIO3_PR.01,,,,,B,,B,O,O,RSVD0,I2S5,DMIC4,DSPK1,RSVD0,soc_gpio56_pr1,vddio_g3,,,,G3,G3,DD,BDPGLPHVIN_HFCR90_VXVDP1P1P1,50k,pd,RSVD0,,PULL_DOWN,TRISTATE,DISABLE,N/A,True,True,True,True,True,True,VALID,unused_SOC_GPIO56,Not Assigned,,,,,Disable,Disable,,,,,,,,,UNUSED,GP69,M46,,
203,UART1_TXD,UART1_TXD,UART1_TX,GP70_UART1_TXD_BOOT2_STRAP,unused_UART1_TX,GPIO3_PR.02,UA3_TXD,,,,B,O,,,,UARTA,RSVD1,RSVD2,RSVD3,RSVD1,uart1_tx_pr2,vddio_g3,,boot_sel2,,G3,G3,ST,BDPGLP_MFCR90_VXVDP1P1P1,50k,pd,UARTA,,NORMAL,NORMAL,DISABLE,N/A,True,True,True,True,True,True,VALID,UA3_TXD,Output,,,,,,Disable,,,,,,,,,Baseboard 40 Pin Header UART,GP70_UART1_TXD_BOOT2_STRAP,L51,,Output only
205,UART1_RXD,UART1_RXD,UART1_RX,GP71_UART1_RXD,unused_UART1_RX,GPIO3_PR.03,UA3_RXD,,,,B,I,,,,UARTA,RSVD1,RSVD2,RSVD3,RSVD1,uart1_rx_pr3,vddio_g3,,,,G3,G3,ST,BDPGLP_MFCR90_VXVDP1P1P1,50k,pd,UARTA,,PULL_DOWN,TRISTATE,ENABLE,N/A,True,True,True,True,True,True,VALID,UA3_RXD,Input,Int PD,,,,,Disable,,,,,,,,,,GP71_UART1_RXD,L52,,
207,UART1_RTS*,UART1_RTS*,UART1_RTS,GP72_UART1_RTS_N,unused_UART1_RTS,GPIO3_PR.04,UA3_RTS,,,,B,O,,,,UARTA,RSVD1,RSVD2,RSVD3,RSVD1,uart1_rts_pr4,vddio_g3,,,,G3,G3,ST,BDPGLP_MFCR90_VXVDP1P1P1,50k,pd,GPIO_PR4,,PULL_DOWN,TRISTATE,ENABLE,,True,True,True,True,True,True,VALID,GPIO3_PR.04,Input,Int PD,,,,,Disable,,,,,,,,,,GP72_UART1_RTS_N,K50,,
209,UART1_CTS*,UART1_CTS*,UART1_CTS,GP73_UART1_CTS_N,unused_UART1_CTS,GPIO3_PR.05,UA3_CTS,,,,B,I,,,,UARTA,RSVD1,RSVD2,RSVD3,RSVD1,uart1_cts_pr5,vddio_g3,,,,G3,G3,ST,BDPGLP_MFCR90_VXVDP1P1P1,50k,pd,GPIO_PR5,,PULL_DOWN,TRISTATE,ENABLE,,True,True,True,True,True,True,VALID,GPIO3_PR.05,Input,Int PD,,,,,Disable,,,,,,,,,,GP73_UART1_CTS_N,N47,,
,,,EDP1,VDDIO_G,,,,,,,,,,,,,,,,,,,,,,,,,,,,,,,,,,,,,,,,,,,,,,,,,,,,,,,1.8V,,EDP1,VDDIO_G,,,
100,DP1_AUX_P,DP1_AUX_P,DP_AUX_CH0_P,SF_DPAUX01_P,unused_DP_AUX_CH0_P,,DP_AUX_CH0_P,I2C6_CLK,,,,B,B,O,,,,,,,dp_aux_ch0_p,vddio_edp1,,,,,,DP_AUX,BDDPAUX_LFC_VD181818NC,N/A,z,,,NORMAL,NORMAL,ENABLE,,True,True,True,True,True,True,VALID,I2C6_CLK,Bidirectional,,,,,,Disable,,,,,,,,,HDMI DDC,SF_DPAUX01_P,H52,,
98,DP1_AUX_N,DP1_AUX_N,DP_AUX_CH0_N,SF_DPAUX01_N,unused_DP_AUX_CH0_N,,DP_AUX_CH0_N,I2C6_DAT,,,,B,B,I,,,,,,,dp_aux_ch0_n,vddio_edp1,,,,,,DP_AUX,BDDPAUX_LFC_VD181818NC,N/A,z,,,NORMAL,NORMAL,ENABLE,,True,True,True,True,True,True,VALID,I2C6_DAT,Bidirectional,,,,,,Disable,,,,,,,,,,SF_DPAUX01_N,J52,,
,,,EDP,VDDIO_G,,,,,,,,,,,,,,,,,,,,,,,,,,,,,,,,,,,,,,,,,,,,,,,,,,,,,,,1.8V,,EDP,VDDIO_G,,,
96,DP1_HPD,DP1_HPD,DP_AUX_CH0_HPD,GP74_HPD0_N,unused_DP_AUX_CH0_HPD,GPIO3_PM.00,DP_AUX_CH0_HPD,,,,B,I,,,,DP,RSVD1,RSVD2,RSVD3,RSVD1,dp_aux_ch0_hpd_pm0,vddio_edp,wake51,,,EDP,EDP,DD,BDPGLPHVIN_HFC_VXVDP1P1P1,50k,z,GPIO_PM0,,NORMAL,TRISTATE,ENABLE,,True,True,True,True,True,True,VALID,GPIO3_PM.00,Input,Z,No,,,Disable,Disable,,,,,,,,,HDMI HPD,GP74_HPD0_N,J51,,
,,,DP_AUX_CH1_P,GP75_I2C4_CLK,unused_DP_AUX_CH1_P,GPIO3_PN.03,I2C4_CLK,,,,B,B,,,,I2C4,RSVD1,RSVD2,RSVD3,RSVD1,dp_aux_ch1_p_pn3,vddio_edp,,,,EDP,EDP,DD,BDPGLPHVIN_HFC_VXVDP1P1P1,50k,z,RSVD1,,PULL_DOWN,TRISTATE,DISABLE,N/A,True,True,True,True,True,True,VALID,unused_DP_AUX_CH1_P,Not Assigned,,,,,Disable,Disable,,,,,,,,,UNUSED,GP75_I2C4_CLK,K49,,
,,,DP_AUX_CH1_N,GP76_I2C4_DAT,unused_DP_AUX_CH1_N,GPIO3_PN.04,I2C4_DAT,,,,B,B,,,,I2C4,RSVD1,RSVD2,RSVD3,RSVD1,dp_aux_ch1_n_pn4,vddio_edp,,,,EDP,EDP,DD,BDPGLPHVIN_HFC_VXVDP1P1P1,50k,z,RSVD1,,PULL_DOWN,TRISTATE,DISABLE,N/A,True,True,True,True,True,True,VALID,unused_DP_AUX_CH1_N,Not Assigned,,,,,Disable,Disable,,,,,,,,,UNUSED,GP76_I2C4_DAT,J46,,
,,,DP_AUX_CH1_HPD,GP77_XFI3_MDIO,unused_DP_AUX_CH1_HPD,GPIO3_PM.01,ETH3_MDIO,,,,B,B,,,,ETH3,RSVD1,RSVD2,RSVD3,RSVD1,dp_aux_ch1_hpd_pm1,vddio_edp,,,,EDP,EDP,DD,BDPGLPHVIN_HFC_VXVDP1P1P1,50k,z,RSVD1,,PULL_DOWN,TRISTATE,DISABLE,N/A,True,True,True,True,True,True,VALID,unused_DP_AUX_CH1_HPD,Not Assigned,,,,,Disable,Disable,,,,,,,,,UNUSED,GP77_XFI3_MDIO,K43,,
,,,DP_AUX_CH2_P,GP78_I2C7_CLK,unused_DP_AUX_CH2_P,GPIO3_PN.05,I2C7_CLK,,,,B,B,,,,I2C7,RSVD1,RSVD2,RSVD3,RSVD1,dp_aux_ch2_p_pn5,vddio_edp,,,,EDP,EDP,DD,BDPGLPHVIN_HFC_VXVDP1P1P1,50k,z,RSVD1,,PULL_DOWN,TRISTATE,DISABLE,N/A,True,True,True,True,True,True,VALID,unused_DP_AUX_CH2_P,Not Assigned,,,,,Disable,Disable,,,,2.2K,,,,,UNUSED,GP78_I2C7_CLK,H49,,
,,,DP_AUX_CH2_N,GP79_I2C7_DAT,unused_DP_AUX_CH2_N,GPIO3_PN.06,I2C7_DAT,,,,B,B,,,,I2C7,RSVD1,RSVD2,RSVD3,RSVD1,dp_aux_ch2_n_pn6,vddio_edp,,,,EDP,EDP,DD,BDPGLPHVIN_HFC_VXVDP1P1P1,50k,z,RSVD1,,PULL_DOWN,TRISTATE,DISABLE,N/A,True,True,True,True,True,True,VALID,unused_DP_AUX_CH2_N,Not Assigned,,,,,Disable,Disable,,,,2.2K,,,,,UNUSED,GP79_I2C7_DAT,H48,,
,,,DP_AUX_CH2_HPD,GP80_XFI3_MDC,unused_DP_AUX_CH2_HPD,GPIO3_PM.02,ETH3_MDC,,,,B,O,,I,,ETH3,RSVD1,DISPLAYB,RSVD3,RSVD1,dp_aux_ch2_hpd_pm2,vddio_edp,,,,EDP,EDP,DD,BDPGLPHVIN_HFC_VXVDP1P1P1,50k,z,RSVD1,,PULL_DOWN,TRISTATE,DISABLE,N/A,True,True,True,True,True,True,VALID,unused_DP_AUX_CH2_HPD,Not Assigned,,,,,Disable,Disable,,,,,,,,,UNUSED,GP80_XFI3_MDC,K44,,
,,,DP_AUX_CH3_P,GP81_I2C9_CLK,unused_DP_AUX_CH3_P,GPIO3_PN.07,I2C9_CLK,,,,B,B,,,,I2C9,RSVD1,RSVD2,RSVD3,RSVD1,dp_aux_ch3_p_pn7,vddio_edp,,,,EDP,EDP,DD,BDPGLPHVIN_HFC_VXVDP1P1P1,50k,z,RSVD1,,PULL_DOWN,TRISTATE,DISABLE,N/A,True,True,True,True,True,True,VALID,unused_DP_AUX_CH3_P,Not Assigned,,,,,Disable,Disable,,,,2.2K,,,,,UNUSED,GP81_I2C9_CLK,J48,,
,,,DP_AUX_CH3_N,GP82_I2C9_DAT,unused_DP_AUX_CH3_N,GPIO3_PN.00,I2C9_DAT,,,,B,B,,,,I2C9,RSVD1,RSVD2,RSVD3,RSVD1,dp_aux_ch3_n_pn0,vddio_edp,,,,EDP,EDP,DD,BDPGLPHVIN_HFC_VXVDP1P1P1,50k,z,RSVD1,,PULL_DOWN,TRISTATE,DISABLE,N/A,True,True,True,True,True,True,VALID,unused_DP_AUX_CH3_N,Not Assigned,,,,,Disable,Disable,,,,2.2K,,,,,UNUSED,GP82_I2C9_DAT,J47,,
,,,DP_AUX_CH3_HPD,GP83_XFI2_MDIO,unused_DP_AUX_CH3_HPD,GPIO3_PM.03,ETH2_MDIO,,,,B,B,,I,,ETH2,RSVD1,DISPLAYA,RSVD3,RSVD1,dp_aux_ch3_hpd_pm3,vddio_edp,,,,EDP,EDP,DD,BDPGLPHVIN_HFC_VXVDP1P1P1,50k,z,RSVD1,,PULL_DOWN,TRISTATE,DISABLE,N/A,True,True,True,True,True,True,VALID,unused_DP_AUX_CH3_HPD,Not Assigned,,,,,Disable,Disable,,,,,,,,,UNUSED,GP83_XFI2_MDIO,J45,,
,,,SOC_GPIO55,GP84_XFI2_MDC,unused_SOC_GPIO55,GPIO3_PM.04,ETH2_MDC,,,,B,O,,,,ETH2,RSVD1,RSVD2,RSVD3,RSVD1,soc_gpio55_pm4,vddio_edp,wake22,,,EDP,EDP,ST,BDPGLP_MFC_VXVDP1P1P1,50k,pd,RSVD1,,PULL_DOWN,TRISTATE,DISABLE,N/A,True,True,True,True,True,True,VALID,unused_SOC_GPIO55,Not Assigned,,No,,,,Disable,,,,,,,,,UNUSED,GP84_XFI2_MDC,J43,,
,,,SOC_GPIO36,GP85_XFI0_MDIO,unused_SOC_GPIO36,GPIO3_PM.05,ETH0_MDIO,,,,B,B,,O,,ETH0,RSVD1,DCA,RSVD3,RSVD1,soc_gpio36_pm5,vddio_edp,,,,EDP,EDP,ST,BDPGLP_MFC_VXVDP1P1P1,50k,z,RSVD1,,PULL_DOWN,TRISTATE,DISABLE,N/A,True,True,True,True,True,True,VALID,unused_SOC_GPIO36,Not Assigned,,,,,,Disable,,,,,,,,,UNUSED,GP85_XFI0_MDIO,H44,,
,,,SOC_GPIO53,GP86_XFI0_MDC,unused_SOC_GPIO53,GPIO3_PM.06,ETH0_MDC,,,,B,O,,O,,ETH0,RSVD1,DCA,RSVD3,RSVD1,soc_gpio53_pm6,vddio_edp,wake59,,,EDP,EDP,ST,BDPGLP_MFC_VXVDP1P1P1,50k,pd,RSVD1,,PULL_DOWN,TRISTATE,DISABLE,N/A,True,True,True,True,True,True,VALID,unused_SOC_GPIO53,Not Assigned,,No,,,,Disable,,,,,,,,,UNUSED,GP86_XFI0_MDC,G47,,
,,,SOC_GPIO38,GP87_XFI1_MDIO,unused_SOC_GPIO38,GPIO3_PM.07,ETH1_MDIO,,,,B,B,,,,ETH1,RSVD1,RSVD2,RSVD3,RSVD1,soc_gpio38_pm7,vddio_edp,wake27,,,EDP,EDP,ST,BDPGLP_MFC_VXVDP1P1P1,50k,z,RSVD1,,PULL_DOWN,TRISTATE,DISABLE,N/A,True,True,True,True,True,True,VALID,unused_SOC_GPIO38,Not Assigned,,No,,,,Disable,,,,,,,,,UNUSED,GP87_XFI1_MDIO,H46,,
218,GPIO12,GPIO12,SOC_GPIO39,GP88_PWM1,unused_SOC_GPIO39,GPIO3_PN.01,GP_PWM1,,,,B,O,,,,GP,RSVD1,RSVD2,RSVD3,RSVD1,soc_gpio39_pn1,vddio_edp,,,,GP_PWM1,EDP,ST,BDPGLP_MFC_VXVDP1P1P1,50k,z,GPIO_PN1,,PULL_DOWN,TRISTATE,ENABLE,,True,True,True,True,True,True,VALID,GPIO3_PN.01,Input,Int PD,,,,,Disable,,,,,,,,,Baseboard 40 Pin Header PWM,GP88_PWM1,J50,,
,,,SOC_GPIO40,GP89_XFI1_MDC,unused_SOC_GPIO40,GPIO3_PN.02,ETH1_MDC,,,,B,O,,,,ETH1,RSVD1,RSVD2,RSVD3,RSVD1,soc_gpio40_pn2,vddio_edp,wake33,,,EDP,EDP,ST,BDPGLP_MFC_VXVDP1P1P1,50k,pd,RSVD1,,PULL_DOWN,TRISTATE,DISABLE,N/A,True,True,True,True,True,True,VALID,unused_SOC_GPIO40,Not Assigned,,No,,,,Disable,,,,,,,,,UNUSED,GP89_XFI1_MDC,H47,,
,,,G4,VDDIO_J,,,,,,,,,,,,,,,,,,,,,,,,,,,,,,,,,,,,,,,,,,,,,,,,,,,,,,,1.8V,,G4,VDDIO_J,,,
214,FORCE_RECOVERY*,FORCE_RECOVERY*,SOC_GPIO13,GP107_RECOVERY0_STRAP,unused_SOC_GPIO13,GPIO3_PG.00,,,,,B,,,,,RSVD0,RSVD1,RSVD2,RSVD3,RSVD0,soc_gpio13_pg0,vddio_g4,,rcm_0,,G4,G4,ST,BDPGLP_MFCR90_VXVDP1P1P1,50k,pu,GPIO_PG0,,NORMAL,TRISTATE,ENABLE,,True,True,True,True,True,True,VALID,GPIO3_PG.00,Input,,,,,,Disable,,10k,,,,,,,Force Recovery,GP107_RECOVERY0_STRAP,AC3,,
,,,SOC_GPIO14,GP108,unused_SOC_GPIO14,GPIO3_PG.01,,,,,B,,B,,,RSVD0,SPI4,RSVD2,RSVD3,RSVD0,soc_gpio14_pg1,vddio_g4,,,,SOC_GPIO14,G4,ST,BDPGLP_MFCR90_VXVDP1P1P1,50k,pu,RSVD0,,PULL_DOWN,TRISTATE,DISABLE,N/A,True,True,True,True,True,True,VALID,unused_SOC_GPIO14,Not Assigned,,,,,,Disable,,,,,,,,,UNUSED,GP108,AC2,,
,,,SOC_GPIO15,GP109,unused_SOC_GPIO15,GPIO3_PG.02,,,,,B,,B,,,RSVD0,SPI4,RSVD2,RSVD3,RSVD0,soc_gpio15_pg2,vddio_g4,wake34,,,G4,G4,ST,BDPGLP_MFCR90_VXVDP1P1P1,50k,pd,RSVD0,,PULL_DOWN,TRISTATE,DISABLE,N/A,True,True,True,True,True,True,VALID,unused_SOC_GPIO15,Not Assigned,,No,,,,Disable,,,,,,,,,UNUSED,GP109,AB3,,
,,,SOC_GPIO16,GP110,unused_SOC_GPIO16,GPIO3_PG.03,,,,,B,,B,,,RSVD0,SPI4,RSVD2,RSVD3,RSVD0,soc_gpio16_pg3,vddio_g4,,,,G4,G4,ST,BDPGLP_MFCR90_VXVDP1P1P1,50k,pu,RSVD0,,PULL_DOWN,TRISTATE,DISABLE,N/A,True,True,True,True,True,True,VALID,unused_SOC_GPIO16,Not Assigned,,,,,,Disable,,,,,,,,,UNUSED,GP110,AA1,,
,,,SOC_GPIO17,GP111,unused_SOC_GPIO17,GPIO3_PG.04,,,,,B,,O,,,RSVD0,CCLA,RSVD2,RSVD3,RSVD0,soc_gpio17_pg4,vddio_g4,wake20,,,G4,G4,ST,BDPGLP_MFCR90_VXVDP1P1P1,50k,pd,RSVD0,,PULL_DOWN,TRISTATE,DISABLE,N/A,True,True,True,True,True,True,VALID,unused_SOC_GPIO17,Not Assigned,,No,,,,Disable,,,,,,,,,UNUSED,GP111,Y2,,
,,,SOC_GPIO18,GP112,unused_SOC_GPIO18,GPIO3_PG.05,,,,,B,,,,,RSVD0,RSVD1,RSVD2,RSVD3,RSVD0,soc_gpio18_pg5,vddio_g4,,,,G4,G4,ST,BDPGLP_MFCR90_VXVDP1P1P1,50k,pd,RSVD0,,PULL_DOWN,TRISTATE,DISABLE,N/A,True,True,True,True,True,True,VALID,unused_SOC_GPIO18,Not Assigned,,,,,,Disable,,,,,,,,,UNUSED,GP112,AA10,,
206,GPIO07,GPIO07 (PWM),SOC_GPIO19,GP113_PWM7,unused_SOC_GPIO19,GPIO3_PG.06,GP_PWM7,,,,B,O,,,,GP,RSVD1,RSVD2,RSVD3,RSVD1,soc_gpio19_pg6,vddio_g4,,,,GP_PWM7,G4,ST,BDPGLP_MFCR90_VXVDP1P1P1,50k,z,GPIO_PG6,,PULL_DOWN,TRISTATE,ENABLE,,True,True,True,True,True,True,VALID,GPIO3_PG.06,Input,Int PD,,,,,Disable,,,,,,,,,Baseboard 40 Pin GPIO,GP113_PWM7,AB7,,
,,,SOC_GPIO20,GP114,unused_SOC_GPIO20,GPIO3_PG.07,,SDMMC1_CD,,,B,,I,,,RSVD0,SDMMC1,RSVD2,RSVD3,RSVD0,soc_gpio20_pg7,vddio_g4,wake8,,,G4,G4,ST,BDPGLP_MFCR90_VXVDP1P1P1,50k,pd,GPIO_PG7,,NORMAL,TRISTATE,ENABLE,,True,True,True,True,True,True,VALID,GPIO3_PG.07,Input,,No,,,,Disable,,,,100k,,,,,,GP114,Y1,,
228,GPIO13,GPIO13 (PWM),SOC_GPIO21,GP115,unused_SOC_GPIO21,GPIO3_PH.00,,GP_PWM5,,,B,,O,B,,RSVD0,GP,I2S7,RSVD3,RSVD0,soc_gpio21_ph0,vddio_g4,,,,GP_PWM5,G4,ST,BDPGLP_MFCR90_VXVDP1P1P1,50k,z,GPIO_PH0,,PULL_DOWN,TRISTATE,ENABLE,,True,True,True,True,True,True,VALID,GPIO3_PH.00,Input,Int PD,,,,,Disable,,,,,,,,,Baseboard 40 Pin Header,GP115,AC8,,
,,,SOC_GPIO22,GP116,unused_SOC_GPIO22,GPIO3_PH.01,,,,,B,,,O,,RSVD0,DMIC1,I2S7,RSVD3,RSVD0,soc_gpio22_ph1,vddio_g4,,,,G4,G4,ST,BDPGLP_MFCR90_VXVDP1P1P1,50k,pd,RSVD0,,PULL_DOWN,TRISTATE,DISABLE,N/A,True,True,True,True,True,True,VALID,unused_SOC_GPIO22,Not Assigned,,,,,,Disable,,,,,,,,,UNUSED,GP116,AA6,,
,,,SOC_GPIO06,GP117,unused_SOC_GPIO06,GPIO3_PH.02,,,,,B,,,,,RSVD0,DMIC1,RSVD2,RSVD3,RSVD0,soc_gpio06_ph2,vddio_g4,,,,G4,G4,ST,BDPGLP_MFCR90_VXVDP1P1P1,50k,pd,RSVD0,,PULL_DOWN,TRISTATE,DISABLE,N/A,True,True,True,True,True,True,VALID,unused_SOC_GPIO06,Not Assigned,,,,,,Disable,,,,,,,,,UNUSED,GP117,AC7,,
,,,UART4_TX,GP118_UART4_TXD_BOOT1_STRAP,unused_UART4_TX,GPIO3_PH.03,UD3_TXD,,,,B,O,B,,,UARTD,SPI4,RSVD2,RSVD3,RSVD2,uart4_tx_ph3,vddio_g4,,boot_sel1,,G4,G4,ST,BDPGLP_MFCR90_VXVDP1P1P1,50k,pd,RSVD2,,PULL_DOWN,TRISTATE,DISABLE,N/A,True,True,True,True,True,True,VALID,unused_UART4_TX,Not Assigned,,,,,,Disable,,,,,,,,,UNUSED,GP118_UART4_TXD_BOOT1_STRAP,AA3,,
,,,UART4_RX,GP119_UART4_RXD,unused_UART4_RX,GPIO3_PH.04,UD3_RXD,,,,B,I,,I,,UARTD,RSVD1,I2S7,RSVD3,RSVD1,uart4_rx_ph4,vddio_g4,,,,G4,G4,ST,BDPGLP_MFCR90_VXVDP1P1P1,50k,pd,RSVD1,,PULL_DOWN,TRISTATE,DISABLE,N/A,True,True,True,True,True,True,VALID,unused_UART4_RX,Not Assigned,,,,,,Disable,,,,,,,,,UNUSED,GP119_UART4_RXD,AA4,,
,,,UART4_RTS,GP120_UART4_RTS_N_BOOT0_STRAP,unused_UART4_RTS,GPIO3_PH.05,UD3_RTS,,,,B,O,B,,,UARTD,SPI4,RSVD2,RSVD3,RSVD2,uart4_rts_ph5,vddio_g4,,boot_sel0,,G4,G4,ST,BDPGLP_MFCR90_VXVDP1P1P1,50k,pd,RSVD2,,PULL_DOWN,TRISTATE,DISABLE,N/A,True,True,True,True,True,True,VALID,unused_UART4_RTS,Not Assigned,,,,,,Disable,,,,,,,,,UNUSED,GP120_UART4_RTS_N_BOOT0_STRAP,AA2,,
114,CAM0_PWDN,CAM0_PWDN,UART4_CTS,GP121_UART4_CTS_N,unused_UART4_CTS,GPIO3_PH.06,UD3_CTS,,,,B,I,,B,,UARTD,RSVD1,I2S7,RSVD3,RSVD1,uart4_cts_ph6,vddio_g4,wake38,,,G4,G4,ST,BDPGLP_MFCR90_VXVDP1P1P1,50k,pu,GPIO_PH6,,NORMAL,NORMAL,DISABLE,0,True,True,True,True,True,True,VALID,GPIO3_PH.06,Output,Drive 0,No,,,,Disable,,,,,,,,,Baseboard Camera 0 PWDN,GP121_UART4_CTS_N,AB6,,
199,I2S0_SCLK,I2S0_SCLK,SOC_GPIO41,GP122,unused_SOC_GPIO41,GPIO3_PH.07,,I2S2_SCLK,,,B,,B,,,RSVD0,I2S2,RSVD2,RSVD3,RSVD2,soc_gpio41_ph7,vddio_g4,,,,G4,G4,ST,BDPGLP_MFCR90_VXVDP1P1P1,50k,pd,GPIO_PH7,,PULL_DOWN,TRISTATE,ENABLE,,True,True,True,True,True,True,VALID,GPIO3_PH.07,Input,Int PD,,,Initiator,,Disable,,,,,,,,,Baseboard 40 Pin Header I2S,GP122,AB9,,
193,I2S0_DOUT,I2S0_DOUT,SOC_GPIO42,GP123,unused_SOC_GPIO42,GPIO3_PI.00,,I2S2_SDATA_OUT,,,B,,O,,,RSVD0,I2S2,RSVD2,RSVD3,RSVD2,soc_gpio42_pi0,vddio_g4,,,,G4,G4,ST,BDPGLP_MFCR90_VXVDP1P1P1,50k,pd,GPIO_PI0,,PULL_DOWN,TRISTATE,ENABLE,,True,True,True,True,True,True,VALID,GPIO3_PI.00,Input,Int PD,,,Initiator,,Disable,,,,,,,,,,GP123,AB10,,
195,I2S0_DIN,I2S0_DIN,SOC_GPIO43,GP124,unused_SOC_GPIO43,GPIO3_PI.01,,I2S2_SDATA_IN,,,B,,I,,,RSVD0,I2S2,RSVD2,RSVD3,RSVD2,soc_gpio43_pi1,vddio_g4,,,,G4,G4,ST,BDPGLP_MFCR90_VXVDP1P1P1,50k,pd,GPIO_PI1,,PULL_DOWN,TRISTATE,ENABLE,,True,True,True,True,True,True,VALID,GPIO3_PI.01,Input,Int PD,,,Initiator,,Disable,,,,,,,,,,GP124,AA8,,
197,I2S0_FS,I2S0_FS,SOC_GPIO44,GP125,unused_SOC_GPIO44,GPIO3_PI.02,,I2S2_LRCK,,,B,,B,,,RSVD0,I2S2,RSVD2,RSVD3,RSVD2,soc_gpio44_pi2,vddio_g4,,,,G4,G4,ST,BDPGLP_MFCR90_VXVDP1P1P1,50k,pd,GPIO_PI2,,PULL_DOWN,TRISTATE,ENABLE,,True,True,True,True,True,True,VALID,GPIO3_PI.02,Input,Int PD,,,Initiator,,Disable,,,,,,,,,,GP125,AA11,,
232,I2C2_SCL,I2C2_SCL,GEN1_I2C_SCL,GP126_I2C1_CLK,unused_GEN1_I2C_SCL,GPIO3_PI.03,I2C1_CLK,,,,B,B,,,,I2C1,RSVD1,RSVD2,RSVD3,RSVD1,gen1_i2c_scl_pi3,vddio_g4,,,,G4,G4,DD,BDPGLPHVIN_HFCR90_VXVDP1P1P1,50k,z,I2C1,,NORMAL,NORMAL,ENABLE,N/A,True,True,True,True,True,True,VALID,I2C1_CLK,Bidirectional,,,,,Enable,Disable,,2.2k,,,,,,,Baseboard I2C Bus (1V8),GP126_I2C1_CLK,AC6,,
234,I2C2_SDA,I2C2_SDA,GEN1_I2C_SDA,GP127_I2C1_DAT,unused_GEN1_I2C_SDA,GPIO3_PI.04,I2C1_DAT,,,,B,B,,,,I2C1,RSVD1,RSVD2,RSVD3,RSVD1,gen1_i2c_sda_pi4,vddio_g4,,,,G4,G4,DD,BDPGLPHVIN_HFCR90_VXVDP1P1P1,50k,z,I2C1,,NORMAL,NORMAL,ENABLE,N/A,True,True,True,True,True,True,VALID,I2C1_DAT,Bidirectional,,,,,Enable,Disable,,2.2k,,,,,,,,GP127_I2C1_DAT,AB4,,
,,,CPU_PWR_REQ,SF_PWR_CPU_EN,unused_CPU_PWR_REQ,GPIO3_PI.05,,,,,B,,,,,RSVD0,RSVD1,RSVD2,RSVD3,RSVD0,cpu_pwr_req_pi5,vddio_g4,,,,CPU_PWR_REQ,G4,ST,BDPGLP_MFCR90_VXVDP1P1P1,50k,0,GPIO_PI5,,NORMAL,NORMAL,DISABLE,0,True,True,True,True,True,True,VALID,GPIO3_PI.05,Output,Drive 0,,,,,Disable,,,,,,,,,GPIO,SF_PWR_CPU_EN,AC5,,
,,,SOC_GPIO07,GP128,unused_SOC_GPIO07,GPIO3_PI.06,GP_PWM6,,,,B,O,,,,GP,RSVD1,RSVD2,RSVD3,RSVD1,soc_gpio07_pi6,vddio_g4,,,,GP_PWM6,G4,ST,BDPGLP_MFCR90_VXVDP1P1P1,50k,z,GP,,NORMAL,TRISTATE,DISABLE,N/A,True,True,True,True,True,True,VALID,GP_PWM6,Output,Z,,,,,Disable,,,,,,,,,,GP128,AA5,,
,,,SDMMC1_HV (3V3 Capable),VDDIO_K,,,,,,,,,,,,,,,,,,,,,,,,,,,,,,,,,,,,,,,,,,,,,,,,,,,,,,,1.8V/3.3V,,SDMMC1V (3.3V Capable),SDMMC1_HV (3.3V Capable),,,
,,,SDMMC1_CLK,GP129_SDMMC_A_CLK,unused_SDMMC1_CLK,GPIO3_PJ.00,SDMMC1_CLK,,,,B,O,,,,SDMMC1,RSVD1,RSVD2,RSVD3,RSVD1,sdmmc1_clk_pj0,vddio_sdmmc1_hv,,,,SDMMC1,SDMMC1_HV,CZ,BDSDMEM_GFCR90_VXVDP1P1P1VC,19.5K +/- 35%,pd,SDMMC1,,NORMAL,NORMAL,ENABLE,N/A,True,True,True,True,True,True,VALID,SDMMC1_CLK,Output,Drive 0,,,,,,Enable,,,,,,,,SDMMC1_CLK,GP129_SDMMC_A_CLK,R8,,
,,,SDMMC1_CMD,GP130_SDMMC_A_CMD,unused_SDMMC1_CMD,GPIO3_PJ.01,SDMMC1_CMD,,,,B,B,,,,SDMMC1,RSVD1,RSVD2,RSVD3,RSVD1,sdmmc1_cmd_pj1,vddio_sdmmc1_hv,,,,SDMMC1,SDMMC1_HV,CZ,BDSDMEM_GFCR90_VXVDP1P1P1VC,19.5K +/- 35%,pd,SDMMC1,,PULL_UP,NORMAL,ENABLE,N/A,True,True,True,True,True,True,VALID,SDMMC1_CMD,Bidirectional,Int PU,,,,,,,,,,,,,,SDMMC1_CMD,GP130_SDMMC_A_CMD,R3,,
,,,SDMMC1_DAT0,GP131_SDMMC_A0,unused_SDMMC1_DAT0,GPIO3_PJ.02,SDMMC1_DAT0,,,,B,B,,,,SDMMC1,RSVD1,RSVD2,RSVD3,RSVD1,sdmmc1_dat0_pj2,vddio_sdmmc1_hv,,,,SDMMC1,SDMMC1_HV,CZ,BDSDMEM_GFCR90_VXVDP1P1P1VC,19.5K +/- 35%,pd,SDMMC1,,PULL_UP,NORMAL,ENABLE,N/A,True,True,True,True,True,True,VALID,SDMMC1_DAT0,Bidirectional,Int PU,,,,,,,,,,,,,,SDMMC1_DAT0,GP131_SDMMC_A0,R6,,
,,,SDMMC1_DAT1,GP132_SDMMC_A1,unused_SDMMC1_DAT1,GPIO3_PJ.03,SDMMC1_DAT1,,,,B,B,,,,SDMMC1,RSVD1,RSVD2,RSVD3,RSVD1,sdmmc1_dat1_pj3,vddio_sdmmc1_hv,wake3,,,SDMMC1,SDMMC1_HV,CZ,BDSDMEM_GFCR90_VXVDP1P1P1VC,19.5K +/- 35%,pd,SDMMC1,,PULL_UP,NORMAL,ENABLE,N/A,True,True,True,True,True,True,VALID,SDMMC1_DAT1,Bidirectional,Int PU,No,,,,,,,,,,,,,SDMMC1_DAT1,GP132_SDMMC_A1,R5,,
,,,SDMMC1_DAT2,GP133_SDMMC_A2,unused_SDMMC1_DAT2,GPIO3_PJ.04,SDMMC1_DAT2,,,,B,B,,,,SDMMC1,RSVD1,RSVD2,RSVD3,RSVD1,sdmmc1_dat2_pj4,vddio_sdmmc1_hv,,,,SDMMC1,SDMMC1_HV,CZ,BDSDMEM_GFCR90_VXVDP1P1P1VC,19.5K +/- 35%,pd,SDMMC1,,PULL_UP,NORMAL,ENABLE,N/A,True,True,True,True,True,True,VALID,SDMMC1_DAT2,Bidirectional,Int PU,,,,,,,,,,,,,,SDMMC1_DAT2,GP133_SDMMC_A2,T3,,
,,,SDMMC1_DAT3,GP134_SDMMC_A3,unused_SDMMC1_DAT3,GPIO3_PJ.05,SDMMC1_DAT3,,,,B,B,,,,SDMMC1,RSVD1,RSVD2,RSVD3,RSVD1,sdmmc1_dat3_pj5,vddio_sdmmc1_hv,,,,SDMMC1,SDMMC1_HV,CZ,BDSDMEM_GFCR90_VXVDP1P1P1VC,19.5K +/- 35%,pd,SDMMC1,,PULL_UP,NORMAL,ENABLE,N/A,True,True,True,True,True,True,VALID,SDMMC1_DAT3,Bidirectional,Int PU,,,,,,,,,,,,,,SDMMC1_DAT3,GP134_SDMMC_A3,R4,,
,,,SDMMC1_COMP,SF_SDMMC_A_REXT_PD,unused_SDMMC1_COMP,,SDMMC1_COMP,,,,,B,,,,,,,,,sdmmc1_comp,vddio_sdmmc1_hv,,,,SDMMC1,SDMMC1_HV,MEM_COMP,BDSDMEMCOMP_IFCR90_VXVDP1P1P1VC,N/A,,,,,,,,True,True,True,True,True,True,VALID,SDMMC1_COMP,Bidirectional,,,,,,,,,,,100 1%,,,,SDMMC1_COMP,SF_SDMMC_A_REXT_PD,T9,,
,,,QSPI,VDDIO_L,,,,,,,,,,,,,,,,,,,,,,,,,,,,,,,,,,,,,,,,,,,,,,,,,,,,,,,1.8V,,QSPI,VDDIO_L,,,
,,,QSPI0_SCK,GP135_QSPI0_CLK,unused_QSPI0_SCK,GPIO3_PC.00,QSPI0_SCK,,,,B,B,,,,QSPI0,RSVD1,RSVD2,RSVD3,RSVD1,qspi0_sck_pc0,vddio_qspi,,,,QSPI,QSPI,LV_CZ,BDSDMEMLV_FFCR90_VXVDP1P1P1,18k +/- 30%,pd,QSPI0,,PULL_DOWN,NORMAL,ENABLE,N/A,True,True,True,True,True,True,VALID,QSPI0_SCK,Bidirectional,Int PD,,,,,,Enable,,,,,,,,QSPI0_SCK,GP135_QSPI0_CLK,W7,,
,,,QSPI0_CS_N,GP136_QSPI0_CS_N,unused_QSPI0_CS_N,GPIO3_PC.01,QSPI0_CS_N,,,,B,O,,,,QSPI0,RSVD1,RSVD2,RSVD3,RSVD1,qspi0_cs_n_pc1,vddio_qspi,,,,QSPI,QSPI,LV_CZ,BDSDMEMLV_FFCR90_VXVDP1P1P1,18k +/- 30%,pu,QSPI0,,NORMAL,NORMAL,DISABLE,N/A,True,True,True,True,True,True,VALID,QSPI0_CS_N,Output,,,,,,,,,,10k,,,,,QSPI0_CS_N,GP136_QSPI0_CS_N,W6,,
,,,QSPI0_IO0,GP137_QSPI0_D0,unused_QSPI0_IO0,GPIO3_PC.02,QSPI0_IO0,,,,B,B,,,,QSPI0,RSVD1,RSVD2,RSVD3,RSVD1,qspi0_io0_pc2,vddio_qspi,,,,QSPI,QSPI,LV_CZ,BDSDMEMLV_FFCR90_VXVDP1P1P1,18k +/- 30%,pu,QSPI0,,PULL_UP,NORMAL,ENABLE,N/A,True,True,True,True,True,True,VALID,QSPI0_IO0,Bidirectional,Int PU,,,,,,,,,,,,,,QSPI0_IO0,GP137_QSPI0_D0,W4,,
,,,QSPI0_IO1,GP138_QSPI0_D1,unused_QSPI0_IO1,GPIO3_PC.03,QSPI0_IO1,,,,B,B,,,,QSPI0,RSVD1,RSVD2,RSVD3,RSVD1,qspi0_io1_pc3,vddio_qspi,,,,QSPI,QSPI,LV_CZ,BDSDMEMLV_FFCR90_VXVDP1P1P1,18k +/- 30%,pu,QSPI0,,PULL_UP,NORMAL,ENABLE,N/A,True,True,True,True,True,True,VALID,QSPI0_IO1,Bidirectional,Int PU,,,,,,,,,,,,,,QSPI0_IO1,GP138_QSPI0_D1,Y6,,
,,,QSPI0_IO2,GP139_QSPI0_D2,unused_QSPI0_IO2,GPIO3_PC.04,QSPI0_IO2,,,,B,B,,,,QSPI0,RSVD1,RSVD2,RSVD3,RSVD1,qspi0_io2_pc4,vddio_qspi,,,,QSPI,QSPI,LV_CZ,BDSDMEMLV_FFCR90_VXVDP1P1P1,18k +/- 30%,pu,QSPI0,,PULL_UP,NORMAL,ENABLE,N/A,True,True,True,True,True,True,VALID,QSPI0_IO2,Bidirectional,Int PU,,,,,,,,,,,,,,QSPI0_IO2,GP139_QSPI0_D2,V1,,
,,,QSPI0_IO3,GP140_QSPI0_D3,unused_QSPI0_IO3,GPIO3_PC.05,QSPI0_IO3,,,,B,B,,,,QSPI0,RSVD1,RSVD2,RSVD3,RSVD1,qspi0_io3_pc5,vddio_qspi,,,,QSPI,QSPI,LV_CZ,BDSDMEMLV_FFCR90_VXVDP1P1P1,18k +/- 30%,pu,QSPI0,,PULL_UP,NORMAL,ENABLE,N/A,True,True,True,True,True,True,VALID,QSPI0_IO3,Bidirectional,Int PU,,,,,,,,,,,,,,QSPI0_IO3,GP140_QSPI0_D3,V2,,
,,,QSPI1_SCK,GP141_QSPI1_CLK,unused_QSPI1_SCK,GPIO3_PC.06,QSPI1_SCK,,,,B,B,,,,QSPI1,RSVD1,RSVD2,RSVD3,RSVD1,qspi1_sck_pc6,vddio_qspi,,,,QSPI,QSPI,LV_CZ,BDSDMEMLV_FFCR90_VXVDP1P1P1,18k +/- 30%,pd,RSVD1,,PULL_DOWN,TRISTATE,DISABLE,N/A,True,True,True,True,True,True,VALID,unused_QSPI1_SCK,Not Assigned,,,,,,,Enable,,,,,,,,UNUSED,GP141_QSPI1_CLK,Y5,,
,,,QSPI1_CS_N,GP142_QSPI1_CS_N,unused_QSPI1_CS_N,GPIO3_PC.07,QSPI1_CS_N,,,,B,O,,,,QSPI1,RSVD1,RSVD2,RSVD3,RSVD1,qspi1_cs_n_pc7,vddio_qspi,,,,QSPI,QSPI,LV_CZ,BDSDMEMLV_FFCR90_VXVDP1P1P1,18k +/- 30%,pu,RSVD1,,PULL_DOWN,TRISTATE,DISABLE,N/A,True,True,True,True,True,True,VALID,unused_QSPI1_CS_N,Not Assigned,,,,,,,,,,,,,,,UNUSED,GP142_QSPI1_CS_N,V4,,
,,,QSPI1_IO0,GP143_QSPI1_D0,unused_QSPI1_IO0,GPIO3_PD.00,QSPI1_IO0,,,,B,B,,,,QSPI1,RSVD1,RSVD2,RSVD3,RSVD1,qspi1_io0_pd0,vddio_qspi,,,,QSPI,QSPI,LV_CZ,BDSDMEMLV_FFCR90_VXVDP1P1P1,18k +/- 30%,pu,RSVD1,,PULL_DOWN,TRISTATE,DISABLE,N/A,True,True,True,True,True,True,VALID,unused_QSPI1_IO0,Not Assigned,,,,,,,,,,,,,,,UNUSED,GP143_QSPI1_D0,W3,,
,,,QSPI1_IO1,GP144_QSPI1_D1,unused_QSPI1_IO1,GPIO3_PD.01,QSPI1_IO1,,,,B,B,,,,QSPI1,RSVD1,RSVD2,RSVD3,RSVD1,qspi1_io1_pd1,vddio_qspi,,,,QSPI,QSPI,LV_CZ,BDSDMEMLV_FFCR90_VXVDP1P1P1,18k +/- 30%,pu,RSVD1,,PULL_DOWN,TRISTATE,DISABLE,N/A,True,True,True,True,True,True,VALID,unused_QSPI1_IO1,Not Assigned,,,,,,,,,,,,,,,UNUSED,GP144_QSPI1_D1,V3,,
,,,QSPI1_IO2,GP145_QSPI1_D2,unused_QSPI1_IO2,GPIO3_PD.02,QSPI1_IO2,,,,B,B,,,,QSPI1,RSVD1,RSVD2,RSVD3,RSVD1,qspi1_io2_pd2,vddio_qspi,,,,QSPI,QSPI,LV_CZ,BDSDMEMLV_FFCR90_VXVDP1P1P1,18k +/- 30%,pu,RSVD1,,PULL_DOWN,TRISTATE,DISABLE,N/A,True,True,True,True,True,True,VALID,unused_QSPI1_IO2,Not Assigned,,,,,,,,,,,,,,,UNUSED,GP145_QSPI1_D2,Y3,,
,,,QSPI1_IO3,GP146_QSPI1_D3,unused_QSPI1_IO3,GPIO3_PD.03,QSPI1_IO3,,,,B,B,,,,QSPI1,RSVD1,RSVD2,RSVD3,RSVD1,qspi1_io3_pd3,vddio_qspi,,,,QSPI,QSPI,LV_CZ,BDSDMEMLV_FFCR90_VXVDP1P1P1,18k +/- 30%,pu,RSVD1,,PULL_DOWN,TRISTATE,DISABLE,N/A,True,True,True,True,True,True,VALID,unused_QSPI1_IO3,Not Assigned,,,,,,,,,,,,,,,UNUSED,GP146_QSPI1_D3,Y7,,
,,,QSPI_COMP,SF_QSPI_REXT_PD,unused_QSPI_COMP,,QSPI_COMP,,,,,B,,,,,,,,,qspi_comp,vddio_qspi,,,,QSPI,QSPI,LVMEM_COMP,BDSDMEMLVCOMP_HFCR90_VXVDP1P1P1,N/A,,,,,,,,True,True,True,True,True,True,VALID,QSPI_COMP,Bidirectional,,,,,,,,,,,100 1%,,,,UNUSED,SF_QSPI_REXT_PD,Y8,,
,,,EQOS (RGMII),VDDIO_M,,,,,,,,,,,,,,,,,,,,,,,,,,,,,,,,,,,,,,,,,,,,,,,,,,,,,,,1.8V,,EQOS,VDDIO_M,,,
,,,EQOS_TXC,GP147_RGMII0_TXC,unused_EQOS_TXC,GPIO3_PE.00,EQOS_TXC,,,,B,O,,,,EQOS,RSVD1,RSVD2,RSVD3,RSVD1,eqos_txc_pe0,vddio_eqos,,,,EQOS,EQOS,LV_CZ,BDSDMEMLV_FFCR90_VXVDP1P1P1,18k +/- 30%,z,RSVD1,,PULL_DOWN,TRISTATE,DISABLE,N/A,True,True,True,True,True,True,VALID,unused_EQOS_TXC,Not Assigned,,,,,,,,,,,,,,,UNUSED,GP147_RGMII0_TXC,W9,,
,,,EQOS_TD0,GP148_RGMII0_TD0,unused_EQOS_TD0,GPIO3_PE.01,EQOS_TD0,,,,B,O,,,,EQOS,RSVD1,RSVD2,RSVD3,RSVD1,eqos_td0_pe1,vddio_eqos,,,,EQOS,EQOS,LV_CZ,BDSDMEMLV_FFCR90_VXVDP1P1P1,18k +/- 30%,z,RSVD1,,PULL_DOWN,TRISTATE,DISABLE,N/A,True,True,True,True,True,True,VALID,unused_EQOS_TD0,Not Assigned,,,,,,,,,,,,,,,UNUSED,GP148_RGMII0_TD0,U7,,
,,,EQOS_TD1,GP149_RGMII0_TD1,unused_EQOS_TD1,GPIO3_PE.02,EQOS_TD1,,,,B,O,,,,EQOS,RSVD1,RSVD2,RSVD3,RSVD1,eqos_td1_pe2,vddio_eqos,,,,EQOS,EQOS,LV_CZ,BDSDMEMLV_FFCR90_VXVDP1P1P1,18k +/- 30%,z,RSVD1,,PULL_DOWN,TRISTATE,DISABLE,N/A,True,True,True,True,True,True,VALID,unused_EQOS_TD1,Not Assigned,,,,,,,,,,,,,,,UNUSED,GP149_RGMII0_TD1,T4,,
,,,EQOS_TD2,GP150_RGMII0_TD2,unused_EQOS_TD2,GPIO3_PE.03,EQOS_TD2,,,,B,O,,,,EQOS,RSVD1,RSVD2,RSVD3,RSVD1,eqos_td2_pe3,vddio_eqos,,,,EQOS,EQOS,LV_CZ,BDSDMEMLV_FFCR90_VXVDP1P1P1,18k +/- 30%,z,RSVD1,,PULL_DOWN,TRISTATE,DISABLE,N/A,True,True,True,True,True,True,VALID,unused_EQOS_TD2,Not Assigned,,,,,,,,,,,,,,,UNUSED,GP150_RGMII0_TD2,U8,,
,,,EQOS_TD3,GP151_RGMII0_TD3,unused_EQOS_TD3,GPIO3_PE.04,EQOS_TD3,,,,B,O,,,,EQOS,RSVD1,RSVD2,RSVD3,RSVD1,eqos_td3_pe4,vddio_eqos,,,,EQOS,EQOS,LV_CZ,BDSDMEMLV_FFCR90_VXVDP1P1P1,18k +/- 30%,z,RSVD1,,PULL_DOWN,TRISTATE,DISABLE,N/A,True,True,True,True,True,True,VALID,unused_EQOS_TD3,Not Assigned,,,,,,,,,,,,,,,UNUSED,GP151_RGMII0_TD3,T6,,
,,,EQOS_TX_CTL,GP152_RGMII0_TX_CTL,unused_EQOS_TX_CTL,GPIO3_PE.05,EQOS_TX_CTL,,,,B,O,,,,EQOS,RSVD1,RSVD2,RSVD3,RSVD1,eqos_tx_ctl_pe5,vddio_eqos,,,,EQOS,EQOS,LV_CZ,BDSDMEMLV_FFCR90_VXVDP1P1P1,18k +/- 30%,z,RSVD1,,PULL_DOWN,TRISTATE,DISABLE,N/A,True,True,True,True,True,True,VALID,unused_EQOS_TX_CTL,Not Assigned,,,,,,,,,,,,,,,UNUSED,GP152_RGMII0_TX_CTL,V8,,
,,,EQOS_RD0,GP153_RGMII0_RD0,unused_EQOS_RD0,GPIO3_PE.06,EQOS_RD0,,,,B,I,,,,EQOS,RSVD1,RSVD2,RSVD3,RSVD1,eqos_rd0_pe6,vddio_eqos,,,,EQOS,EQOS,LV_CZ,BDSDMEMLV_FFCR90_VXVDP1P1P1,18k +/- 30%,z,RSVD1,,PULL_DOWN,TRISTATE,DISABLE,N/A,True,True,True,True,True,True,VALID,unused_EQOS_RD0,Not Assigned,,,,,,,,,,,, ,,,UNUSED,GP153_RGMII0_RD0,U6,,
,,,EQOS_RD1,GP154_RGMII0_RD1,unused_EQOS_RD1,GPIO3_PE.07,EQOS_RD1,,,,B,I,,,,EQOS,RSVD1,RSVD2,RSVD3,RSVD1,eqos_rd1_pe7,vddio_eqos,,,,EQOS,EQOS,LV_CZ,BDSDMEMLV_FFCR90_VXVDP1P1P1,18k +/- 30%,z,RSVD1,,PULL_DOWN,TRISTATE,DISABLE,N/A,True,True,True,True,True,True,VALID,unused_EQOS_RD1,Not Assigned,,,,,,,,,,,,,,,UNUSED,GP154_RGMII0_RD1,U1,,
,,,EQOS_RD2,GP155_RGMII0_RD2,unused_EQOS_RD2,GPIO3_PF.00,EQOS_RD2,,,,B,I,,,,EQOS,RSVD1,RSVD2,RSVD3,RSVD1,eqos_rd2_pf0,vddio_eqos,,,,EQOS,EQOS,LV_CZ,BDSDMEMLV_FFCR90_VXVDP1P1P1,18k +/- 30%,z,RSVD1,,PULL_DOWN,TRISTATE,DISABLE,N/A,True,True,True,True,True,True,VALID,unused_EQOS_RD2,Not Assigned,,,,,,,,,,,,,,,UNUSED,GP155_RGMII0_RD2,U2,,
,,,EQOS_RD3,GP156_RGMII0_RD3,unused_EQOS_RD3,GPIO3_PF.01,EQOS_RD3,,,,B,I,,,,EQOS,RSVD1,RSVD2,RSVD3,RSVD1,eqos_rd3_pf1,vddio_eqos,,,,EQOS,EQOS,LV_CZ,BDSDMEMLV_FFCR90_VXVDP1P1P1,18k +/- 30%,z,RSVD1,,PULL_DOWN,TRISTATE,DISABLE,N/A,True,True,True,True,True,True,VALID,unused_EQOS_RD3,Not Assigned,,,,,,,,,,,,,,,UNUSED,GP156_RGMII0_RD3,U3,,
,,,EQOS_RX_CTL,GP157_RGMII0_RX_CTL,unused_EQOS_RX_CTL,GPIO3_PF.02,EQOS_RX_CTL,,,,B,I,,,,EQOS,RSVD1,RSVD2,RSVD3,RSVD1,eqos_rx_ctl_pf2,vddio_eqos,wake28,,,EQOS,EQOS,LV_CZ,BDSDMEMLV_FFCR90_VXVDP1P1P1,18k +/- 30%,z,RSVD1,,PULL_DOWN,TRISTATE,DISABLE,N/A,True,True,True,True,True,True,VALID,unused_EQOS_RX_CTL,Not Assigned,,No,,,,,,,,,,,,,UNUSED,GP157_RGMII0_RX_CTL,U5,,
,,,EQOS_RXC,GP158_RGMII0_RXC,unused_EQOS_RXC,GPIO3_PF.03,EQOS_RXC,,,,B,I,,,,EQOS,RSVD1,RSVD2,RSVD3,RSVD1,eqos_rxc_pf3,vddio_eqos,,,,EQOS,EQOS,LV_CZ,BDSDMEMLV_FFCR90_VXVDP1P1P1,18k +/- 30%,z,RSVD1,,PULL_DOWN,TRISTATE,DISABLE,N/A,True,True,True,True,True,True,VALID,unused_EQOS_RXC,Not Assigned,,,,,,,,,,,,,,,UNUSED,GP158_RGMII0_RXC,T7,,
,,,EQOS_SMA_MDIO,GP159_RGMII0_SMA_MDIO,unused_EQOS_SMA_MDIO,GPIO3_PF.04,EQOS_SMA_MDIO,,,,B,B,,,,EQOS,RSVD1,RSVD2,RSVD3,RSVD1,eqos_sma_mdio_pf4,vddio_eqos,wake17,,,EQOS,EQOS,LV_CZ,BDSDMEMLV_FFCR90_VXVDP1P1P1,18k +/- 30%,z,RSVD1,,PULL_DOWN,TRISTATE,DISABLE,N/A,True,True,True,True,True,True,VALID,unused_EQOS_SMA_MDIO,Not Assigned,,No,,,,,,,,2.2K,,,,,UNUSED,GP159_RGMII0_SMA_MDIO,V5,,
,,,EQOS_SMA_MDC,GP160_RGMII0_SMA_MDC,unused_EQOS_SMA_MDC,GPIO3_PF.05,EQOS_SMA_MDC,,,,B,O,,,,EQOS,RSVD1,RSVD2,RSVD3,RSVD1,eqos_sma_mdc_pf5,vddio_eqos,,,,EQOS,EQOS,LV_CZ,BDSDMEMLV_FFCR90_VXVDP1P1P1,18k +/- 30%,z,RSVD1,,PULL_DOWN,TRISTATE,DISABLE,N/A,True,True,True,True,True,True,VALID,unused_EQOS_SMA_MDC,Not Assigned,,,,,,,,,,,,,,,UNUSED,GP160_RGMII0_SMA_MDC,V6,,
,,,EQOS_COMP,SF_RGMII0_REXT_PD,unused_EQOS_COMP,,EQOS_COMP,,,,,B,,,,,,,,,eqos_comp,vddio_eqos,,,,EQOS,EQOS,LVMEM_COMP,BDSDMEMLVCOMP_HFCR90_VXVDP1P1P1,N/A,,,,,TRISTATE,DISABLE,,True,True,True,True,True,True,VALID,unused_EQOS_COMP,Not Assigned,,,,,,,,,,,100 1%,,,,UNUSED,SF_RGMII0_REXT_PD,W10,,
,,,G7,VDDIO_N,,,,,,,,,,,,,,,,,,,,,,,,,,,,,,,,,,,,,,,,,,,,,,,,,,,,,,,1.8V,,G7,VDDIO_N,,,
120,CAM1_PWDN,CAM1_PWDN,SPI5_SCK,GP161_SPI5_CLK,unused_SPI5_SCK,GPIO3_PAC.00,,,DSPK0_DAT,,B,B,B,O,,SPI5,I2S3,DSPK0,RSVD3,RSVD3,spi5_sck_pac0,vddio_g7,,,,SPI5,G7,ST,BDPGLP_MFCR90_VXVDP1P1P1,50k,pd,GPIO_PAC0,,NORMAL,NORMAL,DISABLE,0,True,True,True,True,True,True,VALID,GPIO3_PAC.00,Output,Drive 0,,,Initiator,,Disable,,,,,,,,,Baseboard Camera 1 PWDN,GP161_SPI5_CLK,V52,,
,,,SPI5_MISO,GP162_SPI5_MISO,unused_SPI5_MISO,GPIO3_PAC.01,,,DSPK0_CLK,,B,B,O,O,,SPI5,I2S3,DSPK0,RSVD3,RSVD3,spi5_miso_pac1,vddio_g7,,,,SPI5,G7,ST,BDPGLP_MFCR90_VXVDP1P1P1,50k,pd,RSVD3,,PULL_DOWN,TRISTATE,DISABLE,N/A,True,True,True,True,True,True,VALID,unused_SPI5_MISO,Not Assigned,,No,,Initiator,,Disable,,,,,,,,,UNUSED,GP162_SPI5_MISO,V50,,
,,,SPI5_MOSI,GP163_SPI5_MOSI,unused_SPI5_MOSI,GPIO3_PAC.02,,,DMIC2_DAT,,B,B,I,I,,SPI5,I2S3,DMIC2,RSVD3,RSVD3,spi5_mosi_pac2,vddio_g7,,,,SPI5,G7,ST,BDPGLP_MFCR90_VXVDP1P1P1,50k,pd,RSVD3,,PULL_DOWN,TRISTATE,DISABLE,N/A,True,True,True,True,True,True,VALID,unused_SPI5_MOSI,Not Assigned,,,,Initiator,,Disable,,,,,,,,,UNUSED,GP163_SPI5_MOSI,V51,,
,,,SPI5_CS0,GP164_SPI5_CS0,unused_SPI5_CS0,GPIO3_PAC.03,,,DMIC2_CLK,,B,B,B,O,,SPI5,I2S3,DMIC2,RSVD3,RSVD3,spi5_cs0_pac3,vddio_g7,,,,SPI5,G7,ST,BDPGLP_MFCR90_VXVDP1P1P1,50k,pd,RSVD3,,PULL_DOWN,TRISTATE,DISABLE,N/A,True,True,True,True,True,True,VALID,unused_SPI5_CS0,Not Assigned,,,,Initiator,,Disable,,,,,,,,,UNUSED,GP164_SPI5_CS0,V48,,
,,,SOC_GPIO57,GP165,unused_SOC_GPIO57,GPIO3_PAC.04,,,,SDMMC1_WP,B,,B,,I,RSVD0,I2S8,RSVD2,SDMMC1,RSVD0,soc_gpio57_pac4,vddio_g7,,,,SOC_GPIO57,G7,ST,BDPGLP_MFCR90_VXVDP1P1P1,50k,pd,RSVD0,,PULL_DOWN,TRISTATE,DISABLE,N/A,True,True,True,True,True,True,VALID,unused_SOC_GPIO57,Not Assigned,,,,Initiator,,Disable,,,,,,,,,UNUSED,GP165,V47,,
,,,SOC_GPIO58,GP166,unused_SOC_GPIO58,GPIO3_PAC.05,,,,,B,,O,,O,RSVD0,I2S8,RSVD2,SDMMC1,RSVD0,soc_gpio58_pac5,vddio_g7,,,,G7,G7,ST,BDPGLP_MFCR90_VXVDP1P1P1,50k,pd,RSVD0,,PULL_DOWN,TRISTATE,DISABLE,N/A,True,True,True,True,True,True,VALID,unused_SOC_GPIO58,Not Assigned,,,,Initiator,,Disable,,,,,,,,,UNUSED,GP166,V46,,
211,GPIO09,GPIO09 (AUD_MCLK),SOC_GPIO59,GP167,unused_SOC_GPIO59,GPIO3_PAC.06,AUD_MCLK,,,,B,O,I,,,AUD,I2S8,RSVD2,RSVD3,RSVD2,soc_gpio59_pac6,vddio_g7,,,,G7,G7,ST,BDPGLP_MFCR90_VXVDP1P1P1,50k,pd,GPIO_PAC6,,PULL_UP,TRISTATE,ENABLE,,True,True,True,True,True,True,VALID,GPIO3_PAC.06,Input,Int PU,,,Initiator,,Disable,,,,,,,,,Baseboard 40 Pin Header CLK,GP167,W43,,
,,,SOC_GPIO60,GP168,unused_SOC_GPIO60,GPIO3_PAC.07,,,,,B,,B,I,O,RSVD0,I2S8,NV,RSVD3,RSVD0,soc_gpio60_pac7,vddio_g7,,,,G7,G7,ST,BDPGLP_MFCR90_VXVDP1P1P1,50k,pd,RSVD0,,PULL_DOWN,TRISTATE,DISABLE,N/A,True,True,True,True,True,True,VALID,unused_SOC_GPIO60,Not Assigned,,,,Initiator,,Disable,,,,,,,,,UNUSED,GP168,W44,,
,,,SOC_GPIO45,GP169,unused_SOC_GPIO45,GPIO3_PAD.00,,I2S1_SCLK,,,B,,B,,,RSVD0,I2S1,RSVD2,RSVD3,RSVD0,soc_gpio45_pad0,vddio_g7,wake5,,,DAP1,G7,ST,BDPGLP_MFCR90_VXVDP1P1P1,50k,pd,RSVD0,,PULL_DOWN,TRISTATE,DISABLE,N/A,True,True,True,True,True,True,VALID,unused_SOC_GPIO45,Not Assigned,,No,,Initiator,,Disable,,,,,,,,,UNUSED,GP169,U43,,
,,,SOC_GPIO46,GP170,unused_SOC_GPIO46,GPIO3_PAD.01,,I2S1_SDATA_OUT,,,B,,O,,,RSVD0,I2S1,RSVD2,RSVD3,RSVD0,soc_gpio46_pad1,vddio_g7,wake44,,,DAP1,G7,ST,BDPGLP_MFCR90_VXVDP1P1P1,50k,pd,RSVD0,,PULL_DOWN,TRISTATE,DISABLE,N/A,True,True,True,True,True,True,VALID,unused_SOC_GPIO46,Not Assigned,,No,,Initiator,,Disable,,,,,,,,,UNUSED,GP170,U45,,
,,,SOC_GPIO47,GP171,unused_SOC_GPIO47,GPIO3_PAD.02,,I2S1_SDATA_IN,,,B,,I,,,RSVD0,I2S1,RSVD2,RSVD3,RSVD0,soc_gpio47_pad2,vddio_g7,wake6,,,DAP1,G7,ST,BDPGLP_MFCR90_VXVDP1P1P1,50k,pd,RSVD0,,PULL_DOWN,TRISTATE,DISABLE,N/A,True,True,True,True,True,True,VALID,unused_SOC_GPIO47,Not Assigned,,No,,Initiator,,Disable,,,,,,,,,UNUSED,GP171,V45,,
,,,SOC_GPIO48,GP172,unused_SOC_GPIO48,GPIO3_PAD.03,,I2S1_LRCK,,,B,,B,,,RSVD0,I2S1,RSVD2,RSVD3,RSVD0,soc_gpio48_pad3,vddio_g7,wake4,,,DAP1,G7,ST,BDPGLP_MFCR90_VXVDP1P1P1,50k,pd,RSVD0,,PULL_DOWN,TRISTATE,DISABLE,N/A,True,True,True,True,True,True,VALID,unused_SOC_GPIO48,Not Assigned,,No,,Initiator,,Disable,,,,,,,,,UNUSED,GP172,W46,,
,,,UFS,VDDIO_P,,,,,,,,,,,,,,,,,,,,,,,,,,,,,,,,,,,,,,,,,,,,,,,,,,,,,,,1.2V,,UFS,VDDIO_P,,,
,,,UFS0_REF_CLK,GP173_UFS_A_REFCLK,unused_UFS0_REF_CLK,GPIO3_PAE.00,UFS0_REF_CLK,,,,B,O,,,,UFS0,RSVD1,RSVD2,RSVD3,RSVD1,ufs0_ref_clk_pae0,vddio_ufs,,,,UFS,UFS,LV_CZ,BDSDMEMLV_FFCR90_VXVDP1P1P1,18k +/- 30%,0,RSVD1,,PULL_DOWN,TRISTATE,DISABLE,N/A,True,True,True,True,True,True,VALID,unused_UFS0_REF_CLK,Not Assigned,,,,,,,,,,,,,,,UNUSED,GP173_UFS_A_REFCLK,H6,,
,,,UFS0_RST_N,GP174_UFS_A_RST_N,unused_UFS0_RST_N,GPIO3_PAE.01,UFS0_RST_N,,,,B,O,,,,UFS0,RSVD1,RSVD2,RSVD3,RSVD1,ufs0_rst_n_pae1,vddio_ufs,,,,UFS,UFS,LV_CZ,BDSDMEMLV_FFCR90_VXVDP1P1P1,18k +/- 30%,0,RSVD1,,PULL_DOWN,TRISTATE,DISABLE,N/A,True,True,True,True,True,True,VALID,unused_UFS0_RST_N,Not Assigned,,,,,,,,,,,,,,,UNUSED,GP174_UFS_A_RST_N,G6,,
,,,PEX_CTL,VDDIO_QS,,,,,,,,,,,,,,,,,,,,,,,,,,,,,,,,,,,,,,,,,,,,,,,,,,,,,,,1.8V,,PEX_CTL,VDDIO_QS,,,
,,,PEX_L0_CLKREQ_N,GP175_PCIE0_CLKREQ_N,unused_PEX_L0_CLKREQ_N,GPIO3_PK.00,PE0_CLKREQ_L,,,,B,B,,,,PE0,RSVD1,RSVD2,RSVD3,RSVD1,pex_l0_clkreq_n_pk0,vddio_pex_ctl,wake15,,,PEX_CTL,PEX_CTL_A,DD,BDPGLPHVIN_HFCR90_VXVDP1P1P1,50k,z,RSVD1,,PULL_DOWN,TRISTATE,DISABLE,N/A,True,True,True,True,True,True,VALID,unused_PEX_L0_CLKREQ_N,Not Assigned,,No,,,Disable,Disable,,,,,,,,,UNUSED,GP175_PCIE0_CLKREQ_N,G4,,
,,,PEX_L0_RST_N,GP176_PCIE0_RST_N,unused_PEX_L0_RST_N,GPIO3_PK.01,PE0_RST_L,,,,B,B,,,,PE0,RSVD1,RSVD2,RSVD3,RSVD1,pex_l0_rst_n_pk1,vddio_pex_ctl,,,,PEX_CTL,PEX_CTL_A,DD,BDPGLPHVIN_HFCR90_VXVDP1P1P1,50k,0,RSVD1,,PULL_DOWN,TRISTATE,DISABLE,N/A,True,True,True,True,True,True,VALID,unused_PEX_L0_RST_N,Not Assigned,,,,,Disable,Disable,,,,,,,,,UNUSED,GP176_PCIE0_RST_N,G3,,
182,PCIE1_CLKREQ*,PCIE1_CLKREQ*,PEX_L1_CLKREQ_N,GP177_PCIE1_CLKREQ_N,unused_PEX_L1_CLKREQ_N,GPIO3_PK.02,PE1_CLKREQ_L,,,,B,B,,,,PE1,RSVD1,RSVD2,RSVD3,RSVD1,pex_l1_clkreq_n_pk2,vddio_pex_ctl,wake54,,,PEX_CTL,PEX_CTL_A,DD,BDPGLPHVIN_HFCR90_VXVDP1P1P1,50k,z,PE1,,NORMAL,TRISTATE,ENABLE,N/A,True,True,True,True,True,True,VALID,PE1_CLKREQ_L,Bidirectional,Z,No,,,Enable,Disable,,,,,,,,,Baseboard x1 Clock Req,GP177_PCIE1_CLKREQ_N,H2,,Pulled up to 3V3 in module.
183,PCIE1_RST*,PCIE1_RST*,PEX_L1_RST_N,GP178_PCIE1_RST_N,unused_PEX_L1_RST_N,GPIO3_PK.03,PE1_RST_L,,,,B,B,,,,PE1,RSVD1,RSVD2,RSVD3,RSVD1,pex_l1_rst_n_pk3,vddio_pex_ctl,,,,PEX_CTL,PEX_CTL_A,DD,BDPGLPHVIN_HFCR90_VXVDP1P1P1,50k,0,PE1,,NORMAL,NORMAL,DISABLE,N/A,True,True,True,True,True,True,VALID,PE1_RST_L,Output,Drive 0,,,,Enable,Disable,,,,,,,,,Baseboard x1 Reset,GP178_PCIE1_RST_N,K7,,Pulled up to 3V3 in module.
,,,PEX_L2_CLKREQ_N,GP179_PCIE2_CLKREQ_N,unused_PEX_L2_CLKREQ_N,GPIO3_PK.04,PE2_CLKREQ_L,,,,B,B,,,,PE2,RSVD1,RSVD2,RSVD3,RSVD1,pex_l2_clkreq_n_pk4,vddio_pex_ctl,wake0,,,PEX_CTL,PEX_CTL_A,DD,BDPGLPHVIN_HFCR90_VXVDP1P1P1,50k,z,GPIO_PK4,,NORMAL,NORMAL,DISABLE,0,True,True,True,True,True,True,VALID,GPIO3_PK.04,Output,Drive 0,No,,,Enable,Disable,,,,20.5k,10k,,,,,GP179_PCIE2_CLKREQ_N,L7,,
,,,PEX_L2_RST_N,GP180_PCIE2_RST_N,unused_PEX_L2_RST_N,GPIO3_PK.05,PE2_RST_L,,,,B,B,,,,PE2,RSVD1,RSVD2,RSVD3,RSVD1,pex_l2_rst_n_pk5,vddio_pex_ctl,,,,PEX_CTL,PEX_CTL_A,DD,BDPGLPHVIN_HFCR90_VXVDP1P1P1,50k,0,GPIO_PK5,,NORMAL,NORMAL,DISABLE,0,True,True,True,True,True,True,VALID,GPIO3_PK.05,Output,Drive 0,,,,Enable,Disable,,,,20.5k,10k,,,,,GP180_PCIE2_RST_N,L8,,
,,,PEX_L3_CLKREQ_N,GP181_PCIE3_CLKREQ_N,unused_PEX_L3_CLKREQ_N,GPIO3_PK.06,PE3_CLKREQ_L,,,,B,B,,,,PE3,RSVD1,RSVD2,RSVD3,RSVD1,pex_l3_clkreq_n_pk6,vddio_pex_ctl,wake36,,,PEX_CTL,PEX_CTL_A,DD,BDPGLPHVIN_HFCR90_VXVDP1P1P1,50k,z,RSVD1,,PULL_DOWN,TRISTATE,DISABLE,N/A,True,True,True,True,True,True,VALID,unused_PEX_L3_CLKREQ_N,Not Assigned,,No,,,Disable,Disable,,,,,,,,,,GP181_PCIE3_CLKREQ_N,H1,,
,,,PEX_L3_RST_N,GP182_PCIE3_RST_N,unused_PEX_L3_RST_N,GPIO3_PK.07,PE3_RST_L,,,,B,B,,,,PE3,RSVD1,RSVD2,RSVD3,RSVD1,pex_l3_rst_n_pk7,vddio_pex_ctl,,,,PEX_CTL,PEX_CTL_A,DD,BDPGLPHVIN_HFCR90_VXVDP1P1P1,50k,0,RSVD1,,PULL_DOWN,TRISTATE,DISABLE,N/A,True,True,True,True,True,True,VALID,unused_PEX_L3_RST_N,Not Assigned,,,,,Disable,Disable,,,,,, ,,,,GP182_PCIE3_RST_N,J1,,
180,PCIE0_CLKREQ*,PCIE0_CLKREQ*,PEX_L4_CLKREQ_N,GP183_PCIE4_CLKREQ_N,unused_PEX_L4_CLKREQ_N,GPIO3_PL.00,PE4_CLKREQ_L,,,,B,B,,,,PE4,RSVD1,RSVD2,RSVD3,RSVD1,pex_l4_clkreq_n_pl0,vddio_pex_ctl,wake55,,,PEX_CTL,PEX_CTL_A,DD,BDPGLPHVIN_HFCR90_VXVDP1P1P1,50k,z,PE4,,NORMAL,TRISTATE,ENABLE,N/A,True,True,True,True,True,True,VALID,PE4_CLKREQ_L,Bidirectional,Z,No,,,Enable,Disable,,47k,,,,,,,Baseboard x4 Clock Req,GP183_PCIE4_CLKREQ_N,J2,,
181,PCIE0_RST*,PCIE0_RST*,PEX_L4_RST_N,GP184_PCIE4_RST_N,unused_PEX_L4_RST_N,GPIO3_PL.01,PE4_RST_L,,,,B,B,,,,PE4,RSVD1,RSVD2,RSVD3,RSVD1,pex_l4_rst_n_pl1,vddio_pex_ctl,,,,PEX_CTL,PEX_CTL_A,DD,BDPGLPHVIN_HFCR90_VXVDP1P1P1,50k,0,PE4,,NORMAL,NORMAL,DISABLE,N/A,True,True,True,True,True,True,VALID,PE4_RST_L,Output,Drive 0,,,,Enable,Disable,,4.7k,,,,,,,Baseboard x4 Reset,GP184_PCIE4_RST_N,J3,,Pulled up to 3V3 in module.
179,PCIE_WAKE*,PCIE_WAKE*,PEX_WAKE_N,GP185_PCIE_WAKE_N,unused_PEX_WAKE_N,GPIO3_PL.02,,,,,B,,,,,RSVD0,RSVD1,RSVD2,RSVD3,RSVD0,pex_wake_n_pl2,vddio_pex_ctl,wake1,,,PEX_CTL,PEX_CTL_A,DD,BDPGLPHVIN_HFCR90_VXVDP1P1P1,50k,pd,GPIO_PL2,,NORMAL,TRISTATE,ENABLE,,True,True,True,True,True,True,VALID,GPIO3_PL.02,Input,,Yes,,,Enable,Disable,,47k,,,,,,,PCIe Wake,GP185_PCIE_WAKE_N,L3,,Pulled up to 3V3 in module.
,,,SOC_GPIO34,GP186,unused_SOC_GPIO34,GPIO3_PL.03,,,,,B,,,,,RSVD0,RSVD1,RSVD2,RSVD3,RSVD1,soc_gpio34_pl3,vddio_pex_ctl,wake57,,,PEX_CTL,PEX_CTL_A,DD,BDPGLPHVIN_HFCR90_VXVDP1P1P1,50k,pd,RSVD1,,PULL_DOWN,TRISTATE,DISABLE,N/A,True,True,True,True,True,True,VALID,unused_SOC_GPIO34,Not Assigned,,No,,,Disable,Disable,,,,,,,,,UNUSED,GP186,F2,,
,,,PEX_CLK,VDDIO_QS,,,,,,,,,,,,,,,,,,,,,,,,,,,,,,,,,,,,,,,,,,,,,,,,,,,,,,,1.8V,,PEX_CLK,VDDIO_QS,,,
,,,PEX_CLK0P,SF_PCIE0_CLK_P,unused_PEX_CLK0P,,PEX_CLK_OUT_0_P,,,,,O,,,,,,,,,pex_clk0p,vddio_pex_clk,,,,PEX_CLK0,PEX_CLK_A,,BOPEXCLKX3_LFC_VXVDP1P1NCP1,,0,,,PULL_DOWN,TRISTATE,DISABLE,,True,True,True,True,True,True,VALID,unused_PEX_CLK0P,Not Assigned,,,,,,,,,,,,,,,UNUSED,SF_PCIE0_CLK_P,G12,,
,,,PEX_CLK0N,SF_PCIE0_CLK_N,unused_PEX_CLK0N,,PEX_CLK_OUT_0_N,,,,,O,,,,,,,,,pex_clk0n,vddio_pex_clk,,,,PEX_CLK0,PEX_CLK_A,,BOPEXCLKX3_LFC_VXVDP1P1NCP1,,0,,,PULL_DOWN,TRISTATE,DISABLE,,True,True,True,True,True,True,VALID,unused_PEX_CLK0N,Not Assigned,,,,,,,,,,,,,,,UNUSED,SF_PCIE0_CLK_N,H12,,
175,PCIE1_CLK_P,PCIE1_CLK_P,PEX_CLK1P,SF_PCIE1_CLK_P,unused_PEX_CLK1P,,PEX_CLK_OUT_1_P,,,,,O,,,,,,,,,pex_clk1p,vddio_pex_clk,,,,PEX_CLK0,PEX_CLK_A,,BOPEXCLKX3_LFC_VXVDP1P1NCP1,,0,,,NORMAL,NORMAL,DISABLE,,True,True,True,True,True,True,VALID,PEX_CLK_OUT_1_P,Output,,,,,,,,,,,,,,,Baseboard x1 Ref Clock,SF_PCIE1_CLK_P,J13,,
173,PCIE1_CLK_N,PCIE1_CLK_N,PEX_CLK1N,SF_PCIE1_CLK_N,unused_PEX_CLK1N,,PEX_CLK_OUT_1_N,,,,,O,,,,,,,,,pex_clk1n,vddio_pex_clk,,,,PEX_CLK0,PEX_CLK_A,,BOPEXCLKX3_LFC_VXVDP1P1NCP1,,0,,,NORMAL,NORMAL,DISABLE,,True,True,True,True,True,True,VALID,PEX_CLK_OUT_1_N,Output,,,,,,,,,,,,,,,,SF_PCIE1_CLK_N,K13,,
,,,PEX_CLK2P,SF_PCIE2_CLK_P,unused_PEX_CLK2P,,PEX_CLK_OUT_2_P,,,,,O,,,,,,,,,pex_clk2p,vddio_pex_clk,,,,PEX_CLK0,PEX_CLK_A,,BOPEXCLKX3_LFC_VXVDP1P1NCP1,,0,,,PULL_DOWN,TRISTATE,DISABLE,,True,True,True,True,True,True,VALID,unused_PEX_CLK2P,Not Assigned,,,,,,,,,,,,,,,UNUSED,SF_PCIE2_CLK_P,G9,,
,,,PEX_CLK2N,SF_PCIE2_CLK_N,unused_PEX_CLK2N,,PEX_CLK_OUT_2_N,,,,,O,,,,,,,,,pex_clk2n,vddio_pex_clk,,,,PEX_CLK0 BIAS0,PEX_CLK_A,,BOPEXCLKX3_LFC_VXVDP1P1NCP1,,0,,,PULL_DOWN,TRISTATE,DISABLE,,True,True,True,True,True,True,VALID,unused_PEX_CLK2N,Not Assigned,,,,,,,,,,,,,,,UNUSED,SF_PCIE2_CLK_N,H9,,
,,,PEX_CLK3P,SF_PCIE3_CLK_P,unused_PEX_CLK3P,,PEX_CLK_OUT_3_P,,,,,O,,,,,,,,,pex_clk3p,vddio_pex_clk,,,,PEX_CLK1,PEX_CLK_A,,BOPEXCLKX3_LFC_VXVDP1P1NCP1,,0,,,PULL_DOWN,TRISTATE,DISABLE,,True,True,True,True,True,True,VALID,unused_PEX_CLK3P,Not Assigned,,,,,,,,,,,,,,,UNUSED,SF_PCIE3_CLK_P,H8,,
,,,PEX_CLK3N,SF_PCIE3_CLK_N,unused_PEX_CLK3N,,PEX_CLK_OUT_3_N,,,,,O,,,,,,,,,pex_clk3n,vddio_pex_clk,,,,PEX_CLK1,PEX_CLK_A,,BOPEXCLKX3_LFC_VXVDP1P1NCP1,,0,,,PULL_DOWN,TRISTATE,DISABLE,,True,True,True,True,True,True,VALID,unused_PEX_CLK3N,Not Assigned,,,,,,,,,,,, ,,,UNUSED,SF_PCIE3_CLK_N,J8,,
162,PCIE0_CLK_P,PCIE0_CLK_P,PEX_CLK4P,SF_PCIE4_CLK_P,unused_PEX_CLK4P,,PEX_CLK_OUT_4_P,,,,,O,,,,,,,,,pex_clk4p,vddio_pex_clk,,,,PEX_CLK1,PEX_CLK_A,,BOPEXCLKX3_LFC_VXVDP1P1NCP1,,0,,,NORMAL,NORMAL,DISABLE,,True,True,True,True,True,True,VALID,PEX_CLK_OUT_4_P,Output,,,,,,,,,,,,,,,Baseboard x4 Ref Clock,SF_PCIE4_CLK_P,K10,,
160,PCIE0_CLK_N,PCIE0_CLK_N,PEX_CLK4N,SF_PCIE4_CLK_N,unused_PEX_CLK4N,,PEX_CLK_OUT_4_N,,,,,O,,,,,,,,,pex_clk4n,vddio_pex_clk,,,,PEX_CLK1 BIAS1,PEX_CLK_A,,BOPEXCLKX3_LFC_VXVDP1P1NCP1,,0,,,NORMAL,NORMAL,DISABLE,,True,True,True,True,True,True,VALID,PEX_CLK_OUT_4_N,Output,,,,,,,,,,,,,,,,SF_PCIE4_CLK_N,K9,,
,,,PEX_CTL3,VDDIO_RT,,,,,,,,,,,,,,,,,,,,,,,,,,,,,,,,,,,,,,,,,,,,,,,,,,,,,,,1.8V,,PEX_CTL3,VDDIO_RT,,,
221,SDMMC_DAT1,PCIE2_CLKREQ*,PEX_L7_CLKREQ_N,GP187_PCIE7_CLKREQ_N,unused_PEX_L7_CLKREQ_N,GPIO3_PAG.00,PE7_CLKREQ_L,,,,B,B,,,,PE7,RSVD1,RSVD2,RSVD3,RSVD1,pex_l7_clkreq_n_pag0,vddio_pex_ctl_3,wake11,,,PEX_CTL_3,PEX_CTL_C,DD,BDPGLPHVIN_HFCR90_VXVDP1P1P1,50k,z,PE7,,NORMAL,TRISTATE,ENABLE,N/A,True,True,True,True,True,True,VALID,PE7_CLKREQ_L,Bidirectional,Z,No,,,Enable,Disable,,47k,,,,,,,PCIe x2 or 1st Bifurcated x1 Clock Req ,GP187_PCIE7_CLKREQ_N,F4,,Pulled up to 3V3 in module.
219,SDMMC_DAT0,PCIE2_RST*,PEX_L7_RST_N,GP188_PCIE7_RST_N,unused_PEX_L7_RST_N,GPIO3_PAG.01,PE7_RST_L,,,,B,B,,,,PE7,RSVD1,RSVD2,RSVD3,RSVD1,pex_l7_rst_n_pag1,vddio_pex_ctl_3,,,,PEX_CTL_3,PEX_CTL_C,DD,BDPGLPHVIN_HFCR90_VXVDP1P1P1,50k,0,PE7,,NORMAL,NORMAL,DISABLE,N/A,True,True,True,True,True,True,VALID,PE7_RST_L,Output,Drive 0,,,,Enable,Disable,,4.7k,,,,,,,PCIe x2 or 1st Bifurcated x1 Reset,GP188_PCIE7_RST_N,F3,,Pulled up to 3V3 in module.
,,,PEX_L8_CLKREQ_N,GP189_PCIE8_CLKREQ_N,unused_PEX_L8_CLKREQ_N,GPIO3_PAG.02,PE8_CLKREQ_L,,,,B,B,,,,PE8,RSVD1,RSVD2,RSVD3,RSVD1,pex_l8_clkreq_n_pag2,vddio_pex_ctl_3,wake16,,,PEX_CTL_3,PEX_CTL_C,DD,BDPGLPHVIN_HFCR90_VXVDP1P1P1,50k,z,PE8,,NORMAL,TRISTATE,ENABLE,N/A,True,True,True,True,True,True,VALID,PE8_CLKREQ_L,Bidirectional,Z,No,,,Enable,Disable,,,,47k,,,,,UNUSED,GP189_PCIE8_CLKREQ_N,J6,,
,,,PEX_L8_RST_N,GP190_PCIE8_RST_N,unused_PEX_L8_RST_N,GPIO3_PAG.03,PE8_RST_L,,,,B,B,,,,PE8,RSVD1,RSVD2,RSVD3,RSVD1,pex_l8_rst_n_pag3,vddio_pex_ctl_3,,,,PEX_CTL_3,PEX_CTL_C,DD,BDPGLPHVIN_HFCR90_VXVDP1P1P1,50k,0,PE8,,NORMAL,NORMAL,DISABLE,N/A,True,True,True,True,True,True,VALID,PE8_RST_L,Output,Drive 0,,,,Enable,Disable,,,,4.7K,,,,,UNUSED,GP190_PCIE8_RST_N,K6,,
225,SDMMC_DAT3,PCIE3_CLKREQ*,PEX_L9_CLKREQ_N,GP191_PCIE9_CLKREQ_N,unused_PEX_L9_CLKREQ_N,GPIO3_PAG.04,PE9_CLKREQ_L,,,,B,B,,,,PE9,RSVD1,RSVD2,RSVD3,RSVD1,pex_l9_clkreq_n_pag4,vddio_pex_ctl_3,wake18,,,PEX_CTL_3,PEX_CTL_C,DD,BDPGLPHVIN_HFCR90_VXVDP1P1P1,50k,z,PE9,,NORMAL,NORMAL,ENABLE,N/A,True,True,True,True,True,True,VALID,PE9_CLKREQ_L,Bidirectional,,No,,,Enable,Disable,,47k,,,,,,,PCIe 2nd Bifurcated x1 Clock Req,GP191_PCIE9_CLKREQ_N,H3,,Pulled up to 3V3 in module.
223,SDMMC_DAT2,PCIE3_RST*,PEX_L9_RST_N,GP192_PCIE9_RST_N,unused_PEX_L9_RST_N,GPIO3_PAG.05,PE9_RST_L,,,,B,B,,,,PE9,RSVD1,RSVD2,RSVD3,RSVD1,pex_l9_rst_n_pag5,vddio_pex_ctl_3,,,,PEX_CTL_3,PEX_CTL_C,DD,BDPGLPHVIN_HFCR90_VXVDP1P1P1,50k,0,PE9,,NORMAL,NORMAL,DISABLE,N/A,True,True,True,True,True,True,VALID,PE9_RST_L,Output,,,,,Enable,Disable,,4.7k,,,,,,,PCIe 2nd Bifurcated x1 Reset,GP192_PCIE9_RST_N,J4,,Pulled up to 3V3 in module.
,,,PEX_L10_CLKREQ_N,GP193_PCIE10_CLKREQ_N,unused_PEX_L10_CLKREQ_N,GPIO3_PAG.06,PE10_CLKREQ_L,,,,B,B,,,,PE10,RSVD1,RSVD2,RSVD3,RSVD1,pex_l10_clkreq_n_pag6,vddio_pex_ctl_3,wake19,,,PEX_CTL_3,PEX_CTL_C,DD,BDPGLPHVIN_HFCR90_VXVDP1P1P1,50k,z,RSVD1,,PULL_DOWN,TRISTATE,DISABLE,N/A,True,True,True,True,True,True,VALID,unused_PEX_L10_CLKREQ_N,Not Assigned,,No,,,Disable,Disable,,,,,,,,,UNUSED,GP193_PCIE10_CLKREQ_N,H5,,
,,,PEX_L10_RST_N,GP194_PCIE10_RST_N,unused_PEX_L10_RST_N,GPIO3_PAG.07,PE10_RST_L,,,,B,B,,,,PE10,RSVD1,RSVD2,RSVD3,RSVD1,pex_l10_rst_n_pag7,vddio_pex_ctl_3,,,,PEX_CTL_3,PEX_CTL_C,DD,BDPGLPHVIN_HFCR90_VXVDP1P1P1,50k,0,RSVD1,,PULL_DOWN,TRISTATE,DISABLE,N/A,True,True,True,True,True,True,VALID,unused_PEX_L10_RST_N,Not Assigned,Drive 0,,,,Disable,Disable,,,,,,,,,UNUSED,GP194_PCIE10_RST_N,J5,,
,,, PEX_CLK3,VDDIO_RT,,,,,,,,,,,,,,,,,,,,,,,,,,,,,,,,,,,,,,,,,,,,,,,,,,,,,,,1.8V,, PEX_CLK3,VDDIO_RT,,,
54,CSI4_CLK_P,PCIE2_CLK_P,PEX_CLK7P,SF_PCIE7_CLK_P,unused_PEX_CLK7P,,PEX_CLK_OUT_7_P,,,,,O,,,,,,,,,pex_clk7p,vddio_pex_clk3,,,,PEX_CLK2,PEX_CLK_C,,BOPEXCLKX3_LFC_VXVDP1P1NCP1,,0,,,NORMAL,NORMAL,DISABLE,,True,True,True,True,True,True,VALID,PEX_CLK_OUT_7_P,Output,,,,,,,,,,,,,,,PCIe x2 or 1st Bifurcated x1 Ref Clock,SF_PCIE7_CLK_P,J19,,
52,CSI4_CLK_N,PCIE2_CLK_N,PEX_CLK7N,SF_PCIE7_CLK_N,unused_PEX_CLK7N,,PEX_CLK_OUT_7_N,,,,,O,,,,,,,,,pex_clk7n,vddio_pex_clk3,,,,PEX_CLK2 BIAS0,PEX_CLK_C,,BOPEXCLKX3_LFC_VXVDP1P1NCP1,,0,,,NORMAL,NORMAL,DISABLE,,True,True,True,True,True,True,VALID,PEX_CLK_OUT_7_N,Output,,,,,,,,,,,,,,,,SF_PCIE7_CLK_N,K19,,
,,,PEX_CLK8P,SF_PCIE8_CLK_P,unused_PEX_CLK8P,,PEX_CLK_OUT_8_P,,,,,O,,,,,,,,,pex_clk8p,vddio_pex_clk3,,,,PEX_CLK3,PEX_CLK_C,,BOPEXCLKX3_LFC_VXVDP1P1NCP1,,0,,,NORMAL,NORMAL,DISABLE,,True,True,True,True,True,True,VALID,PEX_CLK_OUT_8_P,Output,,,,,,,,,,,,,,,,SF_PCIE8_CLK_P,K17,,
,,,PEX_CLK8N,SF_PCIE8_CLK_N,unused_PEX_CLK8N,,PEX_CLK_OUT_8_N,,,,,O,,,,,,,,,pex_clk8n,vddio_pex_clk3,,,,PEX_CLK3,PEX_CLK_C,,BOPEXCLKX3_LFC_VXVDP1P1NCP1,,0,,,NORMAL,NORMAL,DISABLE,,True,True,True,True,True,True,VALID,PEX_CLK_OUT_8_N,Output,,,,,,,,,,,,,,,,SF_PCIE8_CLK_N,L17,,
229,SDMMC_CLK,PCIE3_CLK_P,PEX_CLK9P,SF_PCIE9_CLK_P,unused_PEX_CLK9P,,PEX_CLK_OUT_9_P,,,,,O,,,,,,,,,pex_clk9p,vddio_pex_clk3,,,,PEX_CLK3,PEX_CLK_C,,BOPEXCLKX3_LFC_VXVDP1P1NCP1,,0,,,NORMAL,NORMAL,DISABLE,,True,True,True,True,True,True,VALID,PEX_CLK_OUT_9_P,Output,,,,,,,,,,,,,,,PCIe 2nd Bifurcated x1 Ref Clk,SF_PCIE9_CLK_P,H17,,
227,SDMMC_CMD,PCIE3_CLK_N,PEX_CLK9N,SF_PCIE9_CLK_N,unused_PEX_CLK9N,,PEX_CLK_OUT_9_N,,,,,O,,,,,,,,,pex_clk9n,vddio_pex_clk3,,,,PEX_CLK3,PEX_CLK_C,,BOPEXCLKX3_LFC_VXVDP1P1NCP1,,0,,,NORMAL,NORMAL,DISABLE,,True,True,True,True,True,True,VALID,PEX_CLK_OUT_9_N,Output,,,,,,,,,,,,,,,,SF_PCIE9_CLK_N,H18,,
,,,PEX_CLK10P,SF_PCIE10_CLK_P,unused_PEX_CLK10P,,PEX_CLK_OUT_10_P,,,,,O,,,,,,,,,pex_clk10p,vddio_pex_clk3,,,,PEX_CLK3,PEX_CLK_C,,BOPEXCLKX3_LFC_VXVDP1P1NCP1,,0,,,PULL_DOWN,TRISTATE,DISABLE,,True,True,True,True,True,True,VALID,unused_PEX_CLK10P,Not Assigned,,,,,,,,,,,,,,,UNUSED,SF_PCIE10_CLK_P,G15,,
,,,PEX_CLK10N,SF_PCIE10_CLK_N,unused_PEX_CLK10N,,PEX_CLK_OUT_10_N,,,,,O,,,,,,,,,pex_clk10n,vddio_pex_clk3,,,,PEX_CLK3 BIAS1,PEX_CLK_C,,BOPEXCLKX3_LFC_VXVDP1P1NCP1,,0,,,PULL_DOWN,TRISTATE,DISABLE,,True,True,True,True,True,True,VALID,unused_PEX_CLK10N,Not Assigned,,,,,,,,,,,,,,,UNUSED,SF_PCIE10_CLK_N,H15,,
,,,G9,VDDIO_FSI_U,,,,,,,,,,,,,,,,,,,,,,,,,,,,,,,,,,,,,,,,,,,,,,,,,,,,,,,3.3V,,G9,VDDIO_FSI_U,,,
,,,CAN2_DOUT,GP90_CAN2_DOUT,unused_CAN2_DOUT,,,,,,B,O,,,,CAN2,RSVD1,RSVD2,RSVD3,RSVD1,can2_dout_ps0,vddio_g9,,,,CAN2_DOUT,FSI_G9,CZ,BDSDMEM_GFCR90_VDP1P1P1VC,19.5K +/- 35%,z,RSVD1,,PULL_DOWN,TRISTATE,DISABLE,N/A,True,True,True,True,True,True,VALID,unused_CAN2_DOUT,Not Assigned,,,,,,,,,,,,,,,UNUSED,GP90_CAN2_DOUT,N6,,
,,,CAN2_DIN,GP91_CAN2_DIN,unused_CAN2_DIN,,,,,,B,I,,,,CAN2,RSVD1,RSVD2,RSVD3,RSVD1,can2_din_ps1,vddio_g9,,,,CAN2_DIN,FSI_G9,CZ,BDSDMEM_GFCR90_VDP1P1P1VC,19.5K +/- 35%,z,RSVD1,,PULL_DOWN,TRISTATE,DISABLE,N/A,True,True,True,True,True,True,VALID,unused_CAN2_DIN,Not Assigned,,,,,,,,,,,,,,,UNUSED,GP91_CAN2_DIN,P7,,
,,,CAN2_STB,GP92,unused_CAN2_STB,,,,,,B,,,,,RSVD0,RSVD1,RSVD2,RSVD3,RSVD0,can2_stb_ps2,vddio_g9,,,,CAN2_STB,FSI_G9,CZ,BDSDMEM_GFCR90_VDP1P1P1VC,19.5K +/- 35%,pd,RSVD0,,PULL_DOWN,TRISTATE,DISABLE,N/A,True,True,True,True,True,True,VALID,unused_CAN2_STB,Not Assigned,,,,,,,,,,,,,,,UNUSED,GP92,N7,,
,,,CAN2_EN,GP93,unused_CAN2_EN,,,,,,B,,,,,RSVD0,RSVD1,RSVD2,RSVD3,RSVD0,can2_en_ps3,vddio_g9,,,,CAN2_EN,FSI_G9,CZ,BDSDMEM_GFCR90_VDP1P1P1VC,19.5K +/- 35%,pd,RSVD0,,PULL_DOWN,TRISTATE,DISABLE,N/A,True,True,True,True,True,True,VALID,unused_CAN2_EN,Not Assigned,,,,,,,,,,,,,,,UNUSED,GP93,P8,,
,,,CAN2_ERR,GP94,unused_CAN2_ERR,,,,,,B,,,,,RSVD0,RSVD1,RSVD2,RSVD3,RSVD0,can2_err_ps4,vddio_g9,,,,CAN2_ERR,FSI_G9,CZ,BDSDMEM_GFCR90_VDP1P1P1VC,19.5K +/- 35%,pd,RSVD0,,PULL_DOWN,TRISTATE,DISABLE,N/A,True,True,True,True,True,True,VALID,unused_CAN2_ERR,Not Assigned,,,,,,,,,,,,,,,UNUSED,GP94,L6,,
,,,CAN3_DOUT,GP95_CAN3_DOUT,unused_CAN3_DOUT,,,,,,B,O,,,,CAN3,RSVD1,RSVD2,RSVD3,RSVD1,can3_dout_ps5,vddio_g9,,,,CAN3_DOUT,FSI_G9,CZ,BDSDMEM_GFCR90_VDP1P1P1VC,19.5K +/- 35%,z,RSVD1,,PULL_DOWN,TRISTATE,DISABLE,N/A,True,True,True,True,True,True,VALID,unused_CAN3_DOUT,Not Assigned,,,,,,,,,,,,,,,UNUSED,GP95_CAN3_DOUT,N3,,
,,,CAN3_DIN,GP96_CAN3_DIN,unused_CAN3_DIN,,,,,,B,I,,,,CAN3,RSVD1,RSVD2,RSVD3,RSVD1,can3_din_ps6,vddio_g9,,,,CAN3_DIN,FSI_G9,CZ,BDSDMEM_GFCR90_VDP1P1P1VC,19.5K +/- 35%,z,RSVD1,,PULL_DOWN,TRISTATE,DISABLE,N/A,True,True,True,True,True,True,VALID,unused_CAN3_DIN,Not Assigned,,,,,,,,,,,,,,,UNUSED,GP96_CAN3_DIN,P3,,
,,,CAN3_STB,GP97,unused_CAN3_STB,,,,,,B,,,,,RSVD0,RSVD1,RSVD2,RSVD3,RSVD0,can3_stb_ps7,vddio_g9,,,,CAN3_STB,FSI_G9,CZ,BDSDMEM_GFCR90_VDP1P1P1VC,19.5K +/- 35%,pd,RSVD0,,PULL_DOWN,TRISTATE,DISABLE,N/A,True,True,True,True,True,True,VALID,unused_CAN3_STB,Not Assigned,,,,,,,,,,,,,,,UNUSED,GP97,M1,,
,,,CAN3_EN,GP98,unused_CAN3_EN,,,,,,B,,,,,RSVD0,RSVD1,RSVD2,RSVD3,RSVD0,can3_en_pt0,vddio_g9,,,,CAN3_EN,FSI_G9,CZ,BDSDMEM_GFCR90_VDP1P1P1VC,19.5K +/- 35%,pd,RSVD0,,PULL_DOWN,TRISTATE,DISABLE,N/A,True,True,True,True,True,True,VALID,unused_CAN3_EN,Not Assigned,,,,,,,,,,,,,,,UNUSED,GP98,P1,,
,,,CAN3_ERR,GP99,unused_CAN3_ERR,,,,,,B,,,,,RSVD0,RSVD1,RSVD2,RSVD3,RSVD0,can3_err_pt1,vddio_g9,,,,CAN3_ERR,FSI_G9,CZ,BDSDMEM_GFCR90_VDP1P1P1VC,19.5K +/- 35%,pd,RSVD0,,PULL_DOWN,TRISTATE,DISABLE,N/A,True,True,True,True,True,True,VALID,unused_CAN3_ERR,Not Assigned,,,,,,,,,,,,,,,UNUSED,GP99,P2,,
,,,G10,VDDIO_FSI_U,,,,,,,,,,,,,,,,,,,,,,,,,,,,,,,,,,,,,,,,,,,,,,,,,,,,,,,1.8V,,G10,VDDIO_FSI_U,,,
,,,SOC_ERROR,GP100_SOC_ERROR_N,unused_SOC_ERROR,,SOC_ERROR,,,,B,B,,,,SOC,RSVD1,RSVD2,RSVD3,RSVD1,soc_error_pu0,vddio_g10,,,,SOC_ERROR,FSI_G10,DD,BDPGLPHVIN_HFCR90_VDP1P1P1,50k,z,RSVD1,,PULL_DOWN,TRISTATE,DISABLE,N/A,True,True,True,True,True,True,VALID,unused_SOC_ERROR,Not Assigned,,,,,Disable,Disable,,,,,,,,,UNUSED,GP100_SOC_ERROR_N,R1,,
,,,UART7_TX,GP101_UART7_TX,unused_UART7_TX,,UG3_TXD,,,,B,O,,,,UARTG,RSVD1,RSVD2,RSVD3,RSVD1,uart7_tx_pu1,vddio_g10,,,,UART7_TX,FSI_G10,DD,BDPGLPHVIN_HFCR90_VDP1P1P1,50k,pd,RSVD1,,PULL_DOWN,TRISTATE,DISABLE,N/A,True,True,True,True,True,True,VALID,unused_UART7_TX,Not Assigned,,,,,Disable,Disable,,,,,,,,,UNUSED,GP101_UART7_TX,M8,,
,,,UART7_RX,GP102_UART7_RX,unused_UART7_RX,,UG3_RXD,,,,B,I,,,,UARTG,RSVD1,RSVD2,RSVD3,RSVD1,uart7_rx_pu2,vddio_g10,,,,UART7_RX,FSI_G10,DD,BDPGLPHVIN_HFCR90_VDP1P1P1,50k,pd,RSVD1,,PULL_DOWN,TRISTATE,DISABLE,N/A,True,True,True,True,True,True,VALID,unused_UART7_RX,Not Assigned,,,,,Disable,Disable,,,,,,,,,UNUSED,GP102_UART7_RX,N9,,
,,,SPI7_SCK,GP195_SPI7_CLK,unused_SPI7_SCK,,SPI7_SCK,,,,B,B,,,,SPI7,RSVD1,RSVD2,RSVD3,RSVD1,spi7_sck_pu3,vddio_g10,,,,SPI7_SCK,FSI_G10,DD,BDPGLPHVIN_HFCR90_VDP1P1P1,50k,pd,RSVD1,,PULL_DOWN,TRISTATE,DISABLE,N/A,True,True,True,True,True,True,VALID,unused_SPI7_SCK,Not Assigned,,,,Initiator,Disable,Disable,,,,,,,,,UNUSED,GP195_SPI7_CLK,N4,,
,,,SPI7_MISO,GP196_SPI7_MISO,unused_SPI7_MISO,,SPI7_DIN,,,,B,B,,,,SPI7,RSVD1,RSVD2,RSVD3,RSVD1,spi7_miso_pu4,vddio_g10,,,,SPI7_MISO,FSI_G10,DD,BDPGLPHVIN_HFCR90_VDP1P1P1,50k,pd,RSVD1,,PULL_DOWN,TRISTATE,DISABLE,N/A,True,True,True,True,True,True,VALID,unused_SPI7_MISO,Not Assigned,,,,Initiator,Disable,Disable,,,,,,,,,UNUSED,GP196_SPI7_MISO,M5,,
,,,SPI7_MOSI,GP197_SPI7_MOSI,unused_SPI7_MOSI,,SPI7_DOUT,,,,B,B,,,,SPI7,RSVD1,RSVD2,RSVD3,RSVD1,spi7_mosi_pu5,vddio_g10,,,,SPI7_MOSI,FSI_G10,DD,BDPGLPHVIN_HFCR90_VDP1P1P1,50k,pd,RSVD1,,PULL_DOWN,TRISTATE,DISABLE,N/A,True,True,True,True,True,True,VALID,unused_SPI7_MOSI,Not Assigned,,,,Initiator,Disable,Disable,,,,,,,,,UNUSED,GP197_SPI7_MOSI,M4,,
,,,SPI7_CS0,GP198_SPI7_CS0_N,unused_SPI7_CS0,,SPI7_CS0,,,,B,B,,,,SPI7,RSVD1,RSVD2,RSVD3,RSVD1,spi7_cs0_pu6,vddio_g10,,,,SPI7_CS0,FSI_G10,DD,BDPGLPHVIN_HFCR90_VDP1P1P1,50k,pd,RSVD1,,PULL_DOWN,TRISTATE,DISABLE,N/A,True,True,True,True,True,True,VALID,unused_SPI7_CS0,Not Assigned,,,,Initiator,Disable,Disable,,,,,,,,,UNUSED,GP198_SPI7_CS0_N,M6,,
,,,SOC_GPIO51,GP200,unused_SOC_GPIO51,,,,,,B,,,,,RSVD0,RSVD1,RSVD2,RSVD3,RSVD0,soc_gpio51_pu7,vddio_g10,,,,SOC_GPIO51,FSI_G10,DD,BDPGLPHVIN_HFCR90_VDP1P1P1,50k,pd,RSVD0,,PULL_DOWN,TRISTATE,DISABLE,N/A,True,True,True,True,True,True,VALID,unused_SOC_GPIO51,Not Assigned,,,,,Disable,Disable,,,,,,,,,UNUSED,GP200,M3,,
,,,SOC_GPIO52,GP201,unused_SOC_GPIO52,,,,,,B,,,,,RSVD0,RSVD1,RSVD2,RSVD3,RSVD0,soc_gpio52_pv0,vddio_g10,,,,SOC_GPIO52,FSI_G10,DD,BDPGLPHVIN_HFCR90_VDP1P1P1,50k,pd,RSVD0,,PULL_DOWN,TRISTATE,DISABLE,N/A,True,True,True,True,True,True,VALID,unused_SOC_GPIO52,Not Assigned,,,,,Disable,Disable,,,,,,,,,UNUSED,GP201,M2,,
,,,G11,VDDIO_FSI_U,,,,,,,,,,,,,,,,,,,,,,,,,,,,,,,,,,,,,,,,,,,,,,,,,,,,,,,1.8V,,G11,VDDIO_FSI_U,,,
,,,SOC_GPIO61,GP214,unused_SOC_GPIO61,,,,,,B,,,,,RSVD0,RSVD0,RSVD0,RSVD0,RSVD3,soc_gpio61_pw0,vddio_g11,,,,SOC_GPIO61,FSI_G11,DD,BDPGLPHVIN_HFCR90_VDP1P1P1,50k,pd,RSVD3,,PULL_DOWN,TRISTATE,DISABLE,N/A,True,True,True,True,True,True,VALID,unused_SOC_GPIO61,Not Assigned,,,,,Disable,Disable,,,,,, ,,,UNUSED,GP214,R2,,
,,,SOC_GPIO62,GP215,unused_SOC_GPIO62,,,,,,B,O,,,O,RSVD0,RSVD1,RSVD2,RSVD3,RSVD3,soc_gpio62_pw1,vddio_g11,,,,SOC_GPIO62,FSI_G11,DD,BDPGLPHVIN_HFCR90_VDP1P1P1,50k,pd,RSVD3,,PULL_DOWN,TRISTATE,DISABLE,N/A,True,True,True,True,True,True,VALID,unused_SOC_GPIO62,Not Assigned,,,,,Disable,Disable,,,,,,,,,UNUSED,GP215,L5,,
,,,G5,VDDIO_V,,,,,,,,,,,,,,,,,,,,,,,,,,,,,,,,,,,,,,,,,,,,,,,,,,,,,,,1.8V,,G5,,,,
,,,DAP6_SCLK,GP202_DAP6_CLK,unused_DAP6_SCLK,GPIO3_PA.00,I2S6_SCLK,,,,B,B,,,,I2S6,RSVD1,RSVD2,RSVD3,RSVD1,dap6_sclk_pa0,vddio_g5,,,,DAP6,G5,ST,BDPGLP_MFCR90_VXVDP1P1P1,50k,pd,GPIO_PA0,,NORMAL,NORMAL,DISABLE,1,True,True,True,True,True,True,VALID,GPIO3_PA.00,Output,Drive 1,,,N/A,,Disable,,,,,, ,,,GPIO,GP202_DAP6_CLK,U47,,
,,,DAP6_DOUT,GP203_DAP6_DOUT,unused_DAP6_DOUT,GPIO3_PA.01,I2S6_SDATA_OUT,,,,B,O,,,,I2S6,RSVD1,RSVD2,RSVD3,RSVD1,dap6_dout_pa1,vddio_g5,,,,DAP6,G5,ST,BDPGLP_MFCR90_VXVDP1P1P1,50k,pd,RSVD1,,PULL_DOWN,TRISTATE,DISABLE,N/A,True,True,True,True,True,True,VALID,unused_DAP6_DOUT,Not Assigned,,,,N/A,,Disable,,,,,,,,,UNUSED,GP203_DAP6_DOUT,U48,,
,,,DAP6_DIN,GP204_DAP6_DIN,unused_DAP6_DIN,GPIO3_PA.02,I2S6_SDATA_IN,,,,B,I,,,,I2S6,RSVD1,RSVD2,RSVD3,RSVD1,dap6_din_pa2,vddio_g5,,,,DAP6,G5,ST,BDPGLP_MFCR90_VXVDP1P1P1,50k,pd,RSVD1,,PULL_DOWN,TRISTATE,DISABLE,N/A,True,True,True,True,True,True,VALID,unused_DAP6_DIN,Not Assigned,,,,N/A,,Disable,,,,,,,,,UNUSED,GP204_DAP6_DIN,U42,,
,,,DAP6_FS,GP205_DAP6_FS,unused_DAP6_FS,GPIO3_PA.03,I2S6_LRCK,,,,B,B,,,,I2S6,RSVD1,RSVD2,RSVD3,RSVD1,dap6_fs_pa3,vddio_g5,,,,DAP6,G5,ST,BDPGLP_MFCR90_VXVDP1P1P1,50k,pd,RSVD1,,PULL_DOWN,TRISTATE,DISABLE,N/A,True,True,True,True,True,True,VALID,unused_DAP6_FS,Not Assigned,,,,N/A,,Disable,,,,,,,,,UNUSED,GP205_DAP6_FS,U49,,
226,I2S1_SCLK,I2S1_SCLK,DAP4_SCLK,GP206_DAP4_CLK,unused_DAP4_SCLK,GPIO3_PA.04,I2S4_SCLK,,,,B,B,,,,I2S4,RSVD1,RSVD2,RSVD3,RSVD1,dap4_sclk_pa4,vddio_g5,,,,DAP4,G5,ST,BDPGLP_MFCR90_VXVDP1P1P1,50k,pd,I2S4,,NORMAL,NORMAL,ENABLE,N/A,True,True,True,True,True,True,VALID,I2S4_SCLK,Bidirectional,,,,Target,,Disable,,,,,,,,,Baseboard M.2 Connector,GP206_DAP4_CLK,T50,,
220,I2S1_DOUT,I2S1_DOUT,DAP4_DOUT,GP207_DAP4_DOUT,unused_DAP4_DOUT,GPIO3_PA.05,I2S4_SDATA_OUT,,,,B,O,,,,I2S4,RSVD1,RSVD2,RSVD3,RSVD1,dap4_dout_pa5,vddio_g5,,,,DAP4,G5,ST,BDPGLP_MFCR90_VXVDP1P1P1,50k,pd,I2S4,,NORMAL,NORMAL,DISABLE,N/A,True,True,True,True,True,True,VALID,I2S4_SDATA_OUT,Output,Drive 0,,,Target,,Disable,,,,,,,,,,GP207_DAP4_DOUT,U50,,
222,I2S1_DIN,I2S1_DIN,DAP4_DIN,GP208_DAP4_DIN,unused_DAP4_DIN,GPIO3_PA.06,I2S4_SDATA_IN,,,,B,I,,,,I2S4,RSVD1,RSVD2,RSVD3,RSVD1,dap4_din_pa6,vddio_g5,,,,DAP4,G5,ST,BDPGLP_MFCR90_VXVDP1P1P1,50k,pd,I2S4,,PULL_DOWN,TRISTATE,ENABLE,N/A,True,True,True,True,True,True,VALID,I2S4_SDATA_IN,Input,Int PD,,,Target,,Disable,,,,,,,,,,GP208_DAP4_DIN,U52,,
224,I2S1_FS,I2S1_FS,DAP4_FS,GP209_DAP4_FS,unused_DAP4_FS,GPIO3_PA.07,I2S4_LRCK,,,,B,B,,,,I2S4,RSVD1,RSVD2,RSVD3,RSVD1,dap4_fs_pa7,vddio_g5,,,,DAP4,G5,ST,BDPGLP_MFCR90_VXVDP1P1P1,50k,pd,I2S4,,NORMAL,NORMAL,ENABLE,N/A,True,True,True,True,True,True,VALID,I2S4_LRCK,Bidirectional,,,,Target,,Disable,,,,,,,,,,GP209_DAP4_FS,U51,,
,,,PEX_CTL2,VDDIO_WXY,,,,,,,,,,,,,,,,,,,,,,,,,,,,,,,,,,,,,,,,,,,,,,,,,,,,,,,1.8V,,AO,VDDIO_WXY,,,
,,,PEX_L5_CLKREQ_N,GP210_PCIE5_CLKREQ_N,unused_PEX_L5_CLKREQ_N,GPIO3_PAF.00,PE5_CLKREQ_L,,,,B,B,,,,PE5,RSVD1,RSVD2,RSVD3,RSVD1,pex_l5_clkreq_n_paf0,vddio_pex_ctl_2,wake7,,,PEX_CTL_2,PEX_CTL_B,DD,BDPGLPHVIN_HFCR90_VXVDP1P1P1,50k,z,RSVD1,,PULL_DOWN,TRISTATE,DISABLE,N/A,True,True,True,True,True,True,VALID,unused_PEX_L5_CLKREQ_N,Not Assigned,,No,,,Disable,Disable,,,,,, ,,,UNUSED,GP210_PCIE5_CLKREQ_N,L2,,
,,,PEX_L5_RST_N,GP211_PCIE5_RST_N,unused_PEX_L5_RST_N,GPIO3_PAF.01,PE5_RST_L,,,,B,B,,,,PE5,RSVD1,RSVD2,RSVD3,RSVD1,pex_l5_rst_n_paf1,vddio_pex_ctl_2,,,,PEX_CTL_2,PEX_CTL_B,DD,BDPGLPHVIN_HFCR90_VXVDP1P1P1,50k,0,RSVD1,,PULL_DOWN,TRISTATE,DISABLE,N/A,True,True,True,True,True,True,VALID,unused_PEX_L5_RST_N,Not Assigned,,,,,Disable,Disable,,,,,,,,,UNUSED,GP211_PCIE5_RST_N,L1,,
,,,PEX_L6_CLKREQ_N,GP212_PCIE6_CLKREQ_N,unused_PEX_L6_CLKREQ_N,GPIO3_PAF.02,PE6_CLKREQ_L,,,,B,B,,,,PE6,RSVD1,RSVD2,RSVD3,RSVD1,pex_l6_clkreq_n_paf2,vddio_pex_ctl_2,wake23,,,PEX_CTL_2,PEX_CTL_B,DD,BDPGLPHVIN_HFCR90_VXVDP1P1P1,50k,z,RSVD1,,PULL_DOWN,TRISTATE,DISABLE,N/A,True,True,True,True,True,True,VALID,unused_PEX_L6_CLKREQ_N,Not Assigned,,No,,,Disable,Disable,,,,,,,,,UNUSED,GP212_PCIE6_CLKREQ_N,K3,,
,,,PEX_L6_RST_N,GP213_PCIE6_RST_N,unused_PEX_L6_RST_N,GPIO3_PAF.03,PE6_RST_L,,,,B,B,,,,PE6,RSVD1,RSVD2,RSVD3,RSVD1,pex_l6_rst_n_paf3,vddio_pex_ctl_2,,,,PEX_CTL_2,PEX_CTL_B,DD,BDPGLPHVIN_HFCR90_VXVDP1P1P1,50k,0,RSVD1,,PULL_DOWN,TRISTATE,DISABLE,N/A,True,True,True,True,True,True,VALID,unused_PEX_L6_RST_N,Not Assigned,,,,,Disable,Disable,,,,,,,,,UNUSED,GP213_PCIE6_RST_N,K4,,
,,,PEX_CLK2,VDDIO_WXY,,,,,,,,,,,,,,,,,,,,,,,,,,,,,,,,,,,,,,,,,,,,,,,,,,,,,,,1.8V,,PEX_CLK2,VDDIO_WXY,,,
,,,PEX_CLK5P,SF_PCIE5_CLK_P,unused_PEX_CLK5P,,PEX_CLK_OUT_5_P,,,,,O,,,,,,,,,pex_clk5p,vddio_pex_clk2,,,,PEX_CLK4,PEX_CLK_B,,BOPEXCLKX3_LFC_VXVDP1P1NCP1,,0,,,PULL_DOWN,TRISTATE,DISABLE,,True,True,True,True,True,True,VALID,unused_PEX_CLK5P,Not Assigned,,,,,,,,,,,,,,,UNUSED,SF_PCIE5_CLK_P,J31,,
,,,PEX_CLK5N,SF_PCIE5_CLK_N,unused_PEX_CLK5N,,PEX_CLK_OUT_5_N,,,,,O,,,,,,,,,pex_clk5n,vddio_pex_clk2,,,,PEX_CLK4,PEX_CLK_B,,BOPEXCLKX3_LFC_VXVDP1P1NCP1,,0,,,PULL_DOWN,TRISTATE,DISABLE,,True,True,True,True,True,True,VALID,unused_PEX_CLK5N,Not Assigned,,,,,,,,,,,,,,,UNUSED,SF_PCIE5_CLK_N,K31,,
,,,PEX_CLK6P,SF_PCIE6_CLK_P,unused_PEX_CLK6P,,PEX_CLK_OUT_6_P,,,,,O,,,,,,,,,pex_clk6p,vddio_pex_clk2,,,,PEX_CLK4,PEX_CLK_B,,BOPEXCLKX3_LFC_VXVDP1P1NCP1,,0,,,PULL_DOWN,TRISTATE,DISABLE,,True,True,True,True,True,True,VALID,unused_PEX_CLK6P,Not Assigned,,,,,,,,,,,,,,,UNUSED,SF_PCIE6_CLK_P,H36,,
,,,PEX_CLK6N,SF_PCIE6_CLK_N,unused_PEX_CLK6N,,PEX_CLK_OUT_6_N,,,,,O,,,,,,,,,pex_clk6n,vddio_pex_clk2,,,,PEX_CLK4 BIAS,PEX_CLK_B,,BOPEXCLKX3_LFC_VXVDP1P1NCP1,,0,,,PULL_DOWN,TRISTATE,DISABLE,,True,True,True,True,True,True,VALID,unused_PEX_CLK6N,Not Assigned,,,,,,,,,,,,,,,UNUSED,SF_PCIE6_CLK_N,H35,,
,,,G8,VDDIO_Z,,,,,,,,,,,,,,,,,,,,,,,,,,,,,,,,,,,,,,,,,,,,,,,,,,,,,,,1.8V,,G8,VDDIO_Z,,,
,,,SPI6_SCK,SF_SKEY_SPI_CLK,unused_SPI6_SCK,,SPI6_SCK,,,,,B,B,,,SPI6,I2C15,RSVD2,RSVD3,RSVD2,spi6_sck,vddio_g8,,,,,,ST,BDPGLP_MFCR90_VXVDP1P1P1,50k,pd,,,NORMAL,NORMAL,DISABLE,,True,True,True,True,True,True,VALID,SPI6_SCK,Output,,,,Initiator,,Disable,,,,,, ,,,Secure SPI CLOCK,SF_SKEY_SPI_CLK,AA45,,
,,,SPI6_MISO,SF_SKEY_SPI_MISO,unused_SPI6_MISO,,SPI6_DIN,,,,,I,B,,,SPI6,I2C15,RSVD2,RSVD3,RSVD2,spi6_miso,vddio_g8,,,,,,ST,BDPGLP_MFCR90_VXVDP1P1P1,50k,pd,,,NORMAL,TRISTATE,ENABLE,,True,True,True,True,True,True,VALID,SPI6_DIN,Input,,,,Initiator,,Disable,,,,,,,,,Secure SPI DATA_IN,SF_SKEY_SPI_MISO,Y47,,
,,,SPI6_MOSI,SF_SKEY_SPI_MOSI,unused_SPI6_MOSI,,SPI6_DOUT,,,,,O,,,,SPI6,RSVD1,RSVD2,RSVD3,RSVD1,spi6_mosi,vddio_g8,,,,,,ST,BDPGLP_MFCR90_VXVDP1P1P1,50k,pd,,,NORMAL,NORMAL,DISABLE,,True,True,True,True,True,True,VALID,SPI6_DOUT,Output,,,,Initiator,,Disable,,,,,,,,,Secure SPI DATA_OUT,SF_SKEY_SPI_MOSI,Y45,,
,,,SPI6_CS0,SF_SKEY_SPI_CS_N,unused_SPI6_CS0,,SPI6_CS0,,,,,O,,,,SPI6,RSVD1,RSVD2,RSVD3,RSVD1,spi6_cs0,vddio_g8,,,,,,ST,BDPGLP_MFCR90_VXVDP1P1P1,50k,pd,,,NORMAL,NORMAL,DISABLE,,True,True,True,True,True,True,VALID,SPI6_CS0,Output,,,,Initiator,,Disable,,,,,,,,,Secure SPI CHIP_SELECT,SF_SKEY_SPI_CS_N,Y43,,
,,,EMMC,VDDIO_EMMC,,,,,,,,,,,,,,,,,,,,,,,,,,,,,,,,,,,,,,,,,,,,,,,,,,,,,,,1.8V,,EMMC,VDDIO_EMMC,,,
,,,EMMC_CLK,SF_EMMC_CLK,unused_EMMC_CLK,,EMMC_CLK,,,,,O,,,,EMMC,RSVD1,RSVD2,RSVD3,RSVD1,emmc_clk,vddio_emmc,,,,EMMC,EMMC,ST_MEM,BDEMMC_IOBRICK_GFCR90,15k,PD,RSVD1,,PULL_DOWN,TRISTATE,DISABLE,,True,True,True,True,True,True,VALID,unused_EMMC_CLK,Not Assigned,,,,,,,Enable,,,,,,,,UNUSED,SF_EMMC_CLK,AD6,,
,,,EMMC_CMD,SF_EMMC_CMD,unused_EMMC_CMD,,EMMC_CMD,,,,,B,,,,EMMC,RSVD1,RSVD2,RSVD3,RSVD1,emmc_cmd,vddio_emmc,,,,EMMC,EMMC,ST_MEM,BDEMMC_IOBRICK_GFCR90,15k,pu,RSVD1,,PULL_DOWN,TRISTATE,DISABLE,,True,True,True,True,True,True,VALID,unused_EMMC_CMD,Not Assigned,,,,,,,Disable,,,4.7K,,,,,UNUSED,SF_EMMC_CMD,AD5,,
,,,EMMC_DAT0,SF_EMMC_D0,unused_EMMC_DAT0,,EMMC_DAT0,,,,,B,,,,EMMC,RSVD1,RSVD2,RSVD3,RSVD1,emmc_dat0,vddio_emmc,,,,EMMC,EMMC,ST_MEM,BDEMMC_IOBRICK_GFCR90,15k,pu,RSVD1,,PULL_DOWN,TRISTATE,DISABLE,,True,True,True,True,True,True,VALID,unused_EMMC_DAT0,Not Assigned,,,,,,,Disable,,,,,,,,UNUSED,SF_EMMC_D0,AD1,,
,,,EMMC_DAT1,SF_EMMC_D1,unused_EMMC_DAT1,,EMMC_DAT1,,,,,B,,,,EMMC,RSVD1,RSVD2,RSVD3,RSVD1,emmc_dat1,vddio_emmc,,,,EMMC,EMMC,ST_MEM,BDEMMC_IOBRICK_GFCR90,15k,pu,RSVD1,,PULL_DOWN,TRISTATE,DISABLE,,True,True,True,True,True,True,VALID,unused_EMMC_DAT1,Not Assigned,,,,,,,Disable,,,,,,,,UNUSED,SF_EMMC_D1,AD2,,
,,,EMMC_DAT2,SF_EMMC_D2,unused_EMMC_DAT2,,EMMC_DAT2,,,,,B,,,,EMMC,RSVD1,RSVD2,RSVD3,RSVD1,emmc_dat2,vddio_emmc,,,,EMMC,EMMC,ST_MEM,BDEMMC_IOBRICK_GFCR90,15k,pu,RSVD1,,PULL_DOWN,TRISTATE,DISABLE,,True,True,True,True,True,True,VALID,unused_EMMC_DAT2,Not Assigned,,,,,,,Disable,,,,, ,,,UNUSED,SF_EMMC_D2,AE3,,
,,,EMMC_DAT3,SF_EMMC_D3,unused_EMMC_DAT3,,EMMC_DAT3,,,,,B,,,,EMMC,RSVD1,RSVD2,RSVD3,RSVD1,emmc_dat3,vddio_emmc,,,,EMMC,EMMC,ST_MEM,BDEMMC_IOBRICK_GFCR90,15k,pu,RSVD1,,PULL_DOWN,TRISTATE,DISABLE,,True,True,True,True,True,True,VALID,unused_EMMC_DAT3,Not Assigned,,,,,,,Disable,,,,,,,,UNUSED,SF_EMMC_D3,AC1,,
,,,EMMC_DAT4,SF_EMMC_D4,unused_EMMC_DAT4,,EMMC_DAT4,,,,,B,,,,EMMC,RSVD1,RSVD2,RSVD3,RSVD1,emmc_dat4,vddio_emmc,,,,EMMC,EMMC,ST_MEM,BDEMMC_IOBRICK_GFCR90,15k,pu,RSVD1,,PULL_DOWN,TRISTATE,DISABLE,,True,True,True,True,True,True,VALID,unused_EMMC_DAT4,Not Assigned,,,,,,,Disable,,,,,,,,UNUSED,SF_EMMC_D4,AD3,,
,,,EMMC_DAT5,SF_EMMC_D5,unused_EMMC_DAT5,,EMMC_DAT5,,,,,B,,,,EMMC,RSVD1,RSVD2,RSVD3,RSVD1,emmc_dat5,vddio_emmc,,,,EMMC,EMMC,ST_MEM,BDEMMC_IOBRICK_GFCR90,15k,pu,RSVD1,,PULL_DOWN,TRISTATE,DISABLE,,True,True,True,True,True,True,VALID,unused_EMMC_DAT5,Not Assigned,,,,,,,Disable,,,,,,,,UNUSED,SF_EMMC_D5,AE4,,
,,,EMMC_DAT6,SF_EMMC_D6,unused_EMMC_DAT6,,EMMC_DAT6,,,,,B,,,,EMMC,RSVD1,RSVD2,RSVD3,RSVD1,emmc_dat6,vddio_emmc,,,,EMMC,EMMC,ST_MEM,BDEMMC_IOBRICK_GFCR90,15k,pu,RSVD1,,PULL_DOWN,TRISTATE,DISABLE,,True,True,True,True,True,True,VALID,unused_EMMC_DAT6,Not Assigned,,,,,,,Disable,,,,,,,,UNUSED,SF_EMMC_D6,AE6,,
,,,EMMC_DAT7,SF_EMMC_D7,unused_EMMC_DAT7,,EMMC_DAT7,,,,,B,,,,EMMC,RSVD1,RSVD2,RSVD3,RSVD1,emmc_dat7,vddio_emmc,,,,EMMC,EMMC,ST_MEM,BDEMMC_IOBRICK_GFCR90,15k,pu,RSVD1,,PULL_DOWN,TRISTATE,DISABLE,,True,True,True,True,True,True,VALID,unused_EMMC_DAT7,Not Assigned,,,,,,,Disable,,,,,,,,UNUSED,SF_EMMC_D7,AE7,,
,,,EMMC_DQS,SF_EMMC_DQS,unused_EMMC_DQS,,EMMC_DQS,,,,,I,,,,EMMC,RSVD1,RSVD2,RSVD3,RSVD1,emmc_dqs,vddio_emmc,,,,EMMC,EMMC,ST_MEM,BDEMMC_IOBRICK_GFCR90,15k,pd,RSVD1,,PULL_DOWN,TRISTATE,DISABLE,,True,True,True,True,True,True,VALID,unused_EMMC_DQS,Not Assigned,,,,,,,,,,,,,,,UNUSED,SF_EMMC_DQS,AD4,,
,,,EMMC_COMP,SF_EMMC_REXT_PD,unused_EMMC_COMP,,EMMC_COMP,,,,,O,,,,,,,,,emmc_comp,vddio_emmc,,,,EMMC,EMMC,ST_MEM,BDEMMC_IOBRICK_GFCR90,15k,,,,,,,,True,True,True,True,True,True,VALID,unused_EMMC_COMP,Not Assigned,,,,,,,,,,,100 1%,,,,UNUSED,SF_EMMC_REXT_PD,AD8,,
,,,Dedicated SFIOs,,,,,,,,,,,,,,,,,,,,,,,,,,,,,,,,,,,,,,,,,,,,,,,,,,,,,,,,,,,,,,
,,,CSI,AVDD_CSI,,,,,,,,,,,,,,,,,,,,,,,,,,,,,,,,,,,,,,,,,,,,,,,,,,,,,,,1.2V,,CSI,AVDD_CSI,,,
6,CSI0_D0_P,CSI0_D0_P,CSI_A_D0_P,HS_CSI0_D0_P,unused_CSI_A_D0_P,,CSI_A_D0_P,CSI_TRIO0,,,,B,A,O,A,,,,,,csi_a_d0_p,avdd_csi,,,,CSI_A,CSI,,BDMIPI16X_PLL1BIAS1_BFC130P70B,,z,,,,,,,,,,,,,,CSI_A_D0_P,,,,,,,,,,,,,,,,CSI_A_D0_P,HS_CSI0_D0_P,E40,,
4,CSI0_D0_N,CSI0_D0_N,CSI_A_D0_N,HS_CSI0_D0_N,unused_CSI_A_D0_N,,CSI_A_D0_N,CSI_TRIO0,,,,B,B,O,B,,,,,,csi_a_d0_n,avdd_csi,,,,CSI_A,CSI,,BDMIPI16X_PLL1BIAS1_BFC130P70B,,z,,,,,,,,,,,,,,CSI_A_D0_N,,,,,,,,,,,,,,,,CSI_A_D0_N,HS_CSI0_D0_N,D40,,
12,CSI0_CLK_P,CSI0_CLK_P,CSI_A_CLK_P,HS_CSI0_CLK_P,unused_CSI_A_CLK_P,,CSI_A_CLK_P,CSI_TRIO0,,,,B,C,O,C,,,,,,csi_a_clk_p,avdd_csi,,,,CSI_A,CSI,,BDMIPI16X_PLL1BIAS1_BFC130P70B,,z,,,,,,,,,,,,,,CSI_A_CLK_P,,,,,,,,,,,,,,,,CSI_A_CLK_P,HS_CSI0_CLK_P,E39,,
10,CSI0_CLK_N,CSI0_CLK_N,CSI_A_CLK_N,HS_CSI0_CLK_N,unused_CSI_A_CLK_N,,CSI_A_CLK_N,CSI_TRIO1,,,,B,C,O,C,,,,,,csi_a_clk_n,avdd_csi,,,,CSI_A,CSI,,BDMIPI16X_PLL1BIAS1_BFC130P70B,,z,,,,,,,,,,,,,,CSI_A_CLK_N,,,,,,,,,,,,,,,,CSI_A_CLK_N,HS_CSI0_CLK_N,F39,,
18,CSI0_D1_P,CSI0_D1_P,CSI_A_D1_P,HS_CSI0_D1_P,unused_CSI_A_D1_P,,CSI_A_D1_P,CSI_TRIO1,,,,B,A,O,A,,,,,,csi_a_d1_p,avdd_csi,,,,CSI_A,CSI,,BDMIPI16X_PLL1BIAS1_BFC130P70B,,z,,,,,,,,,,,,,,CSI_A_D1_P,,,,,,,,,,,,,,,,CSI_A_D1_P,HS_CSI0_D1_P,D38,,
16,CSI0_D1_N,CSI0_D1_N,CSI_A_D1_N,HS_CSI0_D1_N,unused_CSI_A_D1_N,,CSI_A_D1_N,CSI_TRIO1,,,,B,B,O,B,,,,,,csi_a_d1_n,avdd_csi,,,,CSI_A,CSI,,BDMIPI16X_PLL1BIAS1_BFC130P70B,,z,,,,,,,,,,,,,,CSI_A_D1_N,,,,,,,,,,,,,,,,CSI_A_D1_N,HS_CSI0_D1_N,E38,,
5,CSI1_D0_P,CSI1_D0_P,CSI_B_D0_P,HS_CSI1_D0_P,unused_CSI_B_D0_P,,CSI_B_D0_P,CSI_TRIO2,,,,B,A,O,A,,,,,,csi_b_d0_p,avdd_csi,,,,CSI_B,CSI,,BDMIPI16X_PLL1BIAS1_BFC130P70B,,z,,,,,,,,,,,,,,CSI_B_D0_P,,,,,,,,,,,,,,,,CSI_B_D0_P,HS_CSI1_D0_P,E41,,
3,CSI1_D0_N,CSI1_D0_N,CSI_B_D0_N,HS_CSI1_D0_N,unused_CSI_B_D0_N,,CSI_B_D0_N,CSI_TRIO2,,,,B,B,O,B,,,,,,csi_b_d0_n,avdd_csi,,,,CSI_B,CSI,,BDMIPI16X_PLL1BIAS1_BFC130P70B,,z,,,,,,,,,,,,,,CSI_B_D0_N,,,,,,,,,,,,,,,,CSI_B_D0_N,HS_CSI1_D0_N,F41,,
11,CSI1_CLK_P,RSVD (CSI1_CLK_P),CSI_B_CLK_P,HS_CSI1_CLK_P,unused_CSI_B_CLK_P,,CSI_B_CLK_P,CSI_TRIO2,,,,B,C,,C,,,,,,csi_b_clk_p,avdd_csi,,,,CSI_B,CSI,,BDMIPI16X_PLL1BIAS1_BFC130P70B,,z,,,,,,,,,,,,,,CSI_B_CLK_P,,,,,,,,,,,,,,,,CSI_B_CLK_P,HS_CSI1_CLK_P,F42,,
9,CSI1_CLK_N,RSVD (CSI1_CLK_N),CSI_B_CLK_N,HS_CSI1_CLK_N,unused_CSI_B_CLK_N,,CSI_B_CLK_N,CSI_TRIO3,,,,B,C,,C,,,,,,csi_b_clk_n,avdd_csi,,,,CSI_B,CSI,,BDMIPI16X_PLL1BIAS1_BFC130P70B,,z,,,,,,,,,,,,,,CSI_B_CLK_N,,,,,,,,,,,,,,,,CSI_B_CLK_N,HS_CSI1_CLK_N,E42,,
17,CSI1_D1_P,CSI1_D1_P,CSI_B_D1_P,HS_CSI1_D1_P,unused_CSI_B_D1_P,,CSI_B_D1_P,CSI_TRIO3,,,,B,A,O,A,,,,,,csi_b_d1_p,avdd_csi,,,,CSI_B,CSI,,BDMIPI16X_PLL1BIAS1_BFC130P70B,,z,,,,,,,,,,,,,,CSI_B_D1_P,,,,,,,,,,,,,,,,CSI_B_D1_P,HS_CSI1_D1_P,D43,,
15,CSI1_D1_N,CSI1_D1_N,CSI_B_D1_N,HS_CSI1_D1_N,unused_CSI_B_D1_N,,CSI_B_D1_N,CSI_TRIO3,,,,B,B,O,B,,,,,,csi_b_d1_n,avdd_csi,,,,CSI_B,CSI,,BDMIPI16X_PLL1BIAS1_BFC130P70B,,z,,,,,,,,,,,,,,CSI_B_D1_N,,,,,,,,,,,,,,,,CSI_B_D1_N,HS_CSI1_D1_N,C43,,
24,CSI2_D0_P,CSI2_D0_P,CSI_C_D0_P,HS_CSI2_D0_P,unused_CSI_C_D0_P,,CSI_C_D0_P,CSI_TRIO4,,,,B,A,,,,,,,,csi_c_d0_p,avdd_csi,,,,CSI_C,CSI,,BDMIPI16X_PLL1BIAS1_BFC130P70B,,z,,,,,,,,,,,,,,CSI_C_D0_P,,,,,,,,,,,,,,,,CSI_C_D0_P,HS_CSI2_D0_P,B41,,
22,CSI2_D0_N,CSI2_D0_N,CSI_C_D0_N,HS_CSI2_D0_N,unused_CSI_C_D0_N,,CSI_C_D0_N,CSI_TRIO4,,,,B,B,,,,,,,,csi_c_d0_n,avdd_csi,,,,CSI_C,CSI,,BDMIPI16X_PLL1BIAS1_BFC130P70B,,z,,,,,,,,,,,,,,CSI_C_D0_N,,,,,,,,,,,,,,,,CSI_C_D0_N,HS_CSI2_D0_N,C41,,
30,CSI2_CLK_P,CSI2_CLK_P,CSI_C_CLK_P,HS_CSI2_CLK_P,unused_CSI_C_CLK_P,,CSI_C_CLK_P,CSI_TRIO4,,,,B,C,,,,,,,,csi_c_clk_p,avdd_csi,,,,CSI_C,CSI,,BDMIPI16X_PLL1BIAS1_BFC130P70B,,z,,,,,,,,,,,,,,CSI_C_CLK_P,,,,,,,,,,,,,,,,CSI_C_CLK_P,HS_CSI2_CLK_P,A41,,
28,CSI2_CLK_N,CSI2_CLK_N,CSI_C_CLK_N,HS_CSI2_CLK_N,unused_CSI_C_CLK_N,,CSI_C_CLK_N,CSI_TRIO5,,,,B,C,,,,,,,,csi_c_clk_n,avdd_csi,,,,CSI_C,CSI,,BDMIPI16X_PLL1BIAS1_BFC130P70B,,z,,,,,,,,,,,,,,CSI_C_CLK_N,,,,,,,,,,,,,,,,CSI_C_CLK_N,HS_CSI2_CLK_N,A42,,
36,CSI2_D1_P,CSI2_D1_P,CSI_C_D1_P,HS_CSI2_D1_P,unused_CSI_C_D1_P,,CSI_C_D1_P,CSI_TRIO5,,,,B,A,,,,,,,,csi_c_d1_p,avdd_csi,,,,CSI_C,CSI,,BDMIPI16X_PLL1BIAS1_BFC130P70B,,z,,,,,,,,,,,,,,CSI_C_D1_P,,,,,,,,,,,,,,,,CSI_C_D1_P,HS_CSI2_D1_P,C42,,
34,CSI2_D1_N,CSI2_D1_N,CSI_C_D1_N,HS_CSI2_D1_N,unused_CSI_C_D1_N,,CSI_C_D1_N,CSI_TRIO5,,,,B,B,,,,,,,,csi_c_d1_n,avdd_csi,,,,CSI_C,CSI,,BDMIPI16X_PLL1BIAS1_BFC130P70B,,z,,,,,,,,,,,,,,CSI_C_D1_N,,,,,,,,,,,,,,,,CSI_C_D1_N,HS_CSI2_D1_N,B42,,
23,CSI3_D0_P,CSI3_D0_P,CSI_D_D0_P,HS_CSI3_D0_P,unused_CSI_D_D0_P,,CSI_D_D0_P,CSI_TRIO6,,,,B,A,,,,,,,,csi_d_d0_p,avdd_csi,,,,CSI_D,CSI,,BDMIPI16X_PLL1BIAS1_BFC130P70B,,z,,,,,,,,,,,,,,CSI_D_D0_P,,,,,,,,,,,,,,,,CSI_D_D0_P,HS_CSI3_D0_P,F43,,
21,CSI3_D0_N,CSI3_D0_N,CSI_D_D0_N,HS_CSI3_D0_N,unused_CSI_D_D0_N,,CSI_D_D0_N,CSI_TRIO6,,,,B,B,,,,,,,,csi_d_d0_n,avdd_csi,,,,CSI_D,CSI,,BDMIPI16X_PLL1BIAS1_BFC130P70B,,z,,,,,,,,,,,,,,CSI_D_D0_N,,,,,,,,,,,,,,,,CSI_D_D0_N,HS_CSI3_D0_N,G43,,
29,CSI3_CLK_P,CSI3_CLK_P,CSI_D_CLK_P,HS_CSI3_CLK_P,unused_CSI_D_CLK_P,,CSI_D_CLK_P,CSI_TRIO6,,,,B,C,,,,,,,,csi_d_clk_p,avdd_csi,,,,CSI_D,CSI,,BDMIPI16X_PLL1BIAS1_BFC130P70B,,z,,,,,,,,,,,,,,CSI_D_CLK_P,,,,,,,,,,,,,,,,CSI_D_CLK_P,HS_CSI3_CLK_P,E44,,
27,CSI3_CLK_N,CSI3_CLK_N,CSI_D_CLK_N,HS_CSI3_CLK_N,unused_CSI_D_CLK_N,,CSI_D_CLK_N,CSI_TRIO7,,,,B,C,,,,,,,,csi_d_clk_n,avdd_csi,,,,CSI_D,CSI,,BDMIPI16X_PLL1BIAS1_BFC130P70B,,z,,,,,,,,,,,,,,CSI_D_CLK_N,,,,,,,,,,,,,,,,CSI_D_CLK_N,HS_CSI3_CLK_N,F44,,
35,CSI3_D1_P,CSI3_D1_P,CSI_D_D1_P,HS_CSI3_D1_P,unused_CSI_D_D1_P,,CSI_D_D1_P,CSI_TRIO7,,,,B,A,,,,,,,,csi_d_d1_p,avdd_csi,,,,CSI_D,CSI,,BDMIPI16X_PLL1BIAS1_BFC130P70B,,z,,,,,,,,,,,,,,CSI_D_D1_P,,,,,,,,,,,,,,,,CSI_D_D1_P,HS_CSI3_D1_P,E45,,
33,CSI3_D1_N,CSI3_D1_N,CSI_D_D1_N,HS_CSI3_D1_N,unused_CSI_D_D1_N,,CSI_D_D1_N,CSI_TRIO7,,,,B,B,,,,,,,,csi_d_d1_n,avdd_csi,,,,CSI_D,CSI,,BDMIPI16X_PLL1BIAS1_BFC130P70B,,z,,,,,,,,,,,,,,CSI_D_D1_N,,,,,,,,,,,,,,,,CSI_D_D1_N,HS_CSI3_D1_N,F45,,
,,,CSI_E_D0_P,HS_CSI4_D0_P,unused_CSI_E_D0_P,,CSI_E_D0_P,CSI_TRIO8,,,,B,A,,,,,,,,csi_e_d0_p,avdd_csi,,,,CSI_E,CSI,,BDMIPI16X_PLL1BIAS1_BFC130P70B,,z,,,,,,,,,,,,,,unused_CSI_E_D0_P,,,,,,,,,,,,,,,,UNUSED,HS_CSI4_D0_P,B44,,
,,,CSI_E_D0_N,HS_CSI4_D0_N,unused_CSI_E_D0_N,,CSI_E_D0_N,CSI_TRIO8,,,,B,B,,,,,,,,csi_e_d0_n,avdd_csi,,,,CSI_E,CSI,,BDMIPI16X_PLL1BIAS1_BFC130P70B,,z,,,,,,,,,,,,,,unused_CSI_E_D0_N,,,,,,,,,,,,,,,,UNUSED,HS_CSI4_D0_N,C44,,
,,,CSI_E_CLK_P,HS_CSI4_CLK_P,unused_CSI_E_CLK_P,,CSI_E_CLK_P,CSI_TRIO8,,,,B,C,,,,,,,,csi_e_clk_p,avdd_csi,,,,CSI_E,CSI,,BDMIPI16X_PLL1BIAS1_BFC130P70B,,z,,,,,,,,,,,,,,unused_CSI_E_CLK_P,,,,,,,,,,,,,,,,UNUSED,HS_CSI4_CLK_P,A44,,
,,,CSI_E_CLK_N,HS_CSI4_CLK_N,unused_CSI_E_CLK_N,,CSI_E_CLK_N,CSI_TRIO9,,,,B,C,,,,,,,,csi_e_clk_n,avdd_csi,,,,CSI_E,CSI,,BDMIPI16X_PLL1BIAS1_BFC130P70B,,z,,,,,,,,,,,,,,unused_CSI_E_CLK_N,,,,,,,,,,,,,,,,UNUSED,HS_CSI4_CLK_N,A45,,
,,,CSI_E_D1_P,HS_CSI4_D1_P,unused_CSI_E_D1_P,,CSI_E_D1_P,CSI_TRIO9,,,,B,A,,,,,,,,csi_e_d1_p,avdd_csi,,,,CSI_E,CSI,,BDMIPI16X_PLL1BIAS1_BFC130P70B,,z,,,,,,,,,,,,,,unused_CSI_E_D1_P,,,,,,,,,,,,,,,,UNUSED,HS_CSI4_D1_P,C45,,
,,,CSI_E_D1_N,HS_CSI4_D1_N,unused_CSI_E_D1_N,,CSI_E_D1_N,CSI_TRIO9,,,,B,B,,,,,,,,csi_e_d1_n,avdd_csi,,,,CSI_E,CSI,,BDMIPI16X_PLL1BIAS1_BFC130P70B,,z,,,,,,,,,,,,,,unused_CSI_E_D1_N,,,,,,,,,,,,,,,,UNUSED,HS_CSI4_D1_N,B45,,
,,,CSI_F_D0_P,HS_CSI5_D0_P,unused_CSI_F_D0_P,,CSI_F_D0_P,CSI_TRIO10,,,,B,A,,,,,,,,csi_f_d0_p,avdd_csi,,,,CSI_F,CSI,,BDMIPI16X_PLL1BIAS1_BFC130P70B,,z,,,,,,,,,,,,,,unused_CSI_F_D0_P,,,,,,,,,,,,,,,,UNUSED,HS_CSI5_D0_P,D46,,
,,,CSI_F_D0_N,HS_CSI5_D0_N,unused_CSI_F_D0_N,,CSI_F_D0_N,CSI_TRIO10,,,,B,B,,,,,,,,csi_f_d0_n,avdd_csi,,,,CSI_F,CSI,,BDMIPI16X_PLL1BIAS1_BFC130P70B,,z,,,,,,,,,,,,,,unused_CSI_F_D0_N,,,,,,,,,,,,,,,,UNUSED,HS_CSI5_D0_N,C46,,
,,,CSI_F_CLK_P,HS_CSI5_CLK_P,unused_CSI_F_CLK_P,,CSI_F_CLK_P,CSI_TRIO10,,,,B,C,,,,,,,,csi_f_clk_p,avdd_csi,,,,CSI_F,CSI,,BDMIPI16X_PLL1BIAS1_BFC130P70B,,z,,,,,,,,,,,,,,unused_CSI_F_CLK_P,,,,,,,,,,,,,,,,UNUSED,HS_CSI5_CLK_P,E47,,
,,,CSI_F_CLK_N,HS_CSI5_CLK_N,unused_CSI_F_CLK_N,,CSI_F_CLK_N,CSI_TRIO11,,,,B,C,,,,,,,,csi_f_clk_n,avdd_csi,,,,CSI_F,CSI,,BDMIPI16X_PLL1BIAS1_BFC130P70B,,z,,,,,,,,,,,,,,unused_CSI_F_CLK_N,,,,,,,,,,,,,,,,UNUSED,HS_CSI5_CLK_N,D47,,
,,,CSI_F_D1_P,HS_CSI5_D1_P,unused_CSI_F_D1_P,,CSI_F_D1_P,CSI_TRIO11,,,,B,A,,,,,,,,csi_f_d1_p,avdd_csi,,,,CSI_F,CSI,,BDMIPI16X_PLL1BIAS1_BFC130P70B,,z,,,,,,,,,,,,,,unused_CSI_F_D1_P,,,,,,,,,,,,,,,,UNUSED,HS_CSI5_D1_P,C47,,
,,,CSI_F_D1_N,HS_CSI5_D1_N,unused_CSI_F_D1_N,,CSI_F_D1_N,CSI_TRIO11,,,,B,B,,,,,,,,csi_f_d1_n,avdd_csi,,,,CSI_F,CSI,,BDMIPI16X_PLL1BIAS1_BFC130P70B,,z,,,,,,,,,,,,,,unused_CSI_F_D1_N,,,,,,,,,,,,,,,,UNUSED,HS_CSI5_D1_N,B47,,
,,,CSI_G_D0_P,HS_CSI6_D0_P,unused_CSI_G_D0_P,,CSI_G_D0_P,CSI_TRIO12,,,,B,A,,,,,,,,csi_g_d0_p,avdd_csi,,,,CSI_G,CSI,,BDMIPI16X_PLL1BIAS1_BFC130P70B,,z,,,,,,,,,,,,,,unused_CSI_G_D0_P,,,,,,,,,,,,,,,,UNUSED,HS_CSI6_D0_P,A48,,
,,,CSI_G_D0_N,HS_CSI6_D0_N,unused_CSI_G_D0_N,,CSI_G_D0_N,CSI_TRIO12,,,,B,B,,,,,,,,csi_g_d0_n,avdd_csi,,,,CSI_G,CSI,,BDMIPI16X_PLL1BIAS1_BFC130P70B,,z,,,,,,,,,,,,,,unused_CSI_G_D0_N,,,,,,,,,,,,,,,,UNUSED,HS_CSI6_D0_N,B48,,
,,,CSI_G_CLK_P,HS_CSI6_CLK_P,unused_CSI_G_CLK_P,,CSI_G_CLK_P,CSI_TRIO12,,,,B,C,,,,,,,,csi_g_clk_p,avdd_csi,,,,CSI_G,CSI,,BDMIPI16X_PLL1BIAS1_BFC130P70B,,z,,,,,,,,,,,,,,unused_CSI_G_CLK_P,,,,,,,,,,,,,,,,UNUSED,HS_CSI6_CLK_P,C48,,
,,,CSI_G_CLK_N,HS_CSI6_CLK_N,unused_CSI_G_CLK_N,,CSI_G_CLK_N,CSI_TRIO13,,,,B,C,,,,,,,,csi_g_clk_n,avdd_csi,,,,CSI_G,CSI,,BDMIPI16X_PLL1BIAS1_BFC130P70B,,z,,,,,,,,,,,,,,unused_CSI_G_CLK_N,,,,,,,,,,,,,,,,UNUSED,HS_CSI6_CLK_N,D48,,
,,,CSI_G_D1_P,HS_CSI6_D1_P,unused_CSI_G_D1_P,,CSI_G_D1_P,CSI_TRIO13,,,,B,A,,,,,,,,csi_g_d1_p,avdd_csi,,,,CSI_G,CSI,,BDMIPI16X_PLL1BIAS1_BFC130P70B,,z,,,,,,,,,,,,,,unused_CSI_G_D1_P,,,,,,,,,,,,,,,,UNUSED,HS_CSI6_D1_P,B49,,
,,,CSI_G_D1_N,HS_CSI6_D1_N,unused_CSI_G_D1_N,,CSI_G_D1_N,CSI_TRIO13,,,,B,B,,,,,,,,csi_g_d1_n,avdd_csi,,,,CSI_G,CSI,,BDMIPI16X_PLL1BIAS1_BFC130P70B,,z,,,,,,,,,,,,,,unused_CSI_G_D1_N,,,,,,,,,,,,,,,,UNUSED,HS_CSI6_D1_N,C49,,
,,,CSI_H_D0_P,HS_CSI7_D0_P,unused_CSI_H_D0_P,,CSI_H_D0_P,CSI_TRIO14,,,,B,A,,,,,,,,csi_h_d0_p,avdd_csi,,,,CSI_H,CSI,,BDMIPI16X_PLL1BIAS1_BFC130P70B,,z,,,,,,,,,,,,,,unused_CSI_H_D0_P,,,,,,,,,,,,,,,,UNUSED,HS_CSI7_D0_P,D50,,
,,,CSI_H_D0_N,HS_CSI7_D0_N,unused_CSI_H_D0_N,,CSI_H_D0_N,CSI_TRIO14,,,,B,B,,,,,,,,csi_h_d0_n,avdd_csi,,,,CSI_H,CSI,,BDMIPI16X_PLL1BIAS1_BFC130P70B,,z,,,,,,,,,,,,,,unused_CSI_H_D0_N,,,,,,,,,,,,,,,,UNUSED,HS_CSI7_D0_N,D51,,
,,,CSI_H_CLK_P,HS_CSI7_CLK_P,unused_CSI_H_CLK_P,,CSI_H_CLK_P,CSI_TRIO14,,,,B,C,,,,,,,,csi_h_clk_p,avdd_csi,,,,CSI_H,CSI,,BDMIPI16X_PLL1BIAS1_BFC130P70B,,z,,,,,,,,,,,,,,unused_CSI_H_CLK_P,,,,,,,,,,,,,,,,UNUSED,HS_CSI7_CLK_P,E49,,
,,,CSI_H_CLK_N,HS_CSI7_CLK_N,unused_CSI_H_CLK_N,,CSI_H_CLK_N,CSI_TRIO15,,,,B,C,,,,,,,,csi_h_clk_n,avdd_csi,,,,CSI_H,CSI,,BDMIPI16X_PLL1BIAS1_BFC130P70B,,z,,,,,,,,,,,,,,unused_CSI_H_CLK_N,,,,,,,,,,,,,,,,UNUSED,HS_CSI7_CLK_N,E50,,
,,,CSI_H_D1_P,HS_CSI7_D1_P,unused_CSI_H_D1_P,,CSI_H_D1_P,CSI_TRIO15,,,,B,A,,,,,,,,csi_h_d1_p,avdd_csi,,,,CSI_H,CSI,,BDMIPI16X_PLL1BIAS1_BFC130P70B,,z,,,,,,,,,,,,,,unused_CSI_H_D1_P,,,,,,,,,,,,,,,,UNUSED,HS_CSI7_D1_P,E51,,
,,,CSI_H_D1_N,HS_CSI7_D1_N,unused_CSI_H_D1_N,,CSI_H_D1_N,CSI_TRIO15,,,,B,B,,,,,,,,csi_h_d1_n,avdd_csi,,,,CSI_H,CSI,,BDMIPI16X_PLL1BIAS1_BFC130P70B,,z,,,,,,,,,,,,,,unused_CSI_H_D1_N,,,,,,,,,,,,,,,,UNUSED,HS_CSI7_D1_N,E52,,
,,,CSI_RDN,HS_CSI_REXT_PD,unused_CSI_RDN,,CSI_RDN,,,,,B,,,,,,,,,csi_rdn,avdd_csi,,,,PHY_BIAS PHY_PLL,CSI,,BDMIPI16X_PLL1BIAS1_BFC130P70B,,,,,,,,,,,,,,,,CSI_RDN,,,,,,,,,,,,1K 1%,,,,CSI_RDN,HS_CSI_REXT_PD,G45,,
,,,HDMI_DP0,VDDIO_HDMI_DP0,,,,,,,,,,,,,,,,,,,,,,,,,,,,,,,,,,,,,,,,,,,,,,,,,,,,,,,1.0V,,HDMI_DP0,VDDIO_HDMI_DP0,,,
77,DP1_TXD2_P,DP1_TXD2_P,HDMI_DP0_TXDP0,HS_DISP0_HDMI_D0_DP2_P,unused_HDMI_DP0_TXDP0,,DP0_TXDP2,HDMI0_TXDP2,,,,O,O,O,,,,,,,hdmi_dp0_txdp0,avddio_hdmi_dp0,,,,HDMI_DP0,DISP,,DP_SINGLE_LFC130P70B,,z,,,,,,,,,,,,,,HDMI0_TXDP2,,,,,,,,,,,,,,,,DP_HDMI 1,HS_DISP0_HDMI_D0_DP2_P,F52,,
75,DP1_TXD2_N,DP1_TXD2_N,HDMI_DP0_TXDN0,HS_DISP0_HDMI_D0_DP2_N,unused_HDMI_DP0_TXDN0,,DP0_TXDN2,HDMI0_TXDN2,,,,O,O,O,,,,,,,hdmi_dp0_txdn0,avddio_hdmi_dp0,,,,HDMI_DP0,DISP,,DP_SINGLE_LFC130P70B,,z,,,,,,,,,,,,,,HDMI0_TXDN2,,,,,,,,,,,,,,,,,HS_DISP0_HDMI_D0_DP2_N,F51,,
71,DP1_TXD1_P,DP1_TXD1_P,HDMI_DP0_TXDP1,HS_DISP0_HDMI_D1_DP1_P,unused_HDMI_DP0_TXDP1,,DP0_TXDP1,HDMI0_TXDP1,,,,O,O,O,,,,,,,hdmi_dp0_txdp1,avddio_hdmi_dp0,,,,HDMI_DP0,DISP,,DP_SINGLE_LFC130P70B,,z,,,,,,,,,,,,,,HDMI0_TXDP1,,,,,,,,,,,,,,,,,HS_DISP0_HDMI_D1_DP1_P,H50,,
69,DP1_TXD1_N,DP1_TXD1_N,HDMI_DP0_TXDN1,HS_DISP0_HDMI_D1_DP1_N,unused_HDMI_DP0_TXDN1,,DP0_TXDN1,HDMI0_TXDN1,,,,O,O,O,,,,,,,hdmi_dp0_txdn1,avddio_hdmi_dp0,,,,HDMI_DP0,DISP,,DP_SINGLE_LFC130P70B,,z,,,,,,,,,,,,,,HDMI0_TXDN1,,,,,,,,,,,,,,,,,HS_DISP0_HDMI_D1_DP1_N,H51,,
65,DP1_TXD0_P,DP1_TXD0_P,HDMI_DP0_TXDP2,HS_DISP0_HDMI_D2_DP0_P,unused_HDMI_DP0_TXDP2,,DP0_TXDP0,HDMI0_TXDP0,,,,O,O,O,,,,,,,hdmi_dp0_txdp2,avddio_hdmi_dp0,,,,HDMI_DP0,DISP,,DP_SINGLE_LFC130P70B,,z,,,,,,,,,,,,,,HDMI0_TXDP0,,,,,,,,,,,,,,,,,HS_DISP0_HDMI_D2_DP0_P,F50,,
63,DP1_TXD0_N,DP1_TXD0_N,HDMI_DP0_TXDN2,HS_DISP0_HDMI_D2_DP0_N,unused_HDMI_DP0_TXDN2,,DP0_TXDN0,HDMI0_TXDN0,,,,O,O,O,,,,,,,hdmi_dp0_txdn2,avddio_hdmi_dp0,,,,HDMI_DP0,DISP,,DP_SINGLE_LFC130P70B,,z,,,,,,,,,,,,,,HDMI0_TXDN0,,,,,,,,,,,,,,,,,HS_DISP0_HDMI_D2_DP0_N,F49,,
83,DP1_TXD3_P,DP1_TXD3_P,HDMI_DP0_TXDP3,HS_DISP0_HDMI_CK_DP3_P,unused_HDMI_DP0_TXDP3,,DP0_TXDP3,HDMI0_TXDP3,,,,O,O,O,,,,,,,hdmi_dp0_txdp3,avddio_hdmi_dp0,,,,HDMI_DP0,DISP,,DP_SINGLE_LFC130P70B,,z,,,,,,,,,,,,,,HDMI0_TXDP3,,,,,,,,,,,,,,,,,HS_DISP0_HDMI_CK_DP3_P,G50,,
81,DP1_TXD3_N,DP1_TXD3_N,HDMI_DP0_TXDN3,HS_DISP0_HDMI_CK_DP3_N,unused_HDMI_DP0_TXDN3,,DP0_TXDN3,HDMI0_TXDN3,,,,O,O,O,,,,,,,hdmi_dp0_txdn3,avddio_hdmi_dp0,,,,HDMI_DP0,DISP,,DP_SINGLE_LFC130P70B,,z,,,,,,,,,,,,,,HDMI0_TXDN3,,,,,,,,,,,,,,,,,HS_DISP0_HDMI_CK_DP3_N,G49,,
,,,HDMI_DP0_RSET,HS_DISP0_HDMI_DP_REXT_PD,unused_HDMI_DP0_RSET,,HDMI_DP0_RSET,,,,,I,,,,,,,,,hdmi_dp0_rset,avddio_hdmi_dp0,,,,HDMI_DP0,DISP,,DP_SINGLE_LFC130P70B,,,,,,,,,,,,,,,,HDMI_DP0_RSET,,,,,,,,,,,,1K 1%,,,,HDMI/DP,HS_DISP0_HDMI_DP_REXT_PD,F48,,
,,,USB 2.0,AVDD_USB,,,,,,,,,,,,,,,,,,,,,,,,,,,,,,,,,,,,,,,,,,,,,,,,,,,,,,,3.3V,,USB 2.0,AVDD_USB,,,
111,USB0_D_P,USB0_D_P,USB0_DP,HS_USB0_P0_P,unused_USB0_DP,,USB0_DP,,,,,B,I,I,,,,,,,usb0_dp,avdd_usb,,,,,,,BDUSB2_DD4BIAS1_CFC130P70B,,0,,,,,,,,,,,,,,USB0_DP,,,,,,,,,,,,,,,,USB0,HS_USB0_P0_P,C4,,
109,USB0_D_N,USB0_D_N,USB0_DN,HS_USB0_P0_N,unused_USB0_DN,,USB0_DN,,,,,B,O,B,,,,,,,usb0_dn,avdd_usb,,,,,,,BDUSB2_DD4BIAS1_CFC130P70B,,0,,,,,,,,,,,,,,USB0_DN,,,,,,,,,,,,,,,,,HS_USB0_P0_N,C3,,
117,USB1_D_P,USB1_D_P,USB1_DP,HS_USB0_P1_P,unused_USB1_DP,,USB1_DP,,,,,B,I,I,,,,,,,usb1_dp,avdd_usb,,,,,,,BDUSB2_DD4BIAS1_CFC130P70B,,0,,,,,,,,,,,,,,USB1_DP,,,,,,,,,,,,,,,,USB1,HS_USB0_P1_P,D2,,
115,USB1_D_N,USB1_D_N,USB1_DN,HS_USB0_P1_N,unused_USB1_DN,,USB1_DN,,,,,B,O,B,,,,,,,usb1_dn,avdd_usb,,,,,,,BDUSB2_DD4BIAS1_CFC130P70B,,0,,,,,,,,,,,,,,USB1_DN,,,,,,,,,,,,,,,,SFIO,HS_USB0_P1_N,D3,,
123,USB2_D_P,USB2_D_P,USB2_DP,HS_USB0_P2_P,unused_USB2_DP,,USB2_DP,,,,,B,,,,,,,,,usb2_dp,avdd_usb,,,,,,,BDUSB2_DD4BIAS1_CFC130P70B,,0,,,,,,,,,,,,,,USB2_DP,,,,,,,,,,,,,,,,USB2,HS_USB0_P2_P,F1,,
121,USB2_D_N,USB2_D_N,USB2_DN,HS_USB0_P2_N,unused_USB2_DN,,USB2_DN,,,,,B,,,,,,,,,usb2_dn,avdd_usb,,,,,,,BDUSB2_DD4BIAS1_CFC130P70B,,0,,,,,,,,,,,,,,USB2_DN,,,,,,,,,,,,,,,,SFIO,HS_USB0_P2_N,E1,,
,,,USB3_DP,HS_USB0_P3_P,unused_USB3_DP,,USB3_DP,,,,,B,,,,,,,,,usb3_dp,avdd_usb,,,,,,,BDUSB2_DD4BIAS1_CFC130P70B,,0,,,,,,,,,,,,,,unused_USB3_DP,,,,,,,,,,,,,,,,UNUSED,HS_USB0_P3_P,E3,,
,,,USB3_DN,HS_USB0_P3_N,unused_USB3_DN,,USB3_DN,,,,,B,,,,,,,,,usb3_dn,avdd_usb,,,,,,,BDUSB2_DD4BIAS1_CFC130P70B,,0,,,,,,,,,,,,,,unused_USB3_DN,,,,,,,,,,,,,,,,UNUSED,HS_USB0_P3_N,E4,,
,,,USB_REXT,HS_USB0_REXT,unused_USB_REXT,,USB_REXT,,,,,T,,,,,,,,,usb_rext,avdd_usb,,,,,,,BDUSB2_DD4BIAS1_CFC130P70B,,,,,,,,,,,,,,,,USB_REXT,,,,,,,,,,,,1K 1%,,,,,HS_USB0_REXT,F5,,
,,,PEX,VDDIO_UPHY0,,,,,,,,,,,,,,,,,,,,,,,,,,,,,,,,,,,,,,,,,,,,,,,,,,,,,,,1.0V,,PEX,VDDIO_UPHY0,,,
,,,PEX_REFCLK1P,HS_UPHY0_REFCLK1_P,unused_PEX_REFCLK1P,,PEX_REFCLK1P,,,,,I,,,,,,,,,pex_refclk1p,vddio_pex,,,,,,,UPHYDS_PLL4DS8_E5FC180P70B,,x,,,,,,,,,,,,,,unused_PEX_REFCLK1P,,,,,,,,,,,,,,,,UNUSED,HS_UPHY0_REFCLK1_P,J16,,
,,,PEX_REFCLK1N,HS_UPHY0_REFCLK1_N,unused_PEX_REFCLK1N,,PEX_REFCLK1N,,,,,I,,,,,,,,,pex_refclk1n,vddio_pex,,,,,,,UPHYDS_PLL4DS8_E5FC180P70B,,x,,,,,,,,,,,,,,unused_PEX_REFCLK1N,,,,,,,,,,,,,,,,UNUSED,HS_UPHY0_REFCLK1_N,K16,,
,,,PEX_REFCLK2P,HS_UPHY0_REFCLK2_P,unused_PEX_REFCLK2P,,PEX_REFCLK2P,,,,,I,,,,,,,,,pex_refclk2p,vddio_pex,,,,,,,UPHYDS_PLL4DS8_E5FC180P70B,,x,,,,,,,,,,,,,,PEX_REFCLK2P,,,,,,,,,,,,,,,,PEX_REFCLK2P,HS_UPHY0_REFCLK2_P,K14,,
,,,PEX_REFCLK2N,HS_UPHY0_REFCLK2_N,unused_PEX_REFCLK2N,,PEX_REFCLK2N,,,,,I,,,,,,,,,pex_refclk2n,vddio_pex,,,,,,,UPHYDS_PLL4DS8_E5FC180P70B,,x,,,,,,,,,,,,,,PEX_REFCLK2N,,,,,,,,,,,,,,,,PEX_REFCLK2N,HS_UPHY0_REFCLK2_N,L14,,
163,USBSS0_RX_P,USBSS0_RX_P,PEX_RX0P,HS_UPHY0_L0_RX_P,unused_PEX_RX0P,,USB3_RX0P,PEX0_RX0P,,,,I,I,I,,,,,,,pex_rx0p,vddio_pex,,,,,,,UPHYDS_PLL4DS8_E5FC180P70B,,x,,,,,,,,,,,,,,USB3_RX0P,,,,,,,,,,,,,,,,USB SS 0 to Baseboard,HS_UPHY0_L0_RX_P,E13,,
161,USBSS0_RX_N,USBSS0_RX_N,PEX_RX0N,HS_UPHY0_L0_RX_N,unused_PEX_RX0N,,USB3_RX0N,PEX0_RX0N,,,,I,I,I,,,,,,,pex_rx0n,vddio_pex,,,,,,,UPHYDS_PLL4DS8_E5FC180P70B,,x,,,,,,,,,,,,,,USB3_RX0N,,,,,,,,,,,,,,,,,HS_UPHY0_L0_RX_N,F13,,
168,USBSS0_TX_P,USBSS0_TX_P,PEX_TX0P,HS_UPHY0_L0_TX_P,unused_PEX_TX0P,,USB3_TX0P,PEX0_TX0P,,,,O,O,O,P,,,,,,pex_tx0p,vddio_pex,,,,,,,UPHYDS_PLL4DS8_E5FC180P70B,,x,,,,,,,,,,,,,,USB3_TX0P,,,,,,,,,,,,,,,,,HS_UPHY0_L0_TX_P,B16,,
166,USBSS0_TX_N,USBSS0_TX_N,PEX_TX0N,HS_UPHY0_L0_TX_N,unused_PEX_TX0N,,USB3_TX0N,PEX0_TX0N,,,,O,O,O,N,,,,,,pex_tx0n,vddio_pex,,,,,,,UPHYDS_PLL4DS8_E5FC180P70B,,x,,,,,,,,,,,,,,USB3_TX0N,,,,,,,,,,,,,,,,,HS_UPHY0_L0_TX_N,B15,,
41,DP0_TXD0_P,USBSS1_RX_P,PEX_RX1P,HS_UPHY0_L1_RX_P,unused_PEX_RX1P,,USB3_RX1P,,,,,I,I,I,,,,,,,pex_rx1p,vddio_pex,,,,,,,UPHYDS_PLL4DS8_E5FC180P70B,,x,,,,,,,,,,,,,,USB3_RX1P,,,,,,,,,,,,,,,,USB SS 1 to Baseboard,HS_UPHY0_L1_RX_P,D12,,
39,DP0_TXD0_N,USBSS1_RX_N,PEX_RX1N,HS_UPHY0_L1_RX_N,unused_PEX_RX1N,,USB3_RX1N,,,,,I,I,I,,,,,,,pex_rx1n,vddio_pex,,,,,,,UPHYDS_PLL4DS8_E5FC180P70B,,x,,,,,,,,,,,,,,USB3_RX1N,,,,,,,,,,,,,,,,,HS_UPHY0_L1_RX_N,E12,,
47,DP0_TXD1_P,USBSS1_TX_P,PEX_TX1P,HS_UPHY0_L1_TX_P,unused_PEX_TX1P,,USB3_TX1P,,,,,O,O,O,P,,,,,,pex_tx1p,vddio_pex,,,,,,,UPHYDS_PLL4DS8_E5FC180P70B,,x,,,,,,,,,,,,,,USB3_TX1P,,,,,,,,,,,,,,,,,HS_UPHY0_L1_TX_P,A15,,
45,DP0_TXD1_N,USBSS1_TX_N,PEX_TX1N,HS_UPHY0_L1_TX_N,unused_PEX_TX1N,,USB3_TX1N,,,,,O,O,O,N,,,,,,pex_tx1n,vddio_pex,,,,,,,UPHYDS_PLL4DS8_E5FC180P70B,,x,,,,,,,,,,,,,,USB3_TX1N,,,,,,,,,,,,,,,,,HS_UPHY0_L1_TX_N,A14,,
53,DP0_TXD2_P,USBSS2_RX_P,PEX_RX2P,HS_UPHY0_L2_RX_P,unused_PEX_RX2P,,USB3_RX2P,,,,,I,I,I,I,,,,,,pex_rx2p,vddio_pex,,,,,,,UPHYDS_PLL4DS8_E5FC180P70B,,x,,,,,,,,,,,,,,USB3_RX2P,,,,,,,,,,,,,,,,USB SS 2 to Baseboard,HS_UPHY0_L2_RX_P,E11,,
51,DP0_TXD2_N,USBSS2_RX_N,PEX_RX2N,HS_UPHY0_L2_RX_N,unused_PEX_RX2N,,USB3_RX2N,,,,,I,I,I,I,,,,,,pex_rx2n,vddio_pex,,,,,,,UPHYDS_PLL4DS8_E5FC180P70B,,x,,,,,,,,,,,,,,USB3_RX2N,,,,,,,,,,,,,,,,,HS_UPHY0_L2_RX_N,F11,,
59,DP0_TXD3_P,USBSS2_TX_P,PEX_TX2P,HS_UPHY0_L2_TX_P,unused_PEX_TX2P,,USB3_TX2P,,,,,O,O,O,O,,,,,,pex_tx2p,vddio_pex,,,,,,,UPHYDS_PLL4DS8_E5FC180P70B,,x,,,,,,,,,,,,,,USB3_TX2P,,,,,,,,,,,,,,,,,HS_UPHY0_L2_TX_P,B12,,
57,DP0_TXD3_N,USBSS2_TX_N,PEX_TX2N,HS_UPHY0_L2_TX_N,unused_PEX_TX2N,,USB3_TX2N,,,,,O,O,O,O,,,,,,pex_tx2n,vddio_pex,,,,,,,UPHYDS_PLL4DS8_E5FC180P70B,,x,,,,,,,,,,,,,,USB3_TX2N,,,,,,,,,,,,,,,,,HS_UPHY0_L2_TX_N,B13,,
169,PCIE1_RX0_P,PCIE1_RX0_P,PEX_RX3P,HS_UPHY0_L3_RX_P,unused_PEX_RX3P,,PEX1_RX0P,PEX0_RX0P:i,PEX0_RX3P,,,I,I,I,,,,,,,pex_rx3p,vddio_pex,,,,,,,UPHYDS_PLL4DS8_E5FC180P70B,,x,,,,,,,,,,,,,,PEX1_RX0P,,,,,,,,,,,,,,,,PCIe x1 to Baseboard,HS_UPHY0_L3_RX_P,E10,,
167,PCIE1_RX0_N,PCIE1_RX0_N,PEX_RX3N,HS_UPHY0_L3_RX_N,unused_PEX_RX3N,,PEX1_RX0N,PEX0_RX0N:i,PEX0_RX3N,,,I,I,I,,,,,,,pex_rx3n,vddio_pex,,,,,,,UPHYDS_PLL4DS8_E5FC180P70B,,x,,,,,,,,,,,,,,PEX1_RX0N,,,,,,,,,,,,,,,,,HS_UPHY0_L3_RX_N,D10,,
174,PCIE1_TX0_P,PCIE1_TX0_P,PEX_TX3P,HS_UPHY0_L3_TX_P,unused_PEX_TX3P,,PEX1_TX0P,PEX0_TX0P:o,PEX0_TX3P,,,O,O,O,,,,,,,pex_tx3p,vddio_pex,,,,,,,UPHYDS_PLL4DS8_E5FC180P70B,,x,,,,,,,,,,,,,,PEX1_TX0P,,,,,,,,,,,,,,,,,HS_UPHY0_L3_TX_P,A12,,
172,PCIE1_TX0_N,PCIE1_TX0_N,PEX_TX3N,HS_UPHY0_L3_TX_N,unused_PEX_TX3N,,PEX1_TX0N,PEX0_TX0N:o,PEX0_TX3N,,,O,O,O,,,,,,,pex_tx3n,vddio_pex,,,,,,,UPHYDS_PLL4DS8_E5FC180P70B,,x,,,,,,,,,,,,,,PEX1_TX0N,,,,,,,,,,,,,,,,,HS_UPHY0_L3_TX_N,A11,,
133,PCIE0_RX0_P,PCIE0_RX0_P,PEX_RX4P,HS_UPHY0_L4_RX_P,unused_PEX_RX4P,,PEX4_RX0P,PEX4_RX0P:i,PEX4_RX0P,,,I,,I,,,,,,,pex_rx4p,vddio_pex,,,,,,,UPHYDS_PLL4DS8_E5FC180P70B,,x,,,,,,,,,,,,,,PEX4_RX0P,,,,,,,,,,,,,,,,PCIe x4 to Baseboard,HS_UPHY0_L4_RX_P,E9,,
131,PCIE0_RX0_N,PCIE0_RX0_N,PEX_RX4N,HS_UPHY0_L4_RX_N,unused_PEX_RX4N,,PEX4_RX0N,PEX4_RX0N:i,PEX4_RX0N,,,I,,I,,,,,,,pex_rx4n,vddio_pex,,,,,,,UPHYDS_PLL4DS8_E5FC180P70B,,x,,,,,,,,,,,,,,PEX4_RX0N,,,,,,,,,,,,,,,,,HS_UPHY0_L4_RX_N,F9,,
136,PCIE0_TX0_P,PCIE0_TX0_P,PEX_TX4P,HS_UPHY0_L4_TX_P,unused_PEX_TX4P,,PEX4_TX0P,PEX4_TX0P:o,PEX4_TX0P,,,O,,O,P,,,,,,pex_tx4p,vddio_pex,,,,,,,UPHYDS_PLL4DS8_E5FC180P70B,,x,,,,,,,,,,,,,,PEX4_TX0P,,,,,,,,,,,,,,,,,HS_UPHY0_L4_TX_P,B10,,
134,PCIE0_TX0_N,PCIE0_TX0_N,PEX_TX4N,HS_UPHY0_L4_TX_N,unused_PEX_TX4N,,PEX4_TX0N,PEX4_TX0N:o,PEX4_TX0N,,,O,,O,N,,,,,,pex_tx4n,vddio_pex,,,,,,,UPHYDS_PLL4DS8_E5FC180P70B,,x,,,,,,,,,,,,,,PEX4_TX0N,,,,,,,,,,,,,,,,,HS_UPHY0_L4_TX_N,B9,,
139,PCIE0_RX1_P,PCIE0_RX1_P,PEX_RX5P,HS_UPHY0_L5_RX_P,unused_PEX_RX5P,,PEX4_RX1P,PEX3_RX0P:i,PEX4_RX1P,,,I,I,I,,,,,,,pex_rx5p,vddio_pex,,,,,,,UPHYDS_PLL4DS8_E5FC180P70B,,x,,,,,,,,,,,,,,PEX4_RX1P,,,,,,,,,,,,,,,,,HS_UPHY0_L5_RX_P,D8,,
137,PCIE0_RX1_N,PCIE0_RX1_N,PEX_RX5N,HS_UPHY0_L5_RX_N,unused_PEX_RX5N,,PEX4_RX1N,PEX3_RX0N:i,PEX4_RX1N,,,I,I,I,,,,,,,pex_rx5n,vddio_pex,,,,,,,UPHYDS_PLL4DS8_E5FC180P70B,,x,,,,,,,,,,,,,,PEX4_RX1N,,,,,,,,,,,,,,,,,HS_UPHY0_L5_RX_N,E8,,
142,PCIE0_TX1_P,PCIE0_TX1_P,PEX_TX5P,HS_UPHY0_L5_TX_P,unused_PEX_TX5P,,PEX4_TX1P,PEX3_TX0P:o,PEX4_TX1P,,,O,O,O,P,,,,,,pex_tx5p,vddio_pex,,,,,,,UPHYDS_PLL4DS8_E5FC180P70B,,x,,,,,,,,,,,,,,PEX4_TX1P,,,,,,,,,,,,,,,,,HS_UPHY0_L5_TX_P,A8,,
140,PCIE0_TX1_N,PCIE0_TX1_N,PEX_TX5N,HS_UPHY0_L5_TX_N,unused_PEX_TX5N,,PEX4_TX1N,PEX3_TX0N:o,PEX4_TX1N,,,O,O,O,N,,,,,,pex_tx5n,vddio_pex,,,,,,,UPHYDS_PLL4DS8_E5FC180P70B,,x,,,,,,,,,,,,,,PEX4_TX1N,,,,,,,,,,,,,,,,,HS_UPHY0_L5_TX_N,A9,,
151,PCIE0_RX2_P,PCIE0_RX2_P,PEX_RX6P,HS_UPHY0_L6_RX_P,unused_PEX_RX6P,,UFS_L0_RXP,PEX4_RX1P,PEX4_RX2P,UFS_L0_RXP,,I,I,I,I,,,,,,pex_rx6p,vddio_pex,,,,,,,UPHYDS_PLL4DS8_E5FC180P70B,,x,,,,,,,,,,,,,,PEX4_RX2P,,,,,,,,,,,,,,,,,HS_UPHY0_L6_RX_P,E7,,
149,PCIE0_RX2_N,PCIE0_RX2_N,PEX_RX6N,HS_UPHY0_L6_RX_N,unused_PEX_RX6N,,UFS_L0_RXN,PEX4_RX1N,PEX4_RX2N,UFS_L0_RXN,,I,I,I,I,,,,,,pex_rx6n,vddio_pex,,,,,,,UPHYDS_PLL4DS8_E5FC180P70B,,x,,,,,,,,,,,,,,PEX4_RX2N,,,,,,,,,,,,,,,,,HS_UPHY0_L6_RX_N,F7,,
150,PCIE0_TX2_P,PCIE0_TX2_P,PEX_TX6P,HS_UPHY0_L6_TX_P,unused_PEX_TX6P,,UFS_L0_TXP,PEX4_TX1P,PEX4_TX2P,UFS_L0_TXP,,O,O,O,O,,,,,,pex_tx6p,vddio_pex,,,,,,,UPHYDS_PLL4DS8_E5FC180P70B,,x,,,,,,,,,,,,,,PEX4_TX2P,,,,,,,,,,,,,,,,,HS_UPHY0_L6_TX_P,B6,,
148,PCIE0_TX2_N,PCIE0_TX2_N,PEX_TX6N,HS_UPHY0_L6_TX_N,unused_PEX_TX6N,,UFS_L0_TXN,PEX4_TX1N,PEX4_TX2N,UFS_L0_TXN,,O,O,O,O,,,,,,pex_tx6n,vddio_pex,,,,,,,UPHYDS_PLL4DS8_E5FC180P70B,,x,,,,,,,,,,,,,,PEX4_TX2N,,,,,,,,,,,,,,,,,HS_UPHY0_L6_TX_N,B7,,
157,PCIE0_RX3_P,PCIE0_RX3_P,PEX_RX7P,HS_UPHY0_L7_RX_P,unused_PEX_RX7P,,UFS_L1_RXP,PEX4_RX0P,PEX4_RX3P,USB3_RX3P,,I,I,I,I,,,,,,pex_rx7p,vddio_pex,,,,,,,UPHYDS_PLL4DS8_E5FC180P70B,,x,,,,,,,,,,,,,,PEX4_RX3P,,,,,,,,,,,,,,,,,HS_UPHY0_L7_RX_P,D6,,
155,PCIE0_RX3_N,PCIE0_RX3_N,PEX_RX7N,HS_UPHY0_L7_RX_N,unused_PEX_RX7N,,UFS_L1_RXN,PEX4_RX0N,PEX4_RX3N,USB3_RX3N,,I,I,I,I,,,,,,pex_rx7n,vddio_pex,,,,,,,UPHYDS_PLL4DS8_E5FC180P70B,,x,,,,,,,,,,,,,,PEX4_RX3N,,,,,,,,,,,,,,,,,HS_UPHY0_L7_RX_N,E6,,
156,PCIE0_TX3_P,PCIE0_TX3_P,PEX_TX7P,HS_UPHY0_L7_TX_P,unused_PEX_TX7P,,UFS_L1_TXP,PEX4_TX0P,PEX4_TX3P,USB3_TX3P,,O,O,O,O,,,,,,pex_tx7p,vddio_pex,,,,,,,UPHYDS_PLL4DS8_E5FC180P70B,,x,,,,,,,,,,,,,,PEX4_TX3P,,,,,,,,,,,,,,,,,HS_UPHY0_L7_TX_P,A6,,
154,PCIE0_TX3_N,PCIE0_TX3_N,PEX_TX7N,HS_UPHY0_L7_TX_N,unused_PEX_TX7N,,UFS_L1_TXN,PEX4_TX0N,PEX4_TX3N,USB3_TX3N,,O,O,O,O,,,,,,pex_tx7n,vddio_pex,,,,,,,UPHYDS_PLL4DS8_E5FC180P70B,,x,,,,,,,,,,,,,,PEX4_TX3N,,,,,,,,,,,,,,,,,HS_UPHY0_L7_TX_N,A5,,
,,,PEX_PLL0_TERMP,HS_UPHY0_PLL0_REXT_PD,unused_PEX_PLL0_TERMP,,PEX_PLL0_TERMP,,,,,,,,,,,,,,pex_pll0_termp,vddio_pex,,,,,,,UPHYDS_PLL4DS8_E5FC180P70B,,,,,,,,,,,,,,,,unused_PEX_PLL0_TERMP,,,,,,,,,,,,,,,,UNUSED,HS_UPHY0_PLL0_REXT_PD,G18,,
,,,PEX_PLL1_TERMP,HS_UPHY0_PLL1_REXT_PD,unused_PEX_PLL1_TERMP,,PEX_PLL1_TERMP,,,,,,,,,,,,,,pex_pll1_termp,vddio_pex,,,,,,,UPHYDS_PLL4DS8_E5FC180P70B,,,,,,,,,,,,,,,,PEX_PLL1_TERMP,,,,,,,,,,,,2.49K 1%,,,,UPHY_PLL1_TERMP,HS_UPHY0_PLL1_REXT_PD,H14,,
,,,PEX_PLL2_TERMP,HS_UPHY0_PLL2_REXT_PD,unused_PEX_PLL2_TERMP,,PEX_PLL2_TERMP,,,,,,,,,,,,,,pex_pll2_termp,vddio_pex,,,,,,,UPHYDS_PLL4DS8_E5FC180P70B,,,,,,,,,,,,,,,,PEX_PLL2_TERMP,,,,,,,,,,,,2.49K 1%,,,,UPHY_PLL2_TERMP,HS_UPHY0_PLL2_REXT_PD,H11,,
,,,PEX_PLL3_TERMP,HS_UPHY0_PLL3_REXT_PD,unused_PEX_PLL3_TERMP,,PEX_PLL3_TERMP,,,,,,,,,,,,,,pex_pll3_termp,vddio_pex,,,,,,,UPHYDS_PLL4DS8_E5FC180P70B,,,,,,,,,,,,,,,,unused_PEX_PLL3_TERMP,,,,,,,,,,,,,,,,UNUSED,HS_UPHY0_PLL3_REXT_PD,J11,,
,,,NVHS0,UPHY1,,,,,,,,,,,,,,,,,,,,,,,,,,,,,,,,,,,,,,,,,,,,,,,,,,,,,,,1.0V,,NVHS0,VDDIO_UPHY1,,,
,,,NVHS0_REFCLK0_P,HS_UPHY1_REFCLK0_P,unused_NVHS0_REFCLK0_P,,NVHS0_REFCLK0_P,,,,,I,,,,,,,,,nvhs0_refclk0_p,vddio_nvhs0,,,,,,,UPHYDS_PLL2DS8_E5FC180P70B,,x,,,,,,,,,,,,,,unused_NVHS0_REFCLK0_P,,,,,,,,,,,,,,,,UNUSED,HS_UPHY1_REFCLK0_P,H32,,
,,,NVHS0_REFCLK0_N,HS_UPHY1_REFCLK0_N,unused_NVHS0_REFCLK0_N,,NVHS0_REFCLK0_N,,,,,I,,,,,,,,,nvhs0_refclk0_n,vddio_nvhs0,,,,,,,UPHYDS_PLL2DS8_E5FC180P70B,,x,,,,,,,,,,,,,,unused_NVHS0_REFCLK0_N,,,,,,,,,,,,,,,,UNUSED,HS_UPHY1_REFCLK0_N,H33,,
,,,NVHS0_REFCLK1_P,HS_UPHY1_REFCLK1_P,unused_NVHS0_REFCLK1_P,,NVHS0_REFCLK1_P,,,,,I,,,,,,,,,nvhs0_refclk1_p,vddio_nvhs0,,,,,,,UPHYDS_PLL2DS8_E5FC180P70B,,x,,,,,,,,,,,,,,unused_NVHS0_REFCLK1_P,,,,,,,,,,,,,,,,UNUSED,HS_UPHY1_REFCLK1_P,K32,,
,,,NVHS0_REFCLK1_N,HS_UPHY1_REFCLK1_N,unused_NVHS0_REFCLK1_N,,NVHS0_REFCLK1_N,,,,,I,,,,,,,,,nvhs0_refclk1_n,vddio_nvhs0,,,,,,,UPHYDS_PLL2DS8_E5FC180P70B,,x,,,,,,,,,,,,,,unused_NVHS0_REFCLK1_N,,,,,,,,,,,,,,,,UNUSED,HS_UPHY1_REFCLK1_N,L32,,
,,,NVHS0_RX0P,HS_UPHY1_L0_RX_P,unused_NVHS0_RX0P,,PEX5_RX0P,PEX5_RX0P,,,,I,I,,,,,,,,nvhs0_rx0p,vddio_nvhs0,,,,,,,UPHYDS_PLL2DS8_E5FC180P70B,,x,,,,,,,,,,,,,,unused_NVHS0_RX0P,,,,,,,,,,,,,,,,UNUSED,HS_UPHY1_L0_RX_P,E29,,
,,,NVHS0_RX0N,HS_UPHY1_L0_RX_N,unused_NVHS0_RX0N,,PEX5_RX0N,PEX5_RX0N,,,,I,I,,,,,,,,nvhs0_rx0n,vddio_nvhs0,,,,,,,UPHYDS_PLL2DS8_E5FC180P70B,,x,,,,,,,,,,,,,,unused_NVHS0_RX0N,,,,,,,,,,,,,,,,UNUSED,HS_UPHY1_L0_RX_N,F29,,
,,,NVHS0_TX0P,HS_UPHY1_L0_TX_P,unused_NVHS0_TX0P,,PEX5_TX0P,PEX5_TX0P,,,,O,O,,,,,,,,nvhs0_tx0p,vddio_nvhs0,,,,,,,UPHYDS_PLL2DS8_E5FC180P70B,,x,,,,,,,,,,,,,,unused_NVHS0_TX0P,,,,,,,,,,,,,,,,UNUSED,HS_UPHY1_L0_TX_P,A29,,
,,,NVHS0_TX0N,HS_UPHY1_L0_TX_N,unused_NVHS0_TX0N,,PEX5_TX0N,PEX5_TX0N,,,,O,O,,,,,,,,nvhs0_tx0n,vddio_nvhs0,,,,,,,UPHYDS_PLL2DS8_E5FC180P70B,,x,,,,,,,,,,,,,,unused_NVHS0_TX0N,,,,,,,,,,,,,,,,UNUSED,HS_UPHY1_L0_TX_N,A30,,
,,,NVHS0_RX1P,HS_UPHY1_L1_RX_P,unused_NVHS0_RX1P,,PEX5_RX1P,PEX5_RX1P,,,,I,I,,,,,,,,nvhs0_rx1p,vddio_nvhs0,,,,,,,UPHYDS_PLL2DS8_E5FC180P70B,,x,,,,,,,,,,,,,,unused_NVHS0_RX1P,,,,,,,,,,,,,,,,UNUSED,HS_UPHY1_L1_RX_P,D30,,
,,,NVHS0_RX1N,HS_UPHY1_L1_RX_N,unused_NVHS0_RX1N,,PEX5_RX1N,PEX5_RX1N,,,,I,I,,,,,,,,nvhs0_rx1n,vddio_nvhs0,,,,,,,UPHYDS_PLL2DS8_E5FC180P70B,,x,,,,,,,,,,,,,,unused_NVHS0_RX1N,,,,,,,,,,,,,,,,UNUSED,HS_UPHY1_L1_RX_N,E30,,
,,,NVHS0_TX1P,HS_UPHY1_L1_TX_P,unused_NVHS0_TX1P,,PEX5_TX1P,PEX5_TX1P,,,,O,O,,,,,,,,nvhs0_tx1p,vddio_nvhs0,,,,,,,UPHYDS_PLL2DS8_E5FC180P70B,,x,,,,,,,,,,,,,,unused_NVHS0_TX1P,,,,,,,,,,,,,,,,UNUSED,HS_UPHY1_L1_TX_P,B30,,
,,,NVHS0_TX1N,HS_UPHY1_L1_TX_N,unused_NVHS0_TX1N,,PEX5_TX1N,PEX5_TX1N,,,,O,O,,,,,,,,nvhs0_tx1n,vddio_nvhs0,,,,,,,UPHYDS_PLL2DS8_E5FC180P70B,,x,,,,,,,,,,,,,,unused_NVHS0_TX1N,,,,,,,,,,,,,,,,UNUSED,HS_UPHY1_L1_TX_N,B31,,
,,,NVHS0_RX2P,HS_UPHY1_L2_RX_P,unused_NVHS0_RX2P,,PEX5_RX2P,PEX5_RX2P,,,,I,I,,,,,,,,nvhs0_rx2p,vddio_nvhs0,,,,,,,UPHYDS_PLL2DS8_E5FC180P70B,,x,,,,,,,,,,,,,,unused_NVHS0_RX2P,,,,,,,,,,,,,,,,UNUSED,HS_UPHY1_L2_RX_P,F31,,
,,,NVHS0_RX2N,HS_UPHY1_L2_RX_N,unused_NVHS0_RX2N,,PEX5_RX2N,PEX5_RX2N,,,,I,I,,,,,,,,nvhs0_rx2n,vddio_nvhs0,,,,,,,UPHYDS_PLL2DS8_E5FC180P70B,,x,,,,,,,,,,,,,,unused_NVHS0_RX2N,,,,,,,,,,,,,,,,UNUSED,HS_UPHY1_L2_RX_N,E31,,
,,,NVHS0_TX2P,HS_UPHY1_L2_TX_P,unused_NVHS0_TX2P,,PEX5_TX2P,PEX5_TX2P,,,,O,O,,,,,,,,nvhs0_tx2p,vddio_nvhs0,,,,,,,UPHYDS_PLL2DS8_E5FC180P70B,,x,,,,,,,,,,,,,,unused_NVHS0_TX2P,,,,,,,,,,,,,,,,UNUSED,HS_UPHY1_L2_TX_P,A33,,
,,,NVHS0_TX2N,HS_UPHY1_L2_TX_N,unused_NVHS0_TX2N,,PEX5_TX2N,PEX5_TX2N,,,,O,O,,,,,,,,nvhs0_tx2n,vddio_nvhs0,,,,,,,UPHYDS_PLL2DS8_E5FC180P70B,,x,,,,,,,,,,,,,,unused_NVHS0_TX2N,,,,,,,,,,,,,,,,UNUSED,HS_UPHY1_L2_TX_N,A32,,
,,,NVHS0_RX3P,HS_UPHY1_L3_RX_P,unused_NVHS0_RX3P,,PEX5_RX3P,PEX5_RX3P,,,,I,I,,,,,,,,nvhs0_rx3p,vddio_nvhs0,,,,,,,UPHYDS_PLL2DS8_E5FC180P70B,,x,,,,,,,,,,,,,,unused_NVHS0_RX3P,,,,,,,,,,,,,,,,UNUSED,HS_UPHY1_L3_RX_P,E32,,
,,,NVHS0_RX3N,HS_UPHY1_L3_RX_N,unused_NVHS0_RX3N,,PEX5_RX3N,PEX5_RX3N,,,,I,I,,,,,,,,nvhs0_rx3n,vddio_nvhs0,,,,,,,UPHYDS_PLL2DS8_E5FC180P70B,,x,,,,,,,,,,,,,,unused_NVHS0_RX3N,,,,,,,,,,,,,,,,UNUSED,HS_UPHY1_L3_RX_N,D32,,
,,,NVHS0_TX3P,HS_UPHY1_L3_TX_P,unused_NVHS0_TX3P,,PEX5_TX3P,PEX5_TX3P,,,,O,O,,,,,,,,nvhs0_tx3p,vddio_nvhs0,,,,,,,UPHYDS_PLL2DS8_E5FC180P70B,,x,,,,,,,,,,,,,,unused_NVHS0_TX3P,,,,,,,,,,,,,,,,UNUSED,HS_UPHY1_L3_TX_P,B33,,
,,,NVHS0_TX3N,HS_UPHY1_L3_TX_N,unused_NVHS0_TX3N,,PEX5_TX3N,PEX5_TX3N,,,,O,O,,,,,,,,nvhs0_tx3n,vddio_nvhs0,,,,,,,UPHYDS_PLL2DS8_E5FC180P70B,,x,,,,,,,,,,,,,,unused_NVHS0_TX3N,,,,,,,,,,,,,,,,UNUSED,HS_UPHY1_L3_TX_N,B34,,
,,,NVHS0_RX4P,HS_UPHY1_L4_RX_P,unused_NVHS0_RX4P,,PEX5_RX4P,PEX6_RX0P,,,,I,I,,,,,,,,nvhs0_rx4p,vddio_nvhs0,,,,,,,UPHYDS_PLL2DS8_E5FC180P70B,,x,,,,,,,,,,,,,,unused_NVHS0_RX4P,,,,,,,,,,,,,,,,UNUSED,HS_UPHY1_L4_RX_P,E33,,
,,,NVHS0_RX4N,HS_UPHY1_L4_RX_N,unused_NVHS0_RX4N,,PEX5_RX4N,PEX6_RX0N,,,,I,I,,,,,,,,nvhs0_rx4n,vddio_nvhs0,,,,,,,UPHYDS_PLL2DS8_E5FC180P70B,,x,,,,,,,,,,,,,,unused_NVHS0_RX4N,,,,,,,,,,,,,,,,UNUSED,HS_UPHY1_L4_RX_N,F33,,
,,,NVHS0_TX4P,HS_UPHY1_L4_TX_P,unused_NVHS0_TX4P,,PEX5_TX4P,PEX6_TX0P,,,,O,O,,,,,,,,nvhs0_tx4p,vddio_nvhs0,,,,,,,UPHYDS_PLL2DS8_E5FC180P70B,,x,,,,,,,,,,,,,,unused_NVHS0_TX4P,,,,,,,,,,,,,,,,UNUSED,HS_UPHY1_L4_TX_P,A35,,
,,,NVHS0_TX4N,HS_UPHY1_L4_TX_N,unused_NVHS0_TX4N,,PEX5_TX4N,PEX6_TX0N,,,,O,O,,,,,,,,nvhs0_tx4n,vddio_nvhs0,,,,,,,UPHYDS_PLL2DS8_E5FC180P70B,,x,,,,,,,,,,,,,,unused_NVHS0_TX4N,,,,,,,,,,,,,,,,UNUSED,HS_UPHY1_L4_TX_N,A36,,
,,,NVHS0_RX5P,HS_UPHY1_L5_RX_P,unused_NVHS0_RX5P,,PEX5_RX5P,PEX6_RX1P,,,,I,I,,,,,,,,nvhs0_rx5p,vddio_nvhs0,,,,,,,UPHYDS_PLL2DS8_E5FC180P70B,,x,,,,,,,,,,,,,,unused_NVHS0_RX5P,,,,,,,,,,,,,,,,UNUSED,HS_UPHY1_L5_RX_P,D34,,
,,,NVHS0_RX5N,HS_UPHY1_L5_RX_N,unused_NVHS0_RX5N,,PEX5_RX5N,PEX6_RX1N,,,,I,I,,,,,,,,nvhs0_rx5n,vddio_nvhs0,,,,,,,UPHYDS_PLL2DS8_E5FC180P70B,,x,,,,,,,,,,,,,,unused_NVHS0_RX5N,,,,,,,,,,,,,,,,UNUSED,HS_UPHY1_L5_RX_N,E34,,
,,,NVHS0_TX5P,HS_UPHY1_L5_TX_P,unused_NVHS0_TX5P,,PEX5_TX5P,PEX6_TX1P,,,,O,O,,,,,,,,nvhs0_tx5p,vddio_nvhs0,,,,,,,UPHYDS_PLL2DS8_E5FC180P70B,,x,,,,,,,,,,,,,,unused_NVHS0_TX5P,,,,,,,,,,,,,,,,UNUSED,HS_UPHY1_L5_TX_P,B36,,
,,,NVHS0_TX5N,HS_UPHY1_L5_TX_N,unused_NVHS0_TX5N,,PEX5_TX5N,PEX6_TX1N,,,,O,O,,,,,,,,nvhs0_tx5n,vddio_nvhs0,,,,,,,UPHYDS_PLL2DS8_E5FC180P70B,,x,,,,,,,,,,,,,,unused_NVHS0_TX5N,,,,,,,,,,,,,,,,UNUSED,HS_UPHY1_L5_TX_N,B37,,
,,,NVHS0_RX6P,HS_UPHY1_L6_RX_P,unused_NVHS0_RX6P,,PEX5_RX6P,PEX6_RX2P,,,,I,I,,,,,,,,nvhs0_rx6p,vddio_nvhs0,,,,,,,UPHYDS_PLL2DS8_E5FC180P70B,,x,,,,,,,,,,,,,,unused_NVHS0_RX6P,,,,,,,,,,,,,,,,UNUSED,HS_UPHY1_L6_RX_P,E35,,
,,,NVHS0_RX6N,HS_UPHY1_L6_RX_N,unused_NVHS0_RX6N,,PEX5_RX6N,PEX6_RX2N,,,,I,I,,,,,,,,nvhs0_rx6n,vddio_nvhs0,,,,,,,UPHYDS_PLL2DS8_E5FC180P70B,,x,,,,,,,,,,,,,,unused_NVHS0_RX6N,,,,,,,,,,,,,,,,UNUSED,HS_UPHY1_L6_RX_N,F35,,
,,,NVHS0_TX6P,HS_UPHY1_L6_TX_P,unused_NVHS0_TX6P,,PEX5_TX6P,PEX6_TX2P,,,,O,O,,,,,,,,nvhs0_tx6p,vddio_nvhs0,,,,,,,UPHYDS_PLL2DS8_E5FC180P70B,,x,,,,,,,,,,,,,,unused_NVHS0_TX6P,,,,,,,,,,,,,,,,UNUSED,HS_UPHY1_L6_TX_P,A39,,
,,,NVHS0_TX6N,HS_UPHY1_L6_TX_N,unused_NVHS0_TX6N,,PEX5_TX6N,PEX6_TX2N,,,,O,O,,,,,,,,nvhs0_tx6n,vddio_nvhs0,,,,,,,UPHYDS_PLL2DS8_E5FC180P70B,,x,,,,,,,,,,,,,,unused_NVHS0_TX6N,,,,,,,,,,,,,,,,UNUSED,HS_UPHY1_L6_TX_N,A38,,
,,,NVHS0_RX7P,HS_UPHY1_L7_RX_P,unused_NVHS0_RX7P,,PEX5_RX7P,PEX6_RX3P,,,,I,I,,,,,,,,nvhs0_rx7p,vddio_nvhs0,,,,,,,UPHYDS_PLL2DS8_E5FC180P70B,,x,,,,,,,,,,,,,,unused_NVHS0_RX7P,,,,,,,,,,,,,,,,UNUSED,HS_UPHY1_L7_RX_P,E36,,
,,,NVHS0_RX7N,HS_UPHY1_L7_RX_N,unused_NVHS0_RX7N,,PEX5_RX7N,PEX6_RX3N,,,,I,I,,,,,,,,nvhs0_rx7n,vddio_nvhs0,,,,,,,UPHYDS_PLL2DS8_E5FC180P70B,,x,,,,,,,,,,,,,,unused_NVHS0_RX7N,,,,,,,,,,,,,,,,UNUSED,HS_UPHY1_L7_RX_N,D36,,
,,,NVHS0_TX7P,HS_UPHY1_L7_TX_P,unused_NVHS0_TX7P,,PEX5_TX7P,PEX6_TX3P,,,,O,O,,,,,,,,nvhs0_tx7p,vddio_nvhs0,,,,,,,UPHYDS_PLL2DS8_E5FC180P70B,,x,,,,,,,,,,,,,,unused_NVHS0_TX7P,,,,,,,,,,,,,,,,UNUSED,HS_UPHY1_L7_TX_P,B39,,
,,,NVHS0_TX7N,HS_UPHY1_L7_TX_N,unused_NVHS0_TX7N,,PEX5_TX7N,PEX6_TX3N,,,,O,O,,,,,,,,nvhs0_tx7n,vddio_nvhs0,,,,,,,UPHYDS_PLL2DS8_E5FC180P70B,,x,,,,,,,,,,,,,,unused_NVHS0_TX7N,,,,,,,,,,,,,,,,UNUSED,HS_UPHY1_L7_TX_N,B40,,
,,,NVHS0_PLL0_TERMP,HS_UPHY1_PLL0_REXT_PD,unused_NVHS0_PLL0_TERMP,,NVHS0_PLL0_TERMP,,,,,,,,,,,,,,nvhs0_pll0_termp,vddio_nvhs0,,,,,,,UPHYDS_PLL2DS8_E5FC180P70B,,,,,,,,,,,,,,,,unused_NVHS0_PLL0_TERMP,,,,,,,,,,,,2.49K 1%,,,,UNUSED,HS_UPHY1_PLL0_REXT_PD,G33,,
,,,NVHS0_PLL1_TERMP,HS_UPHY1_PLL1_REXT_PD,unused_NVHS0_PLL1_TERMP,,NVHS0_PLL1_TERMP,,,,,,,,,,,,,,nvhs0_pll1_termp,vddio_nvhs0,,,,,,,UPHYDS_PLL2DS8_E5FC180P70B,,,,,,,,,,,,,,,,unused_NVHS0_PLL1_TERMP,,,,,,,,,,,,2.49K 1%,,,,UNUSED,HS_UPHY1_PLL1_REXT_PD,G36,,
,,,UPHY2,UPHY2,,,,,,,,,,,,,,,,,,,,,,,,,,,,,,,,,,,,,,,,,,,,,,,,,,,,,,,1.0V,,UPHY2,VDDIO_UPHY2,,,
,,,UPHY2_REFCLK0P,HS_UPHY2_REFCLK0_P,unused_UPHY2_REFCLK0P,,UPHY2_REFCLK0P,,,,,I,,,,,,,,,uphy2_refclk0p,vddio_uphy1,,,,,,,UPHYDS_PLL3DS8_E5FC180P70B,,x,,,,,,,,,,,,,,unused_UPHY2_REFCLK0P,,,,,,,,,,,,,,,,UNUSED,HS_UPHY2_REFCLK0_P,H20,,
,,,UPHY2_REFCLK0N,HS_UPHY2_REFCLK0_N,unused_UPHY2_REFCLK0N,,UPHY2_REFCLK0N,,,,,I,,,,,,,,,uphy2_refclk0n,vddio_uphy2,,,,,,,UPHYDS_PLL3DS8_E5FC180P70B,,x,,,,,,,,,,,,,,unused_UPHY2_REFCLK0N,,,,,,,,,,,,,,,,UNUSED,HS_UPHY2_REFCLK0_N,H21,,
,,,UPHY2_REFCLK1P,HS_UPHY2_REFCLK1_P,unused_UPHY2_REFCLK1P,,UPHY2_REFCLK1P,,,,,I,,,,,,,,,uphy2_refclk1p,vddio_uphy2,,,,,,,UPHYDS_PLL3DS8_E5FC180P70B,,x,,,,,,,,,,,,,,unused_UPHY2_REFCLK1P,,,,,,,,,,,,,,,,UNUSED,HS_UPHY2_REFCLK1_P,K20,,
,,,UPHY2_REFCLK1N,HS_UPHY2_REFCLK1_N,unused_UPHY2_REFCLK1N,,UPHY2_REFCLK1N,,,,,I,,,,,,,,,uphy2_refclk1n,vddio_uphy2,,,,,,,UPHYDS_PLL3DS8_E5FC180P70B,,x,,,,,,,,,,,,,,unused_UPHY2_REFCLK1N,,,,,,,,,,,,,,,,UNUSED,HS_UPHY2_REFCLK1_N,L20,,
,,,UPHY2_REFCLK2P,HS_UPHY2_REFCLK2_P,unused_UPHY2_REFCLK2P,,UPHY2_REFCLK2P,,,,,I,,,,,,,,,uphy2_refclk2p,vddio_uphy2,,,,,,,UPHYDS_PLL3DS8_E5FC180P70B,,x,,,,,,,,,,,,,,unused_UPHY2_REFCLK2P,,,,,,,,,,,,,,,,UNUSED,HS_UPHY2_REFCLK2_P,H23,,
,,,UPHY2_REFCLK2N,HS_UPHY2_REFCLK2_N,unused_UPHY2_REFCLK2N,,UPHY2_REFCLK2N,,,,,I,,,,,,,,,uphy2_refclk2n,vddio_uphy2,,,,,,,UPHYDS_PLL3DS8_E5FC180P70B,,x,,,,,,,,,,,,,,unused_UPHY2_REFCLK2N,,,,,,,,,,,,,,,,UNUSED,HS_UPHY2_REFCLK2_N,H24,,
42,CSI4_D2_P,PCIE2_RX0_P,UPHY2_RX0P,HS_UPHY2_L0_RX_P,unused_UPHY2_RX0P,,PEX7_RX0P,,,,,I,I,I,I,,,,,,uphy2_rx0p,vddio_uphy2,,,,,,,UPHYDS_PLL3DS8_E5FC180P70B,,x,,,,,,,,,,,,,,PEX7_RX0P,,,,,,,,,,,,,,,,PCIe x2 or 2 x1 to Baseboard,HS_UPHY2_L0_RX_P,E27,,
40,CSI4_D2_N,PCIE2_RX0_N,UPHY2_RX0N,HS_UPHY2_L0_RX_N,unused_UPHY2_RX0N,,PEX7_RX0N,,,,,I,I,I,I,,,,,,uphy2_rx0n,vddio_uphy2,,,,,,,UPHYDS_PLL3DS8_E5FC180P70B,,x,,,,,,,,,,,,,,PEX7_RX0N,,,,,,,,,,,,,,,,,HS_UPHY2_L0_RX_N,F27,,
48,CSI4_D0_P,PCIE2_TX0_P,UPHY2_TX0P,HS_UPHY2_L0_TX_P,unused_UPHY2_TX0P,,PEX7_TX0P,,,,,O,O,O,O,,,,,,uphy2_tx0p,vddio_uphy2,,,,,,,UPHYDS_PLL3DS8_E5FC180P70B,,x,,,,,,,,,,,,,,PEX7_TX0P,,,,,,,,,,,,,,,,,HS_UPHY2_L0_TX_P,B28,,
46,CSI4_D0_N,PCIE2_TX0_N,UPHY2_TX0N,HS_UPHY2_L0_TX_N,unused_UPHY2_TX0N,,PEX7_TX0N,,,,,O,O,O,O,,,,,,uphy2_tx0n,vddio_uphy2,,,,,,,UPHYDS_PLL3DS8_E5FC180P70B,,x,,,,,,,,,,,,,,PEX7_TX0N,,,,,,,,,,,,,,,,,HS_UPHY2_L0_TX_N,B27,,
60,CSI4_D1_P,PCIE2_RX1_P (PCIE3_RX0_P),UPHY2_RX1P,HS_UPHY2_L1_RX_P,unused_UPHY2_RX1P,,PEX7_RX1P,PEX9_RX0P,,,,I,I,I,I,,,,,,uphy2_rx1p,vddio_uphy2,,,,,,,UPHYDS_PLL3DS8_E5FC180P70B,,x,,,,,,,,,,,,,,PEX7_RX1P,,,,,,,,,,,,,,,,,HS_UPHY2_L1_RX_P,D26,,
58,CSI4_D1_N,PCIE2_RX1_N (PCIE3_RX0_N),UPHY2_RX1N,HS_UPHY2_L1_RX_N,unused_UPHY2_RX1N,,PEX7_RX1N,PEX9_RX0N,,,,I,I,I,I,,,,,,uphy2_rx1n,vddio_uphy2,,,,,,,UPHYDS_PLL3DS8_E5FC180P70B,,x,,,,,,,,,,,,,,PEX7_RX1N,,,,,,,,,,,,,,,,,HS_UPHY2_L1_RX_N,E26,,
66,CSI4_D3_P,PCIE2_TX1_P (PCIE3_TX0_P),UPHY2_TX1P,HS_UPHY2_L1_TX_P,unused_UPHY2_TX1P,,PEX7_TX1P,PEX9_TX0P,,,,O,O,O,O,,,,,,uphy2_tx1p,vddio_uphy2,,,,,,,UPHYDS_PLL3DS8_E5FC180P70B,,x,,,,,,,,,,,,,,PEX7_TX1P,,,,,,,,,,,,,,,,,HS_UPHY2_L1_TX_P,A26,,
64,CSI4_D3_N,PCIE2_TX1_N (PCIE3_TX0_N),UPHY2_TX1N,HS_UPHY2_L1_TX_N,unused_UPHY2_TX1N,,PEX7_TX1N,PEX9_TX0N,,,,O,O,O,O,,,,,,uphy2_tx1n,vddio_uphy2,,,,,,,UPHYDS_PLL3DS8_E5FC180P70B,,x,,,,,,,,,,,,,,PEX7_TX1N,,,,,,,,,,,,,,,,,HS_UPHY2_L1_TX_N,A27,,
,,,UPHY2_RX2P,HS_UPHY2_L2_RX_P,unused_UPHY2_RX2P,,PEX7_RX2P,PEX7_RX2P,PEX8_RX0P,,,I,I,I,,,,,,,uphy2_rx2p,vddio_uphy2,,,,,,,UPHYDS_PLL3DS8_E5FC180P70B,,x,,,,,,,,,,,,,,unused_UPHY2_RX2P,,,,,,,,,,,,,,,,UNUSED,HS_UPHY2_L2_RX_P,E25,,
,,,UPHY2_RX2N,HS_UPHY2_L2_RX_N,unused_UPHY2_RX2N,,PEX7_RX2N,PEX7_RX2N,PEX8_RX0N,,,I,I,I,,,,,,,uphy2_rx2n,vddio_uphy2,,,,,,,UPHYDS_PLL3DS8_E5FC180P70B,,x,,,,,,,,,,,,,,unused_UPHY2_RX2N,,,,,,,,,,,,,,,,UNUSED,HS_UPHY2_L2_RX_N,F25,,
,,,UPHY2_TX2P,HS_UPHY2_L2_TX_P,unused_UPHY2_TX2P,,PEX7_TX2P,PEX7_TX2P,PEX8_TX0P,,,O,O,O,,,,,,,uphy2_tx2p,vddio_uphy2,,,,,,,UPHYDS_PLL3DS8_E5FC180P70B,,x,,,,,,,,,,,,,,unused_UPHY2_TX2P,,,,,,,,,,,,,,,,UNUSED,HS_UPHY2_L2_TX_P,B24,,
,,,UPHY2_TX2N,HS_UPHY2_L2_TX_N,unused_UPHY2_TX2N,,PEX7_TX2N,PEX7_TX2N,PEX8_TX0N,,,O,O,O,,,,,,,uphy2_tx2n,vddio_uphy2,,,,,,,UPHYDS_PLL3DS8_E5FC180P70B,,x,,,,,,,,,,,,,,unused_UPHY2_TX2N,,,,,,,,,,,,,,,,UNUSED,HS_UPHY2_L2_TX_N,B25,,
,,,UPHY2_RX3P,HS_UPHY2_L3_RX_P,unused_UPHY2_RX3P,,PEX7_RX3P,PEX7_RX3P,PEX8_RX1P,,,I,I,I,I,,,,,,uphy2_rx3p,vddio_uphy2,,,,,,,UPHYDS_PLL3DS8_E5FC180P70B,,x,,,,,,,,,,,,,,PEX8_RX1P,,,,,,,,,,,,,,,ENET NIC Receive 0- (PCIe Ctrl #8 Lane 0),UPHY2_RX3P,HS_UPHY2_L3_RX_P,E24,,
,,,UPHY2_RX3N,HS_UPHY2_L3_RX_N,unused_UPHY2_RX3N,,PEX7_RX3N,PEX7_RX3N,PEX8_RX1N,,,I,I,I,I,,,,,,uphy2_rx3n,vddio_uphy2,,,,,,,UPHYDS_PLL3DS8_E5FC180P70B,,x,,,,,,,,,,,,,,PEX8_RX1N,,,,,,,,,,,,,,,ENET NIC Receive 0- (PCIe Ctrl #8 Lane 0),UPHY2_RX3N,HS_UPHY2_L3_RX_N,D24,,
,,,UPHY2_TX3P,HS_UPHY2_L3_TX_P,unused_UPHY2_TX3P,,PEX7_TX3P,PEX7_TX3P,PEX8_TX1P,,,O,O,O,O,,,,,,uphy2_tx3p,vddio_uphy2,,,,,,,UPHYDS_PLL3DS8_E5FC180P70B,,x,,,,,,,,,,,,,,PEX8_TX1P,,,,,,,,,,,,,,,ENET NIC Transmit 0- (PCIe Ctrl #8 Lane 0),UPHY2_TX3P,HS_UPHY2_L3_TX_P,A24,,
,,,UPHY2_TX3N,HS_UPHY2_L3_TX_N,unused_UPHY2_TX3N,,PEX7_TX3N,PEX7_TX3N,PEX8_TX1N,,,O,O,O,O,,,,,,uphy2_tx3n,vddio_uphy2,,,,,,,UPHYDS_PLL3DS8_E5FC180P70B,,x,,,,,,,,,,,,,,PEX8_TX1N,,,,,,,,,,,,,,,ENET NIC Transmit 0- (PCIe Ctrl #8 Lane 0),UPHY2_TX3N,HS_UPHY2_L3_TX_N,A23,,
,,,UPHY2_RX4P,HS_UPHY2_L4_RX_P,unused_UPHY2_RX4P,,XFI0_RXP,PEX7_RX4P,,,,I,I,I,I,,,,,,uphy2_rx4p,vddio_uphy2,,,,,,,UPHYDS_PLL3DS8_E5FC180P70B,,x,,,,,,,,,,,,,,unused_UPHY2_RX4P,,,,,,,,,,,,,,,,UNUSED,HS_UPHY2_L4_RX_P,E23,,
,,,UPHY2_RX4N,HS_UPHY2_L4_RX_N,unused_UPHY2_RX4N,,XFI0_RXN,PEX7_RX4N,,,,I,I,I,I,,,,,,uphy2_rx4n,vddio_uphy2,,,,,,,UPHYDS_PLL3DS8_E5FC180P70B,,x,,,,,,,,,,,,,,unused_UPHY2_RX4N,,,,,,,,,,,,,,,,UNUSED,HS_UPHY2_L4_RX_N,F23,,
,,,UPHY2_TX4P,HS_UPHY2_L4_TX_P,unused_UPHY2_TX4P,,XFI0_TXP,PEX7_TX4P,,,,O,O,O,O,,,,,,uphy2_tx4p,vddio_uphy2,,,,,,,UPHYDS_PLL3DS8_E5FC180P70B,,x,,,,,,,,,,,,,,unused_UPHY2_TX4P,,,,,,,,,,,,,,,,UNUSED,HS_UPHY2_L4_TX_P,B21,,
,,,UPHY2_TX4N,HS_UPHY2_L4_TX_N,unused_UPHY2_TX4N,,XFI0_TXN,PEX7_TX4N,,,,O,O,O,O,,,,,,uphy2_tx4n,vddio_uphy2,,,,,,,UPHYDS_PLL3DS8_E5FC180P70B,,x,,,,,,,,,,,,,,unused_UPHY2_TX4N,,,,,,,,,,,,,,,,UNUSED,HS_UPHY2_L4_TX_N,B22,,
,,,UPHY2_RX5P,HS_UPHY2_L5_RX_P,unused_UPHY2_RX5P,,XFI1_RXP,PEX7_RX5P,,,,I,I,I,,,,,,,uphy2_rx5p,vddio_uphy2,,,,,,,UPHYDS_PLL3DS8_E5FC180P70B,,x,,,,,,,,,,,,,,unused_UPHY2_RX5P,,,,,,,,,,,,,,,,UNUSED,HS_UPHY2_L5_RX_P,D22,,
,,,UPHY2_RX5N,HS_UPHY2_L5_RX_N,unused_UPHY2_RX5N,,XFI1_RXN,PEX7_RX5N,,,,I,I,I,,,,,,,uphy2_rx5n,vddio_uphy2,,,,,,,UPHYDS_PLL3DS8_E5FC180P70B,,x,,,,,,,,,,,,,,unused_UPHY2_RX5N,,,,,,,,,,,,,,,,UNUSED,HS_UPHY2_L5_RX_N,E22,,
,,,UPHY2_TX5P,HS_UPHY2_L5_TX_P,unused_UPHY2_TX5P,,XFI1_TXP,PEX7_TX5P,,,,O,O,O,,,,,,,uphy2_tx5p,vddio_uphy2,,,,,,,UPHYDS_PLL3DS8_E5FC180P70B,,x,,,,,,,,,,,,,,unused_UPHY2_TX5P,,,,,,,,,,,,,,,,UNUSED,HS_UPHY2_L5_TX_P,A20,,
,,,UPHY2_TX5N,HS_UPHY2_L5_TX_N,unused_UPHY2_TX5N,,XFI1_TXN,PEX7_TX5N,,,,O,O,O,,,,,,,uphy2_tx5n,vddio_uphy2,,,,,,,UPHYDS_PLL3DS8_E5FC180P70B,,x,,,,,,,,,,,,,,unused_UPHY2_TX5N,,,,,,,,,,,,,,,,UNUSED,HS_UPHY2_L5_TX_N,A21,,
,,,UPHY2_RX6P,HS_UPHY2_L6_RX_P,unused_UPHY2_RX6P,,XFI2_RXP,PEX7_RX6P,,,,I,I,I,I,,,,,,uphy2_rx6p,vddio_uphy2,,,,,,,UPHYDS_PLL3DS8_E5FC180P70B,,x,,,,,,,,,,,,,,unused_UPHY2_RX6P,,,,,,,,,,,,,,,,UNUSED,HS_UPHY2_L6_RX_P,E21,,
,,,UPHY2_RX6N,HS_UPHY2_L6_RX_N,unused_UPHY2_RX6N,,XFI2_RXN,PEX7_RX6N,,,,I,I,I,I,,,,,,uphy2_rx6n,vddio_uphy2,,,,,,,UPHYDS_PLL3DS8_E5FC180P70B,,x,,,,,,,,,,,,,,unused_UPHY2_RX6N,,,,,,,,,,,,,,,,UNUSED,HS_UPHY2_L6_RX_N,F21,,
,,,UPHY2_TX6P,HS_UPHY2_L6_TX_P,unused_UPHY2_TX6P,,XFI2_TXP,PEX7_TX6P,,,,O,O,O,O,,,,,,uphy2_tx6p,vddio_uphy2,,,,,,,UPHYDS_PLL3DS8_E5FC180P70B,,x,,,,,,,,,,,,,,unused_UPHY2_TX6P,,,,,,,,,,,,,,,,UNUSED,HS_UPHY2_L6_TX_P,B18,,
,,,UPHY2_TX6N,HS_UPHY2_L6_TX_N,unused_UPHY2_TX6N,,XFI2_TXN,PEX7_TX6N,,,,O,O,O,O,,,,,,uphy2_tx6n,vddio_uphy2,,,,,,,UPHYDS_PLL3DS8_E5FC180P70B,,x,,,,,,,,,,,,,,unused_UPHY2_TX6N,,,,,,,,,,,,,,,,UNUSED,HS_UPHY2_L6_TX_N,B19,,
,,,UPHY2_RX7P,HS_UPHY2_L7_RX_P,unused_UPHY2_RX7P,,XFI3_RXP,PEX7_RX7P,,,,I,I,I,I,,,,,,uphy2_rx7p,vddio_uphy2,,,,,,,UPHYDS_PLL3DS8_E5FC180P70B,,x,,,,,,,,,,,,,,unused_UPHY2_RX7P,,,,,,,,,,,,,,,,UNUSED,HS_UPHY2_L7_RX_P,E20,,
,,,UPHY2_RX7N,HS_UPHY2_L7_RX_N,unused_UPHY2_RX7N,,XFI3_RXN,PEX7_RX7N,,,,I,I,I,I,,,,,,uphy2_rx7n,vddio_uphy2,,,,,,,UPHYDS_PLL3DS8_E5FC180P70B,,x,,,,,,,,,,,,,,unused_UPHY2_RX7N,,,,,,,,,,,,,,,,UNUSED,HS_UPHY2_L7_RX_N,D20,,
,,,UPHY2_TX7P,HS_UPHY2_L7_TX_P,unused_UPHY2_TX7P,,XFI3_TXP,PEX7_TX7P,,,,O,O,O,O,,,,,,uphy2_tx7p,vddio_uphy2,,,,,,,UPHYDS_PLL3DS8_E5FC180P70B,,x,,,,,,,,,,,,,,unused_UPHY2_TX7P,,,,,,,,,,,,,,,,UNUSED,HS_UPHY2_L7_TX_P,A18,,
,,,UPHY2_TX7N,HS_UPHY2_L7_TX_N,unused_UPHY2_TX7N,,XFI3_TXN,PEX7_TX7N,,,,O,O,O,O,,,,,,uphy2_tx7n,vddio_uphy2,,,,,,,UPHYDS_PLL3DS8_E5FC180P70B,,x,,,,,,,,,,,,,,unused_UPHY2_TX7N,,,,,,,,,,,,,,,,UNUSED,HS_UPHY2_L7_TX_N,A17,,
,,,UPHY2_PLL1_TERMP,HS_UPHY2_PLL1_REXT_PD,unused_UPHY2_PLL1_TERMP,,UPHY2_PLL0_TERMP,,,,,,,,,,,,,,uphy2_pll1_termp,vddio_uphy2,,,,,,,UPHYDS_PLL3DS8_E5FC180P70B,,,,,,,,,,,,,,,,UPHY2_PLL0_TERMP,,,,,,,,,,,,2.49K 1%,,,,UPHY2_PLL0_TERMP,HS_UPHY2_PLL1_REXT_PD,G27,,
,,,UPHY2_PLL2_TERMP,HS_UPHY2_PLL2_REXT_PD,unused_UPHY2_PLL2_TERMP,,UPHY2_PLL1_TERMP,,,,,,,,,,,,,,uphy2_pll2_termp,vddio_uphy2,,,,,,,UPHYDS_PLL3DS8_E5FC180P70B,,,,,,,,,,,,,,,,UPHY2_PLL1_TERMP,,,,,,,,,,,,2.49K 1%,,,PCIe C8 PLL,UPHY2_PLL1_TERMP,HS_UPHY2_PLL2_REXT_PD,G24,,
,,,UPHY2_PLL0_TERMP,HS_UPHY2_PLL0_REXT_PD,unused_UPHY2_PLL0_TERMP,,UPHY2_PLL1_TERMP,,,,,,,,,,,,,,uphy2_pll0_termp,vddio_uphy2,,,,,,,UPHYDS_PLL3DS8_E5FC180P70B,,,,,,,,,,,,,,,,UPHY2_PLL1_TERMP,,,,,,,,,,,,2.49K 1%,,,PCIe C10 or 10GBe PLL,UPHY2_PLL2_TERMP,HS_UPHY2_PLL0_REXT_PD,G30,,
,,,DDR0,DDR,,,,,,,,,,,,,,,,,,,,,,,,,,,,,,,,,,,,,,,,,,,,,,,,,,,,,,,0.6V,,DDR0,DDR,,,
,,,DDR_XM0_B0D0,DDR_0AB_DQ0,unused_DDR_XM0_B0D0,,DDR_XM0_B0D[0]:b,,,,,B,,,,,,,,,ddr_xm0_b0d0,vddio_ddr0,,,,,,,LP5_DQBRICK_EFCR90,,z,,,,,,,,,,,,,,DDR_XM0_B0D[0],,,,,,,,,,,,,,,,DDR_0AB_DQ0,DDR_0AB_DQ0,AH49,,
,,,DDR_XM0_B0D1,DDR_0AB_DQ1,unused_DDR_XM0_B0D1,,DDR_XM0_B0D[1]:b,,,,,B,,,,,,,,,ddr_xm0_b0d1,vddio_ddr0,,,,,,,LP5_DQBRICK_EFCR90,,z,,,,,,,,,,,,,,DDR_XM0_B0D[1],,,,,,,,,,,,,,,,DDR_0AB_DQ1,DDR_0AB_DQ1,AJ48,,
,,,DDR_XM0_B0D2,DDR_0AB_DQ2,unused_DDR_XM0_B0D2,,DDR_XM0_B0D[2]:b,,,,,B,,,,,,,,,ddr_xm0_b0d2,vddio_ddr0,,,,,,,LP5_DQBRICK_EFCR90,,z,,,,,,,,,,,,,,DDR_XM0_B0D[2],,,,,,,,,,,,,,,,DDR_0AB_DQ2,DDR_0AB_DQ2,AJ46,,
,,,DDR_XM0_B0D3,DDR_0AB_DQ3,unused_DDR_XM0_B0D3,,DDR_XM0_B0D[3]:b,,,,,B,,,,,,,,,ddr_xm0_b0d3,vddio_ddr0,,,,,,,LP5_DQBRICK_EFCR90,,z,,,,,,,,,,,,,,DDR_XM0_B0D[3],,,,,,,,,,,,,,,,DDR_0AB_DQ3,DDR_0AB_DQ3,AJ47,,
,,,DDR_XM0_B0D4,DDR_0AB_DQ4,unused_DDR_XM0_B0D4,,DDR_XM0_B0D[4]:b,,,,,B,,,,,,,,,ddr_xm0_b0d4,vddio_ddr0,,,,,,,LP5_DQBRICK_EFCR90,,z,,,,,,,,,,,,,,DDR_XM0_B0D[4],,,,,,,,,,,,,,,,DDR_0AB_DQ4,DDR_0AB_DQ4,AJ49,,
,,,DDR_XM0_B0D5,DDR_0AB_DQ5,unused_DDR_XM0_B0D5,,DDR_XM0_B0D[5]:b,,,,,B,,,,,,,,,ddr_xm0_b0d5,vddio_ddr0,,,,,,,LP5_DQBRICK_EFCR90,,z,,,,,,,,,,,,,,DDR_XM0_B0D[5],,,,,,,,,,,,,,,,DDR_0AB_DQ5,DDR_0AB_DQ5,AH46,,
,,,DDR_XM0_B0D6,DDR_0AB_DQ6,unused_DDR_XM0_B0D6,,DDR_XM0_B0D[6]:b,,,,,B,,,,,,,,,ddr_xm0_b0d6,vddio_ddr0,,,,,,,LP5_DQBRICK_EFCR90,,z,,,,,,,,,,,,,,DDR_XM0_B0D[6],,,,,,,,,,,,,,,,DDR_0AB_DQ6,DDR_0AB_DQ6,AK48,,
,,,DDR_XM0_B0D7,DDR_0AB_DQ7,unused_DDR_XM0_B0D7,,DDR_XM0_B0D[7]:b,,,,,B,,,,,,,,,ddr_xm0_b0d7,vddio_ddr0,,,,,,,LP5_DQBRICK_EFCR90,,z,,,,,,,,,,,,,,DDR_XM0_B0D[7],,,,,,,,,,,,,,,,DDR_0AB_DQ7,DDR_0AB_DQ7,AK47,,
,,,DDR_XM0_B0DMI,DDR_0AB_DMI0,unused_DDR_XM0_B0DMI,,DDR_XM0_B0DMI:b,,,,,B,,,,,,,,,ddr_xm0_b0dmi,vddio_ddr0,,,,,,,LP5_DQBRICK_EFCR90,,z,,,,,,,,,,,,,,DDR_XM0_B0DMI,,,,,,,,,,,,,,,,DDR_0AB_DMI0,DDR_0AB_DMI0,AH47,,
,,,DDR_XM0_B0WCK_P,DDR_0AB_WCK0_P,unused_DDR_XM0_B0WCK_P,,DDR_XM0_B0WCK_P:b,,,,,B,,,,,,,,,ddr_xm0_b0wck_p,vddio_ddr0,,,,,,,LP5_DQBRICK_EFCR90,,z,,,,,,,,,,,,,,DDR_XM0_B0WCK_P,,,,,,,,,,,,,,,,DDR_0AB_WCK0_P,DDR_0AB_WCK0_P,AH44,,
,,,DDR_XM0_B0WCK_N,DDR_0AB_WCK0_N,unused_DDR_XM0_B0WCK_N,,DDR_XM0_B0WCK_N:b,,,,,B,,,,,,,,,ddr_xm0_b0wck_n,vddio_ddr0,,,,,,,LP5_DQBRICK_EFCR90,,z,,,,,,,,,,,,,,DDR_XM0_B0WCK_N,,,,,,,,,,,,,,,,DDR_0AB_WCK0_N,DDR_0AB_WCK0_N,AH43,,
,,,DDR_XM0_B0RDQS_P,DDR_0AB_RDQS0_P,unused_DDR_XM0_B0RDQS_P,,DDR_XM0_B0RDQS_P:b,,,,,B,,,,,,,,,ddr_xm0_b0rdqs_p,vddio_ddr0,,,,,,,LP5_DQBRICK_EFCR90,,z,,,,,,,,,,,,,,DDR_XM0_B0RDQS_P,,,,,,,,,,,,,,,,DDR_0AB_RDQS0_P,DDR_0AB_RDQS0_P,AJ42,,
,,,DDR_XM0_B0RDQS_N,DDR_0AB_RDQS0_N,unused_DDR_XM0_B0RDQS_N,,DDR_XM0_B0RDQS_N:b,,,,,B,,,,,,,,,ddr_xm0_b0rdqs_n,vddio_ddr0,,,,,,,LP5_DQBRICK_EFCR90,,z,,,,,,,,,,,,,,DDR_XM0_B0RDQS_N,,,,,,,,,,,,,,,,DDR_0AB_RDQS0_N,DDR_0AB_RDQS0_N,AJ43,,
,,,DDR_XM0_B1D0,DDR_0AB_DQ8,unused_DDR_XM0_B1D0,,DDR_XM0_B1D[0]:b,,,,,B,,,,,,,,,ddr_xm0_b1d0,vddio_ddr0,,,,,,,LP5_DQBRICK_EFCR90,,z,,,,,,,,,,,,,,DDR_XM0_B1D[0],,,,,,,,,,,,,,,,DDR_0AB_DQ8,DDR_0AB_DQ8,AL47,,
,,,DDR_XM0_B1D1,DDR_0AB_DQ9,unused_DDR_XM0_B1D1,,DDR_XM0_B1D[1]:b,,,,,B,,,,,,,,,ddr_xm0_b1d1,vddio_ddr0,,,,,,,LP5_DQBRICK_EFCR90,,z,,,,,,,,,,,,,,DDR_XM0_B1D[1],,,,,,,,,,,,,,,,DDR_0AB_DQ9,DDR_0AB_DQ9,AK46,,
,,,DDR_XM0_B1D2,DDR_0AB_DQ10,unused_DDR_XM0_B1D2,,DDR_XM0_B1D[2]:b,,,,,B,,,,,,,,,ddr_xm0_b1d2,vddio_ddr0,,,,,,,LP5_DQBRICK_EFCR90,,z,,,,,,,,,,,,,,DDR_XM0_B1D[2],,,,,,,,,,,,,,,,DDR_0AB_DQ10,DDR_0AB_DQ10,AL49,,
,,,DDR_XM0_B1D3,DDR_0AB_DQ11,unused_DDR_XM0_B1D3,,DDR_XM0_B1D[3]:b,,,,,B,,,,,,,,,ddr_xm0_b1d3,vddio_ddr0,,,,,,,LP5_DQBRICK_EFCR90,,z,,,,,,,,,,,,,,DDR_XM0_B1D[3],,,,,,,,,,,,,,,,DDR_0AB_DQ11,DDR_0AB_DQ11,AM47,,
,,,DDR_XM0_B1D4,DDR_0AB_DQ12,unused_DDR_XM0_B1D4,,DDR_XM0_B1D[4]:b,,,,,B,,,,,,,,,ddr_xm0_b1d4,vddio_ddr0,,,,,,,LP5_DQBRICK_EFCR90,,z,,,,,,,,,,,,,,DDR_XM0_B1D[4],,,,,,,,,,,,,,,,DDR_0AB_DQ12,DDR_0AB_DQ12,AM48,,
,,,DDR_XM0_B1D5,DDR_0AB_DQ13,unused_DDR_XM0_B1D5,,DDR_XM0_B1D[5]:b,,,,,B,,,,,,,,,ddr_xm0_b1d5,vddio_ddr0,,,,,,,LP5_DQBRICK_EFCR90,,z,,,,,,,,,,,,,,DDR_XM0_B1D[5],,,,,,,,,,,,,,,,DDR_0AB_DQ13,DDR_0AB_DQ13,AL50,,
,,,DDR_XM0_B1D6,DDR_0AB_DQ14,unused_DDR_XM0_B1D6,,DDR_XM0_B1D[6]:b,,,,,B,,,,,,,,,ddr_xm0_b1d6,vddio_ddr0,,,,,,,LP5_DQBRICK_EFCR90,,z,,,,,,,,,,,,,,DDR_XM0_B1D[6],,,,,,,,,,,,,,,,DDR_0AB_DQ14,DDR_0AB_DQ14,AM49,,
,,,DDR_XM0_B1D7,DDR_0AB_DQ15,unused_DDR_XM0_B1D7,,DDR_XM0_B1D[7]:b,,,,,B,,,,,,,,,ddr_xm0_b1d7,vddio_ddr0,,,,,,,LP5_DQBRICK_EFCR90,,z,,,,,,,,,,,,,,DDR_XM0_B1D[7],,,,,,,,,,,,,,,,DDR_0AB_DQ15,DDR_0AB_DQ15,AJ44,,
,,,DDR_XM0_B1DMI,DDR_0AB_DMI1,unused_DDR_XM0_B1DMI,,DDR_XM0_B1DMI:b,,,,,B,,,,,,,,,ddr_xm0_b1dmi,vddio_ddr0,,,,,,,LP5_DQBRICK_EFCR90,,z,,,,,,,,,,,,,,DDR_XM0_B1DMI,,,,,,,,,,,,,,,,DDR_0AB_DMI1,DDR_0AB_DMI1,AL46,,
,,,DDR_XM0_B1WCK_P,DDR_0AB_WCK1_P,unused_DDR_XM0_B1WCK_P,,DDR_XM0_B1WCK_P:b,,,,,B,,,,,,,,,ddr_xm0_b1wck_p,vddio_ddr0,,,,,,,LP5_DQBRICK_EFCR90,,z,,,,,,,,,,,,,,DDR_XM0_B1WCK_P,,,,,,,,,,,,,,,,DDR_0AB_WCK1_P,DDR_0AB_WCK1_P,AL43,,
,,,DDR_XM0_B1WCK_N,DDR_0AB_WCK1_N,unused_DDR_XM0_B1WCK_N,,DDR_XM0_B1WCK_N:b,,,,,B,,,,,,,,,ddr_xm0_b1wck_n,vddio_ddr0,,,,,,,LP5_DQBRICK_EFCR90,,z,,,,,,,,,,,,,,DDR_XM0_B1WCK_N,,,,,,,,,,,,,,,,DDR_0AB_WCK1_N,DDR_0AB_WCK1_N,AL44,,
,,,DDR_XM0_B1RDQS_P,DDR_0AB_RDQS1_P,unused_DDR_XM0_B1RDQS_P,,DDR_XM0_B1RDQS_P:b,,,,,B,,,,,,,,,ddr_xm0_b1rdqs_p,vddio_ddr0,,,,,,,LP5_DQBRICK_EFCR90,,z,,,,,,,,,,,,,,DDR_XM0_B1RDQS_P,,,,,,,,,,,,,,,,DDR_0AB_RDQS1_P,DDR_0AB_RDQS1_P,AM43,,
,,,DDR_XM0_B1RDQS_N,DDR_0AB_RDQS1_N,unused_DDR_XM0_B1RDQS_N,,DDR_XM0_B1RDQS_N:b,,,,,B,,,,,,,,,ddr_xm0_b1rdqs_n,vddio_ddr0,,,,,,,LP5_DQBRICK_EFCR90,,z,,,,,,,,,,,,,,DDR_XM0_B1RDQS_N,,,,,,,,,,,,,,,,DDR_0AB_RDQS1_N,DDR_0AB_RDQS1_N,AM42,,
,,,DDR_XM0_B2A_CA0,DDR_0A_CA0,unused_DDR_XM0_B2A_CA0,,DDR_XM0_B2A_CA[0]:b,,,,,B,,,,,,,,,ddr_xm0_b2a_ca0,vddio_ddr0,,,,,,,LP5_CABRICK_EFCR90,,z,,,,,,,,,,,,,,DDR_XM0_B2A_CA[0],,,,,,,,,,,,,,,,DDR_0A_CA0,DDR_0A_CA0,AG51,,
,,,DDR_XM0_B2A_CA1,DDR_0A_CA1,unused_DDR_XM0_B2A_CA1,,DDR_XM0_B2A_CA[1]:b,,,,,B,,,,,,,,,ddr_xm0_b2a_ca1,vddio_ddr0,,,,,,,LP5_CABRICK_EFCR90,,z,,,,,,,,,,,,,,DDR_XM0_B2A_CA[1],,,,,,,,,,,,,,,,DDR_0A_CA1,DDR_0A_CA1,AG52,,
,,,DDR_XM0_B2A_CA2,DDR_0A_CA2,unused_DDR_XM0_B2A_CA2,,DDR_XM0_B2A_CA[2]:b,,,,,B,,,,,,,,,ddr_xm0_b2a_ca2,vddio_ddr0,,,,,,,LP5_CABRICK_EFCR90,,z,,,,,,,,,,,,,,DDR_XM0_B2A_CA[2],,,,,,,,,,,,,,,,DDR_0A_CA2,DDR_0A_CA2,AK50,,
,,,DDR_XM0_B2A_CA3,DDR_0A_CA3,unused_DDR_XM0_B2A_CA3,,DDR_XM0_B2A_CA[3]:b,,,,,B,,,,,,,,,ddr_xm0_b2a_ca3,vddio_ddr0,,,,,,,LP5_CABRICK_EFCR90,,z,,,,,,,,,,,,,,DDR_XM0_B2A_CA[3],,,,,,,,,,,,,,,,DDR_0A_CA3,DDR_0A_CA3,AK51,,
,,,DDR_XM0_B2A_CA4,DDR_0A_CA4,unused_DDR_XM0_B2A_CA4,,DDR_XM0_B2A_CA[4]:b,,,,,B,,,,,,,,,ddr_xm0_b2a_ca4,vddio_ddr0,,,,,,,LP5_CABRICK_EFCR90,,z,,,,,,,,,,,,,,DDR_XM0_B2A_CA[4],,,,,,,,,,,,,,,,DDR_0A_CA4,DDR_0A_CA4,AJ51,,
,,,DDR_XM0_B2A_CA5,DDR_0A_CA5,unused_DDR_XM0_B2A_CA5,,DDR_XM0_B2A_CA[5]:b,,,,,B,,,,,,,,,ddr_xm0_b2a_ca5,vddio_ddr0,,,,,,,LP5_CABRICK_EFCR90,,z,,,,,,,,,,,,,,DDR_XM0_B2A_CA[5],,,,,,,,,,,,,,,,DDR_0A_CA5,DDR_0A_CA5,AK52,,
,,,DDR_XM0_B2A_CA6,DDR_0A_CA6,unused_DDR_XM0_B2A_CA6,,DDR_XM0_B2A_CA[6]:b,,,,,B,,,,,,,,,ddr_xm0_b2a_ca6,vddio_ddr0,,,,,,,LP5_CABRICK_EFCR90,,z,,,,,,,,,,,,,,DDR_XM0_B2A_CA[6],,,,,,,,,,,,,,,,DDR_0A_CA6,DDR_0A_CA6,AJ52,,
,,,DDR_XM0_B2B_CA0,DDR_0B_CA0,unused_DDR_XM0_B2B_CA0,,DDR_XM0_B2B_CA[0]:b,,,,,B,,,,,,,,,ddr_xm0_b2b_ca0,vddio_ddr0,,,,,,,LP5_CABRICK_EFCR90,,z,,,,,,,,,,,,,,DDR_XM0_B2B_CA[0],,,,,,,,,,,,,,,,DDR_0B_CA0,DDR_0B_CA0,AV50,,
,,,DDR_XM0_B2B_CA1,DDR_0B_CA1,unused_DDR_XM0_B2B_CA1,,DDR_XM0_B2B_CA[1]:b,,,,,B,,,,,,,,,ddr_xm0_b2b_ca1,vddio_ddr0,,,,,,,LP5_CABRICK_EFCR90,,z,,,,,,,,,,,,,,DDR_XM0_B2B_CA[1],,,,,,,,,,,,,,,,DDR_0B_CA1,DDR_0B_CA1,AR50,,
,,,DDR_XM0_B2B_CA2,DDR_0B_CA2,unused_DDR_XM0_B2B_CA2,,DDR_XM0_B2B_CA[2]:b,,,,,B,,,,,,,,,ddr_xm0_b2b_ca2,vddio_ddr0,,,,,,,LP5_CABRICK_EFCR90,,z,,,,,,,,,,,,,,DDR_XM0_B2B_CA[2],,,,,,,,,,,,,,,,DDR_0B_CA2,DDR_0B_CA2,AN50,,
,,,DDR_XM0_B2B_CA3,DDR_0B_CA3,unused_DDR_XM0_B2B_CA3,,DDR_XM0_B2B_CA[3]:b,,,,,B,,,,,,,,,ddr_xm0_b2b_ca3,vddio_ddr0,,,,,,,LP5_CABRICK_EFCR90,,z,,,,,,,,,,,,,,DDR_XM0_B2B_CA[3],,,,,,,,,,,,,,,,DDR_0B_CA3,DDR_0B_CA3,AN51,,
,,,DDR_XM0_B2B_CA4,DDR_0B_CA4,unused_DDR_XM0_B2B_CA4,,DDR_XM0_B2B_CA[4]:b,,,,,B,,,,,,,,,ddr_xm0_b2b_ca4,vddio_ddr0,,,,,,,LP5_CABRICK_EFCR90,,z,,,,,,,,,,,,,,DDR_XM0_B2B_CA[4],,,,,,,,,,,,,,,,DDR_0B_CA4,DDR_0B_CA4,AT50,,
,,,DDR_XM0_B2B_CA5,DDR_0B_CA5,unused_DDR_XM0_B2B_CA5,,DDR_XM0_B2B_CA[5]:b,,,,,B,,,,,,,,,ddr_xm0_b2b_ca5,vddio_ddr0,,,,,,,LP5_CABRICK_EFCR90,,z,,,,,,,,,,,,,,DDR_XM0_B2B_CA[5],,,,,,,,,,,,,,,,DDR_0B_CA5,DDR_0B_CA5,AT52,,
,,,DDR_XM0_B2B_CA6,DDR_0B_CA6,unused_DDR_XM0_B2B_CA6,,DDR_XM0_B2B_CA[6]:b,,,,,B,,,,,,,,,ddr_xm0_b2b_ca6,vddio_ddr0,,,,,,,LP5_CABRICK_EFCR90,,z,,,,,,,,,,,,,,DDR_XM0_B2B_CA[6],,,,,,,,,,,,,,,,DDR_0B_CA6,DDR_0B_CA6,AT51,,
,,,DDR_XM0_B2A_CS_CKE0,DDR_0A_CS0,unused_DDR_XM0_B2A_CS_CKE0,,DDR_XM0_B2A_CS_CKE0:b,,,,,B,,,,,,,,,ddr_xm0_b2a_cs_cke0,vddio_ddr0,,,,,,,LP5_CABRICK_EFCR90,,0,,,,,,,,,,,,,,DDR_XM0_B2A_CS_CKE0,,,,,,,,,,,,,,,,DDR_0A_CS0,DDR_0A_CS0,AH50,,
,,,DDR_XM0_B2A_CS_CKE1,DDR_0A_CS1,unused_DDR_XM0_B2A_CS_CKE1,,DDR_XM0_B2A_CS_CKE1:b,,,,,B,,,,,,,,,ddr_xm0_b2a_cs_cke1,vddio_ddr0,,,,,,,LP5_CABRICK_EFCR90,,0,,,,,,,,,,,,,,DDR_XM0_B2A_CS_CKE1,,,,,,,,,,,,,,,,DDR_0A_CS1,DDR_0A_CS1,AJ50,,
,,,DDR_XM0_B2B_CS_CKE0,DDR_0B_CS0,unused_DDR_XM0_B2B_CS_CKE0,,DDR_XM0_B2B_CS_CKE0:b,,,,,B,,,,,,,,,ddr_xm0_b2b_cs_cke0,vddio_ddr0,,,,,,,LP5_CABRICK_EFCR90,,0,,,,,,,,,,,,,,DDR_XM0_B2B_CS_CKE0,,,,,,,,,,,,,,,,DDR_0B_CS0,DDR_0B_CS0,AR52,,
,,,DDR_XM0_B2B_CS_CKE1,DDR_0B_CS1,unused_DDR_XM0_B2B_CS_CKE1,,DDR_XM0_B2B_CS_CKE1:b,,,,,B,,,,,,,,,ddr_xm0_b2b_cs_cke1,vddio_ddr0,,,,,,,LP5_CABRICK_EFCR90,,0,,,,,,,,,,,,,,DDR_XM0_B2B_CS_CKE1,,,,,,,,,,,,,,,,DDR_0B_CS1,DDR_0B_CS1,AR51,,
,,,DDR_XM0_B2A_CLK_P,DDR_0A_CLK_P,unused_DDR_XM0_B2A_CLK_P,,DDR_XM0_B2A_CLK_P:b,,,,,B,,,,,,,,,ddr_xm0_b2a_clk_p,vddio_ddr0,,,,,,,LP5_CABRICK_EFCR90,,0,,,,,,,,,,,,,,DDR_XM0_B2A_CLK_P,,,,,,,,,,,,,,,,DDR_0A_CLK_P,DDR_0A_CLK_P,AM50,,
,,,DDR_XM0_B2A_CLK_N,DDR_0A_CLK_N,unused_DDR_XM0_B2A_CLK_N,,DDR_XM0_B2A_CLK_N:b,,,,,B,,,,,,,,,ddr_xm0_b2a_clk_n,vddio_ddr0,,,,,,,LP5_CABRICK_EFCR90,,1,,,,,,,,,,,,,,DDR_XM0_B2A_CLK_N,,,,,,,,,,,,,,,,DDR_0A_CLK_N,DDR_0A_CLK_N,AM51,,
,,,DDR_XM0_B2B_CLK_P,DDR_0B_CLK_P,unused_DDR_XM0_B2B_CLK_P,,DDR_XM0_B2B_CLK_P:b,,,,,B,,,,,,,,,ddr_xm0_b2b_clk_p,vddio_ddr0,,,,,,,LP5_CABRICK_EFCR90,,0,,,,,,,,,,,,,,DDR_XM0_B2B_CLK_P,,,,,,,,,,,,,,,,DDR_0B_CLK_P,DDR_0B_CLK_P,AN52,,
,,,DDR_XM0_B2B_CLK_N,DDR_0B_CLK_N,unused_DDR_XM0_B2B_CLK_N,,DDR_XM0_B2B_CLK_N:b,,,,,B,,,,,,,,,ddr_xm0_b2b_clk_n,vddio_ddr0,,,,,,,LP5_CABRICK_EFCR90,,1,,,,,,,,,,,,,,DDR_XM0_B2B_CLK_N,,,,,,,,,,,,,,,,DDR_0B_CLK_N,DDR_0B_CLK_N,AM52,,
,,,DDR_XM0_B3D0,DDR_0AB_DQ16,unused_DDR_XM0_B3D0,,DDR_XM0_B3D[0]:b,,,,,B,,,,,,,,,ddr_xm0_b3d0,vddio_ddr0,,,,,,,LP5_DQBRICK_EFCR90,,z,,,,,,,,,,,,,,DDR_XM0_B3D[0],,,,,,,,,,,,,,,,DDR_0AB_DQ16,DDR_0AB_DQ16,AN46,,
,,,DDR_XM0_B3D1,DDR_0AB_DQ17,unused_DDR_XM0_B3D1,,DDR_XM0_B3D[1]:b,,,,,B,,,,,,,,,ddr_xm0_b3d1,vddio_ddr0,,,,,,,LP5_DQBRICK_EFCR90,,z,,,,,,,,,,,,,,DDR_XM0_B3D[1],,,,,,,,,,,,,,,,DDR_0AB_DQ17,DDR_0AB_DQ17,AN47,,
,,,DDR_XM0_B3D2,DDR_0AB_DQ18,unused_DDR_XM0_B3D2,,DDR_XM0_B3D[2]:b,,,,,B,,,,,,,,,ddr_xm0_b3d2,vddio_ddr0,,,,,,,LP5_DQBRICK_EFCR90,,z,,,,,,,,,,,,,,DDR_XM0_B3D[2],,,,,,,,,,,,,,,,DDR_0AB_DQ18,DDR_0AB_DQ18,AN48,,
,,,DDR_XM0_B3D3,DDR_0AB_DQ19,unused_DDR_XM0_B3D3,,DDR_XM0_B3D[3]:b,,,,,B,,,,,,,,,ddr_xm0_b3d3,vddio_ddr0,,,,,,,LP5_DQBRICK_EFCR90,,z,,,,,,,,,,,,,,DDR_XM0_B3D[3],,,,,,,,,,,,,,,,DDR_0AB_DQ19,DDR_0AB_DQ19,AP49,,
,,,DDR_XM0_B3D4,DDR_0AB_DQ20,unused_DDR_XM0_B3D4,,DDR_XM0_B3D[4]:b,,,,,B,,,,,,,,,ddr_xm0_b3d4,vddio_ddr0,,,,,,,LP5_DQBRICK_EFCR90,,z,,,,,,,,,,,,,,DDR_XM0_B3D[4],,,,,,,,,,,,,,,,DDR_0AB_DQ20,DDR_0AB_DQ20,AP50,,
,,,DDR_XM0_B3D5,DDR_0AB_DQ21,unused_DDR_XM0_B3D5,,DDR_XM0_B3D[5]:b,,,,,B,,,,,,,,,ddr_xm0_b3d5,vddio_ddr0,,,,,,,LP5_DQBRICK_EFCR90,,z,,,,,,,,,,,,,,DDR_XM0_B3D[5],,,,,,,,,,,,,,,,DDR_0AB_DQ21,DDR_0AB_DQ21,AR48,,
,,,DDR_XM0_B3D6,DDR_0AB_DQ22,unused_DDR_XM0_B3D6,,DDR_XM0_B3D[6]:b,,,,,B,,,,,,,,,ddr_xm0_b3d6,vddio_ddr0,,,,,,,LP5_DQBRICK_EFCR90,,z,,,,,,,,,,,,,,DDR_XM0_B3D[6],,,,,,,,,,,,,,,,DDR_0AB_DQ22,DDR_0AB_DQ22,AP46,,
,,,DDR_XM0_B3D7,DDR_0AB_DQ23,unused_DDR_XM0_B3D7,,DDR_XM0_B3D[7]:b,,,,,B,,,,,,,,,ddr_xm0_b3d7,vddio_ddr0,,,,,,,LP5_DQBRICK_EFCR90,,z,,,,,,,,,,,,,,DDR_XM0_B3D[7],,,,,,,,,,,,,,,,DDR_0AB_DQ23,DDR_0AB_DQ23,AR49,,
,,,DDR_XM0_B3DMI,DDR_0AB_DMI2,unused_DDR_XM0_B3DMI,,DDR_XM0_B3DMI:b,,,,,B,,,,,,,,,ddr_xm0_b3dmi,vddio_ddr0,,,,,,,LP5_DQBRICK_EFCR90,,z,,,,,,,,,,,,,,DDR_XM0_B3DMI,,,,,,,,,,,,,,,,DDR_0AB_DMI2,DDR_0AB_DMI2,AP47,,
,,,DDR_XM0_B3WCK_P,DDR_0AB_WCK2_P,unused_DDR_XM0_B3WCK_P,,DDR_XM0_B3WCK_P:b,,,,,B,,,,,,,,,ddr_xm0_b3wck_p,vddio_ddr0,,,,,,,LP5_DQBRICK_EFCR90,,z,,,,,,,,,,,,,,DDR_XM0_B3WCK_P,,,,,,,,,,,,,,,,DDR_0AB_WCK2_P,DDR_0AB_WCK2_P,AP44,,
,,,DDR_XM0_B3WCK_N,DDR_0AB_WCK2_N,unused_DDR_XM0_B3WCK_N,,DDR_XM0_B3WCK_N:b,,,,,B,,,,,,,,,ddr_xm0_b3wck_n,vddio_ddr0,,,,,,,LP5_DQBRICK_EFCR90,,z,,,,,,,,,,,,,,DDR_XM0_B3WCK_N,,,,,,,,,,,,,,,,DDR_0AB_WCK2_N,DDR_0AB_WCK2_N,AP43,,
,,,DDR_XM0_B3RDQS_P,DDR_0AB_RDQS2_P,unused_DDR_XM0_B3RDQS_P,,DDR_XM0_B3RDQS_P:b,,,,,B,,,,,,,,,ddr_xm0_b3rdqs_p,vddio_ddr0,,,,,,,LP5_DQBRICK_EFCR90,,z,,,,,,,,,,,,,,DDR_XM0_B3RDQS_P,,,,,,,,,,,,,,,,DDR_0AB_RDQS2_P,DDR_0AB_RDQS2_P,AN45,,
,,,DDR_XM0_B3RDQS_N,DDR_0AB_RDQS2_N,unused_DDR_XM0_B3RDQS_N,,DDR_XM0_B3RDQS_N:b,,,,,B,,,,,,,,,ddr_xm0_b3rdqs_n,vddio_ddr0,,,,,,,LP5_DQBRICK_EFCR90,,z,,,,,,,,,,,,,,DDR_XM0_B3RDQS_N,,,,,,,,,,,,,,,,DDR_0AB_RDQS2_N,DDR_0AB_RDQS2_N,AM45,,
,,,DDR_XM0_B4D0,DDR_0AB_DQ24,unused_DDR_XM0_B4D0,,DDR_XM0_B4D[0]:b,,,,,B,,,,,,,,,ddr_xm0_b4d0,vddio_ddr0,,,,,,,LP5_DQBRICK_EFCR90,,z,,,,,,,,,,,,,,DDR_XM0_B4D[0],,,,,,,,,,,,,,,,DDR_0AB_DQ24,DDR_0AB_DQ24,AT47,,
,,,DDR_XM0_B4D1,DDR_0AB_DQ25,unused_DDR_XM0_B4D1,,DDR_XM0_B4D[1]:b,,,,,B,,,,,,,,,ddr_xm0_b4d1,vddio_ddr0,,,,,,,LP5_DQBRICK_EFCR90,,z,,,,,,,,,,,,,,DDR_XM0_B4D[1],,,,,,,,,,,,,,,,DDR_0AB_DQ25,DDR_0AB_DQ25,AU49,,
,,,DDR_XM0_B4D2,DDR_0AB_DQ26,unused_DDR_XM0_B4D2,,DDR_XM0_B4D[2]:b,,,,,B,,,,,,,,,ddr_xm0_b4d2,vddio_ddr0,,,,,,,LP5_DQBRICK_EFCR90,,z,,,,,,,,,,,,,,DDR_XM0_B4D[2],,,,,,,,,,,,,,,,DDR_0AB_DQ26,DDR_0AB_DQ26,AT48,,
,,,DDR_XM0_B4D3,DDR_0AB_DQ27,unused_DDR_XM0_B4D3,,DDR_XM0_B4D[3]:b,,,,,B,,,,,,,,,ddr_xm0_b4d3,vddio_ddr0,,,,,,,LP5_DQBRICK_EFCR90,,z,,,,,,,,,,,,,,DDR_XM0_B4D[3],,,,,,,,,,,,,,,,DDR_0AB_DQ27,DDR_0AB_DQ27,AU50,,
,,,DDR_XM0_B4D4,DDR_0AB_DQ28,unused_DDR_XM0_B4D4,,DDR_XM0_B4D[4]:b,,,,,B,,,,,,,,,ddr_xm0_b4d4,vddio_ddr0,,,,,,,LP5_DQBRICK_EFCR90,,z,,,,,,,,,,,,,,DDR_XM0_B4D[4],,,,,,,,,,,,,,,,DDR_0AB_DQ28,DDR_0AB_DQ28,AU47,,
,,,DDR_XM0_B4D5,DDR_0AB_DQ29,unused_DDR_XM0_B4D5,,DDR_XM0_B4D[5]:b,,,,,B,,,,,,,,,ddr_xm0_b4d5,vddio_ddr0,,,,,,,LP5_DQBRICK_EFCR90,,z,,,,,,,,,,,,,,DDR_XM0_B4D[5],,,,,,,,,,,,,,,,DDR_0AB_DQ29,DDR_0AB_DQ29,AT46,,
,,,DDR_XM0_B4D6,DDR_0AB_DQ30,unused_DDR_XM0_B4D6,,DDR_XM0_B4D[6]:b,,,,,B,,,,,,,,,ddr_xm0_b4d6,vddio_ddr0,,,,,,,LP5_DQBRICK_EFCR90,,z,,,,,,,,,,,,,,DDR_XM0_B4D[6],,,,,,,,,,,,,,,,DDR_0AB_DQ30,DDR_0AB_DQ30,AU46,,
,,,DDR_XM0_B4D7,DDR_0AB_DQ31,unused_DDR_XM0_B4D7,,DDR_XM0_B4D[7]:b,,,,,B,,,,,,,,,ddr_xm0_b4d7,vddio_ddr0,,,,,,,LP5_DQBRICK_EFCR90,,z,,,,,,,,,,,,,,DDR_XM0_B4D[7],,,,,,,,,,,,,,,,DDR_0AB_DQ31,DDR_0AB_DQ31,AR47,,
,,,DDR_XM0_B4DMI,DDR_0AB_DMI3,unused_DDR_XM0_B4DMI,,DDR_XM0_B4DMI:b,,,,,B,,,,,,,,,ddr_xm0_b4dmi,vddio_ddr0,,,,,,,LP5_DQBRICK_EFCR90,,z,,,,,,,,,,,,,,DDR_XM0_B4DMI,,,,,,,,,,,,,,,,DDR_0AB_DMI3,DDR_0AB_DMI3,AV49,,
,,,DDR_XM0_B4WCK_P,DDR_0AB_WCK3_P,unused_DDR_XM0_B4WCK_P,,DDR_XM0_B4WCK_P:b,,,,,B,,,,,,,,,ddr_xm0_b4wck_p,vddio_ddr0,,,,,,,LP5_DQBRICK_EFCR90,,z,,,,,,,,,,,,,,DDR_XM0_B4WCK_P,,,,,,,,,,,,,,,,DDR_0AB_WCK3_P,DDR_0AB_WCK3_P,AR42,,
,,,DDR_XM0_B4WCK_N,DDR_0AB_WCK3_N,unused_DDR_XM0_B4WCK_N,,DDR_XM0_B4WCK_N:b,,,,,B,,,,,,,,,ddr_xm0_b4wck_n,vddio_ddr0,,,,,,,LP5_DQBRICK_EFCR90,,z,,,,,,,,,,,,,,DDR_XM0_B4WCK_N,,,,,,,,,,,,,,,,DDR_0AB_WCK3_N,DDR_0AB_WCK3_N,AR43,,
,,,DDR_XM0_B4RDQS_P,DDR_0AB_RDQS3_P,unused_DDR_XM0_B4RDQS_P,,DDR_XM0_B4RDQS_P:b,,,,,B,,,,,,,,,ddr_xm0_b4rdqs_p,vddio_ddr0,,,,,,,LP5_DQBRICK_EFCR90,,z,,,,,,,,,,,,,,DDR_XM0_B4RDQS_P,,,,,,,,,,,,,,,,DDR_0AB_RDQS3_P,DDR_0AB_RDQS3_P,AT45,,
,,,DDR_XM0_B4RDQS_N,DDR_0AB_RDQS3_N,unused_DDR_XM0_B4RDQS_N,,DDR_XM0_B4RDQS_N:b,,,,,B,,,,,,,,,ddr_xm0_b4rdqs_n,vddio_ddr0,,,,,,,LP5_DQBRICK_EFCR90,,z,,,,,,,,,,,,,,DDR_XM0_B4RDQS_N,,,,,,,,,,,,,,,,DDR_0AB_RDQS3_N,DDR_0AB_RDQS3_N,AR45,,
,,,DDR_XM0_B5D0,DDR_0CD_DQ0,unused_DDR_XM0_B5D0,,DDR_XM0_B5D[0]:b,,,,,B,,,,,,,,,ddr_xm0_b5d0,vddio_ddr0,,,,,,,LP5_DQBRICK_EFCR90,,z,,,,,,,,,,,,,,DDR_XM0_B5D[0],,,,,,,,,,,,,,,,DDR_0CD_DQ0,DDR_0CD_DQ0,AY50,,
,,,DDR_XM0_B5D1,DDR_0CD_DQ1,unused_DDR_XM0_B5D1,,DDR_XM0_B5D[1]:b,,,,,B,,,,,,,,,ddr_xm0_b5d1,vddio_ddr0,,,,,,,LP5_DQBRICK_EFCR90,,z,,,,,,,,,,,,,,DDR_XM0_B5D[1],,,,,,,,,,,,,,,,DDR_0CD_DQ1,DDR_0CD_DQ1,AY49,,
,,,DDR_XM0_B5D2,DDR_0CD_DQ2,unused_DDR_XM0_B5D2,,DDR_XM0_B5D[2]:b,,,,,B,,,,,,,,,ddr_xm0_b5d2,vddio_ddr0,,,,,,,LP5_DQBRICK_EFCR90,,z,,,,,,,,,,,,,,DDR_XM0_B5D[2],,,,,,,,,,,,,,,,DDR_0CD_DQ2,DDR_0CD_DQ2,AV48,,
,,,DDR_XM0_B5D3,DDR_0CD_DQ3,unused_DDR_XM0_B5D3,,DDR_XM0_B5D[3]:b,,,,,B,,,,,,,,,ddr_xm0_b5d3,vddio_ddr0,,,,,,,LP5_DQBRICK_EFCR90,,z,,,,,,,,,,,,,,DDR_XM0_B5D[3],,,,,,,,,,,,,,,,DDR_0CD_DQ3,DDR_0CD_DQ3,BA49,,
,,,DDR_XM0_B5D4,DDR_0CD_DQ4,unused_DDR_XM0_B5D4,,DDR_XM0_B5D[4]:b,,,,,B,,,,,,,,,ddr_xm0_b5d4,vddio_ddr0,,,,,,,LP5_DQBRICK_EFCR90,,z,,,,,,,,,,,,,,DDR_XM0_B5D[4],,,,,,,,,,,,,,,,DDR_0CD_DQ4,DDR_0CD_DQ4,AY46,,
,,,DDR_XM0_B5D5,DDR_0CD_DQ5,unused_DDR_XM0_B5D5,,DDR_XM0_B5D[5]:b,,,,,B,,,,,,,,,ddr_xm0_b5d5,vddio_ddr0,,,,,,,LP5_DQBRICK_EFCR90,,z,,,,,,,,,,,,,,DDR_XM0_B5D[5],,,,,,,,,,,,,,,,DDR_0CD_DQ5,DDR_0CD_DQ5,AV47,,
,,,DDR_XM0_B5D6,DDR_0CD_DQ6,unused_DDR_XM0_B5D6,,DDR_XM0_B5D[6]:b,,,,,B,,,,,,,,,ddr_xm0_b5d6,vddio_ddr0,,,,,,,LP5_DQBRICK_EFCR90,,z,,,,,,,,,,,,,,DDR_XM0_B5D[6],,,,,,,,,,,,,,,,DDR_0CD_DQ6,DDR_0CD_DQ6,AY47,,
,,,DDR_XM0_B5D7,DDR_0CD_DQ7,unused_DDR_XM0_B5D7,,DDR_XM0_B5D[7]:b,,,,,B,,,,,,,,,ddr_xm0_b5d7,vddio_ddr0,,,,,,,LP5_DQBRICK_EFCR90,,z,,,,,,,,,,,,,,DDR_XM0_B5D[7],,,,,,,,,,,,,,,,DDR_0CD_DQ7,DDR_0CD_DQ7,AW47,,
,,,DDR_XM0_B5DMI,DDR_0CD_DMI0,unused_DDR_XM0_B5DMI,,DDR_XM0_B5DMI:b,,,,,B,,,,,,,,,ddr_xm0_b5dmi,vddio_ddr0,,,,,,,LP5_DQBRICK_EFCR90,,z,,,,,,,,,,,,,,DDR_XM0_B5DMI,,,,,,,,,,,,,,,,DDR_0CD_DMI0,DDR_0CD_DMI0,AW48,,
,,,DDR_XM0_B5WCK_P,DDR_0CD_WCK0_P,unused_DDR_XM0_B5WCK_P,,DDR_XM0_B5WCK_P:b,,,,,B,,,,,,,,,ddr_xm0_b5wck_p,vddio_ddr0,,,,,,,LP5_DQBRICK_EFCR90,,z,,,,,,,,,,,,,,DDR_XM0_B5WCK_P,,,,,,,,,,,,,,,,DDR_0CD_WCK0_P,DDR_0CD_WCK0_P,AU44,,
,,,DDR_XM0_B5WCK_N,DDR_0CD_WCK0_N,unused_DDR_XM0_B5WCK_N,,DDR_XM0_B5WCK_N:b,,,,,B,,,,,,,,,ddr_xm0_b5wck_n,vddio_ddr0,,,,,,,LP5_DQBRICK_EFCR90,,z,,,,,,,,,,,,,,DDR_XM0_B5WCK_N,,,,,,,,,,,,,,,,DDR_0CD_WCK0_N,DDR_0CD_WCK0_N,AU43,,
,,,DDR_XM0_B5RDQS_P,DDR_0CD_RDQS0_P,unused_DDR_XM0_B5RDQS_P,,DDR_XM0_B5RDQS_P:b,,,,,B,,,,,,,,,ddr_xm0_b5rdqs_p,vddio_ddr0,,,,,,,LP5_DQBRICK_EFCR90,,z,,,,,,,,,,,,,,DDR_XM0_B5RDQS_P,,,,,,,,,,,,,,,,DDR_0CD_RDQS0_P,DDR_0CD_RDQS0_P,AV42,,
,,,DDR_XM0_B5RDQS_N,DDR_0CD_RDQS0_N,unused_DDR_XM0_B5RDQS_N,,DDR_XM0_B5RDQS_N:b,,,,,B,,,,,,,,,ddr_xm0_b5rdqs_n,vddio_ddr0,,,,,,,LP5_DQBRICK_EFCR90,,z,,,,,,,,,,,,,,DDR_XM0_B5RDQS_N,,,,,,,,,,,,,,,,DDR_0CD_RDQS0_N,DDR_0CD_RDQS0_N,AV43,,
,,,DDR_XM0_B6D0,DDR_0CD_DQ8,unused_DDR_XM0_B6D0,,DDR_XM0_B6D[0]:b,,,,,B,,,,,,,,,ddr_xm0_b6d0,vddio_ddr0,,,,,,,LP5_DQBRICK_EFCR90,,z,,,,,,,,,,,,,,DDR_XM0_B6D[0],,,,,,,,,,,,,,,,DDR_0CD_DQ8,DDR_0CD_DQ8,BC49,,
,,,DDR_XM0_B6D1,DDR_0CD_DQ9,unused_DDR_XM0_B6D1,,DDR_XM0_B6D[1]:b,,,,,B,,,,,,,,,ddr_xm0_b6d1,vddio_ddr0,,,,,,,LP5_DQBRICK_EFCR90,,z,,,,,,,,,,,,,,DDR_XM0_B6D[1],,,,,,,,,,,,,,,,DDR_0CD_DQ9,DDR_0CD_DQ9,BC50,,
,,,DDR_XM0_B6D2,DDR_0CD_DQ10,unused_DDR_XM0_B6D2,,DDR_XM0_B6D[2]:b,,,,,B,,,,,,,,,ddr_xm0_b6d2,vddio_ddr0,,,,,,,LP5_DQBRICK_EFCR90,,z,,,,,,,,,,,,,,DDR_XM0_B6D[2],,,,,,,,,,,,,,,,DDR_0CD_DQ10,DDR_0CD_DQ10,BA42,,
,,,DDR_XM0_B6D3,DDR_0CD_DQ11,unused_DDR_XM0_B6D3,,DDR_XM0_B6D[3]:b,,,,,B,,,,,,,,,ddr_xm0_b6d3,vddio_ddr0,,,,,,,LP5_DQBRICK_EFCR90,,z,,,,,,,,,,,,,,DDR_XM0_B6D[3],,,,,,,,,,,,,,,,DDR_0CD_DQ11,DDR_0CD_DQ11,AW46,,
,,,DDR_XM0_B6D4,DDR_0CD_DQ12,unused_DDR_XM0_B6D4,,DDR_XM0_B6D[4]:b,,,,,B,,,,,,,,,ddr_xm0_b6d4,vddio_ddr0,,,,,,,LP5_DQBRICK_EFCR90,,z,,,,,,,,,,,,,,DDR_XM0_B6D[4],,,,,,,,,,,,,,,,DDR_0CD_DQ12,DDR_0CD_DQ12,BA47,,
,,,DDR_XM0_B6D5,DDR_0CD_DQ13,unused_DDR_XM0_B6D5,,DDR_XM0_B6D[5]:b,,,,,B,,,,,,,,,ddr_xm0_b6d5,vddio_ddr0,,,,,,,LP5_DQBRICK_EFCR90,,z,,,,,,,,,,,,,,DDR_XM0_B6D[5],,,,,,,,,,,,,,,,DDR_0CD_DQ13,DDR_0CD_DQ13,BA44,,
,,,DDR_XM0_B6D6,DDR_0CD_DQ14,unused_DDR_XM0_B6D6,,DDR_XM0_B6D[6]:b,,,,,B,,,,,,,,,ddr_xm0_b6d6,vddio_ddr0,,,,,,,LP5_DQBRICK_EFCR90,,z,,,,,,,,,,,,,,DDR_XM0_B6D[6],,,,,,,,,,,,,,,,DDR_0CD_DQ14,DDR_0CD_DQ14,BB48,,
,,,DDR_XM0_B6D7,DDR_0CD_DQ15,unused_DDR_XM0_B6D7,,DDR_XM0_B6D[7]:b,,,,,B,,,,,,,,,ddr_xm0_b6d7,vddio_ddr0,,,,,,,LP5_DQBRICK_EFCR90,,z,,,,,,,,,,,,,,DDR_XM0_B6D[7],,,,,,,,,,,,,,,,DDR_0CD_DQ15,DDR_0CD_DQ15,BA48,,
,,,DDR_XM0_B6DMI,DDR_0CD_DMI1,unused_DDR_XM0_B6DMI,,DDR_XM0_B6DMI:b,,,,,B,,,,,,,,,ddr_xm0_b6dmi,vddio_ddr0,,,,,,,LP5_DQBRICK_EFCR90,,z,,,,,,,,,,,,,,DDR_XM0_B6DMI,,,,,,,,,,,,,,,,DDR_0CD_DMI1,DDR_0CD_DMI1,BB47,,
,,,DDR_XM0_B6WCK_P,DDR_0CD_WCK1_P,unused_DDR_XM0_B6WCK_P,,DDR_XM0_B6WCK_P:b,,,,,B,,,,,,,,,ddr_xm0_b6wck_p,vddio_ddr0,,,,,,,LP5_DQBRICK_EFCR90,,z,,,,,,,,,,,,,,DDR_XM0_B6WCK_P,,,,,,,,,,,,,,,,DDR_0CD_WCK1_P,DDR_0CD_WCK1_P,AV45,,
,,,DDR_XM0_B6WCK_N,DDR_0CD_WCK1_N,unused_DDR_XM0_B6WCK_N,,DDR_XM0_B6WCK_N:b,,,,,B,,,,,,,,,ddr_xm0_b6wck_n,vddio_ddr0,,,,,,,LP5_DQBRICK_EFCR90,,z,,,,,,,,,,,,,,DDR_XM0_B6WCK_N,,,,,,,,,,,,,,,,DDR_0CD_WCK1_N,DDR_0CD_WCK1_N,AW45,,
,,,DDR_XM0_B6RDQS_P,DDR_0CD_RDQS1_P,unused_DDR_XM0_B6RDQS_P,,DDR_XM0_B6RDQS_P:b,,,,,B,,,,,,,,,ddr_xm0_b6rdqs_p,vddio_ddr0,,,,,,,LP5_DQBRICK_EFCR90,,z,,,,,,,,,,,,,,DDR_XM0_B6RDQS_P,,,,,,,,,,,,,,,,DDR_0CD_RDQS1_P,DDR_0CD_RDQS1_P,AY43,,
,,,DDR_XM0_B6RDQS_N,DDR_0CD_RDQS1_N,unused_DDR_XM0_B6RDQS_N,,DDR_XM0_B6RDQS_N:b,,,,,B,,,,,,,,,ddr_xm0_b6rdqs_n,vddio_ddr0,,,,,,,LP5_DQBRICK_EFCR90,,z,,,,,,,,,,,,,,DDR_XM0_B6RDQS_N,,,,,,,,,,,,,,,,DDR_0CD_RDQS1_N,DDR_0CD_RDQS1_N,AY44,,
,,,DDR_XM0_B7A_CA0,DDR_0C_CA0,unused_DDR_XM0_B7A_CA0,,DDR_XM0_B7A_CA[0]:b,,,,,B,,,,,,,,,ddr_xm0_b7a_ca0,vddio_ddr0,,,,,,,LP5_CABRICK_EFCR90,,z,,,,,,,,,,,,,,DDR_XM0_B7A_CA[0],,,,,,,,,,,,,,,,DDR_0C_CA0,DDR_0C_CA0,AV51,,
,,,DDR_XM0_B7A_CA1,DDR_0C_CA1,unused_DDR_XM0_B7A_CA1,,DDR_XM0_B7A_CA[1]:b,,,,,B,,,,,,,,,ddr_xm0_b7a_ca1,vddio_ddr0,,,,,,,LP5_CABRICK_EFCR90,,z,,,,,,,,,,,,,,DDR_XM0_B7A_CA[1],,,,,,,,,,,,,,,,DDR_0C_CA1,DDR_0C_CA1,AV52,,
,,,DDR_XM0_B7A_CA2,DDR_0C_CA2,unused_DDR_XM0_B7A_CA2,,DDR_XM0_B7A_CA[2]:b,,,,,B,,,,,,,,,ddr_xm0_b7a_ca2,vddio_ddr0,,,,,,,LP5_CABRICK_EFCR90,,z,,,,,,,,,,,,,,DDR_XM0_B7A_CA[2],,,,,,,,,,,,,,,,DDR_0C_CA2,DDR_0C_CA2,AW50,,
,,,DDR_XM0_B7A_CA3,DDR_0C_CA3,unused_DDR_XM0_B7A_CA3,,DDR_XM0_B7A_CA[3]:b,,,,,B,,,,,,,,,ddr_xm0_b7a_ca3,vddio_ddr0,,,,,,,LP5_CABRICK_EFCR90,,z,,,,,,,,,,,,,,DDR_XM0_B7A_CA[3],,,,,,,,,,,,,,,,DDR_0C_CA3,DDR_0C_CA3,AW51,,
,,,DDR_XM0_B7A_CA4,DDR_0C_CA4,unused_DDR_XM0_B7A_CA4,,DDR_XM0_B7A_CA[4]:b,,,,,B,,,,,,,,,ddr_xm0_b7a_ca4,vddio_ddr0,,,,,,,LP5_CABRICK_EFCR90,,z,,,,,,,,,,,,,,DDR_XM0_B7A_CA[4],,,,,,,,,,,,,,,,DDR_0C_CA4,DDR_0C_CA4,AW52,,
,,,DDR_XM0_B7A_CA5,DDR_0C_CA5,unused_DDR_XM0_B7A_CA5,,DDR_XM0_B7A_CA[5]:b,,,,,B,,,,,,,,,ddr_xm0_b7a_ca5,vddio_ddr0,,,,,,,LP5_CABRICK_EFCR90,,z,,,,,,,,,,,,,,DDR_XM0_B7A_CA[5],,,,,,,,,,,,,,,,DDR_0C_CA5,DDR_0C_CA5,BB52,,
,,,DDR_XM0_B7A_CA6,DDR_0C_CA6,unused_DDR_XM0_B7A_CA6,,DDR_XM0_B7A_CA[6]:b,,,,,B,,,,,,,,,ddr_xm0_b7a_ca6,vddio_ddr0,,,,,,,LP5_CABRICK_EFCR90,,z,,,,,,,,,,,,,,DDR_XM0_B7A_CA[6],,,,,,,,,,,,,,,,DDR_0C_CA6,DDR_0C_CA6,BA52,,
,,,DDR_XM0_B7B_CA0,DDR_0D_CA0,unused_DDR_XM0_B7B_CA0,,DDR_XM0_B7B_CA[0]:b,,,,,B,,,,,,,,,ddr_xm0_b7b_ca0,vddio_ddr0,,,,,,,LP5_CABRICK_EFCR90,,z,,,,,,,,,,,,,,DDR_XM0_B7B_CA[0],,,,,,,,,,,,,,,,DDR_0D_CA0,DDR_0D_CA0,BH52,,
,,,DDR_XM0_B7B_CA1,DDR_0D_CA1,unused_DDR_XM0_B7B_CA1,,DDR_XM0_B7B_CA[1]:b,,,,,B,,,,,,,,,ddr_xm0_b7b_ca1,vddio_ddr0,,,,,,,LP5_CABRICK_EFCR90,,z,,,,,,,,,,,,,,DDR_XM0_B7B_CA[1],,,,,,,,,,,,,,,,DDR_0D_CA1,DDR_0D_CA1,BG52,,
,,,DDR_XM0_B7B_CA2,DDR_0D_CA2,unused_DDR_XM0_B7B_CA2,,DDR_XM0_B7B_CA[2]:b,,,,,B,,,,,,,,,ddr_xm0_b7b_ca2,vddio_ddr0,,,,,,,LP5_CABRICK_EFCR90,,z,,,,,,,,,,,,,,DDR_XM0_B7B_CA[2],,,,,,,,,,,,,,,,DDR_0D_CA2,DDR_0D_CA2,BE50,,
,,,DDR_XM0_B7B_CA3,DDR_0D_CA3,unused_DDR_XM0_B7B_CA3,,DDR_XM0_B7B_CA[3]:b,,,,,B,,,,,,,,,ddr_xm0_b7b_ca3,vddio_ddr0,,,,,,,LP5_CABRICK_EFCR90,,z,,,,,,,,,,,,,,DDR_XM0_B7B_CA[3],,,,,,,,,,,,,,,,DDR_0D_CA3,DDR_0D_CA3,BG50,,
,,,DDR_XM0_B7B_CA4,DDR_0D_CA4,unused_DDR_XM0_B7B_CA4,,DDR_XM0_B7B_CA[4]:b,,,,,B,,,,,,,,,ddr_xm0_b7b_ca4,vddio_ddr0,,,,,,,LP5_CABRICK_EFCR90,,z,,,,,,,,,,,,,,DDR_XM0_B7B_CA[4],,,,,,,,,,,,,,,,DDR_0D_CA4,DDR_0D_CA4,BE51,,
,,,DDR_XM0_B7B_CA5,DDR_0D_CA5,unused_DDR_XM0_B7B_CA5,,DDR_XM0_B7B_CA[5]:b,,,,,B,,,,,,,,,ddr_xm0_b7b_ca5,vddio_ddr0,,,,,,,LP5_CABRICK_EFCR90,,z,,,,,,,,,,,,,,DDR_XM0_B7B_CA[5],,,,,,,,,,,,,,,,DDR_0D_CA5,DDR_0D_CA5,BD52,,
,,,DDR_XM0_B7B_CA6,DDR_0D_CA6,unused_DDR_XM0_B7B_CA6,,DDR_XM0_B7B_CA[6]:b,,,,,B,,,,,,,,,ddr_xm0_b7b_ca6,vddio_ddr0,,,,,,,LP5_CABRICK_EFCR90,,z,,,,,,,,,,,,,,DDR_XM0_B7B_CA[6],,,,,,,,,,,,,,,,DDR_0D_CA6,DDR_0D_CA6,BE52,,
,,,DDR_XM0_B7A_CS_CKE0,DDR_0C_CS0,unused_DDR_XM0_B7A_CS_CKE0,,DDR_XM0_B7A_CS_CKE0:b,,,,,B,,,,,,,,,ddr_xm0_b7a_cs_cke0,vddio_ddr0,,,,,,,LP5_CABRICK_EFCR90,,0,,,,,,,,,,,,,,DDR_XM0_B7A_CS_CKE0,,,,,,,,,,,,,,,,DDR_0C_CS0,DDR_0C_CS0,BA51,,
,,,DDR_XM0_B7A_CS_CKE1,DDR_0C_CS1,unused_DDR_XM0_B7A_CS_CKE1,,DDR_XM0_B7A_CS_CKE1:b,,,,,B,,,,,,,,,ddr_xm0_b7a_cs_cke1,vddio_ddr0,,,,,,,LP5_CABRICK_EFCR90,,0,,,,,,,,,,,,,,DDR_XM0_B7A_CS_CKE1,,,,,,,,,,,,,,,,DDR_0C_CS1,DDR_0C_CS1,BA50,,
,,,DDR_XM0_B7B_CS_CKE0,DDR_0D_CS0,unused_DDR_XM0_B7B_CS_CKE0,,DDR_XM0_B7B_CS_CKE0:b,,,,,B,,,,,,,,,ddr_xm0_b7b_cs_cke0,vddio_ddr0,,,,,,,LP5_CABRICK_EFCR90,,0,,,,,,,,,,,,,,DDR_XM0_B7B_CS_CKE0,,,,,,,,,,,,,,,,DDR_0D_CS0,DDR_0D_CS0,BH51,,
,,,DDR_XM0_B7B_CS_CKE1,DDR_0D_CS1,unused_DDR_XM0_B7B_CS_CKE1,,DDR_XM0_B7B_CS_CKE1:b,,,,,B,,,,,,,,,ddr_xm0_b7b_cs_cke1,vddio_ddr0,,,,,,,LP5_CABRICK_EFCR90,,0,,,,,,,,,,,,,,DDR_XM0_B7B_CS_CKE1,,,,,,,,,,,,,,,,DDR_0D_CS1,DDR_0D_CS1,BG51,,
,,,DDR_XM0_B7A_CLK_P,DDR_0C_CLK_P,unused_DDR_XM0_B7A_CLK_P,,DDR_XM0_B7A_CLK_P:b,,,,,B,,,,,,,,,ddr_xm0_b7a_clk_p,vddio_ddr0,,,,,,,LP5_CABRICK_EFCR90,,0,,,,,,,,,,,,,,DDR_XM0_B7A_CLK_P,,,,,,,,,,,,,,,,DDR_0C_CLK_P,DDR_0C_CLK_P,BB51,,
,,,DDR_XM0_B7A_CLK_N,DDR_0C_CLK_N,unused_DDR_XM0_B7A_CLK_N,,DDR_XM0_B7A_CLK_N:b,,,,,B,,,,,,,,,ddr_xm0_b7a_clk_n,vddio_ddr0,,,,,,,LP5_CABRICK_EFCR90,,1,,,,,,,,,,,,,,DDR_XM0_B7A_CLK_N,,,,,,,,,,,,,,,,DDR_0C_CLK_N,DDR_0C_CLK_N,BB50,,
,,,DDR_XM0_B7B_CLK_P,DDR_0D_CLK_P,unused_DDR_XM0_B7B_CLK_P,,DDR_XM0_B7B_CLK_P:b,,,,,B,,,,,,,,,ddr_xm0_b7b_clk_p,vddio_ddr0,,,,,,,LP5_CABRICK_EFCR90,,0,,,,,,,,,,,,,,DDR_XM0_B7B_CLK_P,,,,,,,,,,,,,,,,DDR_0D_CLK_P,DDR_0D_CLK_P,BD50,,
,,,DDR_XM0_B7B_CLK_N,DDR_0D_CLK_N,unused_DDR_XM0_B7B_CLK_N,,DDR_XM0_B7B_CLK_N:b,,,,,B,,,,,,,,,ddr_xm0_b7b_clk_n,vddio_ddr0,,,,,,,LP5_CABRICK_EFCR90,,1,,,,,,,,,,,,,,DDR_XM0_B7B_CLK_N,,,,,,,,,,,,,,,,DDR_0D_CLK_N,DDR_0D_CLK_N,BD51,,
,,,DDR_XM0_B8D0,DDR_0CD_DQ16,unused_DDR_XM0_B8D0,,DDR_XM0_B8D[0]:b,,,,,B,,,,,,,,,ddr_xm0_b8d0,vddio_ddr0,,,,,,,LP5_DQBRICK_EFCR90,,z,,,,,,,,,,,,,,DDR_XM0_B8D[0],,,,,,,,,,,,,,,,DDR_0CD_DQ16,DDR_0CD_DQ16,BC47,,
,,,DDR_XM0_B8D1,DDR_0CD_DQ17,unused_DDR_XM0_B8D1,,DDR_XM0_B8D[1]:b,,,,,B,,,,,,,,,ddr_xm0_b8d1,vddio_ddr0,,,,,,,LP5_DQBRICK_EFCR90,,z,,,,,,,,,,,,,,DDR_XM0_B8D[1],,,,,,,,,,,,,,,,DDR_0CD_DQ17,DDR_0CD_DQ17,BE46,,
,,,DDR_XM0_B8D2,DDR_0CD_DQ18,unused_DDR_XM0_B8D2,,DDR_XM0_B8D[2]:b,,,,,B,,,,,,,,,ddr_xm0_b8d2,vddio_ddr0,,,,,,,LP5_DQBRICK_EFCR90,,z,,,,,,,,,,,,,,DDR_XM0_B8D[2],,,,,,,,,,,,,,,,DDR_0CD_DQ18,DDR_0CD_DQ18,BE48,,
,,,DDR_XM0_B8D3,DDR_0CD_DQ19,unused_DDR_XM0_B8D3,,DDR_XM0_B8D[3]:b,,,,,B,,,,,,,,,ddr_xm0_b8d3,vddio_ddr0,,,,,,,LP5_DQBRICK_EFCR90,,z,,,,,,,,,,,,,,DDR_XM0_B8D[3],,,,,,,,,,,,,,,,DDR_0CD_DQ19,DDR_0CD_DQ19,BE47,,
,,,DDR_XM0_B8D4,DDR_0CD_DQ20,unused_DDR_XM0_B8D4,,DDR_XM0_B8D[4]:b,,,,,B,,,,,,,,,ddr_xm0_b8d4,vddio_ddr0,,,,,,,LP5_DQBRICK_EFCR90,,z,,,,,,,,,,,,,,DDR_XM0_B8D[4],,,,,,,,,,,,,,,,DDR_0CD_DQ20,DDR_0CD_DQ20,BC46,,
,,,DDR_XM0_B8D5,DDR_0CD_DQ21,unused_DDR_XM0_B8D5,,DDR_XM0_B8D[5]:b,,,,,B,,,,,,,,,ddr_xm0_b8d5,vddio_ddr0,,,,,,,LP5_DQBRICK_EFCR90,,z,,,,,,,,,,,,,,DDR_XM0_B8D[5],,,,,,,,,,,,,,,,DDR_0CD_DQ21,DDR_0CD_DQ21,BD49,,
,,,DDR_XM0_B8D6,DDR_0CD_DQ22,unused_DDR_XM0_B8D6,,DDR_XM0_B8D[6]:b,,,,,B,,,,,,,,,ddr_xm0_b8d6,vddio_ddr0,,,,,,,LP5_DQBRICK_EFCR90,,z,,,,,,,,,,,,,,DDR_XM0_B8D[6],,,,,,,,,,,,,,,,DDR_0CD_DQ22,DDR_0CD_DQ22,BD48,,
,,,DDR_XM0_B8D7,DDR_0CD_DQ23,unused_DDR_XM0_B8D7,,DDR_XM0_B8D[7]:b,,,,,B,,,,,,,,,ddr_xm0_b8d7,vddio_ddr0,,,,,,,LP5_DQBRICK_EFCR90,,z,,,,,,,,,,,,,,DDR_XM0_B8D[7],,,,,,,,,,,,,,,,DDR_0CD_DQ23,DDR_0CD_DQ23,BD47,,
,,,DDR_XM0_B8DMI,DDR_0CD_DMI2,unused_DDR_XM0_B8DMI,,DDR_XM0_B8DMI:b,,,,,B,,,,,,,,,ddr_xm0_b8dmi,vddio_ddr0,,,,,,,LP5_DQBRICK_EFCR90,,z,,,,,,,,,,,,,,DDR_XM0_B8DMI,,,,,,,,,,,,,,,,DDR_0CD_DMI2,DDR_0CD_DMI2,BB46,,
,,,DDR_XM0_B8WCK_P,DDR_0CD_WCK2_P,unused_DDR_XM0_B8WCK_P,,DDR_XM0_B8WCK_P:b,,,,,B,,,,,,,,,ddr_xm0_b8wck_p,vddio_ddr0,,,,,,,LP5_DQBRICK_EFCR90,,z,,,,,,,,,,,,,,DDR_XM0_B8WCK_P,,,,,,,,,,,,,,,,DDR_0CD_WCK2_P,DDR_0CD_WCK2_P,BC44,,
,,,DDR_XM0_B8WCK_N,DDR_0CD_WCK2_N,unused_DDR_XM0_B8WCK_N,,DDR_XM0_B8WCK_N:b,,,,,B,,,,,,,,,ddr_xm0_b8wck_n,vddio_ddr0,,,,,,,LP5_DQBRICK_EFCR90,,z,,,,,,,,,,,,,,DDR_XM0_B8WCK_N,,,,,,,,,,,,,,,,DDR_0CD_WCK2_N,DDR_0CD_WCK2_N,BD45,,
,,,DDR_XM0_B8RDQS_P,DDR_0CD_RDQS2_P,unused_DDR_XM0_B8RDQS_P,,DDR_XM0_B8RDQS_P:b,,,,,B,,,,,,,,,ddr_xm0_b8rdqs_p,vddio_ddr0,,,,,,,LP5_DQBRICK_EFCR90,,z,,,,,,,,,,,,,,DDR_XM0_B8RDQS_P,,,,,,,,,,,,,,,,DDR_0CD_RDQS2_P,DDR_0CD_RDQS2_P,BB45,,
,,,DDR_XM0_B8RDQS_N,DDR_0CD_RDQS2_N,unused_DDR_XM0_B8RDQS_N,,DDR_XM0_B8RDQS_N:b,,,,,B,,,,,,,,,ddr_xm0_b8rdqs_n,vddio_ddr0,,,,,,,LP5_DQBRICK_EFCR90,,z,,,,,,,,,,,,,,DDR_XM0_B8RDQS_N,,,,,,,,,,,,,,,,DDR_0CD_RDQS2_N,DDR_0CD_RDQS2_N,BA45,,
,,,DDR_XM0_B9D0,DDR_0CD_DQ24,unused_DDR_XM0_B9D0,,DDR_XM0_B9D[0]:b,,,,,B,,,,,,,,,ddr_xm0_b9d0,vddio_ddr0,,,,,,,LP5_DQBRICK_EFCR90,,z,,,,,,,,,,,,,,DDR_XM0_B9D[0],,,,,,,,,,,,,,,,DDR_0CD_DQ24,DDR_0CD_DQ24,BK50,,
,,,DDR_XM0_B9D1,DDR_0CD_DQ25,unused_DDR_XM0_B9D1,,DDR_XM0_B9D[1]:b,,,,,B,,,,,,,,,ddr_xm0_b9d1,vddio_ddr0,,,,,,,LP5_DQBRICK_EFCR90,,z,,,,,,,,,,,,,,DDR_XM0_B9D[1],,,,,,,,,,,,,,,,DDR_0CD_DQ25,DDR_0CD_DQ25,BJ50,,
,,,DDR_XM0_B9D2,DDR_0CD_DQ26,unused_DDR_XM0_B9D2,,DDR_XM0_B9D[2]:b,,,,,B,,,,,,,,,ddr_xm0_b9d2,vddio_ddr0,,,,,,,LP5_DQBRICK_EFCR90,,z,,,,,,,,,,,,,,DDR_XM0_B9D[2],,,,,,,,,,,,,,,,DDR_0CD_DQ26,DDR_0CD_DQ26,BH50,,
,,,DDR_XM0_B9D3,DDR_0CD_DQ27,unused_DDR_XM0_B9D3,,DDR_XM0_B9D[3]:b,,,,,B,,,,,,,,,ddr_xm0_b9d3,vddio_ddr0,,,,,,,LP5_DQBRICK_EFCR90,,z,,,,,,,,,,,,,,DDR_XM0_B9D[3],,,,,,,,,,,,,,,,DDR_0CD_DQ27,DDR_0CD_DQ27,BF47,,
,,,DDR_XM0_B9D4,DDR_0CD_DQ28,unused_DDR_XM0_B9D4,,DDR_XM0_B9D[4]:b,,,,,B,,,,,,,,,ddr_xm0_b9d4,vddio_ddr0,,,,,,,LP5_DQBRICK_EFCR90,,z,,,,,,,,,,,,,,DDR_XM0_B9D[4],,,,,,,,,,,,,,,,DDR_0CD_DQ28,DDR_0CD_DQ28,BG49,,
,,,DDR_XM0_B9D5,DDR_0CD_DQ29,unused_DDR_XM0_B9D5,,DDR_XM0_B9D[5]:b,,,,,B,,,,,,,,,ddr_xm0_b9d5,vddio_ddr0,,,,,,,LP5_DQBRICK_EFCR90,,z,,,,,,,,,,,,,,DDR_XM0_B9D[5],,,,,,,,,,,,,,,,DDR_0CD_DQ29,DDR_0CD_DQ29,BG48,,
,,,DDR_XM0_B9D6,DDR_0CD_DQ30,unused_DDR_XM0_B9D6,,DDR_XM0_B9D[6]:b,,,,,B,,,,,,,,,ddr_xm0_b9d6,vddio_ddr0,,,,,,,LP5_DQBRICK_EFCR90,,z,,,,,,,,,,,,,,DDR_XM0_B9D[6],,,,,,,,,,,,,,,,DDR_0CD_DQ30,DDR_0CD_DQ30,BF50,,
,,,DDR_XM0_B9D7,DDR_0CD_DQ31,unused_DDR_XM0_B9D7,,DDR_XM0_B9D[7]:b,,,,,B,,,,,,,,,ddr_xm0_b9d7,vddio_ddr0,,,,,,,LP5_DQBRICK_EFCR90,,z,,,,,,,,,,,,,,DDR_XM0_B9D[7],,,,,,,,,,,,,,,,DDR_0CD_DQ31,DDR_0CD_DQ31,BF49,,
,,,DDR_XM0_B9DMI,DDR_0CD_DMI3,unused_DDR_XM0_B9DMI,,DDR_XM0_B9DMI:b,,,,,B,,,,,,,,,ddr_xm0_b9dmi,vddio_ddr0,,,,,,,LP5_DQBRICK_EFCR90,,z,,,,,,,,,,,,,,DDR_XM0_B9DMI,,,,,,,,,,,,,,,,DDR_0CD_DMI3,DDR_0CD_DMI3,BJ51,,
,,,DDR_XM0_B9WCK_P,DDR_0CD_WCK3_P,unused_DDR_XM0_B9WCK_P,,DDR_XM0_B9WCK_P:b,,,,,B,,,,,,,,,ddr_xm0_b9wck_p,vddio_ddr0,,,,,,,LP5_DQBRICK_EFCR90,,z,,,,,,,,,,,,,,DDR_XM0_B9WCK_P,,,,,,,,,,,,,,,,DDR_0CD_WCK3_P,DDR_0CD_WCK3_P,BH48,,
,,,DDR_XM0_B9WCK_N,DDR_0CD_WCK3_N,unused_DDR_XM0_B9WCK_N,,DDR_XM0_B9WCK_N:b,,,,,B,,,,,,,,,ddr_xm0_b9wck_n,vddio_ddr0,,,,,,,LP5_DQBRICK_EFCR90,,z,,,,,,,,,,,,,,DDR_XM0_B9WCK_N,,,,,,,,,,,,,,,,DDR_0CD_WCK3_N,DDR_0CD_WCK3_N,BH49,,
,,,DDR_XM0_B9RDQS_P,DDR_0CD_RDQS3_P,unused_DDR_XM0_B9RDQS_P,,DDR_XM0_B9RDQS_P:b,,,,,B,,,,,,,,,ddr_xm0_b9rdqs_p,vddio_ddr0,,,,,,,LP5_DQBRICK_EFCR90,,z,,,,,,,,,,,,,,DDR_XM0_B9RDQS_P,,,,,,,,,,,,,,,,DDR_0CD_RDQS3_P,DDR_0CD_RDQS3_P,BK49,,
,,,DDR_XM0_B9RDQS_N,DDR_0CD_RDQS3_N,unused_DDR_XM0_B9RDQS_N,,DDR_XM0_B9RDQS_N:b,,,,,B,,,,,,,,,ddr_xm0_b9rdqs_n,vddio_ddr0,,,,,,,LP5_DQBRICK_EFCR90,,z,,,,,,,,,,,,,,DDR_XM0_B9RDQS_N,,,,,,,,,,,,,,,,DDR_0CD_RDQS3_N,DDR_0CD_RDQS3_N,BL49,,
,,,DDR1,DDR,,,,,,,,,,,,,,,,,,,,,,,,,,,,,,,,,,,,,,,,,,,,,,,,,,,,,,,0.6V,,DDR1,DDR,,,
,,,DDR_XM1_B0D0,DDR_1AB_DQ0,unused_DDR_XM1_B0D0,,DDR_XM1_B0D[0]:b,,,,,B,,,,,,,,,ddr_xm1_b0d0,vddio_ddr1,,,,,,,LP5_DQBRICK_EFCR90,,z,,,,,,,,,,,,,,DDR_XM1_B0D[0],,,,,,,,,,,,,,,,DDR_1AB_DQ0,DDR_1AB_DQ0,AG4,,
,,,DDR_XM1_B0D1,DDR_1AB_DQ1,unused_DDR_XM1_B0D1,,DDR_XM1_B0D[1]:b,,,,,B,,,,,,,,,ddr_xm1_b0d1,vddio_ddr1,,,,,,,LP5_DQBRICK_EFCR90,,z,,,,,,,,,,,,,,DDR_XM1_B0D[1],,,,,,,,,,,,,,,,DDR_1AB_DQ1,DDR_1AB_DQ1,AH6,,
,,,DDR_XM1_B0D2,DDR_1AB_DQ2,unused_DDR_XM1_B0D2,,DDR_XM1_B0D[2]:b,,,,,B,,,,,,,,,ddr_xm1_b0d2,vddio_ddr1,,,,,,,LP5_DQBRICK_EFCR90,,z,,,,,,,,,,,,,,DDR_XM1_B0D[2],,,,,,,,,,,,,,,,DDR_1AB_DQ2,DDR_1AB_DQ2,AH3,,
,,,DDR_XM1_B0D3,DDR_1AB_DQ3,unused_DDR_XM1_B0D3,,DDR_XM1_B0D[3]:b,,,,,B,,,,,,,,,ddr_xm1_b0d3,vddio_ddr1,,,,,,,LP5_DQBRICK_EFCR90,,z,,,,,,,,,,,,,,DDR_XM1_B0D[3],,,,,,,,,,,,,,,,DDR_1AB_DQ3,DDR_1AB_DQ3,AH4,,
,,,DDR_XM1_B0D4,DDR_1AB_DQ4,unused_DDR_XM1_B0D4,,DDR_XM1_B0D[4]:b,,,,,B,,,,,,,,,ddr_xm1_b0d4,vddio_ddr1,,,,,,,LP5_DQBRICK_EFCR90,,z,,,,,,,,,,,,,,DDR_XM1_B0D[4],,,,,,,,,,,,,,,,DDR_1AB_DQ4,DDR_1AB_DQ4,AJ6,,
,,,DDR_XM1_B0D5,DDR_1AB_DQ5,unused_DDR_XM1_B0D5,,DDR_XM1_B0D[5]:b,,,,,B,,,,,,,,,ddr_xm1_b0d5,vddio_ddr1,,,,,,,LP5_DQBRICK_EFCR90,,z,,,,,,,,,,,,,,DDR_XM1_B0D[5],,,,,,,,,,,,,,,,DDR_1AB_DQ5,DDR_1AB_DQ5,AH7,,
,,,DDR_XM1_B0D6,DDR_1AB_DQ6,unused_DDR_XM1_B0D6,,DDR_XM1_B0D[6]:b,,,,,B,,,,,,,,,ddr_xm1_b0d6,vddio_ddr1,,,,,,,LP5_DQBRICK_EFCR90,,z,,,,,,,,,,,,,,DDR_XM1_B0D[6],,,,,,,,,,,,,,,,DDR_1AB_DQ6,DDR_1AB_DQ6,AJ7,,
,,,DDR_XM1_B0D7,DDR_1AB_DQ7,unused_DDR_XM1_B0D7,,DDR_XM1_B0D[7]:b,,,,,B,,,,,,,,,ddr_xm1_b0d7,vddio_ddr1,,,,,,,LP5_DQBRICK_EFCR90,,z,,,,,,,,,,,,,,DDR_XM1_B0D[7],,,,,,,,,,,,,,,,DDR_1AB_DQ7,DDR_1AB_DQ7,AG8,,
,,,DDR_XM1_B0DMI,DDR_1AB_DMI0,unused_DDR_XM1_B0DMI,,DDR_XM1_B0DMI:b,,,,,B,,,,,,,,,ddr_xm1_b0dmi,vddio_ddr1,,,,,,,LP5_DQBRICK_EFCR90,,z,,,,,,,,,,,,,,DDR_XM1_B0DMI,,,,,,,,,,,,,,,,DDR_1AB_DMI0,DDR_1AB_DMI0,AG5,,
,,,DDR_XM1_B0WCK_P,DDR_1AB_WCK0_P,unused_DDR_XM1_B0WCK_P,,DDR_XM1_B0WCK_P:b,,,,,B,,,,,,,,,ddr_xm1_b0wck_p,vddio_ddr1,,,,,,,LP5_DQBRICK_EFCR90,,z,,,,,,,,,,,,,,DDR_XM1_B0WCK_P,,,,,,,,,,,,,,,,DDR_1AB_WCK0_P,DDR_1AB_WCK0_P,AH9,,
,,,DDR_XM1_B0WCK_N,DDR_1AB_WCK0_N,unused_DDR_XM1_B0WCK_N,,DDR_XM1_B0WCK_N:b,,,,,B,,,,,,,,,ddr_xm1_b0wck_n,vddio_ddr1,,,,,,,LP5_DQBRICK_EFCR90,,z,,,,,,,,,,,,,,DDR_XM1_B0WCK_N,,,,,,,,,,,,,,,,DDR_1AB_WCK0_N,DDR_1AB_WCK0_N,AH10,,
,,,DDR_XM1_B0RDQS_P,DDR_1AB_RDQS0_P,unused_DDR_XM1_B0RDQS_P,,DDR_XM1_B0RDQS_P:b,,,,,B,,,,,,,,,ddr_xm1_b0rdqs_p,vddio_ddr1,,,,,,,LP5_DQBRICK_EFCR90,,z,,,,,,,,,,,,,,DDR_XM1_B0RDQS_P,,,,,,,,,,,,,,,,DDR_1AB_RDQS0_P,DDR_1AB_RDQS0_P,AG10,,
,,,DDR_XM1_B0RDQS_N,DDR_1AB_RDQS0_N,unused_DDR_XM1_B0RDQS_N,,DDR_XM1_B0RDQS_N:b,,,,,B,,,,,,,,,ddr_xm1_b0rdqs_n,vddio_ddr1,,,,,,,LP5_DQBRICK_EFCR90,,z,,,,,,,,,,,,,,DDR_XM1_B0RDQS_N,,,,,,,,,,,,,,,,DDR_1AB_RDQS0_N,DDR_1AB_RDQS0_N,AG11,,
,,,DDR_XM1_B1D0,DDR_1AB_DQ8,unused_DDR_XM1_B1D0,,DDR_XM1_B1D[0]:b,,,,,B,,,,,,,,,ddr_xm1_b1d0,vddio_ddr1,,,,,,,LP5_DQBRICK_EFCR90,,z,,,,,,,,,,,,,,DDR_XM1_B1D[0],,,,,,,,,,,,,,,,DDR_1AB_DQ8,DDR_1AB_DQ8,AL9,,
,,,DDR_XM1_B1D1,DDR_1AB_DQ9,unused_DDR_XM1_B1D1,,DDR_XM1_B1D[1]:b,,,,,B,,,,,,,,,ddr_xm1_b1d1,vddio_ddr1,,,,,,,LP5_DQBRICK_EFCR90,,z,,,,,,,,,,,,,,DDR_XM1_B1D[1],,,,,,,,,,,,,,,,DDR_1AB_DQ9,DDR_1AB_DQ9,AL6,,
,,,DDR_XM1_B1D2,DDR_1AB_DQ10,unused_DDR_XM1_B1D2,,DDR_XM1_B1D[2]:b,,,,,B,,,,,,,,,ddr_xm1_b1d2,vddio_ddr1,,,,,,,LP5_DQBRICK_EFCR90,,z,,,,,,,,,,,,,,DDR_XM1_B1D[2],,,,,,,,,,,,,,,,DDR_1AB_DQ10,DDR_1AB_DQ10,AL3,,
,,,DDR_XM1_B1D3,DDR_1AB_DQ11,unused_DDR_XM1_B1D3,,DDR_XM1_B1D[3]:b,,,,,B,,,,,,,,,ddr_xm1_b1d3,vddio_ddr1,,,,,,,LP5_DQBRICK_EFCR90,,z,,,,,,,,,,,,,,DDR_XM1_B1D[3],,,,,,,,,,,,,,,,DDR_1AB_DQ11,DDR_1AB_DQ11,AK4,,
,,,DDR_XM1_B1D4,DDR_1AB_DQ12,unused_DDR_XM1_B1D4,,DDR_XM1_B1D[4]:b,,,,,B,,,,,,,,,ddr_xm1_b1d4,vddio_ddr1,,,,,,,LP5_DQBRICK_EFCR90,,z,,,,,,,,,,,,,,DDR_XM1_B1D[4],,,,,,,,,,,,,,,,DDR_1AB_DQ12,DDR_1AB_DQ12,AK6,,
,,,DDR_XM1_B1D5,DDR_1AB_DQ13,unused_DDR_XM1_B1D5,,DDR_XM1_B1D[5]:b,,,,,B,,,,,,,,,ddr_xm1_b1d5,vddio_ddr1,,,,,,,LP5_DQBRICK_EFCR90,,z,,,,,,,,,,,,,,DDR_XM1_B1D[5],,,,,,,,,,,,,,,,DDR_1AB_DQ13,DDR_1AB_DQ13,AK5,,
,,,DDR_XM1_B1D6,DDR_1AB_DQ14,unused_DDR_XM1_B1D6,,DDR_XM1_B1D[6]:b,,,,,B,,,,,,,,,ddr_xm1_b1d6,vddio_ddr1,,,,,,,LP5_DQBRICK_EFCR90,,z,,,,,,,,,,,,,,DDR_XM1_B1D[6],,,,,,,,,,,,,,,,DDR_1AB_DQ14,DDR_1AB_DQ14,AJ5,,
,,,DDR_XM1_B1D7,DDR_1AB_DQ15,unused_DDR_XM1_B1D7,,DDR_XM1_B1D[7]:b,,,,,B,,,,,,,,,ddr_xm1_b1d7,vddio_ddr1,,,,,,,LP5_DQBRICK_EFCR90,,z,,,,,,,,,,,,,,DDR_XM1_B1D[7],,,,,,,,,,,,,,,,DDR_1AB_DQ15,DDR_1AB_DQ15,AL11,,
,,,DDR_XM1_B1DMI,DDR_1AB_DMI1,unused_DDR_XM1_B1DMI,,DDR_XM1_B1DMI:b,,,,,B,,,,,,,,,ddr_xm1_b1dmi,vddio_ddr1,,,,,,,LP5_DQBRICK_EFCR90,,z,,,,,,,,,,,,,,DDR_XM1_B1DMI,,,,,,,,,,,,,,,,DDR_1AB_DMI1,DDR_1AB_DMI1,AL7,,
,,,DDR_XM1_B1WCK_P,DDR_1AB_WCK1_P,unused_DDR_XM1_B1WCK_P,,DDR_XM1_B1WCK_P:b,,,,,B,,,,,,,,,ddr_xm1_b1wck_p,vddio_ddr1,,,,,,,LP5_DQBRICK_EFCR90,,z,,,,,,,,,,,,,,DDR_XM1_B1WCK_P,,,,,,,,,,,,,,,,DDR_1AB_WCK1_P,DDR_1AB_WCK1_P,AJ8,,
,,,DDR_XM1_B1WCK_N,DDR_1AB_WCK1_N,unused_DDR_XM1_B1WCK_N,,DDR_XM1_B1WCK_N:b,,,,,B,,,,,,,,,ddr_xm1_b1wck_n,vddio_ddr1,,,,,,,LP5_DQBRICK_EFCR90,,z,,,,,,,,,,,,,,DDR_XM1_B1WCK_N,,,,,,,,,,,,,,,,DDR_1AB_WCK1_N,DDR_1AB_WCK1_N,AK8,,
,,,DDR_XM1_B1RDQS_P,DDR_1AB_RDQS1_P,unused_DDR_XM1_B1RDQS_P,,DDR_XM1_B1RDQS_P:b,,,,,B,,,,,,,,,ddr_xm1_b1rdqs_p,vddio_ddr1,,,,,,,LP5_DQBRICK_EFCR90,,z,,,,,,,,,,,,,,DDR_XM1_B1RDQS_P,,,,,,,,,,,,,,,,DDR_1AB_RDQS1_P,DDR_1AB_RDQS1_P,AK10,,
,,,DDR_XM1_B1RDQS_N,DDR_1AB_RDQS1_N,unused_DDR_XM1_B1RDQS_N,,DDR_XM1_B1RDQS_N:b,,,,,B,,,,,,,,,ddr_xm1_b1rdqs_n,vddio_ddr1,,,,,,,LP5_DQBRICK_EFCR90,,z,,,,,,,,,,,,,,DDR_XM1_B1RDQS_N,,,,,,,,,,,,,,,,DDR_1AB_RDQS1_N,DDR_1AB_RDQS1_N,AK11,,
,,,DDR_XM1_B2A_CA0,DDR_1A_CA0,unused_DDR_XM1_B2A_CA0,,DDR_XM1_B2A_CA[0]:b,,,,,B,,,,,,,,,ddr_xm1_b2a_ca0,vddio_ddr1,,,,,,,LP5_CABRICK_EFCR90,,z,,,,,,,,,,,,,,DDR_XM1_B2A_CA[0],,,,,,,,,,,,,,,,DDR_1A_CA0,DDR_1A_CA0,AG3,,
,,,DDR_XM1_B2A_CA1,DDR_1A_CA1,unused_DDR_XM1_B2A_CA1,,DDR_XM1_B2A_CA[1]:b,,,,,B,,,,,,,,,ddr_xm1_b2a_ca1,vddio_ddr1,,,,,,,LP5_CABRICK_EFCR90,,z,,,,,,,,,,,,,,DDR_XM1_B2A_CA[1],,,,,,,,,,,,,,,,DDR_1A_CA1,DDR_1A_CA1,AJ1,,
,,,DDR_XM1_B2A_CA2,DDR_1A_CA2,unused_DDR_XM1_B2A_CA2,,DDR_XM1_B2A_CA[2]:b,,,,,B,,,,,,,,,ddr_xm1_b2a_ca2,vddio_ddr1,,,,,,,LP5_CABRICK_EFCR90,,z,,,,,,,,,,,,,,DDR_XM1_B2A_CA[2],,,,,,,,,,,,,,,,DDR_1A_CA2,DDR_1A_CA2,AK3,,
,,,DDR_XM1_B2A_CA3,DDR_1A_CA3,unused_DDR_XM1_B2A_CA3,,DDR_XM1_B2A_CA[3]:b,,,,,B,,,,,,,,,ddr_xm1_b2a_ca3,vddio_ddr1,,,,,,,LP5_CABRICK_EFCR90,,z,,,,,,,,,,,,,,DDR_XM1_B2A_CA[3],,,,,,,,,,,,,,,,DDR_1A_CA3,DDR_1A_CA3,AK2,,
,,,DDR_XM1_B2A_CA4,DDR_1A_CA4,unused_DDR_XM1_B2A_CA4,,DDR_XM1_B2A_CA[4]:b,,,,,B,,,,,,,,,ddr_xm1_b2a_ca4,vddio_ddr1,,,,,,,LP5_CABRICK_EFCR90,,z,,,,,,,,,,,,,,DDR_XM1_B2A_CA[4],,,,,,,,,,,,,,,,DDR_1A_CA4,DDR_1A_CA4,AJ2,,
,,,DDR_XM1_B2A_CA5,DDR_1A_CA5,unused_DDR_XM1_B2A_CA5,,DDR_XM1_B2A_CA[5]:b,,,,,B,,,,,,,,,ddr_xm1_b2a_ca5,vddio_ddr1,,,,,,,LP5_CABRICK_EFCR90,,z,,,,,,,,,,,,,,DDR_XM1_B2A_CA[5],,,,,,,,,,,,,,,,DDR_1A_CA5,DDR_1A_CA5,AK1,,
,,,DDR_XM1_B2A_CA6,DDR_1A_CA6,unused_DDR_XM1_B2A_CA6,,DDR_XM1_B2A_CA[6]:b,,,,,B,,,,,,,,,ddr_xm1_b2a_ca6,vddio_ddr1,,,,,,,LP5_CABRICK_EFCR90,,z,,,,,,,,,,,,,,DDR_XM1_B2A_CA[6],,,,,,,,,,,,,,,,DDR_1A_CA6,DDR_1A_CA6,AG1,,
,,,DDR_XM1_B2B_CA0,DDR_1B_CA0,unused_DDR_XM1_B2B_CA0,,DDR_XM1_B2B_CA[0]:b,,,,,B,,,,,,,,,ddr_xm1_b2b_ca0,vddio_ddr1,,,,,,,LP5_CABRICK_EFCR90,,z,,,,,,,,,,,,,,DDR_XM1_B2B_CA[0],,,,,,,,,,,,,,,,DDR_1B_CA0,DDR_1B_CA0,AV3,,
,,,DDR_XM1_B2B_CA1,DDR_1B_CA1,unused_DDR_XM1_B2B_CA1,,DDR_XM1_B2B_CA[1]:b,,,,,B,,,,,,,,,ddr_xm1_b2b_ca1,vddio_ddr1,,,,,,,LP5_CABRICK_EFCR90,,z,,,,,,,,,,,,,,DDR_XM1_B2B_CA[1],,,,,,,,,,,,,,,,DDR_1B_CA1,DDR_1B_CA1,AT3,,
,,,DDR_XM1_B2B_CA2,DDR_1B_CA2,unused_DDR_XM1_B2B_CA2,,DDR_XM1_B2B_CA[2]:b,,,,,B,,,,,,,,,ddr_xm1_b2b_ca2,vddio_ddr1,,,,,,,LP5_CABRICK_EFCR90,,z,,,,,,,,,,,,,,DDR_XM1_B2B_CA[2],,,,,,,,,,,,,,,,DDR_1B_CA2,DDR_1B_CA2,AN3,,
,,,DDR_XM1_B2B_CA3,DDR_1B_CA3,unused_DDR_XM1_B2B_CA3,,DDR_XM1_B2B_CA[3]:b,,,,,B,,,,,,,,,ddr_xm1_b2b_ca3,vddio_ddr1,,,,,,,LP5_CABRICK_EFCR90,,z,,,,,,,,,,,,,,DDR_XM1_B2B_CA[3],,,,,,,,,,,,,,,,DDR_1B_CA3,DDR_1B_CA3,AN2,,
,,,DDR_XM1_B2B_CA4,DDR_1B_CA4,unused_DDR_XM1_B2B_CA4,,DDR_XM1_B2B_CA[4]:b,,,,,B,,,,,,,,,ddr_xm1_b2b_ca4,vddio_ddr1,,,,,,,LP5_CABRICK_EFCR90,,z,,,,,,,,,,,,,,DDR_XM1_B2B_CA[4],,,,,,,,,,,,,,,,DDR_1B_CA4,DDR_1B_CA4,AT2,,
,,,DDR_XM1_B2B_CA5,DDR_1B_CA5,unused_DDR_XM1_B2B_CA5,,DDR_XM1_B2B_CA[5]:b,,,,,B,,,,,,,,,ddr_xm1_b2b_ca5,vddio_ddr1,,,,,,,LP5_CABRICK_EFCR90,,z,,,,,,,,,,,,,,DDR_XM1_B2B_CA[5],,,,,,,,,,,,,,,,DDR_1B_CA5,DDR_1B_CA5,AR1,,
,,,DDR_XM1_B2B_CA6,DDR_1B_CA6,unused_DDR_XM1_B2B_CA6,,DDR_XM1_B2B_CA[6]:b,,,,,B,,,,,,,,,ddr_xm1_b2b_ca6,vddio_ddr1,,,,,,,LP5_CABRICK_EFCR90,,z,,,,,,,,,,,,,,DDR_XM1_B2B_CA[6],,,,,,,,,,,,,,,,DDR_1B_CA6,DDR_1B_CA6,AT1,,
,,,DDR_XM1_B2A_CS_CKE0,DDR_1A_CS0,unused_DDR_XM1_B2A_CS_CKE0,,DDR_XM1_B2A_CS_CKE0:b,,,,,B,,,,,,,,,ddr_xm1_b2a_cs_cke0,vddio_ddr1,,,,,,,LP5_CABRICK_EFCR90,,0,,,,,,,,,,,,,,DDR_XM1_B2A_CS_CKE0,,,,,,,,,,,,,,,,DDR_1A_CS0,DDR_1A_CS0,AG2,,
,,,DDR_XM1_B2A_CS_CKE1,DDR_1A_CS1,unused_DDR_XM1_B2A_CS_CKE1,,DDR_XM1_B2A_CS_CKE1:b,,,,,B,,,,,,,,,ddr_xm1_b2a_cs_cke1,vddio_ddr1,,,,,,,LP5_CABRICK_EFCR90,,0,,,,,,,,,,,,,,DDR_XM1_B2A_CS_CKE1,,,,,,,,,,,,,,,,DDR_1A_CS1,DDR_1A_CS1,AJ3,,
,,,DDR_XM1_B2B_CS_CKE0,DDR_1B_CS0,unused_DDR_XM1_B2B_CS_CKE0,,DDR_XM1_B2B_CS_CKE0:b,,,,,B,,,,,,,,,ddr_xm1_b2b_cs_cke0,vddio_ddr1,,,,,,,LP5_CABRICK_EFCR90,,0,,,,,,,,,,,,,,DDR_XM1_B2B_CS_CKE0,,,,,,,,,,,,,,,,DDR_1B_CS0,DDR_1B_CS0,AR3,,
,,,DDR_XM1_B2B_CS_CKE1,DDR_1B_CS1,unused_DDR_XM1_B2B_CS_CKE1,,DDR_XM1_B2B_CS_CKE1:b,,,,,B,,,,,,,,,ddr_xm1_b2b_cs_cke1,vddio_ddr1,,,,,,,LP5_CABRICK_EFCR90,,0,,,,,,,,,,,,,,DDR_XM1_B2B_CS_CKE1,,,,,,,,,,,,,,,,DDR_1B_CS1,DDR_1B_CS1,AR2,,
,,,DDR_XM1_B2A_CLK_P,DDR_1A_CLK_P,unused_DDR_XM1_B2A_CLK_P,,DDR_XM1_B2A_CLK_P:b,,,,,B,,,,,,,,,ddr_xm1_b2a_clk_p,vddio_ddr1,,,,,,,LP5_CABRICK_EFCR90,,0,,,,,,,,,,,,,,DDR_XM1_B2A_CLK_P,,,,,,,,,,,,,,,,DDR_1A_CLK_P,DDR_1A_CLK_P,AM3,,
,,,DDR_XM1_B2A_CLK_N,DDR_1A_CLK_N,unused_DDR_XM1_B2A_CLK_N,,DDR_XM1_B2A_CLK_N:b,,,,,B,,,,,,,,,ddr_xm1_b2a_clk_n,vddio_ddr1,,,,,,,LP5_CABRICK_EFCR90,,1,,,,,,,,,,,,,,DDR_XM1_B2A_CLK_N,,,,,,,,,,,,,,,,DDR_1A_CLK_N,DDR_1A_CLK_N,AM2,,
,,,DDR_XM1_B2B_CLK_P,DDR_1B_CLK_P,unused_DDR_XM1_B2B_CLK_P,,DDR_XM1_B2B_CLK_P:b,,,,,B,,,,,,,,,ddr_xm1_b2b_clk_p,vddio_ddr1,,,,,,,LP5_CABRICK_EFCR90,,0,,,,,,,,,,,,,,DDR_XM1_B2B_CLK_P,,,,,,,,,,,,,,,,DDR_1B_CLK_P,DDR_1B_CLK_P,AN1,,
,,,DDR_XM1_B2B_CLK_N,DDR_1B_CLK_N,unused_DDR_XM1_B2B_CLK_N,,DDR_XM1_B2B_CLK_N:b,,,,,B,,,,,,,,,ddr_xm1_b2b_clk_n,vddio_ddr1,,,,,,,LP5_CABRICK_EFCR90,,1,,,,,,,,,,,,,,DDR_XM1_B2B_CLK_N,,,,,,,,,,,,,,,,DDR_1B_CLK_N,DDR_1B_CLK_N,AM1,,
,,,DDR_XM1_B3D0,DDR_1AB_DQ16,unused_DDR_XM1_B3D0,,DDR_XM1_B3D[0]:b,,,,,B,,,,,,,,,ddr_xm1_b3d0,vddio_ddr1,,,,,,,LP5_DQBRICK_EFCR90,,z,,,,,,,,,,,,,,DDR_XM1_B3D[0],,,,,,,,,,,,,,,,DDR_1AB_DQ16,DDR_1AB_DQ16,AM5,,
,,,DDR_XM1_B3D1,DDR_1AB_DQ17,unused_DDR_XM1_B3D1,,DDR_XM1_B3D[1]:b,,,,,B,,,,,,,,,ddr_xm1_b3d1,vddio_ddr1,,,,,,,LP5_DQBRICK_EFCR90,,z,,,,,,,,,,,,,,DDR_XM1_B3D[1],,,,,,,,,,,,,,,,DDR_1AB_DQ17,DDR_1AB_DQ17,AM6,,
,,,DDR_XM1_B3D2,DDR_1AB_DQ18,unused_DDR_XM1_B3D2,,DDR_XM1_B3D[2]:b,,,,,B,,,,,,,,,ddr_xm1_b3d2,vddio_ddr1,,,,,,,LP5_DQBRICK_EFCR90,,z,,,,,,,,,,,,,,DDR_XM1_B3D[2],,,,,,,,,,,,,,,,DDR_1AB_DQ18,DDR_1AB_DQ18,AN4,,
,,,DDR_XM1_B3D3,DDR_1AB_DQ19,unused_DDR_XM1_B3D3,,DDR_XM1_B3D[3]:b,,,,,B,,,,,,,,,ddr_xm1_b3d3,vddio_ddr1,,,,,,,LP5_DQBRICK_EFCR90,,z,,,,,,,,,,,,,,DDR_XM1_B3D[3],,,,,,,,,,,,,,,,DDR_1AB_DQ19,DDR_1AB_DQ19,AL4,,
,,,DDR_XM1_B3D4,DDR_1AB_DQ20,unused_DDR_XM1_B3D4,,DDR_XM1_B3D[4]:b,,,,,B,,,,,,,,,ddr_xm1_b3d4,vddio_ddr1,,,,,,,LP5_DQBRICK_EFCR90,,z,,,,,,,,,,,,,,DDR_XM1_B3D[4],,,,,,,,,,,,,,,,DDR_1AB_DQ20,DDR_1AB_DQ20,AN6,,
,,,DDR_XM1_B3D5,DDR_1AB_DQ21,unused_DDR_XM1_B3D5,,DDR_XM1_B3D[5]:b,,,,,B,,,,,,,,,ddr_xm1_b3d5,vddio_ddr1,,,,,,,LP5_DQBRICK_EFCR90,,z,,,,,,,,,,,,,,DDR_XM1_B3D[5],,,,,,,,,,,,,,,,DDR_1AB_DQ21,DDR_1AB_DQ21,AN5,,
,,,DDR_XM1_B3D6,DDR_1AB_DQ22,unused_DDR_XM1_B3D6,,DDR_XM1_B3D[6]:b,,,,,B,,,,,,,,,ddr_xm1_b3d6,vddio_ddr1,,,,,,,LP5_DQBRICK_EFCR90,,z,,,,,,,,,,,,,,DDR_XM1_B3D[6],,,,,,,,,,,,,,,,DDR_1AB_DQ22,DDR_1AB_DQ22,AP6,,
,,,DDR_XM1_B3D7,DDR_1AB_DQ23,unused_DDR_XM1_B3D7,,DDR_XM1_B3D[7]:b,,,,,B,,,,,,,,,ddr_xm1_b3d7,vddio_ddr1,,,,,,,LP5_DQBRICK_EFCR90,,z,,,,,,,,,,,,,,DDR_XM1_B3D[7],,,,,,,,,,,,,,,,DDR_1AB_DQ23,DDR_1AB_DQ23,AP7,,
,,,DDR_XM1_B3DMI,DDR_1AB_DMI2,unused_DDR_XM1_B3DMI,,DDR_XM1_B3DMI:b,,,,,B,,,,,,,,,ddr_xm1_b3dmi,vddio_ddr1,,,,,,,LP5_DQBRICK_EFCR90,,z,,,,,,,,,,,,,,DDR_XM1_B3DMI,,,,,,,,,,,,,,,,DDR_1AB_DMI2,DDR_1AB_DMI2,AM7,,
,,,DDR_XM1_B3WCK_P,DDR_1AB_WCK2_P,unused_DDR_XM1_B3WCK_P,,DDR_XM1_B3WCK_P:b,,,,,B,,,,,,,,,ddr_xm1_b3wck_p,vddio_ddr1,,,,,,,LP5_DQBRICK_EFCR90,,z,,,,,,,,,,,,,,DDR_XM1_B3WCK_P,,,,,,,,,,,,,,,,DDR_1AB_WCK2_P,DDR_1AB_WCK2_P,AN11,,
,,,DDR_XM1_B3WCK_N,DDR_1AB_WCK2_N,unused_DDR_XM1_B3WCK_N,,DDR_XM1_B3WCK_N:b,,,,,B,,,,,,,,,ddr_xm1_b3wck_n,vddio_ddr1,,,,,,,LP5_DQBRICK_EFCR90,,z,,,,,,,,,,,,,,DDR_XM1_B3WCK_N,,,,,,,,,,,,,,,,DDR_1AB_WCK2_N,DDR_1AB_WCK2_N,AN10,,
,,,DDR_XM1_B3RDQS_P,DDR_1AB_RDQS2_P,unused_DDR_XM1_B3RDQS_P,,DDR_XM1_B3RDQS_P:b,,,,,B,,,,,,,,,ddr_xm1_b3rdqs_p,vddio_ddr1,,,,,,,LP5_DQBRICK_EFCR90,,z,,,,,,,,,,,,,,DDR_XM1_B3RDQS_P,,,,,,,,,,,,,,,,DDR_1AB_RDQS2_P,DDR_1AB_RDQS2_P,AN8,,
,,,DDR_XM1_B3RDQS_N,DDR_1AB_RDQS2_N,unused_DDR_XM1_B3RDQS_N,,DDR_XM1_B3RDQS_N:b,,,,,B,,,,,,,,,ddr_xm1_b3rdqs_n,vddio_ddr1,,,,,,,LP5_DQBRICK_EFCR90,,z,,,,,,,,,,,,,,DDR_XM1_B3RDQS_N,,,,,,,,,,,,,,,,DDR_1AB_RDQS2_N,DDR_1AB_RDQS2_N,AM8,,
,,,DDR_XM1_B4D0,DDR_1AB_DQ24,unused_DDR_XM1_B4D0,,DDR_XM1_B4D[0]:b,,,,,B,,,,,,,,,ddr_xm1_b4d0,vddio_ddr1,,,,,,,LP5_DQBRICK_EFCR90,,z,,,,,,,,,,,,,,DDR_XM1_B4D[0],,,,,,,,,,,,,,,,DDR_1AB_DQ24,DDR_1AB_DQ24,AU7,,
,,,DDR_XM1_B4D1,DDR_1AB_DQ25,unused_DDR_XM1_B4D1,,DDR_XM1_B4D[1]:b,,,,,B,,,,,,,,,ddr_xm1_b4d1,vddio_ddr1,,,,,,,LP5_DQBRICK_EFCR90,,z,,,,,,,,,,,,,,DDR_XM1_B4D[1],,,,,,,,,,,,,,,,DDR_1AB_DQ25,DDR_1AB_DQ25,AT4,,
,,,DDR_XM1_B4D2,DDR_1AB_DQ26,unused_DDR_XM1_B4D2,,DDR_XM1_B4D[2]:b,,,,,B,,,,,,,,,ddr_xm1_b4d2,vddio_ddr1,,,,,,,LP5_DQBRICK_EFCR90,,z,,,,,,,,,,,,,,DDR_XM1_B4D[2],,,,,,,,,,,,,,,,DDR_1AB_DQ26,DDR_1AB_DQ26,AT6,,
,,,DDR_XM1_B4D3,DDR_1AB_DQ27,unused_DDR_XM1_B4D3,,DDR_XM1_B4D[3]:b,,,,,B,,,,,,,,,ddr_xm1_b4d3,vddio_ddr1,,,,,,,LP5_DQBRICK_EFCR90,,z,,,,,,,,,,,,,,DDR_XM1_B4D[3],,,,,,,,,,,,,,,,DDR_1AB_DQ27,DDR_1AB_DQ27,AR5,,
,,,DDR_XM1_B4D4,DDR_1AB_DQ28,unused_DDR_XM1_B4D4,,DDR_XM1_B4D[4]:b,,,,,B,,,,,,,,,ddr_xm1_b4d4,vddio_ddr1,,,,,,,LP5_DQBRICK_EFCR90,,z,,,,,,,,,,,,,,DDR_XM1_B4D[4],,,,,,,,,,,,,,,,DDR_1AB_DQ28,DDR_1AB_DQ28,AR6,,
,,,DDR_XM1_B4D5,DDR_1AB_DQ29,unused_DDR_XM1_B4D5,,DDR_XM1_B4D[5]:b,,,,,B,,,,,,,,,ddr_xm1_b4d5,vddio_ddr1,,,,,,,LP5_DQBRICK_EFCR90,,z,,,,,,,,,,,,,,DDR_XM1_B4D[5],,,,,,,,,,,,,,,,DDR_1AB_DQ29,DDR_1AB_DQ29,AR7,,
,,,DDR_XM1_B4D6,DDR_1AB_DQ30,unused_DDR_XM1_B4D6,,DDR_XM1_B4D[6]:b,,,,,B,,,,,,,,,ddr_xm1_b4d6,vddio_ddr1,,,,,,,LP5_DQBRICK_EFCR90,,z,,,,,,,,,,,,,,DDR_XM1_B4D[6],,,,,,,,,,,,,,,,DDR_1AB_DQ30,DDR_1AB_DQ30,AP3,,
,,,DDR_XM1_B4D7,DDR_1AB_DQ31,unused_DDR_XM1_B4D7,,DDR_XM1_B4D[7]:b,,,,,B,,,,,,,,,ddr_xm1_b4d7,vddio_ddr1,,,,,,,LP5_DQBRICK_EFCR90,,z,,,,,,,,,,,,,,DDR_XM1_B4D[7],,,,,,,,,,,,,,,,DDR_1AB_DQ31,DDR_1AB_DQ31,AP4,,
,,,DDR_XM1_B4DMI,DDR_1AB_DMI3,unused_DDR_XM1_B4DMI,,DDR_XM1_B4DMI:b,,,,,B,,,,,,,,,ddr_xm1_b4dmi,vddio_ddr1,,,,,,,LP5_DQBRICK_EFCR90,,z,,,,,,,,,,,,,,DDR_XM1_B4DMI,,,,,,,,,,,,,,,,DDR_1AB_DMI3,DDR_1AB_DMI3,AT5,,
,,,DDR_XM1_B4WCK_P,DDR_1AB_WCK3_P,unused_DDR_XM1_B4WCK_P,,DDR_XM1_B4WCK_P:b,,,,,B,,,,,,,,,ddr_xm1_b4wck_p,vddio_ddr1,,,,,,,LP5_DQBRICK_EFCR90,,z,,,,,,,,,,,,,,DDR_XM1_B4WCK_P,,,,,,,,,,,,,,,,DDR_1AB_WCK3_P,DDR_1AB_WCK3_P,AT8,,
,,,DDR_XM1_B4WCK_N,DDR_1AB_WCK3_N,unused_DDR_XM1_B4WCK_N,,DDR_XM1_B4WCK_N:b,,,,,B,,,,,,,,,ddr_xm1_b4wck_n,vddio_ddr1,,,,,,,LP5_DQBRICK_EFCR90,,z,,,,,,,,,,,,,,DDR_XM1_B4WCK_N,,,,,,,,,,,,,,,,DDR_1AB_WCK3_N,DDR_1AB_WCK3_N,AR8,,
,,,DDR_XM1_B4RDQS_P,DDR_1AB_RDQS3_P,unused_DDR_XM1_B4RDQS_P,,DDR_XM1_B4RDQS_P:b,,,,,B,,,,,,,,,ddr_xm1_b4rdqs_p,vddio_ddr1,,,,,,,LP5_DQBRICK_EFCR90,,z,,,,,,,,,,,,,,DDR_XM1_B4RDQS_P,,,,,,,,,,,,,,,,DDR_1AB_RDQS3_P,DDR_1AB_RDQS3_P,AP9,,
,,,DDR_XM1_B4RDQS_N,DDR_1AB_RDQS3_N,unused_DDR_XM1_B4RDQS_N,,DDR_XM1_B4RDQS_N:b,,,,,B,,,,,,,,,ddr_xm1_b4rdqs_n,vddio_ddr1,,,,,,,LP5_DQBRICK_EFCR90,,z,,,,,,,,,,,,,,DDR_XM1_B4RDQS_N,,,,,,,,,,,,,,,,DDR_1AB_RDQS3_N,DDR_1AB_RDQS3_N,AP10,,
,,,DDR_XM1_B5D0,DDR_1CD_DQ0,unused_DDR_XM1_B5D0,,DDR_XM1_B5D[0]:b,,,,,B,,,,,,,,,ddr_xm1_b5d0,vddio_ddr1,,,,,,,LP5_DQBRICK_EFCR90,,z,,,,,,,,,,,,,,DDR_XM1_B5D[0],,,,,,,,,,,,,,,,DDR_1CD_DQ0,DDR_1CD_DQ0,AU3,,
,,,DDR_XM1_B5D1,DDR_1CD_DQ1,unused_DDR_XM1_B5D1,,DDR_XM1_B5D[1]:b,,,,,B,,,,,,,,,ddr_xm1_b5d1,vddio_ddr1,,,,,,,LP5_DQBRICK_EFCR90,,z,,,,,,,,,,,,,,DDR_XM1_B5D[1],,,,,,,,,,,,,,,,DDR_1CD_DQ1,DDR_1CD_DQ1,AU4,,
,,,DDR_XM1_B5D2,DDR_1CD_DQ2,unused_DDR_XM1_B5D2,,DDR_XM1_B5D[2]:b,,,,,B,,,,,,,,,ddr_xm1_b5d2,vddio_ddr1,,,,,,,LP5_DQBRICK_EFCR90,,z,,,,,,,,,,,,,,DDR_XM1_B5D[2],,,,,,,,,,,,,,,,DDR_1CD_DQ2,DDR_1CD_DQ2,AV7,,
,,,DDR_XM1_B5D3,DDR_1CD_DQ3,unused_DDR_XM1_B5D3,,DDR_XM1_B5D[3]:b,,,,,B,,,,,,,,,ddr_xm1_b5d3,vddio_ddr1,,,,,,,LP5_DQBRICK_EFCR90,,z,,,,,,,,,,,,,,DDR_XM1_B5D[3],,,,,,,,,,,,,,,,DDR_1CD_DQ3,DDR_1CD_DQ3,AW5,,
,,,DDR_XM1_B5D4,DDR_1CD_DQ4,unused_DDR_XM1_B5D4,,DDR_XM1_B5D[4]:b,,,,,B,,,,,,,,,ddr_xm1_b5d4,vddio_ddr1,,,,,,,LP5_DQBRICK_EFCR90,,z,,,,,,,,,,,,,,DDR_XM1_B5D[4],,,,,,,,,,,,,,,,DDR_1CD_DQ4,DDR_1CD_DQ4,AW4,,
,,,DDR_XM1_B5D5,DDR_1CD_DQ5,unused_DDR_XM1_B5D5,,DDR_XM1_B5D[5]:b,,,,,B,,,,,,,,,ddr_xm1_b5d5,vddio_ddr1,,,,,,,LP5_DQBRICK_EFCR90,,z,,,,,,,,,,,,,,DDR_XM1_B5D[5],,,,,,,,,,,,,,,,DDR_1CD_DQ5,DDR_1CD_DQ5,AU6,,
,,,DDR_XM1_B5D6,DDR_1CD_DQ6,unused_DDR_XM1_B5D6,,DDR_XM1_B5D[6]:b,,,,,B,,,,,,,,,ddr_xm1_b5d6,vddio_ddr1,,,,,,,LP5_DQBRICK_EFCR90,,z,,,,,,,,,,,,,,DDR_XM1_B5D[6],,,,,,,,,,,,,,,,DDR_1CD_DQ6,DDR_1CD_DQ6,AV5,,
,,,DDR_XM1_B5D7,DDR_1CD_DQ7,unused_DDR_XM1_B5D7,,DDR_XM1_B5D[7]:b,,,,,B,,,,,,,,,ddr_xm1_b5d7,vddio_ddr1,,,,,,,LP5_DQBRICK_EFCR90,,z,,,,,,,,,,,,,,DDR_XM1_B5D[7],,,,,,,,,,,,,,,,DDR_1CD_DQ7,DDR_1CD_DQ7,AW6,,
,,,DDR_XM1_B5DMI,DDR_1CD_DMI0,unused_DDR_XM1_B5DMI,,DDR_XM1_B5DMI:b,,,,,B,,,,,,,,,ddr_xm1_b5dmi,vddio_ddr1,,,,,,,LP5_DQBRICK_EFCR90,,z,,,,,,,,,,,,,,DDR_XM1_B5DMI,,,,,,,,,,,,,,,,DDR_1CD_DMI0,DDR_1CD_DMI0,AV6,,
,,,DDR_XM1_B5WCK_P,DDR_1CD_WCK0_P,unused_DDR_XM1_B5WCK_P,,DDR_XM1_B5WCK_P:b,,,,,B,,,,,,,,,ddr_xm1_b5wck_p,vddio_ddr1,,,,,,,LP5_DQBRICK_EFCR90,,z,,,,,,,,,,,,,,DDR_XM1_B5WCK_P,,,,,,,,,,,,,,,,DDR_1CD_WCK0_P,DDR_1CD_WCK0_P,AU10,,
,,,DDR_XM1_B5WCK_N,DDR_1CD_WCK0_N,unused_DDR_XM1_B5WCK_N,,DDR_XM1_B5WCK_N:b,,,,,B,,,,,,,,,ddr_xm1_b5wck_n,vddio_ddr1,,,,,,,LP5_DQBRICK_EFCR90,,z,,,,,,,,,,,,,,DDR_XM1_B5WCK_N,,,,,,,,,,,,,,,,DDR_1CD_WCK0_N,DDR_1CD_WCK0_N,AU9,,
,,,DDR_XM1_B5RDQS_P,DDR_1CD_RDQS0_P,unused_DDR_XM1_B5RDQS_P,,DDR_XM1_B5RDQS_P:b,,,,,B,,,,,,,,,ddr_xm1_b5rdqs_p,vddio_ddr1,,,,,,,LP5_DQBRICK_EFCR90,,z,,,,,,,,,,,,,,DDR_XM1_B5RDQS_P,,,,,,,,,,,,,,,,DDR_1CD_RDQS0_P,DDR_1CD_RDQS0_P,AT11,,
,,,DDR_XM1_B5RDQS_N,DDR_1CD_RDQS0_N,unused_DDR_XM1_B5RDQS_N,,DDR_XM1_B5RDQS_N:b,,,,,B,,,,,,,,,ddr_xm1_b5rdqs_n,vddio_ddr1,,,,,,,LP5_DQBRICK_EFCR90,,z,,,,,,,,,,,,,,DDR_XM1_B5RDQS_N,,,,,,,,,,,,,,,,DDR_1CD_RDQS0_N,DDR_1CD_RDQS0_N,AT10,,
,,,DDR_XM1_B6D0,DDR_1CD_DQ8,unused_DDR_XM1_B6D0,,DDR_XM1_B6D[0]:b,,,,,B,,,,,,,,,ddr_xm1_b6d0,vddio_ddr1,,,,,,,LP5_DQBRICK_EFCR90,,z,,,,,,,,,,,,,,DDR_XM1_B6D[0],,,,,,,,,,,,,,,,DDR_1CD_DQ8,DDR_1CD_DQ8,AY7,,
,,,DDR_XM1_B6D1,DDR_1CD_DQ9,unused_DDR_XM1_B6D1,,DDR_XM1_B6D[1]:b,,,,,B,,,,,,,,,ddr_xm1_b6d1,vddio_ddr1,,,,,,,LP5_DQBRICK_EFCR90,,z,,,,,,,,,,,,,,DDR_XM1_B6D[1],,,,,,,,,,,,,,,,DDR_1CD_DQ9,DDR_1CD_DQ9,AY11,,
,,,DDR_XM1_B6D2,DDR_1CD_DQ10,unused_DDR_XM1_B6D2,,DDR_XM1_B6D[2]:b,,,,,B,,,,,,,,,ddr_xm1_b6d2,vddio_ddr1,,,,,,,LP5_DQBRICK_EFCR90,,z,,,,,,,,,,,,,,DDR_XM1_B6D[2],,,,,,,,,,,,,,,,DDR_1CD_DQ10,DDR_1CD_DQ10,BB5,,
,,,DDR_XM1_B6D3,DDR_1CD_DQ11,unused_DDR_XM1_B6D3,,DDR_XM1_B6D[3]:b,,,,,B,,,,,,,,,ddr_xm1_b6d3,vddio_ddr1,,,,,,,LP5_DQBRICK_EFCR90,,z,,,,,,,,,,,,,,DDR_XM1_B6D[3],,,,,,,,,,,,,,,,DDR_1CD_DQ11,DDR_1CD_DQ11,BB6,,
,,,DDR_XM1_B6D4,DDR_1CD_DQ12,unused_DDR_XM1_B6D4,,DDR_XM1_B6D[4]:b,,,,,B,,,,,,,,,ddr_xm1_b6d4,vddio_ddr1,,,,,,,LP5_DQBRICK_EFCR90,,z,,,,,,,,,,,,,,DDR_XM1_B6D[4],,,,,,,,,,,,,,,,DDR_1CD_DQ12,DDR_1CD_DQ12,AY6,,
,,,DDR_XM1_B6D5,DDR_1CD_DQ13,unused_DDR_XM1_B6D5,,DDR_XM1_B6D[5]:b,,,,,B,,,,,,,,,ddr_xm1_b6d5,vddio_ddr1,,,,,,,LP5_DQBRICK_EFCR90,,z,,,,,,,,,,,,,,DDR_XM1_B6D[5],,,,,,,,,,,,,,,,DDR_1CD_DQ13,DDR_1CD_DQ13,BA5,,
,,,DDR_XM1_B6D6,DDR_1CD_DQ14,unused_DDR_XM1_B6D6,,DDR_XM1_B6D[6]:b,,,,,B,,,,,,,,,ddr_xm1_b6d6,vddio_ddr1,,,,,,,LP5_DQBRICK_EFCR90,,z,,,,,,,,,,,,,,DDR_XM1_B6D[6],,,,,,,,,,,,,,,,DDR_1CD_DQ14,DDR_1CD_DQ14,AY4,,
,,,DDR_XM1_B6D7,DDR_1CD_DQ15,unused_DDR_XM1_B6D7,,DDR_XM1_B6D[7]:b,,,,,B,,,,,,,,,ddr_xm1_b6d7,vddio_ddr1,,,,,,,LP5_DQBRICK_EFCR90,,z,,,,,,,,,,,,,,DDR_XM1_B6D[7],,,,,,,,,,,,,,,,DDR_1CD_DQ15,DDR_1CD_DQ15,AY3,,
,,,DDR_XM1_B6DMI,DDR_1CD_DMI1,unused_DDR_XM1_B6DMI,,DDR_XM1_B6DMI:b,,,,,B,,,,,,,,,ddr_xm1_b6dmi,vddio_ddr1,,,,,,,LP5_DQBRICK_EFCR90,,z,,,,,,,,,,,,,,DDR_XM1_B6DMI,,,,,,,,,,,,,,,,DDR_1CD_DMI1,DDR_1CD_DMI1,BA6,,
,,,DDR_XM1_B6WCK_P,DDR_1CD_WCK1_P,unused_DDR_XM1_B6WCK_P,,DDR_XM1_B6WCK_P:b,,,,,B,,,,,,,,,ddr_xm1_b6wck_p,vddio_ddr1,,,,,,,LP5_DQBRICK_EFCR90,,z,,,,,,,,,,,,,,DDR_XM1_B6WCK_P,,,,,,,,,,,,,,,,DDR_1CD_WCK1_P,DDR_1CD_WCK1_P,AW8,,
,,,DDR_XM1_B6WCK_N,DDR_1CD_WCK1_N,unused_DDR_XM1_B6WCK_N,,DDR_XM1_B6WCK_N:b,,,,,B,,,,,,,,,ddr_xm1_b6wck_n,vddio_ddr1,,,,,,,LP5_DQBRICK_EFCR90,,z,,,,,,,,,,,,,,DDR_XM1_B6WCK_N,,,,,,,,,,,,,,,,DDR_1CD_WCK1_N,DDR_1CD_WCK1_N,AV8,,
,,,DDR_XM1_B6RDQS_P,DDR_1CD_RDQS1_P,unused_DDR_XM1_B6RDQS_P,,DDR_XM1_B6RDQS_P:b,,,,,B,,,,,,,,,ddr_xm1_b6rdqs_p,vddio_ddr1,,,,,,,LP5_DQBRICK_EFCR90,,z,,,,,,,,,,,,,,DDR_XM1_B6RDQS_P,,,,,,,,,,,,,,,,DDR_1CD_RDQS1_P,DDR_1CD_RDQS1_P,AW10,,
,,,DDR_XM1_B6RDQS_N,DDR_1CD_RDQS1_N,unused_DDR_XM1_B6RDQS_N,,DDR_XM1_B6RDQS_N:b,,,,,B,,,,,,,,,ddr_xm1_b6rdqs_n,vddio_ddr1,,,,,,,LP5_DQBRICK_EFCR90,,z,,,,,,,,,,,,,,DDR_XM1_B6RDQS_N,,,,,,,,,,,,,,,,DDR_1CD_RDQS1_N,DDR_1CD_RDQS1_N,AW11,,
,,,DDR_XM1_B7A_CA0,DDR_1C_CA0,unused_DDR_XM1_B7A_CA0,,DDR_XM1_B7A_CA[0]:b,,,,,B,,,,,,,,,ddr_xm1_b7a_ca0,vddio_ddr1,,,,,,,LP5_CABRICK_EFCR90,,z,,,,,,,,,,,,,,DDR_XM1_B7A_CA[0],,,,,,,,,,,,,,,,DDR_1C_CA0,DDR_1C_CA0,AW1,,
,,,DDR_XM1_B7A_CA1,DDR_1C_CA1,unused_DDR_XM1_B7A_CA1,,DDR_XM1_B7A_CA[1]:b,,,,,B,,,,,,,,,ddr_xm1_b7a_ca1,vddio_ddr1,,,,,,,LP5_CABRICK_EFCR90,,z,,,,,,,,,,,,,,DDR_XM1_B7A_CA[1],,,,,,,,,,,,,,,,DDR_1C_CA1,DDR_1C_CA1,AV2,,
,,,DDR_XM1_B7A_CA2,DDR_1C_CA2,unused_DDR_XM1_B7A_CA2,,DDR_XM1_B7A_CA[2]:b,,,,,B,,,,,,,,,ddr_xm1_b7a_ca2,vddio_ddr1,,,,,,,LP5_CABRICK_EFCR90,,z,,,,,,,,,,,,,,DDR_XM1_B7A_CA[2],,,,,,,,,,,,,,,,DDR_1C_CA2,DDR_1C_CA2,AW2,,
,,,DDR_XM1_B7A_CA3,DDR_1C_CA3,unused_DDR_XM1_B7A_CA3,,DDR_XM1_B7A_CA[3]:b,,,,,B,,,,,,,,,ddr_xm1_b7a_ca3,vddio_ddr1,,,,,,,LP5_CABRICK_EFCR90,,z,,,,,,,,,,,,,,DDR_XM1_B7A_CA[3],,,,,,,,,,,,,,,,DDR_1C_CA3,DDR_1C_CA3,AV1,,
,,,DDR_XM1_B7A_CA4,DDR_1C_CA4,unused_DDR_XM1_B7A_CA4,,DDR_XM1_B7A_CA[4]:b,,,,,B,,,,,,,,,ddr_xm1_b7a_ca4,vddio_ddr1,,,,,,,LP5_CABRICK_EFCR90,,z,,,,,,,,,,,,,,DDR_XM1_B7A_CA[4],,,,,,,,,,,,,,,,DDR_1C_CA4,DDR_1C_CA4,BA2,,
,,,DDR_XM1_B7A_CA5,DDR_1C_CA5,unused_DDR_XM1_B7A_CA5,,DDR_XM1_B7A_CA[5]:b,,,,,B,,,,,,,,,ddr_xm1_b7a_ca5,vddio_ddr1,,,,,,,LP5_CABRICK_EFCR90,,z,,,,,,,,,,,,,,DDR_XM1_B7A_CA[5],,,,,,,,,,,,,,,,DDR_1C_CA5,DDR_1C_CA5,BA1,,
,,,DDR_XM1_B7A_CA6,DDR_1C_CA6,unused_DDR_XM1_B7A_CA6,,DDR_XM1_B7A_CA[6]:b,,,,,B,,,,,,,,,ddr_xm1_b7a_ca6,vddio_ddr1,,,,,,,LP5_CABRICK_EFCR90,,z,,,,,,,,,,,,,,DDR_XM1_B7A_CA[6],,,,,,,,,,,,,,,,DDR_1C_CA6,DDR_1C_CA6,BB1,,
,,,DDR_XM1_B7B_CA0,DDR_1D_CA0,unused_DDR_XM1_B7B_CA0,,DDR_XM1_B7B_CA[0]:b,,,,,B,,,,,,,,,ddr_xm1_b7b_ca0,vddio_ddr1,,,,,,,LP5_CABRICK_EFCR90,,z,,,,,,,,,,,,,,DDR_XM1_B7B_CA[0],,,,,,,,,,,,,,,,DDR_1D_CA0,DDR_1D_CA0,BH2,,
,,,DDR_XM1_B7B_CA1,DDR_1D_CA1,unused_DDR_XM1_B7B_CA1,,DDR_XM1_B7B_CA[1]:b,,,,,B,,,,,,,,,ddr_xm1_b7b_ca1,vddio_ddr1,,,,,,,LP5_CABRICK_EFCR90,,z,,,,,,,,,,,,,,DDR_XM1_B7B_CA[1],,,,,,,,,,,,,,,,DDR_1D_CA1,DDR_1D_CA1,BH1,,
,,,DDR_XM1_B7B_CA2,DDR_1D_CA2,unused_DDR_XM1_B7B_CA2,,DDR_XM1_B7B_CA[2]:b,,,,,B,,,,,,,,,ddr_xm1_b7b_ca2,vddio_ddr1,,,,,,,LP5_CABRICK_EFCR90,,z,,,,,,,,,,,,,,DDR_XM1_B7B_CA[2],,,,,,,,,,,,,,,,DDR_1D_CA2,DDR_1D_CA2,BG3,,
,,,DDR_XM1_B7B_CA3,DDR_1D_CA3,unused_DDR_XM1_B7B_CA3,,DDR_XM1_B7B_CA[3]:b,,,,,B,,,,,,,,,ddr_xm1_b7b_ca3,vddio_ddr1,,,,,,,LP5_CABRICK_EFCR90,,z,,,,,,,,,,,,,,DDR_XM1_B7B_CA[3],,,,,,,,,,,,,,,,DDR_1D_CA3,DDR_1D_CA3,BE3,,
,,,DDR_XM1_B7B_CA4,DDR_1D_CA4,unused_DDR_XM1_B7B_CA4,,DDR_XM1_B7B_CA[4]:b,,,,,B,,,,,,,,,ddr_xm1_b7b_ca4,vddio_ddr1,,,,,,,LP5_CABRICK_EFCR90,,z,,,,,,,,,,,,,,DDR_XM1_B7B_CA[4],,,,,,,,,,,,,,,,DDR_1D_CA4,DDR_1D_CA4,BE2,,
,,,DDR_XM1_B7B_CA5,DDR_1D_CA5,unused_DDR_XM1_B7B_CA5,,DDR_XM1_B7B_CA[5]:b,,,,,B,,,,,,,,,ddr_xm1_b7b_ca5,vddio_ddr1,,,,,,,LP5_CABRICK_EFCR90,,z,,,,,,,,,,,,,,DDR_XM1_B7B_CA[5],,,,,,,,,,,,,,,,DDR_1D_CA5,DDR_1D_CA5,BD1,,
,,,DDR_XM1_B7B_CA6,DDR_1D_CA6,unused_DDR_XM1_B7B_CA6,,DDR_XM1_B7B_CA[6]:b,,,,,B,,,,,,,,,ddr_xm1_b7b_ca6,vddio_ddr1,,,,,,,LP5_CABRICK_EFCR90,,z,,,,,,,,,,,,,,DDR_XM1_B7B_CA[6],,,,,,,,,,,,,,,,DDR_1D_CA6,DDR_1D_CA6,BE1,,
,,,DDR_XM1_B7A_CS_CKE0,DDR_1C_CS0,unused_DDR_XM1_B7A_CS_CKE0,,DDR_XM1_B7A_CS_CKE0:b,,,,,B,,,,,,,,,ddr_xm1_b7a_cs_cke0,vddio_ddr1,,,,,,,LP5_CABRICK_EFCR90,,0,,,,,,,,,,,,,,DDR_XM1_B7A_CS_CKE0,,,,,,,,,,,,,,,,DDR_1C_CS0,DDR_1C_CS0,AW3,,
,,,DDR_XM1_B7A_CS_CKE1,DDR_1C_CS1,unused_DDR_XM1_B7A_CS_CKE1,,DDR_XM1_B7A_CS_CKE1:b,,,,,B,,,,,,,,,ddr_xm1_b7a_cs_cke1,vddio_ddr1,,,,,,,LP5_CABRICK_EFCR90,,0,,,,,,,,,,,,,,DDR_XM1_B7A_CS_CKE1,,,,,,,,,,,,,,,,DDR_1C_CS1,DDR_1C_CS1,BA3,,
,,,DDR_XM1_B7B_CS_CKE0,DDR_1D_CS0,unused_DDR_XM1_B7B_CS_CKE0,,DDR_XM1_B7B_CS_CKE0:b,,,,,B,,,,,,,,,ddr_xm1_b7b_cs_cke0,vddio_ddr1,,,,,,,LP5_CABRICK_EFCR90,,0,,,,,,,,,,,,,,DDR_XM1_B7B_CS_CKE0,,,,,,,,,,,,,,,,DDR_1D_CS0,DDR_1D_CS0,BG1,,
,,,DDR_XM1_B7B_CS_CKE1,DDR_1D_CS1,unused_DDR_XM1_B7B_CS_CKE1,,DDR_XM1_B7B_CS_CKE1:b,,,,,B,,,,,,,,,ddr_xm1_b7b_cs_cke1,vddio_ddr1,,,,,,,LP5_CABRICK_EFCR90,,0,,,,,,,,,,,,,,DDR_XM1_B7B_CS_CKE1,,,,,,,,,,,,,,,,DDR_1D_CS1,DDR_1D_CS1,BG2,,
,,,DDR_XM1_B7A_CLK_P,DDR_1C_CLK_P,unused_DDR_XM1_B7A_CLK_P,,DDR_XM1_B7A_CLK_P:b,,,,,B,,,,,,,,,ddr_xm1_b7a_clk_p,vddio_ddr1,,,,,,,LP5_CABRICK_EFCR90,,0,,,,,,,,,,,,,,DDR_XM1_B7A_CLK_P,,,,,,,,,,,,,,,,DDR_1C_CLK_P,DDR_1C_CLK_P,BB3,,
,,,DDR_XM1_B7A_CLK_N,DDR_1C_CLK_N,unused_DDR_XM1_B7A_CLK_N,,DDR_XM1_B7A_CLK_N:b,,,,,B,,,,,,,,,ddr_xm1_b7a_clk_n,vddio_ddr1,,,,,,,LP5_CABRICK_EFCR90,,1,,,,,,,,,,,,,,DDR_XM1_B7A_CLK_N,,,,,,,,,,,,,,,,DDR_1C_CLK_N,DDR_1C_CLK_N,BB2,,
,,,DDR_XM1_B7B_CLK_P,DDR_1D_CLK_P,unused_DDR_XM1_B7B_CLK_P,,DDR_XM1_B7B_CLK_P:b,,,,,B,,,,,,,,,ddr_xm1_b7b_clk_p,vddio_ddr1,,,,,,,LP5_CABRICK_EFCR90,,0,,,,,,,,,,,,,,DDR_XM1_B7B_CLK_P,,,,,,,,,,,,,,,,DDR_1D_CLK_P,DDR_1D_CLK_P,BD2,,
,,,DDR_XM1_B7B_CLK_N,DDR_1D_CLK_N,unused_DDR_XM1_B7B_CLK_N,,DDR_XM1_B7B_CLK_N:b,,,,,B,,,,,,,,,ddr_xm1_b7b_clk_n,vddio_ddr1,,,,,,,LP5_CABRICK_EFCR90,,1,,,,,,,,,,,,,,DDR_XM1_B7B_CLK_N,,,,,,,,,,,,,,,,DDR_1D_CLK_N,DDR_1D_CLK_N,BD3,,
,,,DDR_XM1_B8D0,DDR_1CD_DQ16,unused_DDR_XM1_B8D0,,DDR_XM1_B8D[0]:b,,,,,B,,,,,,,,,ddr_xm1_b8d0,vddio_ddr1,,,,,,,LP5_DQBRICK_EFCR90,,z,,,,,,,,,,,,,,DDR_XM1_B8D[0],,,,,,,,,,,,,,,,DDR_1CD_DQ16,DDR_1CD_DQ16,AY9,,
,,,DDR_XM1_B8D1,DDR_1CD_DQ17,unused_DDR_XM1_B8D1,,DDR_XM1_B8D[1]:b,,,,,B,,,,,,,,,ddr_xm1_b8d1,vddio_ddr1,,,,,,,LP5_DQBRICK_EFCR90,,z,,,,,,,,,,,,,,DDR_XM1_B8D[1],,,,,,,,,,,,,,,,DDR_1CD_DQ17,DDR_1CD_DQ17,BD5,,
,,,DDR_XM1_B8D2,DDR_1CD_DQ18,unused_DDR_XM1_B8D2,,DDR_XM1_B8D[2]:b,,,,,B,,,,,,,,,ddr_xm1_b8d2,vddio_ddr1,,,,,,,LP5_DQBRICK_EFCR90,,z,,,,,,,,,,,,,,DDR_XM1_B8D[2],,,,,,,,,,,,,,,,DDR_1CD_DQ18,DDR_1CD_DQ18,BB4,,
,,,DDR_XM1_B8D3,DDR_1CD_DQ19,unused_DDR_XM1_B8D3,,DDR_XM1_B8D[3]:b,,,,,B,,,,,,,,,ddr_xm1_b8d3,vddio_ddr1,,,,,,,LP5_DQBRICK_EFCR90,,z,,,,,,,,,,,,,,DDR_XM1_B8D[3],,,,,,,,,,,,,,,,DDR_1CD_DQ19,DDR_1CD_DQ19,BD6,,
,,,DDR_XM1_B8D4,DDR_1CD_DQ20,unused_DDR_XM1_B8D4,,DDR_XM1_B8D[4]:b,,,,,B,,,,,,,,,ddr_xm1_b8d4,vddio_ddr1,,,,,,,LP5_DQBRICK_EFCR90,,z,,,,,,,,,,,,,,DDR_XM1_B8D[4],,,,,,,,,,,,,,,,DDR_1CD_DQ20,DDR_1CD_DQ20,BC4,,
,,,DDR_XM1_B8D5,DDR_1CD_DQ21,unused_DDR_XM1_B8D5,,DDR_XM1_B8D[5]:b,,,,,B,,,,,,,,,ddr_xm1_b8d5,vddio_ddr1,,,,,,,LP5_DQBRICK_EFCR90,,z,,,,,,,,,,,,,,DDR_XM1_B8D[5],,,,,,,,,,,,,,,,DDR_1CD_DQ21,DDR_1CD_DQ21,BC3,,
,,,DDR_XM1_B8D6,DDR_1CD_DQ22,unused_DDR_XM1_B8D6,,DDR_XM1_B8D[6]:b,,,,,B,,,,,,,,,ddr_xm1_b8d6,vddio_ddr1,,,,,,,LP5_DQBRICK_EFCR90,,z,,,,,,,,,,,,,,DDR_XM1_B8D[6],,,,,,,,,,,,,,,,DDR_1CD_DQ22,DDR_1CD_DQ22,BC6,,
,,,DDR_XM1_B8D7,DDR_1CD_DQ23,unused_DDR_XM1_B8D7,,DDR_XM1_B8D[7]:b,,,,,B,,,,,,,,,ddr_xm1_b8d7,vddio_ddr1,,,,,,,LP5_DQBRICK_EFCR90,,z,,,,,,,,,,,,,,DDR_XM1_B8D[7],,,,,,,,,,,,,,,,DDR_1CD_DQ23,DDR_1CD_DQ23,BC7,,
,,,DDR_XM1_B8DMI,DDR_1CD_DMI2,unused_DDR_XM1_B8DMI,,DDR_XM1_B8DMI:b,,,,,B,,,,,,,,,ddr_xm1_b8dmi,vddio_ddr1,,,,,,,LP5_DQBRICK_EFCR90,,z,,,,,,,,,,,,,,DDR_XM1_B8DMI,,,,,,,,,,,,,,,,DDR_1CD_DMI2,DDR_1CD_DMI2,BA7,,
,,,DDR_XM1_B8WCK_P,DDR_1CD_WCK2_P,unused_DDR_XM1_B8WCK_P,,DDR_XM1_B8WCK_P:b,,,,,B,,,,,,,,,ddr_xm1_b8wck_p,vddio_ddr1,,,,,,,LP5_DQBRICK_EFCR90,,z,,,,,,,,,,,,,,DDR_XM1_B8WCK_P,,,,,,,,,,,,,,,,DDR_1CD_WCK2_P,DDR_1CD_WCK2_P,BB10,,
,,,DDR_XM1_B8WCK_N,DDR_1CD_WCK2_N,unused_DDR_XM1_B8WCK_N,,DDR_XM1_B8WCK_N:b,,,,,B,,,,,,,,,ddr_xm1_b8wck_n,vddio_ddr1,,,,,,,LP5_DQBRICK_EFCR90,,z,,,,,,,,,,,,,,DDR_XM1_B8WCK_N,,,,,,,,,,,,,,,,DDR_1CD_WCK2_N,DDR_1CD_WCK2_N,BC9,,
,,,DDR_XM1_B8RDQS_P,DDR_1CD_RDQS2_P,unused_DDR_XM1_B8RDQS_P,,DDR_XM1_B8RDQS_P:b,,,,,B,,,,,,,,,ddr_xm1_b8rdqs_p,vddio_ddr1,,,,,,,LP5_DQBRICK_EFCR90,,z,,,,,,,,,,,,,,DDR_XM1_B8RDQS_P,,,,,,,,,,,,,,,,DDR_1CD_RDQS2_P,DDR_1CD_RDQS2_P,BA8,,
,,,DDR_XM1_B8RDQS_N,DDR_1CD_RDQS2_N,unused_DDR_XM1_B8RDQS_N,,DDR_XM1_B8RDQS_N:b,,,,,B,,,,,,,,,ddr_xm1_b8rdqs_n,vddio_ddr1,,,,,,,LP5_DQBRICK_EFCR90,,z,,,,,,,,,,,,,,DDR_XM1_B8RDQS_N,,,,,,,,,,,,,,,,DDR_1CD_RDQS2_N,DDR_1CD_RDQS2_N,BB8,,
,,,DDR_XM1_B9D0,DDR_1CD_DQ24,unused_DDR_XM1_B9D0,,DDR_XM1_B9D[0]:b,,,,,B,,,,,,,,,ddr_xm1_b9d0,vddio_ddr1,,,,,,,LP5_DQBRICK_EFCR90,,z,,,,,,,,,,,,,,DDR_XM1_B9D[0],,,,,,,,,,,,,,,,DDR_1CD_DQ24,DDR_1CD_DQ24,BE6,,
,,,DDR_XM1_B9D1,DDR_1CD_DQ25,unused_DDR_XM1_B9D1,,DDR_XM1_B9D[1]:b,,,,,B,,,,,,,,,ddr_xm1_b9d1,vddio_ddr1,,,,,,,LP5_DQBRICK_EFCR90,,z,,,,,,,,,,,,,,DDR_XM1_B9D[1],,,,,,,,,,,,,,,,DDR_1CD_DQ25,DDR_1CD_DQ25,BF6,,
,,,DDR_XM1_B9D2,DDR_1CD_DQ26,unused_DDR_XM1_B9D2,,DDR_XM1_B9D[2]:b,,,,,B,,,,,,,,,ddr_xm1_b9d2,vddio_ddr1,,,,,,,LP5_DQBRICK_EFCR90,,z,,,,,,,,,,,,,,DDR_XM1_B9D[2],,,,,,,,,,,,,,,,DDR_1CD_DQ26,DDR_1CD_DQ26,BD9,,
,,,DDR_XM1_B9D3,DDR_1CD_DQ27,unused_DDR_XM1_B9D3,,DDR_XM1_B9D[3]:b,,,,,B,,,,,,,,,ddr_xm1_b9d3,vddio_ddr1,,,,,,,LP5_DQBRICK_EFCR90,,z,,,,,,,,,,,,,,DDR_XM1_B9D[3],,,,,,,,,,,,,,,,DDR_1CD_DQ27,DDR_1CD_DQ27,BD7,,
,,,DDR_XM1_B9D4,DDR_1CD_DQ28,unused_DDR_XM1_B9D4,,DDR_XM1_B9D[4]:b,,,,,B,,,,,,,,,ddr_xm1_b9d4,vddio_ddr1,,,,,,,LP5_DQBRICK_EFCR90,,z,,,,,,,,,,,,,,DDR_XM1_B9D[4],,,,,,,,,,,,,,,,DDR_1CD_DQ28,DDR_1CD_DQ28,BE4,,
,,,DDR_XM1_B9D5,DDR_1CD_DQ29,unused_DDR_XM1_B9D5,,DDR_XM1_B9D[5]:b,,,,,B,,,,,,,,,ddr_xm1_b9d5,vddio_ddr1,,,,,,,LP5_DQBRICK_EFCR90,,z,,,,,,,,,,,,,,DDR_XM1_B9D[5],,,,,,,,,,,,,,,,DDR_1CD_DQ29,DDR_1CD_DQ29,BH3,,
,,,DDR_XM1_B9D6,DDR_1CD_DQ30,unused_DDR_XM1_B9D6,,DDR_XM1_B9D[6]:b,,,,,B,,,,,,,,,ddr_xm1_b9d6,vddio_ddr1,,,,,,,LP5_DQBRICK_EFCR90,,z,,,,,,,,,,,,,,DDR_XM1_B9D[6],,,,,,,,,,,,,,,,DDR_1CD_DQ30,DDR_1CD_DQ30,BF4,,
,,,DDR_XM1_B9D7,DDR_1CD_DQ31,unused_DDR_XM1_B9D7,,DDR_XM1_B9D[7]:b,,,,,B,,,,,,,,,ddr_xm1_b9d7,vddio_ddr1,,,,,,,LP5_DQBRICK_EFCR90,,z,,,,,,,,,,,,,,DDR_XM1_B9D[7],,,,,,,,,,,,,,,,DDR_1CD_DQ31,DDR_1CD_DQ31,BE5,,
,,,DDR_XM1_B9DMI,DDR_1CD_DMI3,unused_DDR_XM1_B9DMI,,DDR_XM1_B9DMI:b,,,,,B,,,,,,,,,ddr_xm1_b9dmi,vddio_ddr1,,,,,,,LP5_DQBRICK_EFCR90,,z,,,,,,,,,,,,,,DDR_XM1_B9DMI,,,,,,,,,,,,,,,,DDR_1CD_DMI3,DDR_1CD_DMI3,BF3,,
,,,DDR_XM1_B9WCK_P,DDR_1CD_WCK3_P,unused_DDR_XM1_B9WCK_P,,DDR_XM1_B9WCK_P:b,,,,,B,,,,,,,,,ddr_xm1_b9wck_p,vddio_ddr1,,,,,,,LP5_DQBRICK_EFCR90,,z,,,,,,,,,,,,,,DDR_XM1_B9WCK_P,,,,,,,,,,,,,,,,DDR_1CD_WCK3_P,DDR_1CD_WCK3_P,BG5,,
,,,DDR_XM1_B9WCK_N,DDR_1CD_WCK3_N,unused_DDR_XM1_B9WCK_N,,DDR_XM1_B9WCK_N:b,,,,,B,,,,,,,,,ddr_xm1_b9wck_n,vddio_ddr1,,,,,,,LP5_DQBRICK_EFCR90,,z,,,,,,,,,,,,,,DDR_XM1_B9WCK_N,,,,,,,,,,,,,,,,DDR_1CD_WCK3_N,DDR_1CD_WCK3_N,BG4,,
,,,DDR_XM1_B9RDQS_P,DDR_1CD_RDQS3_P,unused_DDR_XM1_B9RDQS_P,,DDR_XM1_B9RDQS_P:b,,,,,B,,,,,,,,,ddr_xm1_b9rdqs_p,vddio_ddr1,,,,,,,LP5_DQBRICK_EFCR90,,z,,,,,,,,,,,,,,DDR_XM1_B9RDQS_P,,,,,,,,,,,,,,,,DDR_1CD_RDQS3_P,DDR_1CD_RDQS3_P,BH4,,
,,,DDR_XM1_B9RDQS_N,DDR_1CD_RDQS3_N,unused_DDR_XM1_B9RDQS_N,,DDR_XM1_B9RDQS_N:b,,,,,B,,,,,,,,,ddr_xm1_b9rdqs_n,vddio_ddr1,,,,,,,LP5_DQBRICK_EFCR90,,z,,,,,,,,,,,,,,DDR_XM1_B9RDQS_N,,,,,,,,,,,,,,,,DDR_1CD_RDQS3_N,DDR_1CD_RDQS3_N,BH5,,
,,,DDR2,DDR,,,,,,,,,,,,,,,,,,,,,,,,,,,,,,,,,,,,,,,,,,,,,,,,,,,,,,,0.6V,,DDR2,DDR,,,
,,,DDR_XM2_B0D0,DDR_2AB_DQ0,unused_DDR_XM2_B0D0,,DDR_XM2_B0D[0]:b,,,,,B,,,,,,,,,ddr_xm2_b0d0,vddio_ddr2,,,,,,,LP5_DQBRICK_EFC,,z,,,,,,,,,,,,,,DDR_XM2_B0D[0],,,,,,,,,,,,,,,,DDR_2AB_DQ0,DDR_2AB_DQ0,BJ48,,
,,,DDR_XM2_B0D1,DDR_2AB_DQ1,unused_DDR_XM2_B0D1,,DDR_XM2_B0D[1]:b,,,,,B,,,,,,,,,ddr_xm2_b0d1,vddio_ddr2,,,,,,,LP5_DQBRICK_EFC,,z,,,,,,,,,,,,,,DDR_XM2_B0D[1],,,,,,,,,,,,,,,,DDR_2AB_DQ1,DDR_2AB_DQ1,BJ47,,
,,,DDR_XM2_B0D2,DDR_2AB_DQ2,unused_DDR_XM2_B0D2,,DDR_XM2_B0D[2]:b,,,,,B,,,,,,,,,ddr_xm2_b0d2,vddio_ddr2,,,,,,,LP5_DQBRICK_EFC,,z,,,,,,,,,,,,,,DDR_XM2_B0D[2],,,,,,,,,,,,,,,,DDR_2AB_DQ2,DDR_2AB_DQ2,BJ46,,
,,,DDR_XM2_B0D3,DDR_2AB_DQ3,unused_DDR_XM2_B0D3,,DDR_XM2_B0D[3]:b,,,,,B,,,,,,,,,ddr_xm2_b0d3,vddio_ddr2,,,,,,,LP5_DQBRICK_EFC,,z,,,,,,,,,,,,,,DDR_XM2_B0D[3],,,,,,,,,,,,,,,,DDR_2AB_DQ3,DDR_2AB_DQ3,BG45,,
,,,DDR_XM2_B0D4,DDR_2AB_DQ4,unused_DDR_XM2_B0D4,,DDR_XM2_B0D[4]:b,,,,,B,,,,,,,,,ddr_xm2_b0d4,vddio_ddr2,,,,,,,LP5_DQBRICK_EFC,,z,,,,,,,,,,,,,,DDR_XM2_B0D[4],,,,,,,,,,,,,,,,DDR_2AB_DQ4,DDR_2AB_DQ4,BH45,,
,,,DDR_XM2_B0D5,DDR_2AB_DQ5,unused_DDR_XM2_B0D5,,DDR_XM2_B0D[5]:b,,,,,B,,,,,,,,,ddr_xm2_b0d5,vddio_ddr2,,,,,,,LP5_DQBRICK_EFC,,z,,,,,,,,,,,,,,DDR_XM2_B0D[5],,,,,,,,,,,,,,,,DDR_2AB_DQ5,DDR_2AB_DQ5,BK46,,
,,,DDR_XM2_B0D6,DDR_2AB_DQ6,unused_DDR_XM2_B0D6,,DDR_XM2_B0D[6]:b,,,,,B,,,,,,,,,ddr_xm2_b0d6,vddio_ddr2,,,,,,,LP5_DQBRICK_EFC,,z,,,,,,,,,,,,,,DDR_XM2_B0D[6],,,,,,,,,,,,,,,,DDR_2AB_DQ6,DDR_2AB_DQ6,BJ45,,
,,,DDR_XM2_B0D7,DDR_2AB_DQ7,unused_DDR_XM2_B0D7,,DDR_XM2_B0D[7]:b,,,,,B,,,,,,,,,ddr_xm2_b0d7,vddio_ddr2,,,,,,,LP5_DQBRICK_EFC,,z,,,,,,,,,,,,,,DDR_XM2_B0D[7],,,,,,,,,,,,,,,,DDR_2AB_DQ7,DDR_2AB_DQ7,BH44,,
,,,DDR_XM2_B0DMI,DDR_2AB_DMI0,unused_DDR_XM2_B0DMI,,DDR_XM2_B0DMI:b,,,,,B,,,,,,,,,ddr_xm2_b0dmi,vddio_ddr2,,,,,,,LP5_DQBRICK_EFC,,z,,,,,,,,,,,,,,DDR_XM2_B0DMI,,,,,,,,,,,,,,,,DDR_2AB_DMI0,DDR_2AB_DMI0,BH47,,
,,,DDR_XM2_B0WCK_P,DDR_2AB_WCK0_P,unused_DDR_XM2_B0WCK_P,,DDR_XM2_B0WCK_P:b,,,,,B,,,,,,,,,ddr_xm2_b0wck_p,vddio_ddr2,,,,,,,LP5_DQBRICK_EFC,,z,,,,,,,,,,,,,,DDR_XM2_B0WCK_P,,,,,,,,,,,,,,,,DDR_2AB_WCK0_P,DDR_2AB_WCK0_P,BG46,,
,,,DDR_XM2_B0WCK_N,DDR_2AB_WCK0_N,unused_DDR_XM2_B0WCK_N,,DDR_XM2_B0WCK_N:b,,,,,B,,,,,,,,,ddr_xm2_b0wck_n,vddio_ddr2,,,,,,,LP5_DQBRICK_EFC,,z,,,,,,,,,,,,,,DDR_XM2_B0WCK_N,,,,,,,,,,,,,,,,DDR_2AB_WCK0_N,DDR_2AB_WCK0_N,BF46,,
,,,DDR_XM2_B0RDQS_P,DDR_2AB_RDQS0_P,unused_DDR_XM2_B0RDQS_P,,DDR_XM2_B0RDQS_P:b,,,,,B,,,,,,,,,ddr_xm2_b0rdqs_p,vddio_ddr2,,,,,,,LP5_DQBRICK_EFC,,z,,,,,,,,,,,,,,DDR_XM2_B0RDQS_P,,,,,,,,,,,,,,,,DDR_2AB_RDQS0_P,DDR_2AB_RDQS0_P,BF44,,
,,,DDR_XM2_B0RDQS_N,DDR_2AB_RDQS0_N,unused_DDR_XM2_B0RDQS_N,,DDR_XM2_B0RDQS_N:b,,,,,B,,,,,,,,,ddr_xm2_b0rdqs_n,vddio_ddr2,,,,,,,LP5_DQBRICK_EFC,,z,,,,,,,,,,,,,,DDR_XM2_B0RDQS_N,,,,,,,,,,,,,,,,DDR_2AB_RDQS0_N,DDR_2AB_RDQS0_N,BE44,,
,,,DDR_XM2_B1D0,DDR_2AB_DQ8,unused_DDR_XM2_B1D0,,DDR_XM2_B1D[0]:b,,,,,B,,,,,,,,,ddr_xm2_b1d0,vddio_ddr2,,,,,,,LP5_DQBRICK_EFC,,z,,,,,,,,,,,,,,DDR_XM2_B1D[0],,,,,,,,,,,,,,,,DDR_2AB_DQ8,DDR_2AB_DQ8,BF41,,
,,,DDR_XM2_B1D1,DDR_2AB_DQ9,unused_DDR_XM2_B1D1,,DDR_XM2_B1D[1]:b,,,,,B,,,,,,,,,ddr_xm2_b1d1,vddio_ddr2,,,,,,,LP5_DQBRICK_EFC,,z,,,,,,,,,,,,,,DDR_XM2_B1D[1],,,,,,,,,,,,,,,,DDR_2AB_DQ9,DDR_2AB_DQ9,BJ42,,
,,,DDR_XM2_B1D2,DDR_2AB_DQ10,unused_DDR_XM2_B1D2,,DDR_XM2_B1D[2]:b,,,,,B,,,,,,,,,ddr_xm2_b1d2,vddio_ddr2,,,,,,,LP5_DQBRICK_EFC,,z,,,,,,,,,,,,,,DDR_XM2_B1D[2],,,,,,,,,,,,,,,,DDR_2AB_DQ10,DDR_2AB_DQ10,BG42,,
,,,DDR_XM2_B1D3,DDR_2AB_DQ11,unused_DDR_XM2_B1D3,,DDR_XM2_B1D[3]:b,,,,,B,,,,,,,,,ddr_xm2_b1d3,vddio_ddr2,,,,,,,LP5_DQBRICK_EFC,,z,,,,,,,,,,,,,,DDR_XM2_B1D[3],,,,,,,,,,,,,,,,DDR_2AB_DQ11,DDR_2AB_DQ11,BH42,,
,,,DDR_XM2_B1D4,DDR_2AB_DQ12,unused_DDR_XM2_B1D4,,DDR_XM2_B1D[4]:b,,,,,B,,,,,,,,,ddr_xm2_b1d4,vddio_ddr2,,,,,,,LP5_DQBRICK_EFC,,z,,,,,,,,,,,,,,DDR_XM2_B1D[4],,,,,,,,,,,,,,,,DDR_2AB_DQ12,DDR_2AB_DQ12,BJ43,,
,,,DDR_XM2_B1D5,DDR_2AB_DQ13,unused_DDR_XM2_B1D5,,DDR_XM2_B1D[5]:b,,,,,B,,,,,,,,,ddr_xm2_b1d5,vddio_ddr2,,,,,,,LP5_DQBRICK_EFC,,z,,,,,,,,,,,,,,DDR_XM2_B1D[5],,,,,,,,,,,,,,,,DDR_2AB_DQ13,DDR_2AB_DQ13,BK43,,
,,,DDR_XM2_B1D6,DDR_2AB_DQ14,unused_DDR_XM2_B1D6,,DDR_XM2_B1D[6]:b,,,,,B,,,,,,,,,ddr_xm2_b1d6,vddio_ddr2,,,,,,,LP5_DQBRICK_EFC,,z,,,,,,,,,,,,,,DDR_XM2_B1D[6],,,,,,,,,,,,,,,,DDR_2AB_DQ14,DDR_2AB_DQ14,BG43,,
,,,DDR_XM2_B1D7,DDR_2AB_DQ15,unused_DDR_XM2_B1D7,,DDR_XM2_B1D[7]:b,,,,,B,,,,,,,,,ddr_xm2_b1d7,vddio_ddr2,,,,,,,LP5_DQBRICK_EFC,,z,,,,,,,,,,,,,,DDR_XM2_B1D[7],,,,,,,,,,,,,,,,DDR_2AB_DQ15,DDR_2AB_DQ15,BG44,,
,,,DDR_XM2_B1DMI,DDR_2AB_DMI1,unused_DDR_XM2_B1DMI,,DDR_XM2_B1DMI:b,,,,,B,,,,,,,,,ddr_xm2_b1dmi,vddio_ddr2,,,,,,,LP5_DQBRICK_EFC,,z,,,,,,,,,,,,,,DDR_XM2_B1DMI,,,,,,,,,,,,,,,,DDR_2AB_DMI1,DDR_2AB_DMI1,BF43,,
,,,DDR_XM2_B1WCK_P,DDR_2AB_WCK1_P,unused_DDR_XM2_B1WCK_P,,DDR_XM2_B1WCK_P:b,,,,,B,,,,,,,,,ddr_xm2_b1wck_p,vddio_ddr2,,,,,,,LP5_DQBRICK_EFC,,z,,,,,,,,,,,,,,DDR_XM2_B1WCK_P,,,,,,,,,,,,,,,,DDR_2AB_WCK1_P,DDR_2AB_WCK1_P,BE41,,
,,,DDR_XM2_B1WCK_N,DDR_2AB_WCK1_N,unused_DDR_XM2_B1WCK_N,,DDR_XM2_B1WCK_N:b,,,,,B,,,,,,,,,ddr_xm2_b1wck_n,vddio_ddr2,,,,,,,LP5_DQBRICK_EFC,,z,,,,,,,,,,,,,,DDR_XM2_B1WCK_N,,,,,,,,,,,,,,,,DDR_2AB_WCK1_N,DDR_2AB_WCK1_N,BE42,,
,,,DDR_XM2_B1RDQS_P,DDR_2AB_RDQS1_P,unused_DDR_XM2_B1RDQS_P,,DDR_XM2_B1RDQS_P:b,,,,,B,,,,,,,,,ddr_xm2_b1rdqs_p,vddio_ddr2,,,,,,,LP5_DQBRICK_EFC,,z,,,,,,,,,,,,,,DDR_XM2_B1RDQS_P,,,,,,,,,,,,,,,,DDR_2AB_RDQS1_P,DDR_2AB_RDQS1_P,BC40,,
,,,DDR_XM2_B1RDQS_N,DDR_2AB_RDQS1_N,unused_DDR_XM2_B1RDQS_N,,DDR_XM2_B1RDQS_N:b,,,,,B,,,,,,,,,ddr_xm2_b1rdqs_n,vddio_ddr2,,,,,,,LP5_DQBRICK_EFC,,z,,,,,,,,,,,,,,DDR_XM2_B1RDQS_N,,,,,,,,,,,,,,,,DDR_2AB_RDQS1_N,DDR_2AB_RDQS1_N,BD40,,
,,,DDR_XM2_B2A_CA0,DDR_2A_CA0,unused_DDR_XM2_B2A_CA0,,DDR_XM2_B2A_CA[0]:b,,,,,B,,,,,,,,,ddr_xm2_b2a_ca0,vddio_ddr2,,,,,,,LP5_CABRICK_EFC,,z,,,,,,,,,,,,,,DDR_XM2_B2A_CA[0],,,,,,,,,,,,,,,,DDR_2A_CA0,DDR_2A_CA0,BL48,,
,,,DDR_XM2_B2A_CA1,DDR_2A_CA1,unused_DDR_XM2_B2A_CA1,,DDR_XM2_B2A_CA[1]:b,,,,,B,,,,,,,,,ddr_xm2_b2a_ca1,vddio_ddr2,,,,,,,LP5_CABRICK_EFC,,z,,,,,,,,,,,,,,DDR_XM2_B2A_CA[1],,,,,,,,,,,,,,,,DDR_2A_CA1,DDR_2A_CA1,BM48,,
,,,DDR_XM2_B2A_CA2,DDR_2A_CA2,unused_DDR_XM2_B2A_CA2,,DDR_XM2_B2A_CA[2]:b,,,,,B,,,,,,,,,ddr_xm2_b2a_ca2,vddio_ddr2,,,,,,,LP5_CABRICK_EFC,,z,,,,,,,,,,,,,,DDR_XM2_B2A_CA[2],,,,,,,,,,,,,,,,DDR_2A_CA2,DDR_2A_CA2,BK45,,
,,,DDR_XM2_B2A_CA3,DDR_2A_CA3,unused_DDR_XM2_B2A_CA3,,DDR_XM2_B2A_CA[3]:b,,,,,B,,,,,,,,,ddr_xm2_b2a_ca3,vddio_ddr2,,,,,,,LP5_CABRICK_EFC,,z,,,,,,,,,,,,,,DDR_XM2_B2A_CA[3],,,,,,,,,,,,,,,,DDR_2A_CA3,DDR_2A_CA3,BK47,,
,,,DDR_XM2_B2A_CA4,DDR_2A_CA4,unused_DDR_XM2_B2A_CA4,,DDR_XM2_B2A_CA[4]:b,,,,,B,,,,,,,,,ddr_xm2_b2a_ca4,vddio_ddr2,,,,,,,LP5_CABRICK_EFC,,z,,,,,,,,,,,,,,DDR_XM2_B2A_CA[4],,,,,,,,,,,,,,,,DDR_2A_CA4,DDR_2A_CA4,BL45,,
,,,DDR_XM2_B2A_CA5,DDR_2A_CA5,unused_DDR_XM2_B2A_CA5,,DDR_XM2_B2A_CA[5]:b,,,,,B,,,,,,,,,ddr_xm2_b2a_ca5,vddio_ddr2,,,,,,,LP5_CABRICK_EFC,,z,,,,,,,,,,,,,,DDR_XM2_B2A_CA[5],,,,,,,,,,,,,,,,DDR_2A_CA5,DDR_2A_CA5,BM44,,
,,,DDR_XM2_B2A_CA6,DDR_2A_CA6,unused_DDR_XM2_B2A_CA6,,DDR_XM2_B2A_CA[6]:b,,,,,B,,,,,,,,,ddr_xm2_b2a_ca6,vddio_ddr2,,,,,,,LP5_CABRICK_EFC,,z,,,,,,,,,,,,,,DDR_XM2_B2A_CA[6],,,,,,,,,,,,,,,,DDR_2A_CA6,DDR_2A_CA6,BM45,,
,,,DDR_XM2_B2B_CA0,DDR_2B_CA0,unused_DDR_XM2_B2B_CA0,,DDR_XM2_B2B_CA[0]:b,,,,,B,,,,,,,,,ddr_xm2_b2b_ca0,vddio_ddr2,,,,,,,LP5_CABRICK_EFC,,z,,,,,,,,,,,,,,DDR_XM2_B2B_CA[0],,,,,,,,,,,,,,,,DDR_2B_CA0,DDR_2B_CA0,BM42,,
,,,DDR_XM2_B2B_CA1,DDR_2B_CA1,unused_DDR_XM2_B2B_CA1,,DDR_XM2_B2B_CA[1]:b,,,,,B,,,,,,,,,ddr_xm2_b2b_ca1,vddio_ddr2,,,,,,,LP5_CABRICK_EFC,,z,,,,,,,,,,,,,,DDR_XM2_B2B_CA[1],,,,,,,,,,,,,,,,DDR_2B_CA1,DDR_2B_CA1,BL41,,
,,,DDR_XM2_B2B_CA2,DDR_2B_CA2,unused_DDR_XM2_B2B_CA2,,DDR_XM2_B2B_CA[2]:b,,,,,B,,,,,,,,,ddr_xm2_b2b_ca2,vddio_ddr2,,,,,,,LP5_CABRICK_EFC,,z,,,,,,,,,,,,,,DDR_XM2_B2B_CA[2],,,,,,,,,,,,,,,,DDR_2B_CA2,DDR_2B_CA2,BL38,,
,,,DDR_XM2_B2B_CA3,DDR_2B_CA3,unused_DDR_XM2_B2B_CA3,,DDR_XM2_B2B_CA[3]:b,,,,,B,,,,,,,,,ddr_xm2_b2b_ca3,vddio_ddr2,,,,,,,LP5_CABRICK_EFC,,z,,,,,,,,,,,,,,DDR_XM2_B2B_CA[3],,,,,,,,,,,,,,,,DDR_2B_CA3,DDR_2B_CA3,BM38,,
,,,DDR_XM2_B2B_CA4,DDR_2B_CA4,unused_DDR_XM2_B2B_CA4,,DDR_XM2_B2B_CA[4]:b,,,,,B,,,,,,,,,ddr_xm2_b2b_ca4,vddio_ddr2,,,,,,,LP5_CABRICK_EFC,,z,,,,,,,,,,,,,,DDR_XM2_B2B_CA[4],,,,,,,,,,,,,,,,DDR_2B_CA4,DDR_2B_CA4,BL39,,
,,,DDR_XM2_B2B_CA5,DDR_2B_CA5,unused_DDR_XM2_B2B_CA5,,DDR_XM2_B2B_CA[5]:b,,,,,B,,,,,,,,,ddr_xm2_b2b_ca5,vddio_ddr2,,,,,,,LP5_CABRICK_EFC,,z,,,,,,,,,,,,,,DDR_XM2_B2B_CA[5],,,,,,,,,,,,,,,,DDR_2B_CA5,DDR_2B_CA5,BM41,,
,,,DDR_XM2_B2B_CA6,DDR_2B_CA6,unused_DDR_XM2_B2B_CA6,,DDR_XM2_B2B_CA[6]:b,,,,,B,,,,,,,,,ddr_xm2_b2b_ca6,vddio_ddr2,,,,,,,LP5_CABRICK_EFC,,z,,,,,,,,,,,,,,DDR_XM2_B2B_CA[6],,,,,,,,,,,,,,,,DDR_2B_CA6,DDR_2B_CA6,BM39,,
,,,DDR_XM2_B2A_CS_CKE0,DDR_2A_CS0,unused_DDR_XM2_B2A_CS_CKE0,,DDR_XM2_B2A_CS_CKE0:b,,,,,B,,,,,,,,,ddr_xm2_b2a_cs_cke0,vddio_ddr2,,,,,,,LP5_CABRICK_EFC,,0,,,,,,,,,,,,,,DDR_XM2_B2A_CS_CKE0,,,,,,,,,,,,,,,,DDR_2A_CS0,DDR_2A_CS0,BM47,,
,,,DDR_XM2_B2A_CS_CKE1,DDR_2A_CS1,unused_DDR_XM2_B2A_CS_CKE1,,DDR_XM2_B2A_CS_CKE1:b,,,,,B,,,,,,,,,ddr_xm2_b2a_cs_cke1,vddio_ddr2,,,,,,,LP5_CABRICK_EFC,,0,,,,,,,,,,,,,,DDR_XM2_B2A_CS_CKE1,,,,,,,,,,,,,,,,DDR_2A_CS1,DDR_2A_CS1,BL47,,
,,,DDR_XM2_B2B_CS_CKE0,DDR_2B_CS0,unused_DDR_XM2_B2B_CS_CKE0,,DDR_XM2_B2B_CS_CKE0:b,,,,,B,,,,,,,,,ddr_xm2_b2b_cs_cke0,vddio_ddr2,,,,,,,LP5_CABRICK_EFC,,0,,,,,,,,,,,,,,DDR_XM2_B2B_CS_CKE0,,,,,,,,,,,,,,,,DDR_2B_CS0,DDR_2B_CS0,BK39,,
,,,DDR_XM2_B2B_CS_CKE1,DDR_2B_CS1,unused_DDR_XM2_B2B_CS_CKE1,,DDR_XM2_B2B_CS_CKE1:b,,,,,B,,,,,,,,,ddr_xm2_b2b_cs_cke1,vddio_ddr2,,,,,,,LP5_CABRICK_EFC,,0,,,,,,,,,,,,,,DDR_XM2_B2B_CS_CKE1,,,,,,,,,,,,,,,,DDR_2B_CS1,DDR_2B_CS1,BK41,,
,,,DDR_XM2_B2A_CLK_P,DDR_2A_CLK_P,unused_DDR_XM2_B2A_CLK_P,,DDR_XM2_B2A_CLK_P:b,,,,,B,,,,,,,,,ddr_xm2_b2a_clk_p,vddio_ddr2,,,,,,,LP5_CABRICK_EFC,,0,,,,,,,,,,,,,,DDR_XM2_B2A_CLK_P,,,,,,,,,,,,,,,,DDR_2A_CLK_P,DDR_2A_CLK_P,BL44,,
,,,DDR_XM2_B2A_CLK_N,DDR_2A_CLK_N,unused_DDR_XM2_B2A_CLK_N,,DDR_XM2_B2A_CLK_N:b,,,,,B,,,,,,,,,ddr_xm2_b2a_clk_n,vddio_ddr2,,,,,,,LP5_CABRICK_EFC,,1,,,,,,,,,,,,,,DDR_XM2_B2A_CLK_N,,,,,,,,,,,,,,,,DDR_2A_CLK_N,DDR_2A_CLK_N,BK44,,
,,,DDR_XM2_B2B_CLK_P,DDR_2B_CLK_P,unused_DDR_XM2_B2B_CLK_P,,DDR_XM2_B2B_CLK_P:b,,,,,B,,,,,,,,,ddr_xm2_b2b_clk_p,vddio_ddr2,,,,,,,LP5_CABRICK_EFC,,0,,,,,,,,,,,,,,DDR_XM2_B2B_CLK_P,,,,,,,,,,,,,,,,DDR_2B_CLK_P,DDR_2B_CLK_P,BL42,,
,,,DDR_XM2_B2B_CLK_N,DDR_2B_CLK_N,unused_DDR_XM2_B2B_CLK_N,,DDR_XM2_B2B_CLK_N:b,,,,,B,,,,,,,,,ddr_xm2_b2b_clk_n,vddio_ddr2,,,,,,,LP5_CABRICK_EFC,,1,,,,,,,,,,,,,,DDR_XM2_B2B_CLK_N,,,,,,,,,,,,,,,,DDR_2B_CLK_N,DDR_2B_CLK_N,BK42,,
,,,DDR_XM2_B3D0,DDR_2AB_DQ16,unused_DDR_XM2_B3D0,,DDR_XM2_B3D[0]:b,,,,,B,,,,,,,,,ddr_xm2_b3d0,vddio_ddr2,,,,,,,LP5_DQBRICK_EFC,,z,,,,,,,,,,,,,,DDR_XM2_B3D[0],,,,,,,,,,,,,,,,DDR_2AB_DQ16,DDR_2AB_DQ16,BG41,,
,,,DDR_XM2_B3D1,DDR_2AB_DQ17,unused_DDR_XM2_B3D1,,DDR_XM2_B3D[1]:b,,,,,B,,,,,,,,,ddr_xm2_b3d1,vddio_ddr2,,,,,,,LP5_DQBRICK_EFC,,z,,,,,,,,,,,,,,DDR_XM2_B3D[1],,,,,,,,,,,,,,,,DDR_2AB_DQ17,DDR_2AB_DQ17,BF40,,
,,,DDR_XM2_B3D2,DDR_2AB_DQ18,unused_DDR_XM2_B3D2,,DDR_XM2_B3D[2]:b,,,,,B,,,,,,,,,ddr_xm2_b3d2,vddio_ddr2,,,,,,,LP5_DQBRICK_EFC,,z,,,,,,,,,,,,,,DDR_XM2_B3D[2],,,,,,,,,,,,,,,,DDR_2AB_DQ18,DDR_2AB_DQ18,BG39,,
,,,DDR_XM2_B3D3,DDR_2AB_DQ19,unused_DDR_XM2_B3D3,,DDR_XM2_B3D[3]:b,,,,,B,,,,,,,,,ddr_xm2_b3d3,vddio_ddr2,,,,,,,LP5_DQBRICK_EFC,,z,,,,,,,,,,,,,,DDR_XM2_B3D[3],,,,,,,,,,,,,,,,DDR_2AB_DQ19,DDR_2AB_DQ19,BH41,,
,,,DDR_XM2_B3D4,DDR_2AB_DQ20,unused_DDR_XM2_B3D4,,DDR_XM2_B3D[4]:b,,,,,B,,,,,,,,,ddr_xm2_b3d4,vddio_ddr2,,,,,,,LP5_DQBRICK_EFC,,z,,,,,,,,,,,,,,DDR_XM2_B3D[4],,,,,,,,,,,,,,,,DDR_2AB_DQ20,DDR_2AB_DQ20,BH39,,
,,,DDR_XM2_B3D5,DDR_2AB_DQ21,unused_DDR_XM2_B3D5,,DDR_XM2_B3D[5]:b,,,,,B,,,,,,,,,ddr_xm2_b3d5,vddio_ddr2,,,,,,,LP5_DQBRICK_EFC,,z,,,,,,,,,,,,,,DDR_XM2_B3D[5],,,,,,,,,,,,,,,,DDR_2AB_DQ21,DDR_2AB_DQ21,BJ40,,
,,,DDR_XM2_B3D6,DDR_2AB_DQ22,unused_DDR_XM2_B3D6,,DDR_XM2_B3D[6]:b,,,,,B,,,,,,,,,ddr_xm2_b3d6,vddio_ddr2,,,,,,,LP5_DQBRICK_EFC,,z,,,,,,,,,,,,,,DDR_XM2_B3D[6],,,,,,,,,,,,,,,,DDR_2AB_DQ22,DDR_2AB_DQ22,BK40,,
,,,DDR_XM2_B3D7,DDR_2AB_DQ23,unused_DDR_XM2_B3D7,,DDR_XM2_B3D[7]:b,,,,,B,,,,,,,,,ddr_xm2_b3d7,vddio_ddr2,,,,,,,LP5_DQBRICK_EFC,,z,,,,,,,,,,,,,,DDR_XM2_B3D[7],,,,,,,,,,,,,,,,DDR_2AB_DQ23,DDR_2AB_DQ23,BJ39,,
,,,DDR_XM2_B3DMI,DDR_2AB_DMI2,unused_DDR_XM2_B3DMI,,DDR_XM2_B3DMI:b,,,,,B,,,,,,,,,ddr_xm2_b3dmi,vddio_ddr2,,,,,,,LP5_DQBRICK_EFC,,z,,,,,,,,,,,,,,DDR_XM2_B3DMI,,,,,,,,,,,,,,,,DDR_2AB_DMI2,DDR_2AB_DMI2,BG40,,
,,,DDR_XM2_B3WCK_P,DDR_2AB_WCK2_P,unused_DDR_XM2_B3WCK_P,,DDR_XM2_B3WCK_P:b,,,,,B,,,,,,,,,ddr_xm2_b3wck_p,vddio_ddr2,,,,,,,LP5_DQBRICK_EFC,,z,,,,,,,,,,,,,,DDR_XM2_B3WCK_P,,,,,,,,,,,,,,,,DDR_2AB_WCK2_P,DDR_2AB_WCK2_P,BE39,,
,,,DDR_XM2_B3WCK_N,DDR_2AB_WCK2_N,unused_DDR_XM2_B3WCK_N,,DDR_XM2_B3WCK_N:b,,,,,B,,,,,,,,,ddr_xm2_b3wck_n,vddio_ddr2,,,,,,,LP5_DQBRICK_EFC,,z,,,,,,,,,,,,,,DDR_XM2_B3WCK_N,,,,,,,,,,,,,,,,DDR_2AB_WCK2_N,DDR_2AB_WCK2_N,BE38,,
,,,DDR_XM2_B3RDQS_P,DDR_2AB_RDQS2_P,unused_DDR_XM2_B3RDQS_P,,DDR_XM2_B3RDQS_P:b,,,,,B,,,,,,,,,ddr_xm2_b3rdqs_p,vddio_ddr2,,,,,,,LP5_DQBRICK_EFC,,z,,,,,,,,,,,,,,DDR_XM2_B3RDQS_P,,,,,,,,,,,,,,,,DDR_2AB_RDQS2_P,DDR_2AB_RDQS2_P,BC39,,
,,,DDR_XM2_B3RDQS_N,DDR_2AB_RDQS2_N,unused_DDR_XM2_B3RDQS_N,,DDR_XM2_B3RDQS_N:b,,,,,B,,,,,,,,,ddr_xm2_b3rdqs_n,vddio_ddr2,,,,,,,LP5_DQBRICK_EFC,,z,,,,,,,,,,,,,,DDR_XM2_B3RDQS_N,,,,,,,,,,,,,,,,DDR_2AB_RDQS2_N,DDR_2AB_RDQS2_N,BB39,,
,,,DDR_XM2_B4D0,DDR_2AB_DQ24,unused_DDR_XM2_B4D0,,DDR_XM2_B4D[0]:b,,,,,B,,,,,,,,,ddr_xm2_b4d0,vddio_ddr2,,,,,,,LP5_DQBRICK_EFC,,z,,,,,,,,,,,,,,DDR_XM2_B4D[0],,,,,,,,,,,,,,,,DDR_2AB_DQ24,DDR_2AB_DQ24,BH36,,
,,,DDR_XM2_B4D1,DDR_2AB_DQ25,unused_DDR_XM2_B4D1,,DDR_XM2_B4D[1]:b,,,,,B,,,,,,,,,ddr_xm2_b4d1,vddio_ddr2,,,,,,,LP5_DQBRICK_EFC,,z,,,,,,,,,,,,,,DDR_XM2_B4D[1],,,,,,,,,,,,,,,,DDR_2AB_DQ25,DDR_2AB_DQ25,BK37,,
,,,DDR_XM2_B4D2,DDR_2AB_DQ26,unused_DDR_XM2_B4D2,,DDR_XM2_B4D[2]:b,,,,,B,,,,,,,,,ddr_xm2_b4d2,vddio_ddr2,,,,,,,LP5_DQBRICK_EFC,,z,,,,,,,,,,,,,,DDR_XM2_B4D[2],,,,,,,,,,,,,,,,DDR_2AB_DQ26,DDR_2AB_DQ26,BJ37,,
,,,DDR_XM2_B4D3,DDR_2AB_DQ27,unused_DDR_XM2_B4D3,,DDR_XM2_B4D[3]:b,,,,,B,,,,,,,,,ddr_xm2_b4d3,vddio_ddr2,,,,,,,LP5_DQBRICK_EFC,,z,,,,,,,,,,,,,,DDR_XM2_B4D[3],,,,,,,,,,,,,,,,DDR_2AB_DQ27,DDR_2AB_DQ27,BF37,,
,,,DDR_XM2_B4D4,DDR_2AB_DQ28,unused_DDR_XM2_B4D4,,DDR_XM2_B4D[4]:b,,,,,B,,,,,,,,,ddr_xm2_b4d4,vddio_ddr2,,,,,,,LP5_DQBRICK_EFC,,z,,,,,,,,,,,,,,DDR_XM2_B4D[4],,,,,,,,,,,,,,,,DDR_2AB_DQ28,DDR_2AB_DQ28,BH38,,
,,,DDR_XM2_B4D5,DDR_2AB_DQ29,unused_DDR_XM2_B4D5,,DDR_XM2_B4D[5]:b,,,,,B,,,,,,,,,ddr_xm2_b4d5,vddio_ddr2,,,,,,,LP5_DQBRICK_EFC,,z,,,,,,,,,,,,,,DDR_XM2_B4D[5],,,,,,,,,,,,,,,,DDR_2AB_DQ29,DDR_2AB_DQ29,BG37,,
,,,DDR_XM2_B4D6,DDR_2AB_DQ30,unused_DDR_XM2_B4D6,,DDR_XM2_B4D[6]:b,,,,,B,,,,,,,,,ddr_xm2_b4d6,vddio_ddr2,,,,,,,LP5_DQBRICK_EFC,,z,,,,,,,,,,,,,,DDR_XM2_B4D[6],,,,,,,,,,,,,,,,DDR_2AB_DQ30,DDR_2AB_DQ30,BG38,,
,,,DDR_XM2_B4D7,DDR_2AB_DQ31,unused_DDR_XM2_B4D7,,DDR_XM2_B4D[7]:b,,,,,B,,,,,,,,,ddr_xm2_b4d7,vddio_ddr2,,,,,,,LP5_DQBRICK_EFC,,z,,,,,,,,,,,,,,DDR_XM2_B4D[7],,,,,,,,,,,,,,,,DDR_2AB_DQ31,DDR_2AB_DQ31,BF38,,
,,,DDR_XM2_B4DMI,DDR_2AB_DMI3,unused_DDR_XM2_B4DMI,,DDR_XM2_B4DMI:b,,,,,B,,,,,,,,,ddr_xm2_b4dmi,vddio_ddr2,,,,,,,LP5_DQBRICK_EFC,,z,,,,,,,,,,,,,,DDR_XM2_B4DMI,,,,,,,,,,,,,,,,DDR_2AB_DMI3,DDR_2AB_DMI3,BJ36,,
,,,DDR_XM2_B4WCK_P,DDR_2AB_WCK3_P,unused_DDR_XM2_B4WCK_P,,DDR_XM2_B4WCK_P:b,,,,,B,,,,,,,,,ddr_xm2_b4wck_p,vddio_ddr2,,,,,,,LP5_DQBRICK_EFC,,z,,,,,,,,,,,,,,DDR_XM2_B4WCK_P,,,,,,,,,,,,,,,,DDR_2AB_WCK3_P,DDR_2AB_WCK3_P,BD37,,
,,,DDR_XM2_B4WCK_N,DDR_2AB_WCK3_N,unused_DDR_XM2_B4WCK_N,,DDR_XM2_B4WCK_N:b,,,,,B,,,,,,,,,ddr_xm2_b4wck_n,vddio_ddr2,,,,,,,LP5_DQBRICK_EFC,,z,,,,,,,,,,,,,,DDR_XM2_B4WCK_N,,,,,,,,,,,,,,,,DDR_2AB_WCK3_N,DDR_2AB_WCK3_N,BC37,,
,,,DDR_XM2_B4RDQS_P,DDR_2AB_RDQS3_P,unused_DDR_XM2_B4RDQS_P,,DDR_XM2_B4RDQS_P:b,,,,,B,,,,,,,,,ddr_xm2_b4rdqs_p,vddio_ddr2,,,,,,,LP5_DQBRICK_EFC,,z,,,,,,,,,,,,,,DDR_XM2_B4RDQS_P,,,,,,,,,,,,,,,,DDR_2AB_RDQS3_P,DDR_2AB_RDQS3_P,BB36,,
,,,DDR_XM2_B4RDQS_N,DDR_2AB_RDQS3_N,unused_DDR_XM2_B4RDQS_N,,DDR_XM2_B4RDQS_N:b,,,,,B,,,,,,,,,ddr_xm2_b4rdqs_n,vddio_ddr2,,,,,,,LP5_DQBRICK_EFC,,z,,,,,,,,,,,,,,DDR_XM2_B4RDQS_N,,,,,,,,,,,,,,,,DDR_2AB_RDQS3_N,DDR_2AB_RDQS3_N,BC36,,
,,,DDR_XM2_B5D0,DDR_2CD_DQ0,unused_DDR_XM2_B5D0,,DDR_XM2_B5D[0]:b,,,,,B,,,,,,,,,ddr_xm2_b5d0,vddio_ddr2,,,,,,,LP5_DQBRICK_EFC,,z,,,,,,,,,,,,,,DDR_XM2_B5D[0],,,,,,,,,,,,,,,,DDR_2CD_DQ0,DDR_2CD_DQ0,BH35,,
,,,DDR_XM2_B5D1,DDR_2CD_DQ1,unused_DDR_XM2_B5D1,,DDR_XM2_B5D[1]:b,,,,,B,,,,,,,,,ddr_xm2_b5d1,vddio_ddr2,,,,,,,LP5_DQBRICK_EFC,,z,,,,,,,,,,,,,,DDR_XM2_B5D[1],,,,,,,,,,,,,,,,DDR_2CD_DQ1,DDR_2CD_DQ1,BG35,,
,,,DDR_XM2_B5D2,DDR_2CD_DQ2,unused_DDR_XM2_B5D2,,DDR_XM2_B5D[2]:b,,,,,B,,,,,,,,,ddr_xm2_b5d2,vddio_ddr2,,,,,,,LP5_DQBRICK_EFC,,z,,,,,,,,,,,,,,DDR_XM2_B5D[2],,,,,,,,,,,,,,,,DDR_2CD_DQ2,DDR_2CD_DQ2,BF35,,
,,,DDR_XM2_B5D3,DDR_2CD_DQ3,unused_DDR_XM2_B5D3,,DDR_XM2_B5D[3]:b,,,,,B,,,,,,,,,ddr_xm2_b5d3,vddio_ddr2,,,,,,,LP5_DQBRICK_EFC,,z,,,,,,,,,,,,,,DDR_XM2_B5D[3],,,,,,,,,,,,,,,,DDR_2CD_DQ3,DDR_2CD_DQ3,BG36,,
,,,DDR_XM2_B5D4,DDR_2CD_DQ4,unused_DDR_XM2_B5D4,,DDR_XM2_B5D[4]:b,,,,,B,,,,,,,,,ddr_xm2_b5d4,vddio_ddr2,,,,,,,LP5_DQBRICK_EFC,,z,,,,,,,,,,,,,,DDR_XM2_B5D[4],,,,,,,,,,,,,,,,DDR_2CD_DQ4,DDR_2CD_DQ4,BJ33,,
,,,DDR_XM2_B5D5,DDR_2CD_DQ5,unused_DDR_XM2_B5D5,,DDR_XM2_B5D[5]:b,,,,,B,,,,,,,,,ddr_xm2_b5d5,vddio_ddr2,,,,,,,LP5_DQBRICK_EFC,,z,,,,,,,,,,,,,,DDR_XM2_B5D[5],,,,,,,,,,,,,,,,DDR_2CD_DQ5,DDR_2CD_DQ5,BK34,,
,,,DDR_XM2_B5D6,DDR_2CD_DQ6,unused_DDR_XM2_B5D6,,DDR_XM2_B5D[6]:b,,,,,B,,,,,,,,,ddr_xm2_b5d6,vddio_ddr2,,,,,,,LP5_DQBRICK_EFC,,z,,,,,,,,,,,,,,DDR_XM2_B5D[6],,,,,,,,,,,,,,,,DDR_2CD_DQ6,DDR_2CD_DQ6,BF34,,
,,,DDR_XM2_B5D7,DDR_2CD_DQ7,unused_DDR_XM2_B5D7,,DDR_XM2_B5D[7]:b,,,,,B,,,,,,,,,ddr_xm2_b5d7,vddio_ddr2,,,,,,,LP5_DQBRICK_EFC,,z,,,,,,,,,,,,,,DDR_XM2_B5D[7],,,,,,,,,,,,,,,,DDR_2CD_DQ7,DDR_2CD_DQ7,BG34,,
,,,DDR_XM2_B5DMI,DDR_2CD_DMI0,unused_DDR_XM2_B5DMI,,DDR_XM2_B5DMI:b,,,,,B,,,,,,,,,ddr_xm2_b5dmi,vddio_ddr2,,,,,,,LP5_DQBRICK_EFC,,z,,,,,,,,,,,,,,DDR_XM2_B5DMI,,,,,,,,,,,,,,,,DDR_2CD_DMI0,DDR_2CD_DMI0,BJ34,,
,,,DDR_XM2_B5WCK_P,DDR_2CD_WCK0_P,unused_DDR_XM2_B5WCK_P,,DDR_XM2_B5WCK_P:b,,,,,B,,,,,,,,,ddr_xm2_b5wck_p,vddio_ddr2,,,,,,,LP5_DQBRICK_EFC,,z,,,,,,,,,,,,,,DDR_XM2_B5WCK_P,,,,,,,,,,,,,,,,DDR_2CD_WCK0_P,DDR_2CD_WCK0_P,BE36,,
,,,DDR_XM2_B5WCK_N,DDR_2CD_WCK0_N,unused_DDR_XM2_B5WCK_N,,DDR_XM2_B5WCK_N:b,,,,,B,,,,,,,,,ddr_xm2_b5wck_n,vddio_ddr2,,,,,,,LP5_DQBRICK_EFC,,z,,,,,,,,,,,,,,DDR_XM2_B5WCK_N,,,,,,,,,,,,,,,,DDR_2CD_WCK0_N,DDR_2CD_WCK0_N,BE35,,
,,,DDR_XM2_B5RDQS_P,DDR_2CD_RDQS0_P,unused_DDR_XM2_B5RDQS_P,,DDR_XM2_B5RDQS_P:b,,,,,B,,,,,,,,,ddr_xm2_b5rdqs_p,vddio_ddr2,,,,,,,LP5_DQBRICK_EFC,,z,,,,,,,,,,,,,,DDR_XM2_B5RDQS_P,,,,,,,,,,,,,,,,DDR_2CD_RDQS0_P,DDR_2CD_RDQS0_P,BD34,,
,,,DDR_XM2_B5RDQS_N,DDR_2CD_RDQS0_N,unused_DDR_XM2_B5RDQS_N,,DDR_XM2_B5RDQS_N:b,,,,,B,,,,,,,,,ddr_xm2_b5rdqs_n,vddio_ddr2,,,,,,,LP5_DQBRICK_EFC,,z,,,,,,,,,,,,,,DDR_XM2_B5RDQS_N,,,,,,,,,,,,,,,,DDR_2CD_RDQS0_N,DDR_2CD_RDQS0_N,BC34,,
,,,DDR_XM2_B6D0,DDR_2CD_DQ8,unused_DDR_XM2_B6D0,,DDR_XM2_B6D[0]:b,,,,,B,,,,,,,,,ddr_xm2_b6d0,vddio_ddr2,,,,,,,LP5_DQBRICK_EFC,,z,,,,,,,,,,,,,,DDR_XM2_B6D[0],,,,,,,,,,,,,,,,DDR_2CD_DQ8,DDR_2CD_DQ8,BG32,,
,,,DDR_XM2_B6D1,DDR_2CD_DQ9,unused_DDR_XM2_B6D1,,DDR_XM2_B6D[1]:b,,,,,B,,,,,,,,,ddr_xm2_b6d1,vddio_ddr2,,,,,,,LP5_DQBRICK_EFC,,z,,,,,,,,,,,,,,DDR_XM2_B6D[1],,,,,,,,,,,,,,,,DDR_2CD_DQ9,DDR_2CD_DQ9,BF32,,
,,,DDR_XM2_B6D2,DDR_2CD_DQ10,unused_DDR_XM2_B6D2,,DDR_XM2_B6D[2]:b,,,,,B,,,,,,,,,ddr_xm2_b6d2,vddio_ddr2,,,,,,,LP5_DQBRICK_EFC,,z,,,,,,,,,,,,,,DDR_XM2_B6D[2],,,,,,,,,,,,,,,,DDR_2CD_DQ10,DDR_2CD_DQ10,BJ31,,
,,,DDR_XM2_B6D3,DDR_2CD_DQ11,unused_DDR_XM2_B6D3,,DDR_XM2_B6D[3]:b,,,,,B,,,,,,,,,ddr_xm2_b6d3,vddio_ddr2,,,,,,,LP5_DQBRICK_EFC,,z,,,,,,,,,,,,,,DDR_XM2_B6D[3],,,,,,,,,,,,,,,,DDR_2CD_DQ11,DDR_2CD_DQ11,BG31,,
,,,DDR_XM2_B6D4,DDR_2CD_DQ12,unused_DDR_XM2_B6D4,,DDR_XM2_B6D[4]:b,,,,,B,,,,,,,,,ddr_xm2_b6d4,vddio_ddr2,,,,,,,LP5_DQBRICK_EFC,,z,,,,,,,,,,,,,,DDR_XM2_B6D[4],,,,,,,,,,,,,,,,DDR_2CD_DQ12,DDR_2CD_DQ12,BK31,,
,,,DDR_XM2_B6D5,DDR_2CD_DQ13,unused_DDR_XM2_B6D5,,DDR_XM2_B6D[5]:b,,,,,B,,,,,,,,,ddr_xm2_b6d5,vddio_ddr2,,,,,,,LP5_DQBRICK_EFC,,z,,,,,,,,,,,,,,DDR_XM2_B6D[5],,,,,,,,,,,,,,,,DDR_2CD_DQ13,DDR_2CD_DQ13,BH32,,
,,,DDR_XM2_B6D6,DDR_2CD_DQ14,unused_DDR_XM2_B6D6,,DDR_XM2_B6D[6]:b,,,,,B,,,,,,,,,ddr_xm2_b6d6,vddio_ddr2,,,,,,,LP5_DQBRICK_EFC,,z,,,,,,,,,,,,,,DDR_XM2_B6D[6],,,,,,,,,,,,,,,,DDR_2CD_DQ14,DDR_2CD_DQ14,BH33,,
,,,DDR_XM2_B6D7,DDR_2CD_DQ15,unused_DDR_XM2_B6D7,,DDR_XM2_B6D[7]:b,,,,,B,,,,,,,,,ddr_xm2_b6d7,vddio_ddr2,,,,,,,LP5_DQBRICK_EFC,,z,,,,,,,,,,,,,,DDR_XM2_B6D[7],,,,,,,,,,,,,,,,DDR_2CD_DQ15,DDR_2CD_DQ15,BG33,,
,,,DDR_XM2_B6DMI,DDR_2CD_DMI1,unused_DDR_XM2_B6DMI,,DDR_XM2_B6DMI:b,,,,,B,,,,,,,,,ddr_xm2_b6dmi,vddio_ddr2,,,,,,,LP5_DQBRICK_EFC,,z,,,,,,,,,,,,,,DDR_XM2_B6DMI,,,,,,,,,,,,,,,,DDR_2CD_DMI1,DDR_2CD_DMI1,BD31,,
,,,DDR_XM2_B6WCK_P,DDR_2CD_WCK1_P,unused_DDR_XM2_B6WCK_P,,DDR_XM2_B6WCK_P:b,,,,,B,,,,,,,,,ddr_xm2_b6wck_p,vddio_ddr2,,,,,,,LP5_DQBRICK_EFC,,z,,,,,,,,,,,,,,DDR_XM2_B6WCK_P,,,,,,,,,,,,,,,,DDR_2CD_WCK1_P,DDR_2CD_WCK1_P,BC33,,
,,,DDR_XM2_B6WCK_N,DDR_2CD_WCK1_N,unused_DDR_XM2_B6WCK_N,,DDR_XM2_B6WCK_N:b,,,,,B,,,,,,,,,ddr_xm2_b6wck_n,vddio_ddr2,,,,,,,LP5_DQBRICK_EFC,,z,,,,,,,,,,,,,,DDR_XM2_B6WCK_N,,,,,,,,,,,,,,,,DDR_2CD_WCK1_N,DDR_2CD_WCK1_N,BB33,,
,,,DDR_XM2_B6RDQS_P,DDR_2CD_RDQS1_P,unused_DDR_XM2_B6RDQS_P,,DDR_XM2_B6RDQS_P:b,,,,,B,,,,,,,,,ddr_xm2_b6rdqs_p,vddio_ddr2,,,,,,,LP5_DQBRICK_EFC,,z,,,,,,,,,,,,,,DDR_XM2_B6RDQS_P,,,,,,,,,,,,,,,,DDR_2CD_RDQS1_P,DDR_2CD_RDQS1_P,BE32,,
,,,DDR_XM2_B6RDQS_N,DDR_2CD_RDQS1_N,unused_DDR_XM2_B6RDQS_N,,DDR_XM2_B6RDQS_N:b,,,,,B,,,,,,,,,ddr_xm2_b6rdqs_n,vddio_ddr2,,,,,,,LP5_DQBRICK_EFC,,z,,,,,,,,,,,,,,DDR_XM2_B6RDQS_N,,,,,,,,,,,,,,,,DDR_2CD_RDQS1_N,DDR_2CD_RDQS1_N,BE33,,
,,,DDR_XM2_B7A_CA0,DDR_2C_CA0,unused_DDR_XM2_B7A_CA0,,DDR_XM2_B7A_CA[0]:b,,,,,B,,,,,,,,,ddr_xm2_b7a_ca0,vddio_ddr2,,,,,,,LP5_CABRICK_EFC,,z,,,,,,,,,,,,,,DDR_XM2_B7A_CA[0],,,,,,,,,,,,,,,,DDR_2C_CA0,DDR_2C_CA0,BL33,,
,,,DDR_XM2_B7A_CA1,DDR_2C_CA1,unused_DDR_XM2_B7A_CA1,,DDR_XM2_B7A_CA[1]:b,,,,,B,,,,,,,,,ddr_xm2_b7a_ca1,vddio_ddr2,,,,,,,LP5_CABRICK_EFC,,z,,,,,,,,,,,,,,DDR_XM2_B7A_CA[1],,,,,,,,,,,,,,,,DDR_2C_CA1,DDR_2C_CA1,BK33,,
,,,DDR_XM2_B7A_CA2,DDR_2C_CA2,unused_DDR_XM2_B7A_CA2,,DDR_XM2_B7A_CA[2]:b,,,,,B,,,,,,,,,ddr_xm2_b7a_ca2,vddio_ddr2,,,,,,,LP5_CABRICK_EFC,,z,,,,,,,,,,,,,,DDR_XM2_B7A_CA[2],,,,,,,,,,,,,,,,DDR_2C_CA2,DDR_2C_CA2,BK36,,
,,,DDR_XM2_B7A_CA3,DDR_2C_CA3,unused_DDR_XM2_B7A_CA3,,DDR_XM2_B7A_CA[3]:b,,,,,B,,,,,,,,,ddr_xm2_b7a_ca3,vddio_ddr2,,,,,,,LP5_CABRICK_EFC,,z,,,,,,,,,,,,,,DDR_XM2_B7A_CA[3],,,,,,,,,,,,,,,,DDR_2C_CA3,DDR_2C_CA3,BK38,,
,,,DDR_XM2_B7A_CA4,DDR_2C_CA4,unused_DDR_XM2_B7A_CA4,,DDR_XM2_B7A_CA[4]:b,,,,,B,,,,,,,,,ddr_xm2_b7a_ca4,vddio_ddr2,,,,,,,LP5_CABRICK_EFC,,z,,,,,,,,,,,,,,DDR_XM2_B7A_CA[4],,,,,,,,,,,,,,,,DDR_2C_CA4,DDR_2C_CA4,BL36,,
,,,DDR_XM2_B7A_CA5,DDR_2C_CA5,unused_DDR_XM2_B7A_CA5,,DDR_XM2_B7A_CA[5]:b,,,,,B,,,,,,,,,ddr_xm2_b7a_ca5,vddio_ddr2,,,,,,,LP5_CABRICK_EFC,,z,,,,,,,,,,,,,,DDR_XM2_B7A_CA[5],,,,,,,,,,,,,,,,DDR_2C_CA5,DDR_2C_CA5,BM35,,
,,,DDR_XM2_B7A_CA6,DDR_2C_CA6,unused_DDR_XM2_B7A_CA6,,DDR_XM2_B7A_CA[6]:b,,,,,B,,,,,,,,,ddr_xm2_b7a_ca6,vddio_ddr2,,,,,,,LP5_CABRICK_EFC,,z,,,,,,,,,,,,,,DDR_XM2_B7A_CA[6],,,,,,,,,,,,,,,,DDR_2C_CA6,DDR_2C_CA6,BM36,,
,,,DDR_XM2_B7B_CA0,DDR_2D_CA0,unused_DDR_XM2_B7B_CA0,,DDR_XM2_B7B_CA[0]:b,,,,,B,,,,,,,,,ddr_xm2_b7b_ca0,vddio_ddr2,,,,,,,LP5_CABRICK_EFC,,z,,,,,,,,,,,,,,DDR_XM2_B7B_CA[0],,,,,,,,,,,,,,,,DDR_2D_CA0,DDR_2D_CA0,BK27,,
,,,DDR_XM2_B7B_CA1,DDR_2D_CA1,unused_DDR_XM2_B7B_CA1,,DDR_XM2_B7B_CA[1]:b,,,,,B,,,,,,,,,ddr_xm2_b7b_ca1,vddio_ddr2,,,,,,,LP5_CABRICK_EFC,,z,,,,,,,,,,,,,,DDR_XM2_B7B_CA[1],,,,,,,,,,,,,,,,DDR_2D_CA1,DDR_2D_CA1,BM27,,
,,,DDR_XM2_B7B_CA2,DDR_2D_CA2,unused_DDR_XM2_B7B_CA2,,DDR_XM2_B7B_CA[2]:b,,,,,B,,,,,,,,,ddr_xm2_b7b_ca2,vddio_ddr2,,,,,,,LP5_CABRICK_EFC,,z,,,,,,,,,,,,,,DDR_XM2_B7B_CA[2],,,,,,,,,,,,,,,,DDR_2D_CA2,DDR_2D_CA2,BL29,,
,,,DDR_XM2_B7B_CA3,DDR_2D_CA3,unused_DDR_XM2_B7B_CA3,,DDR_XM2_B7B_CA[3]:b,,,,,B,,,,,,,,,ddr_xm2_b7b_ca3,vddio_ddr2,,,,,,,LP5_CABRICK_EFC,,z,,,,,,,,,,,,,,DDR_XM2_B7B_CA[3],,,,,,,,,,,,,,,,DDR_2D_CA3,DDR_2D_CA3,BM29,,
,,,DDR_XM2_B7B_CA4,DDR_2D_CA4,unused_DDR_XM2_B7B_CA4,,DDR_XM2_B7B_CA[4]:b,,,,,B,,,,,,,,,ddr_xm2_b7b_ca4,vddio_ddr2,,,,,,,LP5_CABRICK_EFC,,z,,,,,,,,,,,,,,DDR_XM2_B7B_CA[4],,,,,,,,,,,,,,,,DDR_2D_CA4,DDR_2D_CA4,BM30,,
,,,DDR_XM2_B7B_CA5,DDR_2D_CA5,unused_DDR_XM2_B7B_CA5,,DDR_XM2_B7B_CA[5]:b,,,,,B,,,,,,,,,ddr_xm2_b7b_ca5,vddio_ddr2,,,,,,,LP5_CABRICK_EFC,,z,,,,,,,,,,,,,,DDR_XM2_B7B_CA[5],,,,,,,,,,,,,,,,DDR_2D_CA5,DDR_2D_CA5,BL30,,
,,,DDR_XM2_B7B_CA6,DDR_2D_CA6,unused_DDR_XM2_B7B_CA6,,DDR_XM2_B7B_CA[6]:b,,,,,B,,,,,,,,,ddr_xm2_b7b_ca6,vddio_ddr2,,,,,,,LP5_CABRICK_EFC,,z,,,,,,,,,,,,,,DDR_XM2_B7B_CA[6],,,,,,,,,,,,,,,,DDR_2D_CA6,DDR_2D_CA6,BK30,,
,,,DDR_XM2_B7A_CS_CKE0,DDR_2C_CS0,unused_DDR_XM2_B7A_CS_CKE0,,DDR_XM2_B7A_CS_CKE0:b,,,,,B,,,,,,,,,ddr_xm2_b7a_cs_cke0,vddio_ddr2,,,,,,,LP5_CABRICK_EFC,,0,,,,,,,,,,,,,,DDR_XM2_B7A_CS_CKE0,,,,,,,,,,,,,,,,DDR_2C_CS0,DDR_2C_CS0,BK35,,
,,,DDR_XM2_B7A_CS_CKE1,DDR_2C_CS1,unused_DDR_XM2_B7A_CS_CKE1,,DDR_XM2_B7A_CS_CKE1:b,,,,,B,,,,,,,,,ddr_xm2_b7a_cs_cke1,vddio_ddr2,,,,,,,LP5_CABRICK_EFC,,0,,,,,,,,,,,,,,DDR_XM2_B7A_CS_CKE1,,,,,,,,,,,,,,,,DDR_2C_CS1,DDR_2C_CS1,BL35,,
,,,DDR_XM2_B7B_CS_CKE0,DDR_2D_CS0,unused_DDR_XM2_B7B_CS_CKE0,,DDR_XM2_B7B_CS_CKE0:b,,,,,B,,,,,,,,,ddr_xm2_b7b_cs_cke0,vddio_ddr2,,,,,,,LP5_CABRICK_EFC,,0,,,,,,,,,,,,,,DDR_XM2_B7B_CS_CKE0,,,,,,,,,,,,,,,,DDR_2D_CS0,DDR_2D_CS0,BL27,,
,,,DDR_XM2_B7B_CS_CKE1,DDR_2D_CS1,unused_DDR_XM2_B7B_CS_CKE1,,DDR_XM2_B7B_CS_CKE1:b,,,,,B,,,,,,,,,ddr_xm2_b7b_cs_cke1,vddio_ddr2,,,,,,,LP5_CABRICK_EFC,,0,,,,,,,,,,,,,,DDR_XM2_B7B_CS_CKE1,,,,,,,,,,,,,,,,DDR_2D_CS1,DDR_2D_CS1,BK29,,
,,,DDR_XM2_B7A_CLK_P,DDR_2C_CLK_P,unused_DDR_XM2_B7A_CLK_P,,DDR_XM2_B7A_CLK_P:b,,,,,B,,,,,,,,,ddr_xm2_b7a_clk_p,vddio_ddr2,,,,,,,LP5_CABRICK_EFC,,0,,,,,,,,,,,,,,DDR_XM2_B7A_CLK_P,,,,,,,,,,,,,,,,DDR_2C_CLK_P,DDR_2C_CLK_P,BM33,,
,,,DDR_XM2_B7A_CLK_N,DDR_2C_CLK_N,unused_DDR_XM2_B7A_CLK_N,,DDR_XM2_B7A_CLK_N:b,,,,,B,,,,,,,,,ddr_xm2_b7a_clk_n,vddio_ddr2,,,,,,,LP5_CABRICK_EFC,,1,,,,,,,,,,,,,,DDR_XM2_B7A_CLK_N,,,,,,,,,,,,,,,,DDR_2C_CLK_N,DDR_2C_CLK_N,BM32,,
,,,DDR_XM2_B7B_CLK_P,DDR_2D_CLK_P,unused_DDR_XM2_B7B_CLK_P,,DDR_XM2_B7B_CLK_P:b,,,,,B,,,,,,,,,ddr_xm2_b7b_clk_p,vddio_ddr2,,,,,,,LP5_CABRICK_EFC,,0,,,,,,,,,,,,,,DDR_XM2_B7B_CLK_P,,,,,,,,,,,,,,,,DDR_2D_CLK_P,DDR_2D_CLK_P,BK32,,
,,,DDR_XM2_B7B_CLK_N,DDR_2D_CLK_N,unused_DDR_XM2_B7B_CLK_N,,DDR_XM2_B7B_CLK_N:b,,,,,B,,,,,,,,,ddr_xm2_b7b_clk_n,vddio_ddr2,,,,,,,LP5_CABRICK_EFC,,1,,,,,,,,,,,,,,DDR_XM2_B7B_CLK_N,,,,,,,,,,,,,,,,DDR_2D_CLK_N,DDR_2D_CLK_N,BL32,,
,,,DDR_XM2_B8D0,DDR_2CD_DQ16,unused_DDR_XM2_B8D0,,DDR_XM2_B8D[0]:b,,,,,B,,,,,,,,,ddr_xm2_b8d0,vddio_ddr2,,,,,,,LP5_DQBRICK_EFC,,z,,,,,,,,,,,,,,DDR_XM2_B8D[0],,,,,,,,,,,,,,,,DDR_2CD_DQ16,DDR_2CD_DQ16,BC31,,
,,,DDR_XM2_B8D1,DDR_2CD_DQ17,unused_DDR_XM2_B8D1,,DDR_XM2_B8D[1]:b,,,,,B,,,,,,,,,ddr_xm2_b8d1,vddio_ddr2,,,,,,,LP5_DQBRICK_EFC,,z,,,,,,,,,,,,,,DDR_XM2_B8D[1],,,,,,,,,,,,,,,,DDR_2CD_DQ17,DDR_2CD_DQ17,BF31,,
,,,DDR_XM2_B8D2,DDR_2CD_DQ18,unused_DDR_XM2_B8D2,,DDR_XM2_B8D[2]:b,,,,,B,,,,,,,,,ddr_xm2_b8d2,vddio_ddr2,,,,,,,LP5_DQBRICK_EFC,,z,,,,,,,,,,,,,,DDR_XM2_B8D[2],,,,,,,,,,,,,,,,DDR_2CD_DQ18,DDR_2CD_DQ18,BJ30,,
,,,DDR_XM2_B8D3,DDR_2CD_DQ19,unused_DDR_XM2_B8D3,,DDR_XM2_B8D[3]:b,,,,,B,,,,,,,,,ddr_xm2_b8d3,vddio_ddr2,,,,,,,LP5_DQBRICK_EFC,,z,,,,,,,,,,,,,,DDR_XM2_B8D[3],,,,,,,,,,,,,,,,DDR_2CD_DQ19,DDR_2CD_DQ19,BH30,,
,,,DDR_XM2_B8D4,DDR_2CD_DQ20,unused_DDR_XM2_B8D4,,DDR_XM2_B8D[4]:b,,,,,B,,,,,,,,,ddr_xm2_b8d4,vddio_ddr2,,,,,,,LP5_DQBRICK_EFC,,z,,,,,,,,,,,,,,DDR_XM2_B8D[4],,,,,,,,,,,,,,,,DDR_2CD_DQ20,DDR_2CD_DQ20,BH29,,
,,,DDR_XM2_B8D5,DDR_2CD_DQ21,unused_DDR_XM2_B8D5,,DDR_XM2_B8D[5]:b,,,,,B,,,,,,,,,ddr_xm2_b8d5,vddio_ddr2,,,,,,,LP5_DQBRICK_EFC,,z,,,,,,,,,,,,,,DDR_XM2_B8D[5],,,,,,,,,,,,,,,,DDR_2CD_DQ21,DDR_2CD_DQ21,BJ28,,
,,,DDR_XM2_B8D6,DDR_2CD_DQ22,unused_DDR_XM2_B8D6,,DDR_XM2_B8D[6]:b,,,,,B,,,,,,,,,ddr_xm2_b8d6,vddio_ddr2,,,,,,,LP5_DQBRICK_EFC,,z,,,,,,,,,,,,,,DDR_XM2_B8D[6],,,,,,,,,,,,,,,,DDR_2CD_DQ22,DDR_2CD_DQ22,BG29,,
,,,DDR_XM2_B8D7,DDR_2CD_DQ23,unused_DDR_XM2_B8D7,,DDR_XM2_B8D[7]:b,,,,,B,,,,,,,,,ddr_xm2_b8d7,vddio_ddr2,,,,,,,LP5_DQBRICK_EFC,,z,,,,,,,,,,,,,,DDR_XM2_B8D[7],,,,,,,,,,,,,,,,DDR_2CD_DQ23,DDR_2CD_DQ23,BF29,,
,,,DDR_XM2_B8DMI,DDR_2CD_DMI2,unused_DDR_XM2_B8DMI,,DDR_XM2_B8DMI:b,,,,,B,,,,,,,,,ddr_xm2_b8dmi,vddio_ddr2,,,,,,,LP5_DQBRICK_EFC,,z,,,,,,,,,,,,,,DDR_XM2_B8DMI,,,,,,,,,,,,,,,,DDR_2CD_DMI2,DDR_2CD_DMI2,BG30,,
,,,DDR_XM2_B8WCK_P,DDR_2CD_WCK2_P,unused_DDR_XM2_B8WCK_P,,DDR_XM2_B8WCK_P:b,,,,,B,,,,,,,,,ddr_xm2_b8wck_p,vddio_ddr2,,,,,,,LP5_DQBRICK_EFC,,z,,,,,,,,,,,,,,DDR_XM2_B8WCK_P,,,,,,,,,,,,,,,,DDR_2CD_WCK2_P,DDR_2CD_WCK2_P,BE29,,
,,,DDR_XM2_B8WCK_N,DDR_2CD_WCK2_N,unused_DDR_XM2_B8WCK_N,,DDR_XM2_B8WCK_N:b,,,,,B,,,,,,,,,ddr_xm2_b8wck_n,vddio_ddr2,,,,,,,LP5_DQBRICK_EFC,,z,,,,,,,,,,,,,,DDR_XM2_B8WCK_N,,,,,,,,,,,,,,,,DDR_2CD_WCK2_N,DDR_2CD_WCK2_N,BE30,,
,,,DDR_XM2_B8RDQS_P,DDR_2CD_RDQS2_P,unused_DDR_XM2_B8RDQS_P,,DDR_XM2_B8RDQS_P:b,,,,,B,,,,,,,,,ddr_xm2_b8rdqs_p,vddio_ddr2,,,,,,,LP5_DQBRICK_EFC,,z,,,,,,,,,,,,,,DDR_XM2_B8RDQS_P,,,,,,,,,,,,,,,,DDR_2CD_RDQS2_P,DDR_2CD_RDQS2_P,BC30,,
,,,DDR_XM2_B8RDQS_N,DDR_2CD_RDQS2_N,unused_DDR_XM2_B8RDQS_N,,DDR_XM2_B8RDQS_N:b,,,,,B,,,,,,,,,ddr_xm2_b8rdqs_n,vddio_ddr2,,,,,,,LP5_DQBRICK_EFC,,z,,,,,,,,,,,,,,DDR_XM2_B8RDQS_N,,,,,,,,,,,,,,,,DDR_2CD_RDQS2_N,DDR_2CD_RDQS2_N,BB30,,
,,,DDR_XM2_B9D0,DDR_2CD_DQ24,unused_DDR_XM2_B9D0,,DDR_XM2_B9D[0]:b,,,,,B,,,,,,,,,ddr_xm2_b9d0,vddio_ddr2,,,,,,,LP5_DQBRICK_EFC,,z,,,,,,,,,,,,,,DDR_XM2_B9D[0],,,,,,,,,,,,,,,,DDR_2CD_DQ24,DDR_2CD_DQ24,BD28,,
,,,DDR_XM2_B9D1,DDR_2CD_DQ25,unused_DDR_XM2_B9D1,,DDR_XM2_B9D[1]:b,,,,,B,,,,,,,,,ddr_xm2_b9d1,vddio_ddr2,,,,,,,LP5_DQBRICK_EFC,,z,,,,,,,,,,,,,,DDR_XM2_B9D[1],,,,,,,,,,,,,,,,DDR_2CD_DQ25,DDR_2CD_DQ25,BG27,,
,,,DDR_XM2_B9D2,DDR_2CD_DQ26,unused_DDR_XM2_B9D2,,DDR_XM2_B9D[2]:b,,,,,B,,,,,,,,,ddr_xm2_b9d2,vddio_ddr2,,,,,,,LP5_DQBRICK_EFC,,z,,,,,,,,,,,,,,DDR_XM2_B9D[2],,,,,,,,,,,,,,,,DDR_2CD_DQ26,DDR_2CD_DQ26,BC28,,
,,,DDR_XM2_B9D3,DDR_2CD_DQ27,unused_DDR_XM2_B9D3,,DDR_XM2_B9D[3]:b,,,,,B,,,,,,,,,ddr_xm2_b9d3,vddio_ddr2,,,,,,,LP5_DQBRICK_EFC,,z,,,,,,,,,,,,,,DDR_XM2_B9D[3],,,,,,,,,,,,,,,,DDR_2CD_DQ27,DDR_2CD_DQ27,BH27,,
,,,DDR_XM2_B9D4,DDR_2CD_DQ28,unused_DDR_XM2_B9D4,,DDR_XM2_B9D[4]:b,,,,,B,,,,,,,,,ddr_xm2_b9d4,vddio_ddr2,,,,,,,LP5_DQBRICK_EFC,,z,,,,,,,,,,,,,,DDR_XM2_B9D[4],,,,,,,,,,,,,,,,DDR_2CD_DQ28,DDR_2CD_DQ28,BF28,,
,,,DDR_XM2_B9D5,DDR_2CD_DQ29,unused_DDR_XM2_B9D5,,DDR_XM2_B9D[5]:b,,,,,B,,,,,,,,,ddr_xm2_b9d5,vddio_ddr2,,,,,,,LP5_DQBRICK_EFC,,z,,,,,,,,,,,,,,DDR_XM2_B9D[5],,,,,,,,,,,,,,,,DDR_2CD_DQ29,DDR_2CD_DQ29,BJ27,,
,,,DDR_XM2_B9D6,DDR_2CD_DQ30,unused_DDR_XM2_B9D6,,DDR_XM2_B9D[6]:b,,,,,B,,,,,,,,,ddr_xm2_b9d6,vddio_ddr2,,,,,,,LP5_DQBRICK_EFC,,z,,,,,,,,,,,,,,DDR_XM2_B9D[6],,,,,,,,,,,,,,,,DDR_2CD_DQ30,DDR_2CD_DQ30,BG28,,
,,,DDR_XM2_B9D7,DDR_2CD_DQ31,unused_DDR_XM2_B9D7,,DDR_XM2_B9D[7]:b,,,,,B,,,,,,,,,ddr_xm2_b9d7,vddio_ddr2,,,,,,,LP5_DQBRICK_EFC,,z,,,,,,,,,,,,,,DDR_XM2_B9D[7],,,,,,,,,,,,,,,,DDR_2CD_DQ31,DDR_2CD_DQ31,BK28,,
,,,DDR_XM2_B9DMI,DDR_2CD_DMI3,unused_DDR_XM2_B9DMI,,DDR_XM2_B9DMI:b,,,,,B,,,,,,,,,ddr_xm2_b9dmi,vddio_ddr2,,,,,,,LP5_DQBRICK_EFC,,z,,,,,,,,,,,,,,DDR_XM2_B9DMI,,,,,,,,,,,,,,,,DDR_2CD_DMI3,DDR_2CD_DMI3,BH26,,
,,,DDR_XM2_B9WCK_P,DDR_2CD_WCK3_P,unused_DDR_XM2_B9WCK_P,,DDR_XM2_B9WCK_P:b,,,,,B,,,,,,,,,ddr_xm2_b9wck_p,vddio_ddr2,,,,,,,LP5_DQBRICK_EFC,,z,,,,,,,,,,,,,,DDR_XM2_B9WCK_P,,,,,,,,,,,,,,,,DDR_2CD_WCK3_P,DDR_2CD_WCK3_P,BB27,,
,,,DDR_XM2_B9WCK_N,DDR_2CD_WCK3_N,unused_DDR_XM2_B9WCK_N,,DDR_XM2_B9WCK_N:b,,,,,B,,,,,,,,,ddr_xm2_b9wck_n,vddio_ddr2,,,,,,,LP5_DQBRICK_EFC,,z,,,,,,,,,,,,,,DDR_XM2_B9WCK_N,,,,,,,,,,,,,,,,DDR_2CD_WCK3_N,DDR_2CD_WCK3_N,BC27,,
,,,DDR_XM2_B9RDQS_P,DDR_2CD_RDQS3_P,unused_DDR_XM2_B9RDQS_P,,DDR_XM2_B9RDQS_P:b,,,,,B,,,,,,,,,ddr_xm2_b9rdqs_p,vddio_ddr2,,,,,,,LP5_DQBRICK_EFC,,z,,,,,,,,,,,,,,DDR_XM2_B9RDQS_P,,,,,,,,,,,,,,,,DDR_2CD_RDQS3_P,DDR_2CD_RDQS3_P,BE27,,
,,,DDR_XM2_B9RDQS_N,DDR_2CD_RDQS3_N,unused_DDR_XM2_B9RDQS_N,,DDR_XM2_B9RDQS_N:b,,,,,B,,,,,,,,,ddr_xm2_b9rdqs_n,vddio_ddr2,,,,,,,LP5_DQBRICK_EFC,,z,,,,,,,,,,,,,,DDR_XM2_B9RDQS_N,,,,,,,,,,,,,,,,DDR_2CD_RDQS3_N,DDR_2CD_RDQS3_N,BE26,,
,,,DDR_XM2_COMP_PU_HV,DDR_2_REXT_PU_VDD2,unused_DDR_XM2_COMP_PU_HV,,DDR_XM2_COMP_PU_HV:b,,,,,B,,,,,,,,,ddr_xm2_comp_pu_hv,vddio_ddr2,,,,,,,LP5_COMP_EFC,,,,,,,,,,,,,,,,DDR_XM2_COMP_PU_HV,,,,,,,,,,,40.2 1%,,,,,DDR_2_COMP_PU_HV,DDR_2_REXT_PU_VDD2,BC42,,
,,,DDR_XM2_COMP_PU_LV,DDR_2_REXT_PU_VDDQ,unused_DDR_XM2_COMP_PU_LV,,DDR_XM2_COMP_PU_LV:b,,,,,B,,,,,,,,,ddr_xm2_comp_pu_lv,vddio_ddr2,,,,,,,LP5_COMP_EFC,,,,,,,,,,,,,,,,DDR_XM2_COMP_PU_LV,,,,,,,,,,,40.2 1%,,,,,DDR_2_COMP_PU_LV,DDR_2_REXT_PU_VDDQ,BD43,,
,,,DDR_XM2_COMP_PD_RESCAL,DDR_2_REXT_PD,unused_DDR_XM2_COMP_PD_RESCAL,,DDR_XM2_COMP_PD_RESCAL:b,,,,,B,,,,,,,,,ddr_xm2_comp_pd_rescal,vddio_ddr2,,,,,,,LP5_COMP_EFC,,,,,,,,,,,,,,,,DDR_XM2_COMP_PD_CAL,,,,,,,,,,,,200 1%,,,,DDR_2_COMP_PD_RESCAL,DDR_2_REXT_PD,BB42,,
,,,DDR3,DDR,,,,,,,,,,,,,,,,,,,,,,,,,,,,,,,,,,,,,,,,,,,,,,,,,,,,,,,0.6V,,DDR3,DDR,,,
,,,DDR_XM3_B0D0,DDR_3AB_DQ0,unused_DDR_XM3_B0D0,,DDR_XM3_B0D[0]:b,,,,,B,,,,,,,,,ddr_xm3_b0d0,vddio_ddr3,,,,,,,LP5_DQBRICK_EFC,,z,,,,,,,,,,,,,,DDR_XM3_B0D[0],,,,,,,,,,,,,,,,DDR_3AB_DQ0,DDR_3AB_DQ0,BJ3,,
,,,DDR_XM3_B0D1,DDR_3AB_DQ1,unused_DDR_XM3_B0D1,,DDR_XM3_B0D[1]:b,,,,,B,,,,,,,,,ddr_xm3_b0d1,vddio_ddr3,,,,,,,LP5_DQBRICK_EFC,,z,,,,,,,,,,,,,,DDR_XM3_B0D[1],,,,,,,,,,,,,,,,DDR_3AB_DQ1,DDR_3AB_DQ1,BG7,,
,,,DDR_XM3_B0D2,DDR_3AB_DQ2,unused_DDR_XM3_B0D2,,DDR_XM3_B0D[2]:b,,,,,B,,,,,,,,,ddr_xm3_b0d2,vddio_ddr3,,,,,,,LP5_DQBRICK_EFC,,z,,,,,,,,,,,,,,DDR_XM3_B0D[2],,,,,,,,,,,,,,,,DDR_3AB_DQ2,DDR_3AB_DQ2,BK3,,
,,,DDR_XM3_B0D3,DDR_3AB_DQ3,unused_DDR_XM3_B0D3,,DDR_XM3_B0D[3]:b,,,,,B,,,,,,,,,ddr_xm3_b0d3,vddio_ddr3,,,,,,,LP5_DQBRICK_EFC,,z,,,,,,,,,,,,,,DDR_XM3_B0D[3],,,,,,,,,,,,,,,,DDR_3AB_DQ3,DDR_3AB_DQ3,BJ5,,
,,,DDR_XM3_B0D4,DDR_3AB_DQ4,unused_DDR_XM3_B0D4,,DDR_XM3_B0D[4]:b,,,,,B,,,,,,,,,ddr_xm3_b0d4,vddio_ddr3,,,,,,,LP5_DQBRICK_EFC,,z,,,,,,,,,,,,,,DDR_XM3_B0D[4],,,,,,,,,,,,,,,,DDR_3AB_DQ4,DDR_3AB_DQ4,BK5,,
,,,DDR_XM3_B0D5,DDR_3AB_DQ5,unused_DDR_XM3_B0D5,,DDR_XM3_B0D[5]:b,,,,,B,,,,,,,,,ddr_xm3_b0d5,vddio_ddr3,,,,,,,LP5_DQBRICK_EFC,,z,,,,,,,,,,,,,,DDR_XM3_B0D[5],,,,,,,,,,,,,,,,DDR_3AB_DQ5,DDR_3AB_DQ5,BK4,,
,,,DDR_XM3_B0D6,DDR_3AB_DQ6,unused_DDR_XM3_B0D6,,DDR_XM3_B0D[6]:b,,,,,B,,,,,,,,,ddr_xm3_b0d6,vddio_ddr3,,,,,,,LP5_DQBRICK_EFC,,z,,,,,,,,,,,,,,DDR_XM3_B0D[6],,,,,,,,,,,,,,,,DDR_3AB_DQ6,DDR_3AB_DQ6,BJ7,,
,,,DDR_XM3_B0D7,DDR_3AB_DQ7,unused_DDR_XM3_B0D7,,DDR_XM3_B0D[7]:b,,,,,B,,,,,,,,,ddr_xm3_b0d7,vddio_ddr3,,,,,,,LP5_DQBRICK_EFC,,z,,,,,,,,,,,,,,DDR_XM3_B0D[7],,,,,,,,,,,,,,,,DDR_3AB_DQ7,DDR_3AB_DQ7,BK7,,
,,,DDR_XM3_B0DMI,DDR_3AB_DMI0,unused_DDR_XM3_B0DMI,,DDR_XM3_B0DMI:b,,,,,B,,,,,,,,,ddr_xm3_b0dmi,vddio_ddr3,,,,,,,LP5_DQBRICK_EFC,,z,,,,,,,,,,,,,,DDR_XM3_B0DMI,,,,,,,,,,,,,,,,DDR_3AB_DMI0,DDR_3AB_DMI0,BL4,,
,,,DDR_XM3_B0WCK_P,DDR_3AB_WCK0_P,unused_DDR_XM3_B0WCK_P,,DDR_XM3_B0WCK_P:b,,,,,B,,,,,,,,,ddr_xm3_b0wck_p,vddio_ddr3,,,,,,,LP5_DQBRICK_EFC,,z,,,,,,,,,,,,,,DDR_XM3_B0WCK_P,,,,,,,,,,,,,,,,DDR_3AB_WCK0_P,DDR_3AB_WCK0_P,BG8,,
,,,DDR_XM3_B0WCK_N,DDR_3AB_WCK0_N,unused_DDR_XM3_B0WCK_N,,DDR_XM3_B0WCK_N:b,,,,,B,,,,,,,,,ddr_xm3_b0wck_n,vddio_ddr3,,,,,,,LP5_DQBRICK_EFC,,z,,,,,,,,,,,,,,DDR_XM3_B0WCK_N,,,,,,,,,,,,,,,,DDR_3AB_WCK0_N,DDR_3AB_WCK0_N,BF8,,
,,,DDR_XM3_B0RDQS_P,DDR_3AB_RDQS0_P,unused_DDR_XM3_B0RDQS_P,,DDR_XM3_B0RDQS_P:b,,,,,B,,,,,,,,,ddr_xm3_b0rdqs_p,vddio_ddr3,,,,,,,LP5_DQBRICK_EFC,,z,,,,,,,,,,,,,,DDR_XM3_B0RDQS_P,,,,,,,,,,,,,,,,DDR_3AB_RDQS0_P,DDR_3AB_RDQS0_P,BH6,,
,,,DDR_XM3_B0RDQS_N,DDR_3AB_RDQS0_N,unused_DDR_XM3_B0RDQS_N,,DDR_XM3_B0RDQS_N:b,,,,,B,,,,,,,,,ddr_xm3_b0rdqs_n,vddio_ddr3,,,,,,,LP5_DQBRICK_EFC,,z,,,,,,,,,,,,,,DDR_XM3_B0RDQS_N,,,,,,,,,,,,,,,,DDR_3AB_RDQS0_N,DDR_3AB_RDQS0_N,BJ6,,
,,,DDR_XM3_B1D0,DDR_3AB_DQ8,unused_DDR_XM3_B1D0,,DDR_XM3_B1D[0]:b,,,,,B,,,,,,,,,ddr_xm3_b1d0,vddio_ddr3,,,,,,,LP5_DQBRICK_EFC,,z,,,,,,,,,,,,,,DDR_XM3_B1D[0],,,,,,,,,,,,,,,,DDR_3AB_DQ8,DDR_3AB_DQ8,BF11,,
,,,DDR_XM3_B1D1,DDR_3AB_DQ9,unused_DDR_XM3_B1D1,,DDR_XM3_B1D[1]:b,,,,,B,,,,,,,,,ddr_xm3_b1d1,vddio_ddr3,,,,,,,LP5_DQBRICK_EFC,,z,,,,,,,,,,,,,,DDR_XM3_B1D[1],,,,,,,,,,,,,,,,DDR_3AB_DQ9,DDR_3AB_DQ9,BJ9,,
,,,DDR_XM3_B1D2,DDR_3AB_DQ10,unused_DDR_XM3_B1D2,,DDR_XM3_B1D[2]:b,,,,,B,,,,,,,,,ddr_xm3_b1d2,vddio_ddr3,,,,,,,LP5_DQBRICK_EFC,,z,,,,,,,,,,,,,,DDR_XM3_B1D[2],,,,,,,,,,,,,,,,DDR_3AB_DQ10,DDR_3AB_DQ10,BH9,,
,,,DDR_XM3_B1D3,DDR_3AB_DQ11,unused_DDR_XM3_B1D3,,DDR_XM3_B1D[3]:b,,,,,B,,,,,,,,,ddr_xm3_b1d3,vddio_ddr3,,,,,,,LP5_DQBRICK_EFC,,z,,,,,,,,,,,,,,DDR_XM3_B1D[3],,,,,,,,,,,,,,,,DDR_3AB_DQ11,DDR_3AB_DQ11,BG10,,
,,,DDR_XM3_B1D4,DDR_3AB_DQ12,unused_DDR_XM3_B1D4,,DDR_XM3_B1D[4]:b,,,,,B,,,,,,,,,ddr_xm3_b1d4,vddio_ddr3,,,,,,,LP5_DQBRICK_EFC,,z,,,,,,,,,,,,,,DDR_XM3_B1D[4],,,,,,,,,,,,,,,,DDR_3AB_DQ12,DDR_3AB_DQ12,BH8,,
,,,DDR_XM3_B1D5,DDR_3AB_DQ13,unused_DDR_XM3_B1D5,,DDR_XM3_B1D[5]:b,,,,,B,,,,,,,,,ddr_xm3_b1d5,vddio_ddr3,,,,,,,LP5_DQBRICK_EFC,,z,,,,,,,,,,,,,,DDR_XM3_B1D[5],,,,,,,,,,,,,,,,DDR_3AB_DQ13,DDR_3AB_DQ13,BF10,,
,,,DDR_XM3_B1D6,DDR_3AB_DQ14,unused_DDR_XM3_B1D6,,DDR_XM3_B1D[6]:b,,,,,B,,,,,,,,,ddr_xm3_b1d6,vddio_ddr3,,,,,,,LP5_DQBRICK_EFC,,z,,,,,,,,,,,,,,DDR_XM3_B1D[6],,,,,,,,,,,,,,,,DDR_3AB_DQ14,DDR_3AB_DQ14,BF9,,
,,,DDR_XM3_B1D7,DDR_3AB_DQ15,unused_DDR_XM3_B1D7,,DDR_XM3_B1D[7]:b,,,,,B,,,,,,,,,ddr_xm3_b1d7,vddio_ddr3,,,,,,,LP5_DQBRICK_EFC,,z,,,,,,,,,,,,,,DDR_XM3_B1D[7],,,,,,,,,,,,,,,,DDR_3AB_DQ15,DDR_3AB_DQ15,BD10,,
,,,DDR_XM3_B1DMI,DDR_3AB_DMI1,unused_DDR_XM3_B1DMI,,DDR_XM3_B1DMI:b,,,,,B,,,,,,,,,ddr_xm3_b1dmi,vddio_ddr3,,,,,,,LP5_DQBRICK_EFC,,z,,,,,,,,,,,,,,DDR_XM3_B1DMI,,,,,,,,,,,,,,,,DDR_3AB_DMI1,DDR_3AB_DMI1,BG9,,
,,,DDR_XM3_B1WCK_P,DDR_3AB_WCK1_P,unused_DDR_XM3_B1WCK_P,,DDR_XM3_B1WCK_P:b,,,,,B,,,,,,,,,ddr_xm3_b1wck_p,vddio_ddr3,,,,,,,LP5_DQBRICK_EFC,,z,,,,,,,,,,,,,,DDR_XM3_B1WCK_P,,,,,,,,,,,,,,,,DDR_3AB_WCK1_P,DDR_3AB_WCK1_P,BE11,,
,,,DDR_XM3_B1WCK_N,DDR_3AB_WCK1_N,unused_DDR_XM3_B1WCK_N,,DDR_XM3_B1WCK_N:b,,,,,B,,,,,,,,,ddr_xm3_b1wck_n,vddio_ddr3,,,,,,,LP5_DQBRICK_EFC,,z,,,,,,,,,,,,,,DDR_XM3_B1WCK_N,,,,,,,,,,,,,,,,DDR_3AB_WCK1_N,DDR_3AB_WCK1_N,BE12,,
,,,DDR_XM3_B1RDQS_P,DDR_3AB_RDQS1_P,unused_DDR_XM3_B1RDQS_P,,DDR_XM3_B1RDQS_P:b,,,,,B,,,,,,,,,ddr_xm3_b1rdqs_p,vddio_ddr3,,,,,,,LP5_DQBRICK_EFC,,z,,,,,,,,,,,,,,DDR_XM3_B1RDQS_P,,,,,,,,,,,,,,,,DDR_3AB_RDQS1_P,DDR_3AB_RDQS1_P,BC12,,
,,,DDR_XM3_B1RDQS_N,DDR_3AB_RDQS1_N,unused_DDR_XM3_B1RDQS_N,,DDR_XM3_B1RDQS_N:b,,,,,B,,,,,,,,,ddr_xm3_b1rdqs_n,vddio_ddr3,,,,,,,LP5_DQBRICK_EFC,,z,,,,,,,,,,,,,,DDR_XM3_B1RDQS_N,,,,,,,,,,,,,,,,DDR_3AB_RDQS1_N,DDR_3AB_RDQS1_N,BB12,,
,,,DDR_XM3_B2A_CA0,DDR_3A_CA0,unused_DDR_XM3_B2A_CA0,,DDR_XM3_B2A_CA[0]:b,,,,,B,,,,,,,,,ddr_xm3_b2a_ca0,vddio_ddr3,,,,,,,LP5_CABRICK_EFC,,z,,,,,,,,,,,,,,DDR_XM3_B2A_CA[0],,,,,,,,,,,,,,,,DDR_3A_CA0,DDR_3A_CA0,BK6,,
,,,DDR_XM3_B2A_CA1,DDR_3A_CA1,unused_DDR_XM3_B2A_CA1,,DDR_XM3_B2A_CA[1]:b,,,,,B,,,,,,,,,ddr_xm3_b2a_ca1,vddio_ddr3,,,,,,,LP5_CABRICK_EFC,,z,,,,,,,,,,,,,,DDR_XM3_B2A_CA[1],,,,,,,,,,,,,,,,DDR_3A_CA1,DDR_3A_CA1,BK8,,
,,,DDR_XM3_B2A_CA2,DDR_3A_CA2,unused_DDR_XM3_B2A_CA2,,DDR_XM3_B2A_CA[2]:b,,,,,B,,,,,,,,,ddr_xm3_b2a_ca2,vddio_ddr3,,,,,,,LP5_CABRICK_EFC,,z,,,,,,,,,,,,,,DDR_XM3_B2A_CA[2],,,,,,,,,,,,,,,,DDR_3A_CA2,DDR_3A_CA2,BL5,,
,,,DDR_XM3_B2A_CA3,DDR_3A_CA3,unused_DDR_XM3_B2A_CA3,,DDR_XM3_B2A_CA[3]:b,,,,,B,,,,,,,,,ddr_xm3_b2a_ca3,vddio_ddr3,,,,,,,LP5_CABRICK_EFC,,z,,,,,,,,,,,,,,DDR_XM3_B2A_CA[3],,,,,,,,,,,,,,,,DDR_3A_CA3,DDR_3A_CA3,BM6,,
,,,DDR_XM3_B2A_CA4,DDR_3A_CA4,unused_DDR_XM3_B2A_CA4,,DDR_XM3_B2A_CA[4]:b,,,,,B,,,,,,,,,ddr_xm3_b2a_ca4,vddio_ddr3,,,,,,,LP5_CABRICK_EFC,,z,,,,,,,,,,,,,,DDR_XM3_B2A_CA[4],,,,,,,,,,,,,,,,DDR_3A_CA4,DDR_3A_CA4,BL8,,
,,,DDR_XM3_B2A_CA5,DDR_3A_CA5,unused_DDR_XM3_B2A_CA5,,DDR_XM3_B2A_CA[5]:b,,,,,B,,,,,,,,,ddr_xm3_b2a_ca5,vddio_ddr3,,,,,,,LP5_CABRICK_EFC,,z,,,,,,,,,,,,,,DDR_XM3_B2A_CA[5],,,,,,,,,,,,,,,,DDR_3A_CA5,DDR_3A_CA5,BM9,,
,,,DDR_XM3_B2A_CA6,DDR_3A_CA6,unused_DDR_XM3_B2A_CA6,,DDR_XM3_B2A_CA[6]:b,,,,,B,,,,,,,,,ddr_xm3_b2a_ca6,vddio_ddr3,,,,,,,LP5_CABRICK_EFC,,z,,,,,,,,,,,,,,DDR_XM3_B2A_CA[6],,,,,,,,,,,,,,,,DDR_3A_CA6,DDR_3A_CA6,BM8,,
,,,DDR_XM3_B2B_CA0,DDR_3B_CA0,unused_DDR_XM3_B2B_CA0,,DDR_XM3_B2B_CA[0]:b,,,,,B,,,,,,,,,ddr_xm3_b2b_ca0,vddio_ddr3,,,,,,,LP5_CABRICK_EFC,,z,,,,,,,,,,,,,,DDR_XM3_B2B_CA[0],,,,,,,,,,,,,,,,DDR_3B_CA0,DDR_3B_CA0,BK14,,
,,,DDR_XM3_B2B_CA1,DDR_3B_CA1,unused_DDR_XM3_B2B_CA1,,DDR_XM3_B2B_CA[1]:b,,,,,B,,,,,,,,,ddr_xm3_b2b_ca1,vddio_ddr3,,,,,,,LP5_CABRICK_EFC,,z,,,,,,,,,,,,,,DDR_XM3_B2B_CA[1],,,,,,,,,,,,,,,,DDR_3B_CA1,DDR_3B_CA1,BL14,,
,,,DDR_XM3_B2B_CA2,DDR_3B_CA2,unused_DDR_XM3_B2B_CA2,,DDR_XM3_B2B_CA[2]:b,,,,,B,,,,,,,,,ddr_xm3_b2b_ca2,vddio_ddr3,,,,,,,LP5_CABRICK_EFC,,z,,,,,,,,,,,,,,DDR_XM3_B2B_CA[2],,,,,,,,,,,,,,,,DDR_3B_CA2,DDR_3B_CA2,BL15,,
,,,DDR_XM3_B2B_CA3,DDR_3B_CA3,unused_DDR_XM3_B2B_CA3,,DDR_XM3_B2B_CA[3]:b,,,,,B,,,,,,,,,ddr_xm3_b2b_ca3,vddio_ddr3,,,,,,,LP5_CABRICK_EFC,,z,,,,,,,,,,,,,,DDR_XM3_B2B_CA[3],,,,,,,,,,,,,,,,DDR_3B_CA3,DDR_3B_CA3,BM15,,
,,,DDR_XM3_B2B_CA4,DDR_3B_CA4,unused_DDR_XM3_B2B_CA4,,DDR_XM3_B2B_CA[4]:b,,,,,B,,,,,,,,,ddr_xm3_b2b_ca4,vddio_ddr3,,,,,,,LP5_CABRICK_EFC,,z,,,,,,,,,,,,,,DDR_XM3_B2B_CA[4],,,,,,,,,,,,,,,,DDR_3B_CA4,DDR_3B_CA4,BM14,,
,,,DDR_XM3_B2B_CA5,DDR_3B_CA5,unused_DDR_XM3_B2B_CA5,,DDR_XM3_B2B_CA[5]:b,,,,,B,,,,,,,,,ddr_xm3_b2b_ca5,vddio_ddr3,,,,,,,LP5_CABRICK_EFC,,z,,,,,,,,,,,,,,DDR_XM3_B2B_CA[5],,,,,,,,,,,,,,,,DDR_3B_CA5,DDR_3B_CA5,BM11,,
,,,DDR_XM3_B2B_CA6,DDR_3B_CA6,unused_DDR_XM3_B2B_CA6,,DDR_XM3_B2B_CA[6]:b,,,,,B,,,,,,,,,ddr_xm3_b2b_ca6,vddio_ddr3,,,,,,,LP5_CABRICK_EFC,,z,,,,,,,,,,,,,,DDR_XM3_B2B_CA[6],,,,,,,,,,,,,,,,DDR_3B_CA6,DDR_3B_CA6,BM12,,
,,,DDR_XM3_B2A_CS_CKE0,DDR_3A_CS0,unused_DDR_XM3_B2A_CS_CKE0,,DDR_XM3_B2A_CS_CKE0:b,,,,,B,,,,,,,,,ddr_xm3_b2a_cs_cke0,vddio_ddr3,,,,,,,LP5_CABRICK_EFC,,0,,,,,,,,,,,,,,DDR_XM3_B2A_CS_CKE0,,,,,,,,,,,,,,,,DDR_3A_CS0,DDR_3A_CS0,BM5,,
,,,DDR_XM3_B2A_CS_CKE1,DDR_3A_CS1,unused_DDR_XM3_B2A_CS_CKE1,,DDR_XM3_B2A_CS_CKE1:b,,,,,B,,,,,,,,,ddr_xm3_b2a_cs_cke1,vddio_ddr3,,,,,,,LP5_CABRICK_EFC,,0,,,,,,,,,,,,,,DDR_XM3_B2A_CS_CKE1,,,,,,,,,,,,,,,,DDR_3A_CS1,DDR_3A_CS1,BL6,,
,,,DDR_XM3_B2B_CS_CKE0,DDR_3B_CS0,unused_DDR_XM3_B2B_CS_CKE0,,DDR_XM3_B2B_CS_CKE0:b,,,,,B,,,,,,,,,ddr_xm3_b2b_cs_cke0,vddio_ddr3,,,,,,,LP5_CABRICK_EFC,,0,,,,,,,,,,,,,,DDR_XM3_B2B_CS_CKE0,,,,,,,,,,,,,,,,DDR_3B_CS0,DDR_3B_CS0,BL12,,
,,,DDR_XM3_B2B_CS_CKE1,DDR_3B_CS1,unused_DDR_XM3_B2B_CS_CKE1,,DDR_XM3_B2B_CS_CKE1:b,,,,,B,,,,,,,,,ddr_xm3_b2b_cs_cke1,vddio_ddr3,,,,,,,LP5_CABRICK_EFC,,0,,,,,,,,,,,,,,DDR_XM3_B2B_CS_CKE1,,,,,,,,,,,,,,,,DDR_3B_CS1,DDR_3B_CS1,BK12,,
,,,DDR_XM3_B2A_CLK_P,DDR_3A_CLK_P,unused_DDR_XM3_B2A_CLK_P,,DDR_XM3_B2A_CLK_P:b,,,,,B,,,,,,,,,ddr_xm3_b2a_clk_p,vddio_ddr3,,,,,,,LP5_CABRICK_EFC,,0,,,,,,,,,,,,,,DDR_XM3_B2A_CLK_P,,,,,,,,,,,,,,,,DDR_3A_CLK_P,DDR_3A_CLK_P,BK9,,
,,,DDR_XM3_B2A_CLK_N,DDR_3A_CLK_N,unused_DDR_XM3_B2A_CLK_N,,DDR_XM3_B2A_CLK_N:b,,,,,B,,,,,,,,,ddr_xm3_b2a_clk_n,vddio_ddr3,,,,,,,LP5_CABRICK_EFC,,1,,,,,,,,,,,,,,DDR_XM3_B2A_CLK_N,,,,,,,,,,,,,,,,DDR_3A_CLK_N,DDR_3A_CLK_N,BL9,,
,,,DDR_XM3_B2B_CLK_P,DDR_3B_CLK_P,unused_DDR_XM3_B2B_CLK_P,,DDR_XM3_B2B_CLK_P:b,,,,,B,,,,,,,,,ddr_xm3_b2b_clk_p,vddio_ddr3,,,,,,,LP5_CABRICK_EFC,,0,,,,,,,,,,,,,,DDR_XM3_B2B_CLK_P,,,,,,,,,,,,,,,,DDR_3B_CLK_P,DDR_3B_CLK_P,BL11,,
,,,DDR_XM3_B2B_CLK_N,DDR_3B_CLK_N,unused_DDR_XM3_B2B_CLK_N,,DDR_XM3_B2B_CLK_N:b,,,,,B,,,,,,,,,ddr_xm3_b2b_clk_n,vddio_ddr3,,,,,,,LP5_CABRICK_EFC,,1,,,,,,,,,,,,,,DDR_XM3_B2B_CLK_N,,,,,,,,,,,,,,,,DDR_3B_CLK_N,DDR_3B_CLK_N,BK11,,
,,,DDR_XM3_B3D0,DDR_3AB_DQ16,unused_DDR_XM3_B3D0,,DDR_XM3_B3D[0]:b,,,,,B,,,,,,,,,ddr_xm3_b3d0,vddio_ddr3,,,,,,,LP5_DQBRICK_EFC,,z,,,,,,,,,,,,,,DDR_XM3_B3D[0],,,,,,,,,,,,,,,,DDR_3AB_DQ16,DDR_3AB_DQ16,BF13,,
,,,DDR_XM3_B3D1,DDR_3AB_DQ17,unused_DDR_XM3_B3D1,,DDR_XM3_B3D[1]:b,,,,,B,,,,,,,,,ddr_xm3_b3d1,vddio_ddr3,,,,,,,LP5_DQBRICK_EFC,,z,,,,,,,,,,,,,,DDR_XM3_B3D[1],,,,,,,,,,,,,,,,DDR_3AB_DQ17,DDR_3AB_DQ17,BG12,,
,,,DDR_XM3_B3D2,DDR_3AB_DQ18,unused_DDR_XM3_B3D2,,DDR_XM3_B3D[2]:b,,,,,B,,,,,,,,,ddr_xm3_b3d2,vddio_ddr3,,,,,,,LP5_DQBRICK_EFC,,z,,,,,,,,,,,,,,DDR_XM3_B3D[2],,,,,,,,,,,,,,,,DDR_3AB_DQ18,DDR_3AB_DQ18,BG11,,
,,,DDR_XM3_B3D3,DDR_3AB_DQ19,unused_DDR_XM3_B3D3,,DDR_XM3_B3D[3]:b,,,,,B,,,,,,,,,ddr_xm3_b3d3,vddio_ddr3,,,,,,,LP5_DQBRICK_EFC,,z,,,,,,,,,,,,,,DDR_XM3_B3D[3],,,,,,,,,,,,,,,,DDR_3AB_DQ19,DDR_3AB_DQ19,BG13,,
,,,DDR_XM3_B3D4,DDR_3AB_DQ20,unused_DDR_XM3_B3D4,,DDR_XM3_B3D[4]:b,,,,,B,,,,,,,,,ddr_xm3_b3d4,vddio_ddr3,,,,,,,LP5_DQBRICK_EFC,,z,,,,,,,,,,,,,,DDR_XM3_B3D[4],,,,,,,,,,,,,,,,DDR_3AB_DQ20,DDR_3AB_DQ20,BH11,,
,,,DDR_XM3_B3D5,DDR_3AB_DQ21,unused_DDR_XM3_B3D5,,DDR_XM3_B3D[5]:b,,,,,B,,,,,,,,,ddr_xm3_b3d5,vddio_ddr3,,,,,,,LP5_DQBRICK_EFC,,z,,,,,,,,,,,,,,DDR_XM3_B3D[5],,,,,,,,,,,,,,,,DDR_3AB_DQ21,DDR_3AB_DQ21,BJ12,,
,,,DDR_XM3_B3D6,DDR_3AB_DQ22,unused_DDR_XM3_B3D6,,DDR_XM3_B3D[6]:b,,,,,B,,,,,,,,,ddr_xm3_b3d6,vddio_ddr3,,,,,,,LP5_DQBRICK_EFC,,z,,,,,,,,,,,,,,DDR_XM3_B3D[6],,,,,,,,,,,,,,,,DDR_3AB_DQ22,DDR_3AB_DQ22,BK10,,
,,,DDR_XM3_B3D7,DDR_3AB_DQ23,unused_DDR_XM3_B3D7,,DDR_XM3_B3D[7]:b,,,,,B,,,,,,,,,ddr_xm3_b3d7,vddio_ddr3,,,,,,,LP5_DQBRICK_EFC,,z,,,,,,,,,,,,,,DDR_XM3_B3D[7],,,,,,,,,,,,,,,,DDR_3AB_DQ23,DDR_3AB_DQ23,BJ10,,
,,,DDR_XM3_B3DMI,DDR_3AB_DMI2,unused_DDR_XM3_B3DMI,,DDR_XM3_B3DMI:b,,,,,B,,,,,,,,,ddr_xm3_b3dmi,vddio_ddr3,,,,,,,LP5_DQBRICK_EFC,,z,,,,,,,,,,,,,,DDR_XM3_B3DMI,,,,,,,,,,,,,,,,DDR_3AB_DMI2,DDR_3AB_DMI2,BH12,,
,,,DDR_XM3_B3WCK_P,DDR_3AB_WCK2_P,unused_DDR_XM3_B3WCK_P,,DDR_XM3_B3WCK_P:b,,,,,B,,,,,,,,,ddr_xm3_b3wck_p,vddio_ddr3,,,,,,,LP5_DQBRICK_EFC,,z,,,,,,,,,,,,,,DDR_XM3_B3WCK_P,,,,,,,,,,,,,,,,DDR_3AB_WCK2_P,DDR_3AB_WCK2_P,BF14,,
,,,DDR_XM3_B3WCK_N,DDR_3AB_WCK2_N,unused_DDR_XM3_B3WCK_N,,DDR_XM3_B3WCK_N:b,,,,,B,,,,,,,,,ddr_xm3_b3wck_n,vddio_ddr3,,,,,,,LP5_DQBRICK_EFC,,z,,,,,,,,,,,,,,DDR_XM3_B3WCK_N,,,,,,,,,,,,,,,,DDR_3AB_WCK2_N,DDR_3AB_WCK2_N,BE14,,
,,,DDR_XM3_B3RDQS_P,DDR_3AB_RDQS2_P,unused_DDR_XM3_B3RDQS_P,,DDR_XM3_B3RDQS_P:b,,,,,B,,,,,,,,,ddr_xm3_b3rdqs_p,vddio_ddr3,,,,,,,LP5_DQBRICK_EFC,,z,,,,,,,,,,,,,,DDR_XM3_B3RDQS_P,,,,,,,,,,,,,,,,DDR_3AB_RDQS2_P,DDR_3AB_RDQS2_P,BD13,,
,,,DDR_XM3_B3RDQS_N,DDR_3AB_RDQS2_N,unused_DDR_XM3_B3RDQS_N,,DDR_XM3_B3RDQS_N:b,,,,,B,,,,,,,,,ddr_xm3_b3rdqs_n,vddio_ddr3,,,,,,,LP5_DQBRICK_EFC,,z,,,,,,,,,,,,,,DDR_XM3_B3RDQS_N,,,,,,,,,,,,,,,,DDR_3AB_RDQS2_N,DDR_3AB_RDQS2_N,BC13,,
,,,DDR_XM3_B4D0,DDR_3AB_DQ24,unused_DDR_XM3_B4D0,,DDR_XM3_B4D[0]:b,,,,,B,,,,,,,,,ddr_xm3_b4d0,vddio_ddr3,,,,,,,LP5_DQBRICK_EFC,,z,,,,,,,,,,,,,,DDR_XM3_B4D[0],,,,,,,,,,,,,,,,DDR_3AB_DQ24,DDR_3AB_DQ24,BF16,,
,,,DDR_XM3_B4D1,DDR_3AB_DQ25,unused_DDR_XM3_B4D1,,DDR_XM3_B4D[1]:b,,,,,B,,,,,,,,,ddr_xm3_b4d1,vddio_ddr3,,,,,,,LP5_DQBRICK_EFC,,z,,,,,,,,,,,,,,DDR_XM3_B4D[1],,,,,,,,,,,,,,,,DDR_3AB_DQ25,DDR_3AB_DQ25,BJ15,,
,,,DDR_XM3_B4D2,DDR_3AB_DQ26,unused_DDR_XM3_B4D2,,DDR_XM3_B4D[2]:b,,,,,B,,,,,,,,,ddr_xm3_b4d2,vddio_ddr3,,,,,,,LP5_DQBRICK_EFC,,z,,,,,,,,,,,,,,DDR_XM3_B4D[2],,,,,,,,,,,,,,,,DDR_3AB_DQ26,DDR_3AB_DQ26,BJ13,,
,,,DDR_XM3_B4D3,DDR_3AB_DQ27,unused_DDR_XM3_B4D3,,DDR_XM3_B4D[3]:b,,,,,B,,,,,,,,,ddr_xm3_b4d3,vddio_ddr3,,,,,,,LP5_DQBRICK_EFC,,z,,,,,,,,,,,,,,DDR_XM3_B4D[3],,,,,,,,,,,,,,,,DDR_3AB_DQ27,DDR_3AB_DQ27,BH15,,
,,,DDR_XM3_B4D4,DDR_3AB_DQ28,unused_DDR_XM3_B4D4,,DDR_XM3_B4D[4]:b,,,,,B,,,,,,,,,ddr_xm3_b4d4,vddio_ddr3,,,,,,,LP5_DQBRICK_EFC,,z,,,,,,,,,,,,,,DDR_XM3_B4D[4],,,,,,,,,,,,,,,,DDR_3AB_DQ28,DDR_3AB_DQ28,BH14,,
,,,DDR_XM3_B4D5,DDR_3AB_DQ29,unused_DDR_XM3_B4D5,,DDR_XM3_B4D[5]:b,,,,,B,,,,,,,,,ddr_xm3_b4d5,vddio_ddr3,,,,,,,LP5_DQBRICK_EFC,,z,,,,,,,,,,,,,,DDR_XM3_B4D[5],,,,,,,,,,,,,,,,DDR_3AB_DQ29,DDR_3AB_DQ29,BK13,,
,,,DDR_XM3_B4D6,DDR_3AB_DQ30,unused_DDR_XM3_B4D6,,DDR_XM3_B4D[6]:b,,,,,B,,,,,,,,,ddr_xm3_b4d6,vddio_ddr3,,,,,,,LP5_DQBRICK_EFC,,z,,,,,,,,,,,,,,DDR_XM3_B4D[6],,,,,,,,,,,,,,,,DDR_3AB_DQ30,DDR_3AB_DQ30,BG14,,
,,,DDR_XM3_B4D7,DDR_3AB_DQ31,unused_DDR_XM3_B4D7,,DDR_XM3_B4D[7]:b,,,,,B,,,,,,,,,ddr_xm3_b4d7,vddio_ddr3,,,,,,,LP5_DQBRICK_EFC,,z,,,,,,,,,,,,,,DDR_XM3_B4D[7],,,,,,,,,,,,,,,,DDR_3AB_DQ31,DDR_3AB_DQ31,BE15,,
,,,DDR_XM3_B4DMI,DDR_3AB_DMI3,unused_DDR_XM3_B4DMI,,DDR_XM3_B4DMI:b,,,,,B,,,,,,,,,ddr_xm3_b4dmi,vddio_ddr3,,,,,,,LP5_DQBRICK_EFC,,z,,,,,,,,,,,,,,DDR_XM3_B4DMI,,,,,,,,,,,,,,,,DDR_3AB_DMI3,DDR_3AB_DMI3,BG15,,
,,,DDR_XM3_B4WCK_P,DDR_3AB_WCK3_P,unused_DDR_XM3_B4WCK_P,,DDR_XM3_B4WCK_P:b,,,,,B,,,,,,,,,ddr_xm3_b4wck_p,vddio_ddr3,,,,,,,LP5_DQBRICK_EFC,,z,,,,,,,,,,,,,,DDR_XM3_B4WCK_P,,,,,,,,,,,,,,,,DDR_3AB_WCK3_P,DDR_3AB_WCK3_P,BB15,,
,,,DDR_XM3_B4WCK_N,DDR_3AB_WCK3_N,unused_DDR_XM3_B4WCK_N,,DDR_XM3_B4WCK_N:b,,,,,B,,,,,,,,,ddr_xm3_b4wck_n,vddio_ddr3,,,,,,,LP5_DQBRICK_EFC,,z,,,,,,,,,,,,,,DDR_XM3_B4WCK_N,,,,,,,,,,,,,,,,DDR_3AB_WCK3_N,DDR_3AB_WCK3_N,BC15,,
,,,DDR_XM3_B4RDQS_P,DDR_3AB_RDQS3_P,unused_DDR_XM3_B4RDQS_P,,DDR_XM3_B4RDQS_P:b,,,,,B,,,,,,,,,ddr_xm3_b4rdqs_p,vddio_ddr3,,,,,,,LP5_DQBRICK_EFC,,z,,,,,,,,,,,,,,DDR_XM3_B4RDQS_P,,,,,,,,,,,,,,,,DDR_3AB_RDQS3_P,DDR_3AB_RDQS3_P,BC16,,
,,,DDR_XM3_B4RDQS_N,DDR_3AB_RDQS3_N,unused_DDR_XM3_B4RDQS_N,,DDR_XM3_B4RDQS_N:b,,,,,B,,,,,,,,,ddr_xm3_b4rdqs_n,vddio_ddr3,,,,,,,LP5_DQBRICK_EFC,,z,,,,,,,,,,,,,,DDR_XM3_B4RDQS_N,,,,,,,,,,,,,,,,DDR_3AB_RDQS3_N,DDR_3AB_RDQS3_N,BD16,,
,,,DDR_XM3_B5D0,DDR_3CD_DQ0,unused_DDR_XM3_B5D0,,DDR_XM3_B5D[0]:b,,,,,B,,,,,,,,,ddr_xm3_b5d0,vddio_ddr3,,,,,,,LP5_DQBRICK_EFC,,z,,,,,,,,,,,,,,DDR_XM3_B5D[0],,,,,,,,,,,,,,,,DDR_3CD_DQ0,DDR_3CD_DQ0,BG16,,
,,,DDR_XM3_B5D1,DDR_3CD_DQ1,unused_DDR_XM3_B5D1,,DDR_XM3_B5D[1]:b,,,,,B,,,,,,,,,ddr_xm3_b5d1,vddio_ddr3,,,,,,,LP5_DQBRICK_EFC,,z,,,,,,,,,,,,,,DDR_XM3_B5D[1],,,,,,,,,,,,,,,,DDR_3CD_DQ1,DDR_3CD_DQ1,BK16,,
,,,DDR_XM3_B5D2,DDR_3CD_DQ2,unused_DDR_XM3_B5D2,,DDR_XM3_B5D[2]:b,,,,,B,,,,,,,,,ddr_xm3_b5d2,vddio_ddr3,,,,,,,LP5_DQBRICK_EFC,,z,,,,,,,,,,,,,,DDR_XM3_B5D[2],,,,,,,,,,,,,,,,DDR_3CD_DQ2,DDR_3CD_DQ2,BG17,,
,,,DDR_XM3_B5D3,DDR_3CD_DQ3,unused_DDR_XM3_B5D3,,DDR_XM3_B5D[3]:b,,,,,B,,,,,,,,,ddr_xm3_b5d3,vddio_ddr3,,,,,,,LP5_DQBRICK_EFC,,z,,,,,,,,,,,,,,DDR_XM3_B5D[3],,,,,,,,,,,,,,,,DDR_3CD_DQ3,DDR_3CD_DQ3,BH17,,
,,,DDR_XM3_B5D4,DDR_3CD_DQ4,unused_DDR_XM3_B5D4,,DDR_XM3_B5D[4]:b,,,,,B,,,,,,,,,ddr_xm3_b5d4,vddio_ddr3,,,,,,,LP5_DQBRICK_EFC,,z,,,,,,,,,,,,,,DDR_XM3_B5D[4],,,,,,,,,,,,,,,,DDR_3CD_DQ4,DDR_3CD_DQ4,BJ18,,
,,,DDR_XM3_B5D5,DDR_3CD_DQ5,unused_DDR_XM3_B5D5,,DDR_XM3_B5D[5]:b,,,,,B,,,,,,,,,ddr_xm3_b5d5,vddio_ddr3,,,,,,,LP5_DQBRICK_EFC,,z,,,,,,,,,,,,,,DDR_XM3_B5D[5],,,,,,,,,,,,,,,,DDR_3CD_DQ5,DDR_3CD_DQ5,BJ16,,
,,,DDR_XM3_B5D6,DDR_3CD_DQ6,unused_DDR_XM3_B5D6,,DDR_XM3_B5D[6]:b,,,,,B,,,,,,,,,ddr_xm3_b5d6,vddio_ddr3,,,,,,,LP5_DQBRICK_EFC,,z,,,,,,,,,,,,,,DDR_XM3_B5D[6],,,,,,,,,,,,,,,,DDR_3CD_DQ6,DDR_3CD_DQ6,BH18,,
,,,DDR_XM3_B5D7,DDR_3CD_DQ7,unused_DDR_XM3_B5D7,,DDR_XM3_B5D[7]:b,,,,,B,,,,,,,,,ddr_xm3_b5d7,vddio_ddr3,,,,,,,LP5_DQBRICK_EFC,,z,,,,,,,,,,,,,,DDR_XM3_B5D[7],,,,,,,,,,,,,,,,DDR_3CD_DQ7,DDR_3CD_DQ7,BG18,,
,,,DDR_XM3_B5DMI,DDR_3CD_DMI0,unused_DDR_XM3_B5DMI,,DDR_XM3_B5DMI:b,,,,,B,,,,,,,,,ddr_xm3_b5dmi,vddio_ddr3,,,,,,,LP5_DQBRICK_EFC,,z,,,,,,,,,,,,,,DDR_XM3_B5DMI,,,,,,,,,,,,,,,,DDR_3CD_DMI0,DDR_3CD_DMI0,BF17,,
,,,DDR_XM3_B5WCK_P,DDR_3CD_WCK0_P,unused_DDR_XM3_B5WCK_P,,DDR_XM3_B5WCK_P:b,,,,,B,,,,,,,,,ddr_xm3_b5wck_p,vddio_ddr3,,,,,,,LP5_DQBRICK_EFC,,z,,,,,,,,,,,,,,DDR_XM3_B5WCK_P,,,,,,,,,,,,,,,,DDR_3CD_WCK0_P,DDR_3CD_WCK0_P,BB18,,
,,,DDR_XM3_B5WCK_N,DDR_3CD_WCK0_N,unused_DDR_XM3_B5WCK_N,,DDR_XM3_B5WCK_N:b,,,,,B,,,,,,,,,ddr_xm3_b5wck_n,vddio_ddr3,,,,,,,LP5_DQBRICK_EFC,,z,,,,,,,,,,,,,,DDR_XM3_B5WCK_N,,,,,,,,,,,,,,,,DDR_3CD_WCK0_N,DDR_3CD_WCK0_N,BC18,,
,,,DDR_XM3_B5RDQS_P,DDR_3CD_RDQS0_P,unused_DDR_XM3_B5RDQS_P,,DDR_XM3_B5RDQS_P:b,,,,,B,,,,,,,,,ddr_xm3_b5rdqs_p,vddio_ddr3,,,,,,,LP5_DQBRICK_EFC,,z,,,,,,,,,,,,,,DDR_XM3_B5RDQS_P,,,,,,,,,,,,,,,,DDR_3CD_RDQS0_P,DDR_3CD_RDQS0_P,BE18,,
,,,DDR_XM3_B5RDQS_N,DDR_3CD_RDQS0_N,unused_DDR_XM3_B5RDQS_N,,DDR_XM3_B5RDQS_N:b,,,,,B,,,,,,,,,ddr_xm3_b5rdqs_n,vddio_ddr3,,,,,,,LP5_DQBRICK_EFC,,z,,,,,,,,,,,,,,DDR_XM3_B5RDQS_N,,,,,,,,,,,,,,,,DDR_3CD_RDQS0_N,DDR_3CD_RDQS0_N,BE17,,
,,,DDR_XM3_B6D0,DDR_3CD_DQ8,unused_DDR_XM3_B6D0,,DDR_XM3_B6D[0]:b,,,,,B,,,,,,,,,ddr_xm3_b6d0,vddio_ddr3,,,,,,,LP5_DQBRICK_EFC,,z,,,,,,,,,,,,,,DDR_XM3_B6D[0],,,,,,,,,,,,,,,,DDR_3CD_DQ8,DDR_3CD_DQ8,BD21,,
,,,DDR_XM3_B6D1,DDR_3CD_DQ9,unused_DDR_XM3_B6D1,,DDR_XM3_B6D[1]:b,,,,,B,,,,,,,,,ddr_xm3_b6d1,vddio_ddr3,,,,,,,LP5_DQBRICK_EFC,,z,,,,,,,,,,,,,,DDR_XM3_B6D[1],,,,,,,,,,,,,,,,DDR_3CD_DQ9,DDR_3CD_DQ9,BH20,,
,,,DDR_XM3_B6D2,DDR_3CD_DQ10,unused_DDR_XM3_B6D2,,DDR_XM3_B6D[2]:b,,,,,B,,,,,,,,,ddr_xm3_b6d2,vddio_ddr3,,,,,,,LP5_DQBRICK_EFC,,z,,,,,,,,,,,,,,DDR_XM3_B6D[2],,,,,,,,,,,,,,,,DDR_3CD_DQ10,DDR_3CD_DQ10,BG20,,
,,,DDR_XM3_B6D3,DDR_3CD_DQ11,unused_DDR_XM3_B6D3,,DDR_XM3_B6D[3]:b,,,,,B,,,,,,,,,ddr_xm3_b6d3,vddio_ddr3,,,,,,,LP5_DQBRICK_EFC,,z,,,,,,,,,,,,,,DDR_XM3_B6D[3],,,,,,,,,,,,,,,,DDR_3CD_DQ11,DDR_3CD_DQ11,BG21,,
,,,DDR_XM3_B6D4,DDR_3CD_DQ12,unused_DDR_XM3_B6D4,,DDR_XM3_B6D[4]:b,,,,,B,,,,,,,,,ddr_xm3_b6d4,vddio_ddr3,,,,,,,LP5_DQBRICK_EFC,,z,,,,,,,,,,,,,,DDR_XM3_B6D[4],,,,,,,,,,,,,,,,DDR_3CD_DQ12,DDR_3CD_DQ12,BG19,,
,,,DDR_XM3_B6D5,DDR_3CD_DQ13,unused_DDR_XM3_B6D5,,DDR_XM3_B6D[5]:b,,,,,B,,,,,,,,,ddr_xm3_b6d5,vddio_ddr3,,,,,,,LP5_DQBRICK_EFC,,z,,,,,,,,,,,,,,DDR_XM3_B6D[5],,,,,,,,,,,,,,,,DDR_3CD_DQ13,DDR_3CD_DQ13,BK19,,
,,,DDR_XM3_B6D6,DDR_3CD_DQ14,unused_DDR_XM3_B6D6,,DDR_XM3_B6D[6]:b,,,,,B,,,,,,,,,ddr_xm3_b6d6,vddio_ddr3,,,,,,,LP5_DQBRICK_EFC,,z,,,,,,,,,,,,,,DDR_XM3_B6D[6],,,,,,,,,,,,,,,,DDR_3CD_DQ14,DDR_3CD_DQ14,BF19,,
,,,DDR_XM3_B6D7,DDR_3CD_DQ15,unused_DDR_XM3_B6D7,,DDR_XM3_B6D[7]:b,,,,,B,,,,,,,,,ddr_xm3_b6d7,vddio_ddr3,,,,,,,LP5_DQBRICK_EFC,,z,,,,,,,,,,,,,,DDR_XM3_B6D[7],,,,,,,,,,,,,,,,DDR_3CD_DQ15,DDR_3CD_DQ15,BJ19,,
,,,DDR_XM3_B6DMI,DDR_3CD_DMI1,unused_DDR_XM3_B6DMI,,DDR_XM3_B6DMI:b,,,,,B,,,,,,,,,ddr_xm3_b6dmi,vddio_ddr3,,,,,,,LP5_DQBRICK_EFC,,z,,,,,,,,,,,,,,DDR_XM3_B6DMI,,,,,,,,,,,,,,,,DDR_3CD_DMI1,DDR_3CD_DMI1,BF20,,
,,,DDR_XM3_B6WCK_P,DDR_3CD_WCK1_P,unused_DDR_XM3_B6WCK_P,,DDR_XM3_B6WCK_P:b,,,,,B,,,,,,,,,ddr_xm3_b6wck_p,vddio_ddr3,,,,,,,LP5_DQBRICK_EFC,,z,,,,,,,,,,,,,,DDR_XM3_B6WCK_P,,,,,,,,,,,,,,,,DDR_3CD_WCK1_P,DDR_3CD_WCK1_P,BD19,,
,,,DDR_XM3_B6WCK_N,DDR_3CD_WCK1_N,unused_DDR_XM3_B6WCK_N,,DDR_XM3_B6WCK_N:b,,,,,B,,,,,,,,,ddr_xm3_b6wck_n,vddio_ddr3,,,,,,,LP5_DQBRICK_EFC,,z,,,,,,,,,,,,,,DDR_XM3_B6WCK_N,,,,,,,,,,,,,,,,DDR_3CD_WCK1_N,DDR_3CD_WCK1_N,BC19,,
,,,DDR_XM3_B6RDQS_P,DDR_3CD_RDQS1_P,unused_DDR_XM3_B6RDQS_P,,DDR_XM3_B6RDQS_P:b,,,,,B,,,,,,,,,ddr_xm3_b6rdqs_p,vddio_ddr3,,,,,,,LP5_DQBRICK_EFC,,z,,,,,,,,,,,,,,DDR_XM3_B6RDQS_P,,,,,,,,,,,,,,,,DDR_3CD_RDQS1_P,DDR_3CD_RDQS1_P,BE20,,
,,,DDR_XM3_B6RDQS_N,DDR_3CD_RDQS1_N,unused_DDR_XM3_B6RDQS_N,,DDR_XM3_B6RDQS_N:b,,,,,B,,,,,,,,,ddr_xm3_b6rdqs_n,vddio_ddr3,,,,,,,LP5_DQBRICK_EFC,,z,,,,,,,,,,,,,,DDR_XM3_B6RDQS_N,,,,,,,,,,,,,,,,DDR_3CD_RDQS1_N,DDR_3CD_RDQS1_N,BE21,,
,,,DDR_XM3_B7A_CA0,DDR_3C_CA0,unused_DDR_XM3_B7A_CA0,,DDR_XM3_B7A_CA[0]:b,,,,,B,,,,,,,,,ddr_xm3_b7a_ca0,vddio_ddr3,,,,,,,LP5_CABRICK_EFC,,z,,,,,,,,,,,,,,DDR_XM3_B7A_CA[0],,,,,,,,,,,,,,,,DDR_3C_CA0,DDR_3C_CA0,BL20,,
,,,DDR_XM3_B7A_CA1,DDR_3C_CA1,unused_DDR_XM3_B7A_CA1,,DDR_XM3_B7A_CA[1]:b,,,,,B,,,,,,,,,ddr_xm3_b7a_ca1,vddio_ddr3,,,,,,,LP5_CABRICK_EFC,,z,,,,,,,,,,,,,,DDR_XM3_B7A_CA[1],,,,,,,,,,,,,,,,DDR_3C_CA1,DDR_3C_CA1,BK20,,
,,,DDR_XM3_B7A_CA2,DDR_3C_CA2,unused_DDR_XM3_B7A_CA2,,DDR_XM3_B7A_CA[2]:b,,,,,B,,,,,,,,,ddr_xm3_b7a_ca2,vddio_ddr3,,,,,,,LP5_CABRICK_EFC,,z,,,,,,,,,,,,,,DDR_XM3_B7A_CA[2],,,,,,,,,,,,,,,,DDR_3C_CA2,DDR_3C_CA2,BK18,,
,,,DDR_XM3_B7A_CA3,DDR_3C_CA3,unused_DDR_XM3_B7A_CA3,,DDR_XM3_B7A_CA[3]:b,,,,,B,,,,,,,,,ddr_xm3_b7a_ca3,vddio_ddr3,,,,,,,LP5_CABRICK_EFC,,z,,,,,,,,,,,,,,DDR_XM3_B7A_CA[3],,,,,,,,,,,,,,,,DDR_3C_CA3,DDR_3C_CA3,BK17,,
,,,DDR_XM3_B7A_CA4,DDR_3C_CA4,unused_DDR_XM3_B7A_CA4,,DDR_XM3_B7A_CA[4]:b,,,,,B,,,,,,,,,ddr_xm3_b7a_ca4,vddio_ddr3,,,,,,,LP5_CABRICK_EFC,,z,,,,,,,,,,,,,,DDR_XM3_B7A_CA[4],,,,,,,,,,,,,,,,DDR_3C_CA4,DDR_3C_CA4,BK15,,
,,,DDR_XM3_B7A_CA5,DDR_3C_CA5,unused_DDR_XM3_B7A_CA5,,DDR_XM3_B7A_CA[5]:b,,,,,B,,,,,,,,,ddr_xm3_b7a_ca5,vddio_ddr3,,,,,,,LP5_CABRICK_EFC,,z,,,,,,,,,,,,,,DDR_XM3_B7A_CA[5],,,,,,,,,,,,,,,,DDR_3C_CA5,DDR_3C_CA5,BM17,,
,,,DDR_XM3_B7A_CA6,DDR_3C_CA6,unused_DDR_XM3_B7A_CA6,,DDR_XM3_B7A_CA[6]:b,,,,,B,,,,,,,,,ddr_xm3_b7a_ca6,vddio_ddr3,,,,,,,LP5_CABRICK_EFC,,z,,,,,,,,,,,,,,DDR_XM3_B7A_CA[6],,,,,,,,,,,,,,,,DDR_3C_CA6,DDR_3C_CA6,BL17,,
,,,DDR_XM3_B7B_CA0,DDR_3D_CA0,unused_DDR_XM3_B7B_CA0,,DDR_XM3_B7B_CA[0]:b,,,,,B,,,,,,,,,ddr_xm3_b7b_ca0,vddio_ddr3,,,,,,,LP5_CABRICK_EFC,,z,,,,,,,,,,,,,,DDR_XM3_B7B_CA[0],,,,,,,,,,,,,,,,DDR_3D_CA0,DDR_3D_CA0,BL26,,
,,,DDR_XM3_B7B_CA1,DDR_3D_CA1,unused_DDR_XM3_B7B_CA1,,DDR_XM3_B7B_CA[1]:b,,,,,B,,,,,,,,,ddr_xm3_b7b_ca1,vddio_ddr3,,,,,,,LP5_CABRICK_EFC,,z,,,,,,,,,,,,,,DDR_XM3_B7B_CA[1],,,,,,,,,,,,,,,,DDR_3D_CA1,DDR_3D_CA1,BK23,,
,,,DDR_XM3_B7B_CA2,DDR_3D_CA2,unused_DDR_XM3_B7B_CA2,,DDR_XM3_B7B_CA[2]:b,,,,,B,,,,,,,,,ddr_xm3_b7b_ca2,vddio_ddr3,,,,,,,LP5_CABRICK_EFC,,z,,,,,,,,,,,,,,DDR_XM3_B7B_CA[2],,,,,,,,,,,,,,,,DDR_3D_CA2,DDR_3D_CA2,BM26,,
,,,DDR_XM3_B7B_CA3,DDR_3D_CA3,unused_DDR_XM3_B7B_CA3,,DDR_XM3_B7B_CA[3]:b,,,,,B,,,,,,,,,ddr_xm3_b7b_ca3,vddio_ddr3,,,,,,,LP5_CABRICK_EFC,,z,,,,,,,,,,,,,,DDR_XM3_B7B_CA[3],,,,,,,,,,,,,,,,DDR_3D_CA3,DDR_3D_CA3,BL24,,
,,,DDR_XM3_B7B_CA4,DDR_3D_CA4,unused_DDR_XM3_B7B_CA4,,DDR_XM3_B7B_CA[4]:b,,,,,B,,,,,,,,,ddr_xm3_b7b_ca4,vddio_ddr3,,,,,,,LP5_CABRICK_EFC,,z,,,,,,,,,,,,,,DDR_XM3_B7B_CA[4],,,,,,,,,,,,,,,,DDR_3D_CA4,DDR_3D_CA4,BL23,,
,,,DDR_XM3_B7B_CA5,DDR_3D_CA5,unused_DDR_XM3_B7B_CA5,,DDR_XM3_B7B_CA[5]:b,,,,,B,,,,,,,,,ddr_xm3_b7b_ca5,vddio_ddr3,,,,,,,LP5_CABRICK_EFC,,z,,,,,,,,,,,,,,DDR_XM3_B7B_CA[5],,,,,,,,,,,,,,,,DDR_3D_CA5,DDR_3D_CA5,BM23,,
,,,DDR_XM3_B7B_CA6,DDR_3D_CA6,unused_DDR_XM3_B7B_CA6,,DDR_XM3_B7B_CA[6]:b,,,,,B,,,,,,,,,ddr_xm3_b7b_ca6,vddio_ddr3,,,,,,,LP5_CABRICK_EFC,,z,,,,,,,,,,,,,,DDR_XM3_B7B_CA[6],,,,,,,,,,,,,,,,DDR_3D_CA6,DDR_3D_CA6,BM24,,
,,,DDR_XM3_B7A_CS_CKE0,DDR_3C_CS0,unused_DDR_XM3_B7A_CS_CKE0,,DDR_XM3_B7A_CS_CKE0:b,,,,,B,,,,,,,,,ddr_xm3_b7a_cs_cke0,vddio_ddr3,,,,,,,LP5_CABRICK_EFC,,0,,,,,,,,,,,,,,DDR_XM3_B7A_CS_CKE0,,,,,,,,,,,,,,,,DDR_3C_CS0,DDR_3C_CS0,BM18,,
,,,DDR_XM3_B7A_CS_CKE1,DDR_3C_CS1,unused_DDR_XM3_B7A_CS_CKE1,,DDR_XM3_B7A_CS_CKE1:b,,,,,B,,,,,,,,,ddr_xm3_b7a_cs_cke1,vddio_ddr3,,,,,,,LP5_CABRICK_EFC,,0,,,,,,,,,,,,,,DDR_XM3_B7A_CS_CKE1,,,,,,,,,,,,,,,,DDR_3C_CS1,DDR_3C_CS1,BL18,,
,,,DDR_XM3_B7B_CS_CKE0,DDR_3D_CS0,unused_DDR_XM3_B7B_CS_CKE0,,DDR_XM3_B7B_CS_CKE0:b,,,,,B,,,,,,,,,ddr_xm3_b7b_cs_cke0,vddio_ddr3,,,,,,,LP5_CABRICK_EFC,,0,,,,,,,,,,,,,,DDR_XM3_B7B_CS_CKE0,,,,,,,,,,,,,,,,DDR_3D_CS0,DDR_3D_CS0,BK26,,
,,,DDR_XM3_B7B_CS_CKE1,DDR_3D_CS1,unused_DDR_XM3_B7B_CS_CKE1,,DDR_XM3_B7B_CS_CKE1:b,,,,,B,,,,,,,,,ddr_xm3_b7b_cs_cke1,vddio_ddr3,,,,,,,LP5_CABRICK_EFC,,0,,,,,,,,,,,,,,DDR_XM3_B7B_CS_CKE1,,,,,,,,,,,,,,,,DDR_3D_CS1,DDR_3D_CS1,BK24,,
,,,DDR_XM3_B7A_CLK_P,DDR_3C_CLK_P,unused_DDR_XM3_B7A_CLK_P,,DDR_XM3_B7A_CLK_P:b,,,,,B,,,,,,,,,ddr_xm3_b7a_clk_p,vddio_ddr3,,,,,,,LP5_CABRICK_EFC,,0,,,,,,,,,,,,,,DDR_XM3_B7A_CLK_P,,,,,,,,,,,,,,,,DDR_3C_CLK_P,DDR_3C_CLK_P,BM21,,
,,,DDR_XM3_B7A_CLK_N,DDR_3C_CLK_N,unused_DDR_XM3_B7A_CLK_N,,DDR_XM3_B7A_CLK_N:b,,,,,B,,,,,,,,,ddr_xm3_b7a_clk_n,vddio_ddr3,,,,,,,LP5_CABRICK_EFC,,1,,,,,,,,,,,,,,DDR_XM3_B7A_CLK_N,,,,,,,,,,,,,,,,DDR_3C_CLK_N,DDR_3C_CLK_N,BM20,,
,,,DDR_XM3_B7B_CLK_P,DDR_3D_CLK_P,unused_DDR_XM3_B7B_CLK_P,,DDR_XM3_B7B_CLK_P:b,,,,,B,,,,,,,,,ddr_xm3_b7b_clk_p,vddio_ddr3,,,,,,,LP5_CABRICK_EFC,,0,,,,,,,,,,,,,,DDR_XM3_B7B_CLK_P,,,,,,,,,,,,,,,,DDR_3D_CLK_P,DDR_3D_CLK_P,BK21,,
,,,DDR_XM3_B7B_CLK_N,DDR_3D_CLK_N,unused_DDR_XM3_B7B_CLK_N,,DDR_XM3_B7B_CLK_N:b,,,,,B,,,,,,,,,ddr_xm3_b7b_clk_n,vddio_ddr3,,,,,,,LP5_CABRICK_EFC,,1,,,,,,,,,,,,,,DDR_XM3_B7B_CLK_N,,,,,,,,,,,,,,,,DDR_3D_CLK_N,DDR_3D_CLK_N,BL21,,
,,,DDR_XM3_B8D0,DDR_3CD_DQ16,unused_DDR_XM3_B8D0,,DDR_XM3_B8D[0]:b,,,,,B,,,,,,,,,ddr_xm3_b8d0,vddio_ddr3,,,,,,,LP5_DQBRICK_EFC,,z,,,,,,,,,,,,,,DDR_XM3_B8D[0],,,,,,,,,,,,,,,,DDR_3CD_DQ16,DDR_3CD_DQ16,BB21,,
,,,DDR_XM3_B8D1,DDR_3CD_DQ17,unused_DDR_XM3_B8D1,,DDR_XM3_B8D[1]:b,,,,,B,,,,,,,,,ddr_xm3_b8d1,vddio_ddr3,,,,,,,LP5_DQBRICK_EFC,,z,,,,,,,,,,,,,,DDR_XM3_B8D[1],,,,,,,,,,,,,,,,DDR_3CD_DQ17,DDR_3CD_DQ17,BF22,,
,,,DDR_XM3_B8D2,DDR_3CD_DQ18,unused_DDR_XM3_B8D2,,DDR_XM3_B8D[2]:b,,,,,B,,,,,,,,,ddr_xm3_b8d2,vddio_ddr3,,,,,,,LP5_DQBRICK_EFC,,z,,,,,,,,,,,,,,DDR_XM3_B8D[2],,,,,,,,,,,,,,,,DDR_3CD_DQ18,DDR_3CD_DQ18,BJ21,,
,,,DDR_XM3_B8D3,DDR_3CD_DQ19,unused_DDR_XM3_B8D3,,DDR_XM3_B8D[3]:b,,,,,B,,,,,,,,,ddr_xm3_b8d3,vddio_ddr3,,,,,,,LP5_DQBRICK_EFC,,z,,,,,,,,,,,,,,DDR_XM3_B8D[3],,,,,,,,,,,,,,,,DDR_3CD_DQ19,DDR_3CD_DQ19,BH21,,
,,,DDR_XM3_B8D4,DDR_3CD_DQ20,unused_DDR_XM3_B8D4,,DDR_XM3_B8D[4]:b,,,,,B,,,,,,,,,ddr_xm3_b8d4,vddio_ddr3,,,,,,,LP5_DQBRICK_EFC,,z,,,,,,,,,,,,,,DDR_XM3_B8D[4],,,,,,,,,,,,,,,,DDR_3CD_DQ20,DDR_3CD_DQ20,BF23,,
,,,DDR_XM3_B8D5,DDR_3CD_DQ21,unused_DDR_XM3_B8D5,,DDR_XM3_B8D[5]:b,,,,,B,,,,,,,,,ddr_xm3_b8d5,vddio_ddr3,,,,,,,LP5_DQBRICK_EFC,,z,,,,,,,,,,,,,,DDR_XM3_B8D[5],,,,,,,,,,,,,,,,DDR_3CD_DQ21,DDR_3CD_DQ21,BK22,,
,,,DDR_XM3_B8D6,DDR_3CD_DQ22,unused_DDR_XM3_B8D6,,DDR_XM3_B8D[6]:b,,,,,B,,,,,,,,,ddr_xm3_b8d6,vddio_ddr3,,,,,,,LP5_DQBRICK_EFC,,z,,,,,,,,,,,,,,DDR_XM3_B8D[6],,,,,,,,,,,,,,,,DDR_3CD_DQ22,DDR_3CD_DQ22,BJ22,,
,,,DDR_XM3_B8D7,DDR_3CD_DQ23,unused_DDR_XM3_B8D7,,DDR_XM3_B8D[7]:b,,,,,B,,,,,,,,,ddr_xm3_b8d7,vddio_ddr3,,,,,,,LP5_DQBRICK_EFC,,z,,,,,,,,,,,,,,DDR_XM3_B8D[7],,,,,,,,,,,,,,,,DDR_3CD_DQ23,DDR_3CD_DQ23,BG23,,
,,,DDR_XM3_B8DMI,DDR_3CD_DMI2,unused_DDR_XM3_B8DMI,,DDR_XM3_B8DMI:b,,,,,B,,,,,,,,,ddr_xm3_b8dmi,vddio_ddr3,,,,,,,LP5_DQBRICK_EFC,,z,,,,,,,,,,,,,,DDR_XM3_B8DMI,,,,,,,,,,,,,,,,DDR_3CD_DMI2,DDR_3CD_DMI2,BG22,,
,,,DDR_XM3_B8WCK_P,DDR_3CD_WCK2_P,unused_DDR_XM3_B8WCK_P,,DDR_XM3_B8WCK_P:b,,,,,B,,,,,,,,,ddr_xm3_b8wck_p,vddio_ddr3,,,,,,,LP5_DQBRICK_EFC,,z,,,,,,,,,,,,,,DDR_XM3_B8WCK_P,,,,,,,,,,,,,,,,DDR_3CD_WCK2_P,DDR_3CD_WCK2_P,BE24,,
,,,DDR_XM3_B8WCK_N,DDR_3CD_WCK2_N,unused_DDR_XM3_B8WCK_N,,DDR_XM3_B8WCK_N:b,,,,,B,,,,,,,,,ddr_xm3_b8wck_n,vddio_ddr3,,,,,,,LP5_DQBRICK_EFC,,z,,,,,,,,,,,,,,DDR_XM3_B8WCK_N,,,,,,,,,,,,,,,,DDR_3CD_WCK2_N,DDR_3CD_WCK2_N,BE23,,
,,,DDR_XM3_B8RDQS_P,DDR_3CD_RDQS2_P,unused_DDR_XM3_B8RDQS_P,,DDR_XM3_B8RDQS_P:b,,,,,B,,,,,,,,,ddr_xm3_b8rdqs_p,vddio_ddr3,,,,,,,LP5_DQBRICK_EFC,,z,,,,,,,,,,,,,,DDR_XM3_B8RDQS_P,,,,,,,,,,,,,,,,DDR_3CD_RDQS2_P,DDR_3CD_RDQS2_P,BC22,,
,,,DDR_XM3_B8RDQS_N,DDR_3CD_RDQS2_N,unused_DDR_XM3_B8RDQS_N,,DDR_XM3_B8RDQS_N:b,,,,,B,,,,,,,,,ddr_xm3_b8rdqs_n,vddio_ddr3,,,,,,,LP5_DQBRICK_EFC,,z,,,,,,,,,,,,,,DDR_XM3_B8RDQS_N,,,,,,,,,,,,,,,,DDR_3CD_RDQS2_N,DDR_3CD_RDQS2_N,BD22,,
,,,DDR_XM3_B9D0,DDR_3CD_DQ24,unused_DDR_XM3_B9D0,,DDR_XM3_B9D[0]:b,,,,,B,,,,,,,,,ddr_xm3_b9d0,vddio_ddr3,,,,,,,LP5_DQBRICK_EFC,,z,,,,,,,,,,,,,,DDR_XM3_B9D[0],,,,,,,,,,,,,,,,DDR_3CD_DQ24,DDR_3CD_DQ24,BF25,,
,,,DDR_XM3_B9D1,DDR_3CD_DQ25,unused_DDR_XM3_B9D1,,DDR_XM3_B9D[1]:b,,,,,B,,,,,,,,,ddr_xm3_b9d1,vddio_ddr3,,,,,,,LP5_DQBRICK_EFC,,z,,,,,,,,,,,,,,DDR_XM3_B9D[1],,,,,,,,,,,,,,,,DDR_3CD_DQ25,DDR_3CD_DQ25,BG25,,
,,,DDR_XM3_B9D2,DDR_3CD_DQ26,unused_DDR_XM3_B9D2,,DDR_XM3_B9D[2]:b,,,,,B,,,,,,,,,ddr_xm3_b9d2,vddio_ddr3,,,,,,,LP5_DQBRICK_EFC,,z,,,,,,,,,,,,,,DDR_XM3_B9D[2],,,,,,,,,,,,,,,,DDR_3CD_DQ26,DDR_3CD_DQ26,BK25,,
,,,DDR_XM3_B9D3,DDR_3CD_DQ27,unused_DDR_XM3_B9D3,,DDR_XM3_B9D[3]:b,,,,,B,,,,,,,,,ddr_xm3_b9d3,vddio_ddr3,,,,,,,LP5_DQBRICK_EFC,,z,,,,,,,,,,,,,,DDR_XM3_B9D[3],,,,,,,,,,,,,,,,DDR_3CD_DQ27,DDR_3CD_DQ27,BJ25,,
,,,DDR_XM3_B9D4,DDR_3CD_DQ28,unused_DDR_XM3_B9D4,,DDR_XM3_B9D[4]:b,,,,,B,,,,,,,,,ddr_xm3_b9d4,vddio_ddr3,,,,,,,LP5_DQBRICK_EFC,,z,,,,,,,,,,,,,,DDR_XM3_B9D[4],,,,,,,,,,,,,,,,DDR_3CD_DQ28,DDR_3CD_DQ28,BH24,,
,,,DDR_XM3_B9D5,DDR_3CD_DQ29,unused_DDR_XM3_B9D5,,DDR_XM3_B9D[5]:b,,,,,B,,,,,,,,,ddr_xm3_b9d5,vddio_ddr3,,,,,,,LP5_DQBRICK_EFC,,z,,,,,,,,,,,,,,DDR_XM3_B9D[5],,,,,,,,,,,,,,,,DDR_3CD_DQ29,DDR_3CD_DQ29,BG24,,
,,,DDR_XM3_B9D6,DDR_3CD_DQ30,unused_DDR_XM3_B9D6,,DDR_XM3_B9D[6]:b,,,,,B,,,,,,,,,ddr_xm3_b9d6,vddio_ddr3,,,,,,,LP5_DQBRICK_EFC,,z,,,,,,,,,,,,,,DDR_XM3_B9D[6],,,,,,,,,,,,,,,,DDR_3CD_DQ30,DDR_3CD_DQ30,BJ24,,
,,,DDR_XM3_B9D7,DDR_3CD_DQ31,unused_DDR_XM3_B9D7,,DDR_XM3_B9D[7]:b,,,,,B,,,,,,,,,ddr_xm3_b9d7,vddio_ddr3,,,,,,,LP5_DQBRICK_EFC,,z,,,,,,,,,,,,,,DDR_XM3_B9D[7],,,,,,,,,,,,,,,,DDR_3CD_DQ31,DDR_3CD_DQ31,BH23,,
,,,DDR_XM3_B9DMI,DDR_3CD_DMI3,unused_DDR_XM3_B9DMI,,DDR_XM3_B9DMI:b,,,,,B,,,,,,,,,ddr_xm3_b9dmi,vddio_ddr3,,,,,,,LP5_DQBRICK_EFC,,z,,,,,,,,,,,,,,DDR_XM3_B9DMI,,,,,,,,,,,,,,,,DDR_3CD_DMI3,DDR_3CD_DMI3,BG26,,
,,,DDR_XM3_B9WCK_P,DDR_3CD_WCK3_P,unused_DDR_XM3_B9WCK_P,,DDR_XM3_B9WCK_P:b,,,,,B,,,,,,,,,ddr_xm3_b9wck_p,vddio_ddr3,,,,,,,LP5_DQBRICK_EFC,,z,,,,,,,,,,,,,,DDR_XM3_B9WCK_P,,,,,,,,,,,,,,,,DDR_3CD_WCK3_P,DDR_3CD_WCK3_P,BB24,,
,,,DDR_XM3_B9WCK_N,DDR_3CD_WCK3_N,unused_DDR_XM3_B9WCK_N,,DDR_XM3_B9WCK_N:b,,,,,B,,,,,,,,,ddr_xm3_b9wck_n,vddio_ddr3,,,,,,,LP5_DQBRICK_EFC,,z,,,,,,,,,,,,,,DDR_XM3_B9WCK_N,,,,,,,,,,,,,,,,DDR_3CD_WCK3_N,DDR_3CD_WCK3_N,BC24,,
,,,DDR_XM3_B9RDQS_P,DDR_3CD_RDQS3_P,unused_DDR_XM3_B9RDQS_P,,DDR_XM3_B9RDQS_P:b,,,,,B,,,,,,,,,ddr_xm3_b9rdqs_p,vddio_ddr3,,,,,,,LP5_DQBRICK_EFC,,z,,,,,,,,,,,,,,DDR_XM3_B9RDQS_P,,,,,,,,,,,,,,,,DDR_3CD_RDQS3_P,DDR_3CD_RDQS3_P,BC25,,
,,,DDR_XM3_B9RDQS_N,DDR_3CD_RDQS3_N,unused_DDR_XM3_B9RDQS_N,,DDR_XM3_B9RDQS_N:b,,,,,B,,,,,,,,,ddr_xm3_b9rdqs_n,vddio_ddr3,,,,,,,LP5_DQBRICK_EFC,,z,,,,,,,,,,,,,,DDR_XM3_B9RDQS_N,,,,,,,,,,,,,,,,DDR_3CD_RDQS3_N,DDR_3CD_RDQS3_N,BD25,,
,,,VDDIO_DDR_VDD2_AON,VDD2_AON,,,,,,,,,,,,,,,,,,,,,,,,,,,,,,,,,,,,,,,,,,,,,,,,,,,,,,,0.6V,,,VDD2_AON,,,
,,,DDR_RESET0_N,DDR_RST0_N,unused_DDR_RESET0_N,,DDR_REST0,,,,,B,,,,,,,,,ddr_reset0_n,vddio_vdd2_ddr0,,,,,,,LP5_RESET_EFC,,0,,,,,,,,,,,,,,DDR_REST0,,,,,,,,,,,,,,,,DDR0/1_RESET,DDR_RST0_N,BK48,,
,,,DDR_RESET1_N,DDR_RST1_N,unused_DDR_RESET1_N,,DDR_REST1,,,,,B,,,,,,,,,ddr_reset1_n,vddio_vdd2_ddr1,,,,,,,LP5_RESET_EFC,,0,,,,,,,,,,,,,,DDR_REST1,,,,,,,,,,,,,,,,DDR2/3_RESET,DDR_RST1_N,BJ2,,
184,ETHERNET01,ETHERNET01,,,unused_ETHERNET01,,GBE_MDI0_N,,,,,B,,,,,,,,,,,,,,,,,,,,,,,,,,,,,,,,,GBE_MDI0_N,Bidirectional,,,,,,,,,,,,,,GbE Transformer Data 0–,,Non-Tegra signals,,,
186,ETHERNET02,ETHERNET02,,,unused_ETHERNET02,,GBE_MDI0_P,,,,,B,,,,,,,,,,,,,,,,,,,,,,,,,,,,,,,,,GBE_MDI0_P,Bidirectional,,,,,,,,,,,,,,GbE Transformer Data 0+,,Non-Tegra signals,,,
190,ETHERNET03,ETHERNET03,,,unused_ETHERNET03,,GBE_MDI1_N,,,,,B,,,,,,,,,,,,,,,,,,,,,,,,,,,,,,,,,GBE_MDI1_N,Bidirectional,,,,,,,,,,,,,,GbE Transformer Data 1–,,Non-Tegra signals,,,
192,ETHERNET04,ETHERNET04,,,unused_ETHERNET04,,GBE_MDI1_P,,,,,B,,,,,,,,,,,,,,,,,,,,,,,,,,,,,,,,,GBE_MDI1_P,Bidirectional,,,,,,,,,,,,,,GbE Transformer Data 1+,,Non-Tegra signals,,,
196,ETHERNET05,ETHERNET05,,,unused_ETHERNET05,,GBE_MDI2_N,,,,,B,,,,,,,,,,,,,,,,,,,,,,,,,,,,,,,,,GBE_MDI2_N,Bidirectional,,,,,,,,,,,,,,GbE Transformer Data 2–,,Non-Tegra signals,,,
198,ETHERNET06,ETHERNET06,,,unused_ETHERNET06,,GBE_MDI2_P,,,,,B,,,,,,,,,,,,,,,,,,,,,,,,,,,,,,,,,GBE_MDI2_P,Bidirectional,,,,,,,,,,,,,,GbE Transformer Data 2+,,Non-Tegra signals,,,
202,ETHERNET07,ETHERNET07,,,unused_ETHERNET07,,GBE_MDI3_N,,,,,B,,,,,,,,,,,,,,,,,,,,,,,,,,,,,,,,,GBE_MDI3_N,Bidirectional,,,,,,,,,,,,,,GbE Transformer Data 3–,,Non-Tegra signals,,,
204,ETHERNET08,ETHERNET08,,,unused_ETHERNET08,,GBE_MDI3_P,,,,,B,,,,,,,,,,,,,,,,,,,,,,,,,,,,,,,,,GBE_MDI3_P,Bidirectional,,,,,,,,,,,,,,GbE Transformer Data 3+,,Non-Tegra signals,,,
188,ETHERNET09,ETHERNET09,,,unused_ETHERNET09,,GBE_LED_LINK,,,,,B,,,,,,,,,,,,,,,,,,,,,,,,,,,,,,,,,GBE_LED_LINK,Bidirectional,,,,,,,,,,,,,,Ethernet Link LED (Green),,Non-Tegra signals,,,
194,ETHERNET10,ETHERNET10,,,unused_ETHERNET10,,GBE_LED_ACT,,,,,B,,,,,,,,,,,,,,,,,,,,,,,,,,,,,,,,,GBE_LED_ACT,Bidirectional,,,,,,,,,,,,,,Ethernet Activity LED (Yellow),,Non-Tegra signals,,,
237,POWER_EN,POWER_EN,,,unused_POWER_ON,,POWER_EN,,,,,I,,,,,,,,,,,,,,,,,,,,,,,,,,,,,,,,,POWER_EN,Input,,,,,,,,,100k,,100k,,,"Signal for module on/off: high level on, low level off. Connects to module PMIC ACT/SHDN* through logic. ",,Non-Tegra signals,,,
233,SHUTDOWN_REQ*,SHUTDOWN_REQ*,,,unused_SHUTDOWNREQ*,,SHUTDOWN_REQ*,,,,,B,,,,,,,,,,,,,,,,,,,,,,,,,,,,,,,,,SHUTDOWN_REQ*,Input,,,,,,,,4.99k,,100k,,,,"When driven/pulled low by the module, requests the carrier board to shut down. 5kΩ pull-up to VDD_IN (5V - 20V) on the module.",,,,,Pulled up to VDD_IN in module.
239,SYS_RESET*,SYS_RESET*,,,unused_SYS_RESET*,,SYS_RST_N,,,,,O,,,,,,,,,,,,,,,,,,,,,,,,,,,,,,,,,SYS_RST_N,Output,,,,,,,,10k,,,100k,,,System RESET (from PMIC),,,,,
210,CLK_32K_OUT,CLK_32K_OUT,,,unused_CLK_32K_OUT,,CLK_32K_OUT,,,,,O,,,,,,,,,,,,,,,,,,,,,,,,,,,,,,,,,CLK_32K_OUT,Output,,,,,,,,,,,,,,32K Clock Output (from PMIC),,,,,Output only
,,,,,,,,,,,,,,,,,,,,,,,,,,,,,,,,,,,,,,,,,,,,,,,,,,,,,,,,,,,,Voltage Configuration,,,,,
,,,,,,,,,,,,,,,,,,,,,,,,,,,,,,,,,,,,,,,,,,,,,,,,,,,,,,,,,,,,Voltage Rail,Voltage Setting,,,,
,,,,,,,,,,,,,,,,,,,,,,,,,,,,,,,,,,,,,,,,,,,,,,,,,,,,,,,,,,,,SDMMC1_HV,1.8V/3.3V,,,,
,,,,,,,,,,,,,,,,,,,,,,,,,,,,,,,,,,,,,,,,,,,,,,,,,,,,,,,,,,,,EQOS,1.8V,,,,
,,,,,,,,,,,,,,,,,,,,,,,,,,,,,,,,,,,,,,,,,,,,,,,,,,,,,,,,,,,,QSPI,1.8V,,,,
,,,,,,,,,,,,,,,,,,,,,,,,,,,,,,,,,,,,,,,,,,,,,,,,,,,,,,,,,,,,G2,1.8V,,,,
,,,,,,,,,,,,,,,,,,,,,,,,,,,,,,,,,,,,,,,,,,,,,,,,,,,,,,,,,,,,AO_HV,3.3V,,,,
,,,,,,,,,,,,,,,,,,,,,,,,,,,,,,,,,,,,,,,,,,,,,,,,,,,,,,,,,,,,G9,3.3V,,,,
,,,,,,,,,,,,,,,,,,,,,,,,,,,,,,,,,,,,,,,,,,,,,,,,,,,,,,,,,,,,UFS,1.2V,,,,
