Verilog Ball Name,Package Ball Name,Unused,Pin Muxing / GPIO,SFIO0,SFIO1,SFIO2,SFIO3,Allowed Pin Direction / GPIO,SFIO0,SFIO1,SFIO2,SFIO3,Pin Groups / F0,F1,F2,F3,FS,Device Tree Pin Name,General / Power Rail,Wake,Strap,GTE,DPD Control,DPD Group,Pad Info / Pad Category,Pad Type,Pull Strength,POR / Pin State,Customer Configuration / Pin Group,PUPD,Tristate,E_Input,GPIO Init Value,Error Check / Customer Usage Checker,Initial State Checker,Pin Direction Checker,Wake Checker,Resistor Checker,3.3V Tolerance Enable Checker,Error Checker,Filled in by Customers / Customer Usage,Pin Direction,Req. Initial State,Wake Pin,Initiator Target Mode,3.3V Tolerance Enable,LPDR Enable,EQOS LPBK Enable,Ext Pull Up Value (Ω),Ext Pull Down Value (Ω),Req. Deep Sleep State,IO Block Voltage,Customer Usage Description or Net Names,Suggested Usage,Package Signal Name,Ball Location
MPIO,,,,,,,,,,,,,,,,,,,,,,,,,,,,,,,,,,,,,,,,,,,,,,,,,,,,,,,Signal Name,Pin #
SYS,VDDIO_A,,,,,,,,,,,,,,,,,,,,,,,,,,,,,,,,,,,,,,,,,,,,,,,,,,,1.8V,,SYS,VDDIO_A,
SYS_RESET_N,#REF!,unused_SYS_RESET_N,#REF!,#REF!,#REF!,#REF!,#REF!,#REF!,#REF!,#REF!,#REF!,#REF!,,,,,,#REF!,#REF!,#REF!,#REF!,#REF!,#REF!,#REF!,#REF!,#REF!,#REF!,#REF!,,NORMAL,TRISTATE,ENABLE,,True,True,True,True,True,True,VALID,RESET,Input,,,,,,,,,,,System Reset Input,SYS_RESET_N,#REF!,#REF!
SHUTDOWN_N,#REF!,unused_SHUTDOWN_N,#REF!,#REF!,#REF!,#REF!,#REF!,#REF!,O,#REF!,#REF!,#REF!,SHUTDOWN,#REF!,#REF!,#REF!,RSVD1,#REF!,#REF!,#REF!,#REF!,#REF!,#REF!,#REF!,#REF!,#REF!,#REF!,#REF!,#REF!,NORMAL,NORMAL,DISABLE,,True,True,True,True,True,True,VALID,SHUTDOWN_N,Output,,,,Disable,Disable,,,,,,System Power Shutdown,SHUTDOWN_N,#REF!,#REF!
SCE_ERROR,#REF!,unused_SCE_ERROR,#REF!,#REF!,#REF!,#REF!,#REF!,#REF!,#REF!,#REF!,#REF!,#REF!,SCE,#REF!,#REF!,#REF!,RSVD1,#REF!,#REF!,#REF!,#REF!,#REF!,#REF!,#REF!,#REF!,#REF!,#REF!,#REF!,RSVD1,PULL_DOWN,TRISTATE,DISABLE,#REF!,True,True,True,True,True,True,VALID,unused_SCE_ERROR,Not Assigned,,No,,Disable,Disable,,,,,,,,#REF!,#REF!
VCOMP_ALERT,#REF!,unused_VCOMP_ALERT,#REF!,#REF!,#REF!,#REF!,#REF!,#REF!,#REF!,#REF!,#REF!,#REF!,SOC,#REF!,#REF!,#REF!,RSVD1,#REF!,#REF!,#REF!,#REF!,#REF!,#REF!,#REF!,#REF!,#REF!,#REF!,#REF!,RSVD1,PULL_DOWN,TRISTATE,DISABLE,#REF!,True,True,True,True,True,True,VALID,unused_VCOMP_ALERT,Not Assigned,,No,,Disable,Disable,,,,,,,,#REF!,#REF!
SOC_GPIO26,#REF!,unused_SOC_GPIO26,#REF!,#REF!,#REF!,#REF!,#REF!,#REF!,#REF!,#REF!,#REF!,#REF!,#REF!,#REF!,#REF!,#REF!,RSVD0,#REF!,#REF!,#REF!,#REF!,#REF!,#REF!,#REF!,#REF!,#REF!,#REF!,#REF!,RSVD0,PULL_DOWN,TRISTATE,DISABLE,#REF!,True,True,True,True,True,True,VALID,unused_SOC_GPIO26,Not Assigned,,,,Disable,Disable,,,,,,,GPIO,#REF!,#REF!
SOC_GPIO27,#REF!,unused_SOC_GPIO27,#REF!,#REF!,#REF!,#REF!,#REF!,#REF!,#REF!,#REF!,#REF!,#REF!,#REF!,#REF!,#REF!,#REF!,RSVD0,#REF!,#REF!,#REF!,#REF!,#REF!,#REF!,#REF!,#REF!,#REF!,#REF!,#REF!,RSVD0,PULL_DOWN,TRISTATE,DISABLE,#REF!,True,True,True,True,True,True,VALID,unused_SOC_GPIO27,Not Assigned,,,,Disable,Disable,,,,,,,GPIO,#REF!,#REF!
PMU_INT_N,#REF!,unused_PMU_INT_N,#REF!,#REF!,#REF!,#REF!,#REF!,#REF!,#REF!,#REF!,#REF!,#REF!,,,,,,#REF!,#REF!,#REF!,#REF!,#REF!,#REF!,#REF!,#REF!,#REF!,#REF!,#REF!,,PULL_UP,TRISTATE,ENABLE,,True,True,True,True,True,True,VALID,PMICINTR,Input,Int PU,No,,,Disable,,,,,,VRS10 Sequencer Interrupt,PMU_INT_N,#REF!,#REF!
SOC_PWR_REQ,#REF!,unused_SOC_PWR_REQ,#REF!,#REF!,#REF!,#REF!,#REF!,#REF!,#REF!,#REF!,#REF!,#REF!,,,,,,#REF!,#REF!,#REF!,#REF!,#REF!,#REF!,#REF!,#REF!,#REF!,#REF!,#REF!,,NORMAL,NORMAL,DISABLE,,True,True,True,True,True,True,VALID,SOC_PWR_REQ,Output,Drive 1,,,,Disable,,,,,,SOC Power Request,SOC_PWR_REQ,#REF!,#REF!
AO_RETENTION_N,#REF!,unused_AO_RETENTION_N,#REF!,#REF!,#REF!,#REF!,#REF!,#REF!,#REF!,#REF!,#REF!,O,GPIO,LED,RSVD2,ISTCTRL,RSVD2,#REF!,#REF!,#REF!,#REF!,#REF!,#REF!,#REF!,#REF!,#REF!,#REF!,#REF!,RSVD2,PULL_DOWN,TRISTATE,DISABLE,#REF!,True,True,True,True,True,True,VALID,unused_AO_RETENTION_N,Not Assigned,,No,,Disable,Disable,,,,,,,,#REF!,#REF!
BATT_OC,#REF!,unused_BATT_OC,#REF!,#REF!,#REF!,#REF!,#REF!,#REF!,#REF!,#REF!,#REF!,#REF!,SOC,#REF!,#REF!,#REF!,RSVD1,#REF!,#REF!,#REF!,#REF!,#REF!,#REF!,#REF!,#REF!,#REF!,#REF!,#REF!,RSVD1,PULL_DOWN,TRISTATE,DISABLE,#REF!,True,True,True,True,True,True,VALID,unused_BATT_OC,Not Assigned,,No,,Disable,Disable,,,,,,,,#REF!,#REF!
BOOTV_CTL_N,#REF!,unused_BOOTV_CTL_N,#REF!,#REF!,#REF!,#REF!,#REF!,#REF!,#REF!,#REF!,#REF!,#REF!,#REF!,#REF!,#REF!,#REF!,RSVD0,#REF!,#REF!,#REF!,#REF!,#REF!,#REF!,#REF!,#REF!,#REF!,#REF!,#REF!,#REF!,PULL_UP,NORMAL,DISABLE,#REF!,True,True,True,True,True,True,VALID,GPIO3_PEE.07,Output,Int PU,,,Disable,Disable,,,,,,Set Default SOC Boot Voltage,GPIO,#REF!,#REF!
CLK_32K_IN,#REF!,unused_CLK_32K_IN,#REF!,#REF!,#REF!,#REF!,#REF!,#REF!,#REF!,#REF!,#REF!,#REF!,,,,,,#REF!,#REF!,#REF!,#REF!,#REF!,#REF!,#REF!,#REF!,#REF!,#REF!,#REF!,,NORMAL,TRISTATE,ENABLE,,True,True,True,True,True,True,VALID,CLK_32K_IN,Input,,,,Disable,Disable,,,,,,32K sytem clock,CLK_32K_IN,#REF!,#REF!
POWER_ON,#REF!,unused_POWER_ON,#REF!,#REF!,#REF!,#REF!,#REF!,#REF!,#REF!,#REF!,#REF!,#REF!,#REF!,#REF!,#REF!,#REF!,RSVD0,#REF!,#REF!,#REF!,#REF!,#REF!,#REF!,#REF!,#REF!,#REF!,#REF!,#REF!,#REF!,PULL_UP,TRISTATE,ENABLE,#REF!,True,True,True,True,True,True,VALID,GPIO3_PEE.04,Input,Int PU,No,,Disable,Disable,,,,,,System Power Button GPIO,GPIO,#REF!,#REF!
HDMI_CEC,#REF!,unused_HDMI_CEC,#REF!,#REF!,#REF!,#REF!,#REF!,#REF!,#REF!,#REF!,#REF!,#REF!,HDMI,#REF!,#REF!,#REF!,RSVD1,#REF!,#REF!,#REF!,#REF!,#REF!,#REF!,#REF!,#REF!,#REF!,#REF!,#REF!,RSVD1,PULL_DOWN,TRISTATE,DISABLE,#REF!,True,True,True,True,True,True,VALID,unused_HDMI_CEC,Not Assigned,,No,,Disable,Disable,,,,,,,,#REF!,#REF!
AO,VDDIO_B,,,,,,,,,,,,,,,,,,,,,,,,,,,,,,,,,,,,,,,,,,,,,,,,,,,1.8V,,AO,VDDIO_B,
SPI2_SCK,#REF!,unused_SPI2_SCK,#REF!,#REF!,#REF!,#REF!,#REF!,#REF!,#REF!,#REF!,#REF!,#REF!,SPI2,#REF!,#REF!,#REF!,RSVD1,#REF!,#REF!,#REF!,#REF!,#REF!,#REF!,#REF!,#REF!,#REF!,#REF!,#REF!,RSVD1,PULL_DOWN,TRISTATE,DISABLE,#REF!,True,True,True,True,True,True,VALID,unused_SPI2_SCK,Not Assigned,,,Initiator,Disable,Disable,,,,,,,,#REF!,#REF!
SPI2_MISO,#REF!,unused_SPI2_MISO,#REF!,#REF!,#REF!,#REF!,#REF!,#REF!,#REF!,#REF!,#REF!,#REF!,SPI2,#REF!,#REF!,#REF!,RSVD1,#REF!,#REF!,#REF!,#REF!,#REF!,#REF!,#REF!,#REF!,#REF!,#REF!,#REF!,RSVD1,PULL_DOWN,TRISTATE,DISABLE,#REF!,True,True,True,True,True,True,VALID,unused_SPI2_MISO,Not Assigned,,,Initiator,Disable,Disable,,,,,,,,#REF!,#REF!
SPI2_MOSI,#REF!,unused_SPI2_MOSI,#REF!,#REF!,#REF!,#REF!,#REF!,#REF!,#REF!,#REF!,#REF!,#REF!,SPI2,#REF!,#REF!,#REF!,RSVD1,#REF!,#REF!,#REF!,#REF!,#REF!,#REF!,#REF!,#REF!,#REF!,#REF!,#REF!,RSVD1,PULL_DOWN,TRISTATE,DISABLE,#REF!,True,True,True,True,True,True,VALID,unused_SPI2_MOSI,Not Assigned,,,Initiator,Disable,Disable,,,,,,,,#REF!,#REF!
SPI2_CS0,#REF!,unused_SPI2_CS0,#REF!,#REF!,#REF!,#REF!,#REF!,#REF!,#REF!,#REF!,#REF!,#REF!,SPI2,#REF!,#REF!,#REF!,RSVD1,#REF!,#REF!,#REF!,#REF!,#REF!,#REF!,#REF!,#REF!,#REF!,#REF!,#REF!,RSVD1,PULL_DOWN,TRISTATE,DISABLE,#REF!,True,True,True,True,True,True,VALID,unused_SPI2_CS0,Not Assigned,,No,Initiator,Disable,Disable,,,,,,,,#REF!,#REF!
TOUCH_CLK,#REF!,unused_TOUCH_CLK,#REF!,#REF!,#REF!,#REF!,#REF!,#REF!,#REF!,#REF!,#REF!,#REF!,GP,TOUCH,#REF!,#REF!,RSVD2,#REF!,#REF!,#REF!,#REF!,#REF!,#REF!,#REF!,#REF!,#REF!,#REF!,#REF!,#REF!,NORMAL,TRISTATE,DISABLE,#REF!,True,True,True,True,True,True,VALID,GP_PWM4,Output,Z,,,Disable,Disable,,,,,,SOC VR PWMVID,,#REF!,#REF!
UART3_TX,#REF!,unused_UART3_TX,#REF!,#REF!,#REF!,#REF!,#REF!,#REF!,#REF!,#REF!,#REF!,#REF!,UARTC,UARTJ,#REF!,#REF!,RSVD2,#REF!,#REF!,#REF!,#REF!,#REF!,#REF!,#REF!,#REF!,#REF!,#REF!,#REF!,#REF!,PULL_UP,NORMAL,DISABLE,#REF!,True,True,True,True,True,True,VALID,UC3_TXD,Output,Int PU,,,Disable,Disable,,,,,,Primary Unified Debug UART,GPIO,#REF!,#REF!
UART3_RX,#REF!,unused_UART3_RX,#REF!,#REF!,#REF!,#REF!,#REF!,#REF!,#REF!,#REF!,#REF!,#REF!,UARTC,UARTJ,#REF!,#REF!,RSVD2,#REF!,#REF!,#REF!,#REF!,#REF!,#REF!,#REF!,#REF!,#REF!,#REF!,#REF!,#REF!,NORMAL,TRISTATE,ENABLE,#REF!,True,True,True,True,True,True,VALID,UC3_RXD,Input,,,,Disable,Disable,,,,,,Primary Unified Debug UART,,#REF!,#REF!
GEN2_I2C_SCL,#REF!,unused_GEN2_I2C_SCL,#REF!,#REF!,#REF!,#REF!,#REF!,#REF!,#REF!,#REF!,#REF!,#REF!,I2C2,#REF!,#REF!,#REF!,RSVD1,#REF!,#REF!,#REF!,#REF!,#REF!,#REF!,#REF!,#REF!,#REF!,#REF!,#REF!,RSVD1,PULL_DOWN,TRISTATE,DISABLE,#REF!,True,True,True,True,True,True,VALID,unused_GEN2_I2C_SCL,Not Assigned,,,,Disable,Disable,,,,,,,,#REF!,#REF!
GEN2_I2C_SDA,#REF!,unused_GEN2_I2C_SDA,#REF!,#REF!,#REF!,#REF!,#REF!,#REF!,#REF!,#REF!,#REF!,#REF!,I2C2,#REF!,#REF!,#REF!,RSVD1,#REF!,#REF!,#REF!,#REF!,#REF!,#REF!,#REF!,#REF!,#REF!,#REF!,#REF!,RSVD1,PULL_DOWN,TRISTATE,DISABLE,#REF!,True,True,True,True,True,True,VALID,unused_GEN2_I2C_SDA,Not Assigned,,No,,Disable,Disable,,,,,,,,#REF!,#REF!
GEN8_I2C_SCL,#REF!,unused_GEN8_I2C_SCL,#REF!,#REF!,#REF!,#REF!,#REF!,#REF!,#REF!,#REF!,#REF!,#REF!,I2C8,#REF!,#REF!,#REF!,RSVD1,#REF!,#REF!,#REF!,#REF!,#REF!,#REF!,#REF!,#REF!,#REF!,#REF!,#REF!,RSVD1,PULL_DOWN,TRISTATE,DISABLE,#REF!,True,True,True,True,True,True,VALID,unused_GEN8_I2C_SCL,Not Assigned,,,,Disable,Disable,,,,,,,,#REF!,#REF!
GEN8_I2C_SDA,#REF!,unused_GEN8_I2C_SDA,#REF!,#REF!,#REF!,#REF!,#REF!,#REF!,#REF!,#REF!,#REF!,#REF!,I2C8,#REF!,#REF!,#REF!,RSVD1,#REF!,#REF!,#REF!,#REF!,#REF!,#REF!,#REF!,#REF!,#REF!,#REF!,#REF!,RSVD1,PULL_DOWN,TRISTATE,DISABLE,#REF!,True,True,True,True,True,True,VALID,unused_GEN8_I2C_SDA,Not Assigned,,No,,Disable,Disable,,,,,,,,#REF!,#REF!
AO_HV (3.3V Capable),VDDIO_C,,,,,,,,,,,,,,,,,,,,,,,,,,,,,,,,,,,,,,,,,,,,,,,,,,,3.3V,,AO_HV (3.3V Capable),VDDIO_C,
CAN0_DOUT,#REF!,unused_CAN0_DOUT,#REF!,#REF!,#REF!,#REF!,#REF!,#REF!,#REF!,#REF!,#REF!,#REF!,CAN0,#REF!,#REF!,#REF!,RSVD1,#REF!,#REF!,#REF!,#REF!,#REF!,#REF!,#REF!,#REF!,#REF!,#REF!,#REF!,RSVD1,PULL_DOWN,TRISTATE,DISABLE,#REF!,True,True,True,True,True,True,VALID,unused_CAN0_DOUT,Not Assigned,,,Initiator,,,,,,,,,,#REF!,#REF!
CAN0_DIN,#REF!,unused_CAN0_DIN,#REF!,#REF!,#REF!,#REF!,#REF!,#REF!,#REF!,#REF!,#REF!,#REF!,CAN0,#REF!,#REF!,#REF!,RSVD1,#REF!,#REF!,#REF!,#REF!,#REF!,#REF!,#REF!,#REF!,#REF!,#REF!,#REF!,RSVD1,PULL_DOWN,TRISTATE,DISABLE,#REF!,True,True,True,True,True,True,VALID,unused_CAN0_DIN,Not Assigned,,No,Initiator,,,,,,,,,,#REF!,#REF!
CAN1_DOUT,#REF!,unused_CAN1_DOUT,#REF!,#REF!,#REF!,#REF!,#REF!,#REF!,#REF!,#REF!,#REF!,#REF!,CAN1,#REF!,#REF!,#REF!,RSVD1,#REF!,#REF!,#REF!,#REF!,#REF!,#REF!,#REF!,#REF!,#REF!,#REF!,#REF!,RSVD1,PULL_DOWN,TRISTATE,DISABLE,#REF!,True,True,True,True,True,True,VALID,unused_CAN1_DOUT,Not Assigned,,,Initiator,,,,,,,,,,#REF!,#REF!
CAN1_DIN,#REF!,unused_CAN1_DIN,#REF!,#REF!,#REF!,#REF!,#REF!,#REF!,#REF!,#REF!,#REF!,#REF!,CAN1,#REF!,#REF!,#REF!,RSVD1,#REF!,#REF!,#REF!,#REF!,#REF!,#REF!,#REF!,#REF!,#REF!,#REF!,#REF!,RSVD1,PULL_DOWN,TRISTATE,DISABLE,#REF!,True,True,True,True,True,True,VALID,unused_CAN1_DIN,Not Assigned,,No,Initiator,,,,,,,,,,#REF!,#REF!
CAN0_STB,#REF!,unused_CAN0_STB,#REF!,#REF!,#REF!,#REF!,#REF!,#REF!,#REF!,#REF!,#REF!,#REF!,#REF!,WDT,TSC,TSC_ALT,RSVD0,#REF!,#REF!,#REF!,#REF!,#REF!,#REF!,#REF!,#REF!,#REF!,#REF!,#REF!,RSVD0,PULL_DOWN,TRISTATE,DISABLE,#REF!,True,True,True,True,True,True,VALID,unused_CAN0_STB,Not Assigned,,No,,,,,,,,,,,#REF!,#REF!
CAN0_EN,#REF!,unused_CAN0_EN,#REF!,#REF!,#REF!,#REF!,#REF!,#REF!,#REF!,#REF!,#REF!,#REF!,#REF!,#REF!,#REF!,#REF!,RSVD0,#REF!,#REF!,#REF!,#REF!,#REF!,#REF!,#REF!,#REF!,#REF!,#REF!,#REF!,RSVD0,PULL_DOWN,TRISTATE,DISABLE,#REF!,True,True,True,True,True,True,VALID,unused_CAN0_EN,Not Assigned,,,,,,,,,,,,GPIO,#REF!,#REF!
SOC_GPIO49,#REF!,unused_SOC_GPIO49,#REF!,#REF!,#REF!,#REF!,#REF!,#REF!,#REF!,#REF!,#REF!,#REF!,#REF!,#REF!,#REF!,#REF!,RSVD0,#REF!,#REF!,#REF!,#REF!,#REF!,#REF!,#REF!,#REF!,#REF!,#REF!,#REF!,RSVD0,PULL_DOWN,TRISTATE,DISABLE,#REF!,True,True,True,True,True,True,VALID,unused_SOC_GPIO49,Not Assigned,,No,,,,,,,,,,GPIO,#REF!,#REF!
CAN0_ERR,#REF!,unused_CAN0_ERR,#REF!,#REF!,#REF!,#REF!,#REF!,#REF!,#REF!,#REF!,#REF!,#REF!,#REF!,TSC,#REF!,TSC_ALT,RSVD0,#REF!,#REF!,#REF!,#REF!,#REF!,#REF!,#REF!,#REF!,#REF!,#REF!,#REF!,RSVD0,PULL_DOWN,TRISTATE,DISABLE,#REF!,True,True,True,True,True,True,VALID,unused_CAN0_ERR,Not Assigned,,No,,,,,,,,,,,#REF!,#REF!
CAN1_STB,#REF!,unused_CAN1_STB,#REF!,#REF!,#REF!,#REF!,#REF!,#REF!,#REF!,#REF!,#REF!,#REF!,#REF!,DMIC3,DMIC5,RSVD3,RSVD0,#REF!,#REF!,#REF!,#REF!,#REF!,#REF!,#REF!,#REF!,#REF!,#REF!,#REF!,RSVD0,PULL_DOWN,TRISTATE,DISABLE,#REF!,True,True,True,True,True,True,VALID,unused_CAN1_STB,Not Assigned,,,,,,,,,,,,,#REF!,#REF!
CAN1_EN,#REF!,unused_CAN1_EN,#REF!,#REF!,#REF!,#REF!,#REF!,#REF!,#REF!,#REF!,#REF!,#REF!,#REF!,DMIC3,DMIC5,RSVD3,RSVD0,#REF!,#REF!,#REF!,#REF!,#REF!,#REF!,#REF!,#REF!,#REF!,#REF!,#REF!,RSVD0,PULL_DOWN,TRISTATE,DISABLE,#REF!,True,True,True,True,True,True,VALID,unused_CAN1_EN,Not Assigned,,,Initiator,,,,,,,,,,#REF!,#REF!
SOC_GPIO50,#REF!,unused_SOC_GPIO50,#REF!,#REF!,#REF!,#REF!,#REF!,#REF!,#REF!,#REF!,#REF!,#REF!,#REF!,TSC,RSVD2,TSC_ALT,RSVD0,#REF!,#REF!,#REF!,#REF!,#REF!,#REF!,#REF!,#REF!,#REF!,#REF!,#REF!,RSVD0,PULL_DOWN,TRISTATE,DISABLE,#REF!,True,True,True,True,True,True,VALID,unused_SOC_GPIO50,Not Assigned,,No,Initiator,,,,,,,,,,#REF!,#REF!
CAN1_ERR,#REF!,unused_CAN1_ERR,#REF!,#REF!,#REF!,#REF!,#REF!,#REF!,#REF!,#REF!,#REF!,#REF!,#REF!,TSC,RSVD2,TSC_ALT,RSVD0,#REF!,#REF!,#REF!,#REF!,#REF!,#REF!,#REF!,#REF!,#REF!,#REF!,#REF!,RSVD0,PULL_DOWN,TRISTATE,DISABLE,#REF!,True,True,True,True,True,True,VALID,unused_CAN1_ERR,Not Assigned,,No,Initiator,,,,,,,,,,#REF!,#REF!
DEBUG,VDDIO_D,,,,,,,,,,,,,,,,,,,,,,,,,,,,,,,,,,,,,,,,,,,,Initiator,,,,,,,1.8V,,DEBUG,VDDIO_D,
SOC_GPIO08,#REF!,unused_SOC_GPIO08,#REF!,#REF!,#REF!,#REF!,#REF!,#REF!,#REF!,#REF!,#REF!,#REF!,#REF!,#REF!,#REF!,#REF!,RSVD0,#REF!,#REF!,#REF!,#REF!,#REF!,#REF!,#REF!,#REF!,#REF!,#REF!,#REF!,#REF!,NORMAL,TRISTATE,ENABLE,#REF!,True,True,True,True,True,True,VALID,GPIO3_PB.00,Input,,,,,Disable,,,,,,RDC,GPIO,#REF!,#REF!
NVDBG_SEL,#REF!,unused_NVDBG_SEL,#REF!,#REF!,#REF!,#REF!,#REF!,#REF!,#REF!,#REF!,#REF!,#REF!,,,,,,#REF!,#REF!,#REF!,#REF!,#REF!,#REF!,#REF!,#REF!,#REF!,#REF!,#REF!,,PULL_DOWN,TRISTATE,DISABLE,,True,True,True,True,True,True,VALID,unused_NVDBG_SEL,Not Assigned,,No,,,,,,,,,,NVDBG_SEL,#REF!,#REF!
NVJTAG_SEL,#REF!,unused_NVJTAG_SEL,#REF!,#REF!,#REF!,#REF!,#REF!,#REF!,#REF!,#REF!,#REF!,#REF!,,,,,,#REF!,#REF!,#REF!,#REF!,#REF!,#REF!,#REF!,#REF!,#REF!,#REF!,#REF!,,PULL_DOWN,TRISTATE,DISABLE,,True,True,True,True,True,True,VALID,unused_NVJTAG_SEL,Not Assigned,,,,,,,,,,,,NVJTAG_SEL,#REF!,#REF!
JTAG_TRST_,#REF!,unused_JTAG_TRST_,#REF!,#REF!,#REF!,#REF!,#REF!,#REF!,#REF!,#REF!,#REF!,#REF!,,,,,,#REF!,#REF!,#REF!,#REF!,#REF!,#REF!,#REF!,#REF!,#REF!,#REF!,#REF!,,PULL_DOWN,TRISTATE,DISABLE,,True,True,True,True,True,True,VALID,unused_JTAG_TRST_,Not Assigned,,,,,,,,,,,,JTAG_TRST_,#REF!,#REF!
JTAG_TDO,#REF!,unused_JTAG_TDO,#REF!,#REF!,#REF!,#REF!,#REF!,#REF!,#REF!,#REF!,#REF!,#REF!,,,,,,#REF!,#REF!,#REF!,#REF!,#REF!,#REF!,#REF!,#REF!,#REF!,#REF!,#REF!,,PULL_DOWN,TRISTATE,DISABLE,,True,True,True,True,True,True,VALID,unused_JTAG_TDO,Not Assigned,,,,,,,,,,,,JTAG_TDO,#REF!,#REF!
JTAG_TMS,#REF!,unused_JTAG_TMS,#REF!,#REF!,#REF!,#REF!,#REF!,#REF!,#REF!,#REF!,#REF!,#REF!,,,,,,#REF!,#REF!,#REF!,#REF!,#REF!,#REF!,#REF!,#REF!,#REF!,#REF!,#REF!,,PULL_DOWN,TRISTATE,DISABLE,,True,True,True,True,True,True,VALID,unused_JTAG_TMS,Not Assigned,,,,,,,,,,,,JTAG_TMS,#REF!,#REF!
JTAG_TCK,#REF!,unused_JTAG_TCK,#REF!,#REF!,#REF!,#REF!,#REF!,#REF!,#REF!,#REF!,#REF!,#REF!,,,,,,#REF!,#REF!,#REF!,#REF!,#REF!,#REF!,#REF!,#REF!,#REF!,#REF!,#REF!,,PULL_DOWN,TRISTATE,DISABLE,,True,True,True,True,True,True,VALID,unused_JTAG_TCK,Not Assigned,,,,,,,,,,,,JTAG_TCK,#REF!,#REF!
JTAG_TDI,#REF!,unused_JTAG_TDI,#REF!,#REF!,#REF!,#REF!,#REF!,#REF!,#REF!,#REF!,#REF!,#REF!,,,,,,#REF!,#REF!,#REF!,#REF!,#REF!,#REF!,#REF!,#REF!,#REF!,#REF!,#REF!,,PULL_DOWN,TRISTATE,DISABLE,,True,True,True,True,True,True,VALID,unused_JTAG_TDI,Not Assigned,,,,,,,,,,,,JTAG_TDI,#REF!,#REF!
G2,VDDIO_E,,,,,,,,,,,,,,,,,,,,,,,,,,,,,,,,,False,,,,,,,,,,,,,,,,,,1.8V,,G2,VDDIO_E,
GPU_PWR_REQ,#REF!,unused_GPU_PWR_REQ,#REF!,#REF!,#REF!,#REF!,#REF!,#REF!,#REF!,#REF!,#REF!,#REF!,RSVD0,RSVD1,RSVD2,RSVD3,RSVD0,#REF!,#REF!,#REF!,#REF!,#REF!,#REF!,#REF!,#REF!,#REF!,#REF!,#REF!,#REF!,NORMAL,NORMAL,DISABLE,#REF!,True,True,True,True,True,True,VALID,GPIO3_PX.00,Output,Drive 0,,,,Disable,,,,,,CPU VR Power Request,GPIO,#REF!,#REF!
CV_PWR_REQ,#REF!,unused_CV_PWR_REQ,#REF!,#REF!,#REF!,#REF!,#REF!,#REF!,#REF!,#REF!,#REF!,#REF!,RSVD0,RSVD1,RSVD2,RSVD3,RSVD0,#REF!,#REF!,#REF!,#REF!,#REF!,#REF!,#REF!,#REF!,#REF!,#REF!,#REF!,#REF!,NORMAL,NORMAL,DISABLE,#REF!,True,True,True,True,True,True,VALID,GPIO3_PX.01,Output,Drive 0,,,,Disable,,,,,,CV VR Power Request,GPIO,#REF!,#REF!
GP_PWM2,#REF!,unused_GP_PWM2,#REF!,#REF!,#REF!,#REF!,#REF!,#REF!,#REF!,#REF!,#REF!,#REF!,GP,RSVD1,RSVD2,RSVD3,RSVD1,#REF!,#REF!,#REF!,#REF!,#REF!,#REF!,#REF!,#REF!,#REF!,#REF!,#REF!,#REF!,NORMAL,TRISTATE,DISABLE,#REF!,True,True,True,True,True,True,VALID,GP_PWM2,Output,Z,,,Disable,Disable,,,,,,GPU VR PWMVID,,#REF!,#REF!
GP_PWM3,#REF!,unused_GP_PWM3,#REF!,#REF!,#REF!,#REF!,#REF!,#REF!,#REF!,#REF!,#REF!,#REF!,GP,RSVD1,RSVD2,RSVD3,RSVD1,#REF!,#REF!,#REF!,#REF!,#REF!,#REF!,#REF!,#REF!,#REF!,#REF!,#REF!,RSVD1,PULL_DOWN,TRISTATE,DISABLE,#REF!,True,True,True,True,True,True,VALID,unused_GP_PWM3,Not Assigned,,,,Disable,Disable,,,,,,,,#REF!,#REF!
UART2_TX,#REF!,unused_UART2_TX,#REF!,#REF!,#REF!,#REF!,#REF!,#REF!,#REF!,#REF!,#REF!,#REF!,UARTB,RSVD1,RSVD2,RSVD3,RSVD1,#REF!,#REF!,#REF!,#REF!,#REF!,#REF!,#REF!,#REF!,#REF!,#REF!,#REF!,RSVD1,PULL_DOWN,TRISTATE,DISABLE,#REF!,True,True,True,True,True,True,VALID,unused_UART2_TX,Not Assigned,,,,Disable,Disable,,,,,,,,#REF!,#REF!
UART2_RX,#REF!,unused_UART2_RX,#REF!,#REF!,#REF!,#REF!,#REF!,#REF!,#REF!,#REF!,#REF!,#REF!,UARTB,RSVD1,RSVD2,RSVD3,RSVD1,#REF!,#REF!,#REF!,#REF!,#REF!,#REF!,#REF!,#REF!,#REF!,#REF!,#REF!,RSVD1,PULL_DOWN,TRISTATE,DISABLE,#REF!,True,True,True,True,True,True,VALID,unused_UART2_RX,Not Assigned,,,,Disable,Disable,,,,,,,,#REF!,#REF!
UART2_RTS,#REF!,unused_UART2_RTS,#REF!,#REF!,#REF!,#REF!,#REF!,#REF!,#REF!,#REF!,#REF!,#REF!,UARTB,RSVD1,RSVD2,RSVD3,RSVD1,#REF!,#REF!,#REF!,#REF!,#REF!,#REF!,#REF!,#REF!,#REF!,#REF!,#REF!,RSVD1,PULL_DOWN,TRISTATE,DISABLE,#REF!,True,True,True,True,True,True,VALID,unused_UART2_RTS,Not Assigned,,,,,Disable,,,,,,,,#REF!,#REF!
UART2_CTS,#REF!,unused_UART2_CTS,#REF!,#REF!,#REF!,#REF!,#REF!,#REF!,#REF!,#REF!,#REF!,#REF!,UARTB,RSVD1,RSVD2,RSVD3,RSVD1,#REF!,#REF!,#REF!,#REF!,#REF!,#REF!,#REF!,#REF!,#REF!,#REF!,#REF!,RSVD1,PULL_DOWN,TRISTATE,DISABLE,#REF!,True,True,True,True,True,True,VALID,unused_UART2_CTS,Not Assigned,,No,,,Disable,,,,,,,,#REF!,#REF!
SPI3_SCK,#REF!,unused_SPI3_SCK,#REF!,#REF!,#REF!,#REF!,#REF!,#REF!,#REF!,#REF!,#REF!,#REF!,SPI3,RSVD1,RSVD2,RSVD3,RSVD1,#REF!,#REF!,#REF!,#REF!,#REF!,#REF!,#REF!,#REF!,#REF!,#REF!,#REF!,RSVD1,PULL_DOWN,TRISTATE,DISABLE,#REF!,True,True,True,True,True,True,VALID,unused_SPI3_SCK,Not Assigned,,,Initiator,Disable,Disable,,,,,,,,#REF!,#REF!
SPI3_MISO,#REF!,unused_SPI3_MISO,#REF!,#REF!,#REF!,#REF!,#REF!,#REF!,#REF!,#REF!,#REF!,#REF!,SPI3,RSVD1,RSVD2,RSVD3,RSVD1,#REF!,#REF!,#REF!,#REF!,#REF!,#REF!,#REF!,#REF!,#REF!,#REF!,#REF!,RSVD1,PULL_DOWN,TRISTATE,DISABLE,#REF!,True,True,True,True,True,True,VALID,unused_SPI3_MISO,Not Assigned,,,Initiator,Disable,Disable,,,,,,,,#REF!,#REF!
SPI3_MOSI,#REF!,unused_SPI3_MOSI,#REF!,#REF!,#REF!,#REF!,#REF!,#REF!,#REF!,#REF!,#REF!,#REF!,SPI3,RSVD1,RSVD2,RSVD3,RSVD1,#REF!,#REF!,#REF!,#REF!,#REF!,#REF!,#REF!,#REF!,#REF!,#REF!,#REF!,RSVD1,PULL_DOWN,TRISTATE,DISABLE,#REF!,True,True,True,True,True,True,VALID,unused_SPI3_MOSI,Not Assigned,,,Initiator,Disable,Disable,,,,,,,,#REF!,#REF!
SPI3_CS0,#REF!,unused_SPI3_CS0,#REF!,#REF!,#REF!,#REF!,#REF!,#REF!,#REF!,#REF!,#REF!,#REF!,SPI3,RSVD1,RSVD2,RSVD3,RSVD1,#REF!,#REF!,#REF!,#REF!,#REF!,#REF!,#REF!,#REF!,#REF!,#REF!,#REF!,RSVD1,PULL_DOWN,TRISTATE,DISABLE,#REF!,True,True,True,True,True,True,VALID,unused_SPI3_CS0,Not Assigned,,No,Initiator,Disable,Disable,,,,,,,,#REF!,#REF!
SPI3_CS1,#REF!,unused_SPI3_CS1,#REF!,#REF!,#REF!,#REF!,#REF!,#REF!,#REF!,#REF!,#REF!,#REF!,SPI3,RSVD1,RSVD2,RSVD3,RSVD1,#REF!,#REF!,#REF!,#REF!,#REF!,#REF!,#REF!,#REF!,#REF!,#REF!,#REF!,RSVD1,PULL_DOWN,TRISTATE,DISABLE,#REF!,True,True,True,True,True,True,VALID,unused_SPI3_CS1,Not Assigned,,No,Master,Disable,Disable,,,,,,,,#REF!,#REF!
UART5_TX,#REF!,unused_UART5_TX,#REF!,#REF!,#REF!,#REF!,#REF!,#REF!,#REF!,#REF!,#REF!,#REF!,UARTE,RSVD1,UARTI,RSVD3,RSVD1,#REF!,#REF!,#REF!,#REF!,#REF!,#REF!,#REF!,#REF!,#REF!,#REF!,#REF!,RSVD1,PULL_DOWN,TRISTATE,DISABLE,#REF!,True,True,True,True,True,True,VALID,unused_UART5_TX,Not Assigned,,,,,Disable,,,,,,,,#REF!,#REF!
UART5_RX,#REF!,unused_UART5_RX,#REF!,#REF!,#REF!,#REF!,#REF!,#REF!,#REF!,#REF!,#REF!,#REF!,UARTE,RSVD1,UARTI,RSVD3,RSVD1,#REF!,#REF!,#REF!,#REF!,#REF!,#REF!,#REF!,#REF!,#REF!,#REF!,#REF!,RSVD1,PULL_DOWN,TRISTATE,DISABLE,#REF!,True,True,True,True,True,True,VALID,unused_UART5_RX,Not Assigned,,,,,Disable,,,,,,,,#REF!,#REF!
UART5_RTS,#REF!,unused_UART5_RTS,#REF!,#REF!,#REF!,#REF!,#REF!,#REF!,#REF!,O,#REF!,#REF!,UARTE,RSVD1,RSVD2,RSVD3,RSVD1,#REF!,#REF!,#REF!,#REF!,#REF!,#REF!,#REF!,#REF!,#REF!,#REF!,#REF!,RSVD1,PULL_DOWN,TRISTATE,DISABLE,#REF!,True,True,True,True,True,True,VALID,unused_UART5_RTS,Not Assigned,,,,,Disable,,,,,,,,#REF!,#REF!
UART5_CTS,#REF!,unused_UART5_CTS,#REF!,#REF!,#REF!,#REF!,#REF!,#REF!,#REF!,#REF!,#REF!,#REF!,UARTE,RSVD1,RSVD2,RSVD3,RSVD1,#REF!,#REF!,#REF!,#REF!,#REF!,#REF!,#REF!,#REF!,#REF!,#REF!,#REF!,RSVD1,PULL_DOWN,TRISTATE,DISABLE,#REF!,True,True,True,True,True,True,VALID,unused_UART5_CTS,Not Assigned,,No,,,Disable,,,,,,,,#REF!,#REF!
USB_VBUS_EN0,#REF!,unused_USB_VBUS_EN0,#REF!,#REF!,#REF!,#REF!,#REF!,#REF!,#REF!,#REF!,#REF!,#REF!,USB,RSVD1,RSVD2,RSVD3,RSVD1,#REF!,#REF!,#REF!,#REF!,#REF!,#REF!,#REF!,#REF!,#REF!,#REF!,#REF!,RSVD1,PULL_DOWN,TRISTATE,DISABLE,#REF!,True,True,True,True,True,True,VALID,unused_USB_VBUS_EN0,Not Assigned,,No,,Disable,Disable,,,,,,,,#REF!,#REF!
USB_VBUS_EN1,#REF!,unused_USB_VBUS_EN1,#REF!,#REF!,#REF!,#REF!,#REF!,#REF!,#REF!,#REF!,#REF!,#REF!,USB,#REF!,RSVD2,#REF!,RSVD1,#REF!,#REF!,#REF!,#REF!,#REF!,#REF!,#REF!,#REF!,#REF!,#REF!,#REF!,RSVD1,PULL_DOWN,TRISTATE,DISABLE,#REF!,True,True,True,True,True,True,VALID,unused_USB_VBUS_EN1,Not Assigned,,No,,Disable,Disable,,,,,,,,#REF!,#REF!
SPI1_SCK,#REF!,unused_SPI1_SCK,#REF!,#REF!,#REF!,#REF!,#REF!,#REF!,#REF!,#REF!,#REF!,#REF!,SPI1,#REF!,#REF!,#REF!,RSVD1,#REF!,#REF!,#REF!,#REF!,#REF!,#REF!,#REF!,#REF!,#REF!,#REF!,#REF!,RSVD1,PULL_DOWN,TRISTATE,DISABLE,#REF!,True,True,True,True,True,True,VALID,unused_SPI1_SCK,Not Assigned,,,Initiator,Disable,Disable,,,,,,,,#REF!,#REF!
SPI1_MISO,#REF!,unused_SPI1_MISO,#REF!,#REF!,#REF!,#REF!,#REF!,#REF!,#REF!,#REF!,#REF!,#REF!,SPI1,#REF!,#REF!,#REF!,RSVD1,#REF!,#REF!,#REF!,#REF!,#REF!,#REF!,#REF!,#REF!,#REF!,#REF!,#REF!,RSVD1,PULL_DOWN,TRISTATE,DISABLE,#REF!,True,True,True,True,True,True,VALID,unused_SPI1_MISO,Not Assigned,,,Initiator,Disable,Disable,,,,,,,,#REF!,#REF!
SPI1_MOSI,#REF!,unused_SPI1_MOSI,#REF!,#REF!,#REF!,#REF!,#REF!,#REF!,#REF!,#REF!,#REF!,#REF!,SPI1,#REF!,#REF!,#REF!,RSVD1,#REF!,#REF!,#REF!,#REF!,#REF!,#REF!,#REF!,#REF!,#REF!,#REF!,#REF!,RSVD1,PULL_DOWN,TRISTATE,DISABLE,#REF!,True,True,True,True,True,True,VALID,unused_SPI1_MOSI,Not Assigned,,,Initiator,Disable,Disable,,,,,,,,#REF!,#REF!
SPI1_CS0,#REF!,unused_SPI1_CS0,#REF!,#REF!,#REF!,#REF!,#REF!,#REF!,#REF!,#REF!,#REF!,#REF!,SPI1,#REF!,#REF!,#REF!,RSVD1,#REF!,#REF!,#REF!,#REF!,#REF!,#REF!,#REF!,#REF!,#REF!,#REF!,#REF!,RSVD1,PULL_DOWN,TRISTATE,DISABLE,#REF!,True,True,True,True,True,True,VALID,unused_SPI1_CS0,Not Assigned,,No,Initiator,Disable,Disable,,,,,,,,#REF!,#REF!
SPI1_CS1,#REF!,unused_SPI1_CS1,#REF!,#REF!,#REF!,#REF!,#REF!,#REF!,#REF!,#REF!,#REF!,#REF!,SPI1,#REF!,#REF!,#REF!,RSVD1,#REF!,#REF!,#REF!,#REF!,#REF!,#REF!,#REF!,#REF!,#REF!,#REF!,#REF!,RSVD1,PULL_DOWN,TRISTATE,DISABLE,#REF!,True,True,True,True,True,True,VALID,unused_SPI1_CS1,Not Assigned,,No,Master,Disable,Disable,,,,,,,,#REF!,#REF!
G3,VDDIO_F,,,,,,,,,,,,,,,,,,,,,,,,,,,,,,,,,,,,,,,,,,,,,,,,,,,1.8V,,G3,VDDIO_F,
EXTPERIPH1_CLK,#REF!,unused_EXTPERIPH1_CLK,#REF!,#REF!,#REF!,#REF!,#REF!,#REF!,#REF!,#REF!,#REF!,#REF!,EXTPERIPH1,RSVD1,RSVD2,RSVD3,RSVD1,#REF!,#REF!,#REF!,#REF!,#REF!,#REF!,#REF!,#REF!,#REF!,#REF!,#REF!,RSVD1,PULL_DOWN,TRISTATE,DISABLE,#REF!,True,True,True,True,True,True,VALID,unused_EXTPERIPH1_CLK,Not Assigned,,,,,Disable,,,,,,,,#REF!,#REF!
EXTPERIPH2_CLK,#REF!,unused_EXTPERIPH2_CLK,#REF!,#REF!,#REF!,#REF!,#REF!,#REF!,#REF!,#REF!,#REF!,#REF!,EXTPERIPH2,RSVD1,RSVD2,RSVD3,RSVD1,#REF!,#REF!,#REF!,#REF!,#REF!,#REF!,#REF!,#REF!,#REF!,#REF!,#REF!,RSVD1,PULL_DOWN,TRISTATE,DISABLE,#REF!,True,True,True,True,True,True,VALID,unused_EXTPERIPH2_CLK,Not Assigned,,,,,Disable,,,,,,,,#REF!,#REF!
CAM_I2C_SCL,#REF!,unused_CAM_I2C_SCL,#REF!,#REF!,#REF!,#REF!,#REF!,#REF!,#REF!,#REF!,#REF!,#REF!,I2C3,VI0,VI0_ALT,VI1,I2C3,#REF!,#REF!,#REF!,#REF!,#REF!,#REF!,#REF!,#REF!,#REF!,#REF!,#REF!,#REF!,NORMAL,NORMAL,ENABLE,#REF!,True,True,True,True,True,True,VALID,I2C3_CLK,Bidirectional,,,,Enable,Disable,,,,,,,,#REF!,#REF!
CAM_I2C_SDA,#REF!,unused_CAM_I2C_SDA,#REF!,#REF!,#REF!,#REF!,#REF!,#REF!,#REF!,#REF!,#REF!,#REF!,I2C3,VI0,RSVD2,VI1,RSVD2,#REF!,#REF!,#REF!,#REF!,#REF!,#REF!,#REF!,#REF!,#REF!,#REF!,#REF!,#REF!,NORMAL,NORMAL,ENABLE,#REF!,True,True,True,True,True,True,VALID,I2C3_DAT,Bidirectional,,,,Enable,Disable,,,,,,,,#REF!,#REF!
SOC_GPIO23,#REF!,unused_SOC_GPIO23,#REF!,#REF!,#REF!,#REF!,#REF!,#REF!,#REF!,#REF!,#REF!,#REF!,VI0,VI0_ALT,VI1,VI1_ALT,VI0,#REF!,#REF!,#REF!,#REF!,#REF!,#REF!,#REF!,#REF!,#REF!,#REF!,#REF!,VI0,PULL_DOWN,TRISTATE,DISABLE,#REF!,True,True,True,True,True,True,VALID,unused_SOC_GPIO23,Not Assigned,,,,Disable,Disable,,,,,,,,#REF!,#REF!
SOC_GPIO24,#REF!,unused_SOC_GPIO24,#REF!,#REF!,#REF!,#REF!,#REF!,#REF!,#REF!,#REF!,#REF!,#REF!,VI0,SOC,VI1,VI1_ALT,VI0,#REF!,#REF!,#REF!,#REF!,#REF!,#REF!,#REF!,#REF!,#REF!,#REF!,#REF!,VI0,PULL_DOWN,TRISTATE,DISABLE,#REF!,True,True,True,True,True,True,VALID,unused_SOC_GPIO24,Not Assigned,,,,Disable,Disable,,,,,,,,#REF!,#REF!
SOC_GPIO25,#REF!,unused_SOC_GPIO25,#REF!,#REF!,#REF!,#REF!,#REF!,#REF!,#REF!,#REF!,#REF!,#REF!,VI0,I2S5,VI1,DMIC1,VI0,#REF!,#REF!,#REF!,#REF!,#REF!,#REF!,#REF!,#REF!,#REF!,#REF!,#REF!,VI0,PULL_DOWN,TRISTATE,DISABLE,#REF!,True,True,True,True,True,True,VALID,unused_SOC_GPIO25,Not Assigned,,No,Initiator,Disable,Disable,,,,,,,,#REF!,#REF!
PWR_I2C_SCL,#REF!,unused_PWR_I2C_SCL,#REF!,#REF!,#REF!,#REF!,#REF!,#REF!,#REF!,#REF!,#REF!,#REF!,I2C5,RSVD1,RSVD2,RSVD3,RSVD1,#REF!,#REF!,#REF!,#REF!,#REF!,#REF!,#REF!,#REF!,#REF!,#REF!,#REF!,RSVD1,PULL_DOWN,TRISTATE,DISABLE,#REF!,True,True,True,True,True,True,VALID,unused_PWR_I2C_SCL,Not Assigned,,,Initiator,Disable,Disable,,,,,,,,#REF!,#REF!
PWR_I2C_SDA,#REF!,unused_PWR_I2C_SDA,#REF!,#REF!,#REF!,#REF!,#REF!,#REF!,#REF!,#REF!,#REF!,#REF!,I2C5,RSVD1,RSVD2,I2C5,RSVD1,#REF!,#REF!,#REF!,#REF!,#REF!,#REF!,#REF!,#REF!,#REF!,#REF!,#REF!,RSVD1,PULL_DOWN,TRISTATE,DISABLE,#REF!,True,True,True,True,True,True,VALID,unused_PWR_I2C_SDA,Not Assigned,,No,Initiator,Disable,Disable,,,,,,,,#REF!,#REF!
SOC_GPIO28,#REF!,unused_SOC_GPIO28,#REF!,#REF!,#REF!,#REF!,#REF!,#REF!,#REF!,#REF!,#REF!,#REF!,VI0,RSVD1,VI1,RSVD3,RSVD1,#REF!,#REF!,#REF!,#REF!,#REF!,#REF!,#REF!,#REF!,#REF!,#REF!,#REF!,RSVD1,PULL_DOWN,TRISTATE,DISABLE,#REF!,True,True,True,True,True,True,VALID,unused_SOC_GPIO28,Not Assigned,,No,Initiator,Disable,Disable,,,,,,,,#REF!,#REF!
SOC_GPIO29,#REF!,unused_SOC_GPIO29,#REF!,#REF!,#REF!,#REF!,#REF!,#REF!,#REF!,#REF!,#REF!,#REF!,#REF!,NV,RSVD2,RSVD3,RSVD0,#REF!,#REF!,#REF!,#REF!,#REF!,#REF!,#REF!,#REF!,#REF!,#REF!,#REF!,RSVD0,PULL_DOWN,TRISTATE,DISABLE,#REF!,True,True,True,True,True,True,VALID,unused_SOC_GPIO29,Not Assigned,,,,Disable,Disable,,,,,,,,#REF!,#REF!
SOC_GPIO30,#REF!,unused_SOC_GPIO30,#REF!,#REF!,#REF!,#REF!,#REF!,#REF!,#REF!,#REF!,#REF!,#REF!,#REF!,WDT,RSVD2,RSVD3,RSVD0,#REF!,#REF!,#REF!,#REF!,#REF!,#REF!,#REF!,#REF!,#REF!,#REF!,#REF!,RSVD0,PULL_DOWN,TRISTATE,DISABLE,#REF!,True,True,True,True,True,True,VALID,unused_SOC_GPIO30,Not Assigned,,,,Disable,Disable,,,,,,,,#REF!,#REF!
SOC_GPIO31,#REF!,unused_SOC_GPIO31,#REF!,#REF!,#REF!,#REF!,#REF!,#REF!,#REF!,#REF!,#REF!,#REF!,#REF!,RSVD1,RSVD2,RSVD3,RSVD0,#REF!,#REF!,#REF!,#REF!,#REF!,#REF!,#REF!,#REF!,#REF!,#REF!,#REF!,RSVD0,PULL_DOWN,TRISTATE,DISABLE,#REF!,True,True,True,True,True,True,VALID,unused_SOC_GPIO31,Not Assigned,,,,Disable,Disable,,,,,,,GPIO,#REF!,#REF!
SOC_GPIO32,#REF!,unused_SOC_GPIO32,#REF!,#REF!,#REF!,#REF!,#REF!,#REF!,#REF!,#REF!,#REF!,#REF!,#REF!,EXTPERIPH3,DCB,RSVD3,RSVD0,#REF!,#REF!,#REF!,#REF!,#REF!,#REF!,#REF!,#REF!,#REF!,#REF!,#REF!,RSVD0,PULL_DOWN,TRISTATE,DISABLE,#REF!,True,True,True,True,True,True,VALID,unused_SOC_GPIO32,Not Assigned,,,,Disable,Disable,,,,,,,,#REF!,#REF!
SOC_GPIO33,#REF!,unused_SOC_GPIO33,#REF!,#REF!,#REF!,#REF!,#REF!,#REF!,#REF!,#REF!,#REF!,#REF!,#REF!,EXTPERIPH4,DCB,RSVD3,RSVD0,#REF!,#REF!,#REF!,#REF!,#REF!,#REF!,#REF!,#REF!,#REF!,#REF!,#REF!,RSVD0,PULL_DOWN,TRISTATE,DISABLE,#REF!,True,True,True,True,True,True,VALID,unused_SOC_GPIO33,Not Assigned,,No,,Disable,Disable,,,,,,,,#REF!,#REF!
SOC_GPIO35,#REF!,unused_SOC_GPIO35,#REF!,#REF!,#REF!,#REF!,#REF!,#REF!,#REF!,O,#REF!,#REF!,#REF!,I2S5,DMIC1,RSVD3,RSVD0,#REF!,#REF!,#REF!,#REF!,#REF!,#REF!,#REF!,#REF!,#REF!,#REF!,#REF!,RSVD0,PULL_DOWN,TRISTATE,DISABLE,#REF!,True,True,True,True,True,True,VALID,unused_SOC_GPIO35,Not Assigned,,,Initiator,Disable,Disable,,,,,,,,#REF!,#REF!
SOC_GPIO37,#REF!,unused_SOC_GPIO37,#REF!,#REF!,#REF!,#REF!,#REF!,#REF!,#REF!,#REF!,#REF!,#REF!,GP,I2S5,DMIC4,DSPK1,GP,#REF!,#REF!,#REF!,#REF!,#REF!,#REF!,#REF!,#REF!,#REF!,#REF!,#REF!,GP,PULL_DOWN,TRISTATE,DISABLE,#REF!,True,True,True,True,True,True,VALID,unused_SOC_GPIO37,Not Assigned,,,Initiator,Disable,Disable,,,,,,,,#REF!,#REF!
SOC_GPIO56,#REF!,unused_SOC_GPIO56,#REF!,#REF!,#REF!,#REF!,#REF!,#REF!,#REF!,#REF!,#REF!,#REF!,RSVD0,I2S5,DMIC4,DSPK1,RSVD0,#REF!,#REF!,#REF!,#REF!,#REF!,#REF!,#REF!,#REF!,#REF!,#REF!,#REF!,RSVD0,PULL_DOWN,TRISTATE,DISABLE,#REF!,True,True,True,True,True,True,VALID,unused_SOC_GPIO56,Not Assigned,,,Initiator,Disable,Disable,,,,,,,,#REF!,#REF!
UART1_TX,#REF!,unused_UART1_TX,#REF!,#REF!,#REF!,#REF!,#REF!,#REF!,#REF!,#REF!,#REF!,#REF!,UARTA,#REF!,#REF!,#REF!,RSVD1,#REF!,#REF!,#REF!,#REF!,#REF!,#REF!,#REF!,#REF!,#REF!,#REF!,#REF!,RSVD1,PULL_DOWN,TRISTATE,DISABLE,#REF!,True,True,True,True,True,True,VALID,unused_UART1_TX,Not Assigned,,,Initiator,,Disable,,,,,,,,#REF!,#REF!
UART1_RX,#REF!,unused_UART1_RX,#REF!,#REF!,#REF!,#REF!,#REF!,#REF!,#REF!,#REF!,#REF!,#REF!,UARTA,#REF!,#REF!,#REF!,RSVD1,#REF!,#REF!,#REF!,#REF!,#REF!,#REF!,#REF!,#REF!,#REF!,#REF!,#REF!,RSVD1,PULL_DOWN,TRISTATE,DISABLE,#REF!,True,True,True,True,True,True,VALID,unused_UART1_RX,Not Assigned,,,,,Disable,,,,,,,,#REF!,#REF!
UART1_RTS,#REF!,unused_UART1_RTS,#REF!,#REF!,#REF!,#REF!,#REF!,#REF!,#REF!,#REF!,#REF!,#REF!,UARTA,#REF!,#REF!,#REF!,RSVD1,#REF!,#REF!,#REF!,#REF!,#REF!,#REF!,#REF!,#REF!,#REF!,#REF!,#REF!,RSVD1,PULL_DOWN,TRISTATE,DISABLE,#REF!,True,True,True,True,True,True,VALID,unused_UART1_RTS,Not Assigned,,No,,,Disable,,,,,,,,#REF!,#REF!
UART1_CTS,#REF!,unused_UART1_CTS,#REF!,#REF!,#REF!,#REF!,#REF!,#REF!,#REF!,#REF!,#REF!,#REF!,UARTA,#REF!,#REF!,#REF!,RSVD1,#REF!,#REF!,#REF!,#REF!,#REF!,#REF!,#REF!,#REF!,#REF!,#REF!,#REF!,RSVD1,PULL_DOWN,TRISTATE,DISABLE,#REF!,True,True,True,True,True,True,VALID,unused_UART1_CTS,Not Assigned,,,Initiator,,Disable,,,,,,,,#REF!,#REF!
EDP1,VDDIO_G,,,,,,,,,,,,,,,,,,,,,,,,,,,,,,,,,,,,,,,,,,,,,,,,,,,1.8V,,EDP1,VDDIO_G,
DP_AUX_CH0_P,#REF!,unused_DP_AUX_CH0_P,#REF!,#REF!,#REF!,#REF!,#REF!,#REF!,#REF!,#REF!,#REF!,#REF!,,,,,,#REF!,#REF!,#REF!,#REF!,#REF!,#REF!,#REF!,#REF!,#REF!,#REF!,#REF!,,PULL_DOWN,TRISTATE,DISABLE,,True,True,True,True,True,True,VALID,unused_DP_AUX_CH0_P,Not Assigned,,,,,Disable,,,,,,,,#REF!,#REF!
DP_AUX_CH0_N,#REF!,unused_DP_AUX_CH0_N,#REF!,#REF!,#REF!,#REF!,#REF!,#REF!,#REF!,#REF!,#REF!,#REF!,,,,,,#REF!,#REF!,#REF!,#REF!,#REF!,#REF!,#REF!,#REF!,#REF!,#REF!,#REF!,,PULL_DOWN,TRISTATE,DISABLE,,True,True,True,True,True,True,VALID,unused_DP_AUX_CH0_N,Not Assigned,,,,,Disable,,,,,,,,#REF!,#REF!
EDP,VDDIO_G,,,,,,,,,,,,,,,,,,,,,,,,,,,,,,,,,,,,,,,,,,,,,,,,,,,1.8V,,EDP,VDDIO_G,
DP_AUX_CH0_HPD,#REF!,unused_DP_AUX_CH0_HPD,#REF!,#REF!,#REF!,#REF!,#REF!,#REF!,#REF!,#REF!,#REF!,#REF!,DP,RSVD1,RSVD2,RSVD3,RSVD1,#REF!,#REF!,#REF!,#REF!,#REF!,#REF!,#REF!,#REF!,#REF!,#REF!,#REF!,RSVD1,PULL_DOWN,TRISTATE,DISABLE,#REF!,True,True,True,True,True,True,VALID,unused_DP_AUX_CH0_HPD,Not Assigned,,,,Disable,Disable,,,,,,,,#REF!,#REF!
DP_AUX_CH1_P,#REF!,unused_DP_AUX_CH1_P,#REF!,#REF!,#REF!,#REF!,#REF!,#REF!,#REF!,#REF!,#REF!,#REF!,I2C4,RSVD1,RSVD2,RSVD3,RSVD1,#REF!,#REF!,#REF!,#REF!,#REF!,#REF!,#REF!,#REF!,#REF!,#REF!,#REF!,RSVD1,PULL_DOWN,TRISTATE,DISABLE,#REF!,True,True,True,True,True,True,VALID,unused_DP_AUX_CH1_P,Not Assigned,,,,Disable,Disable,,,,,,,,#REF!,#REF!
DP_AUX_CH1_N,#REF!,unused_DP_AUX_CH1_N,#REF!,#REF!,#REF!,#REF!,#REF!,#REF!,#REF!,#REF!,#REF!,#REF!,I2C4,RSVD1,RSVD2,RSVD3,RSVD1,#REF!,#REF!,#REF!,#REF!,#REF!,#REF!,#REF!,#REF!,#REF!,#REF!,#REF!,RSVD1,PULL_DOWN,TRISTATE,DISABLE,#REF!,True,True,True,True,True,True,VALID,unused_DP_AUX_CH1_N,Not Assigned,,,,Disable,Disable,,,,,,,,#REF!,#REF!
DP_AUX_CH1_HPD,#REF!,unused_DP_AUX_CH1_HPD,#REF!,#REF!,#REF!,#REF!,#REF!,#REF!,#REF!,#REF!,#REF!,#REF!,ETH3,RSVD1,RSVD2,RSVD3,RSVD1,#REF!,#REF!,#REF!,#REF!,#REF!,#REF!,#REF!,#REF!,#REF!,#REF!,#REF!,RSVD1,PULL_DOWN,TRISTATE,DISABLE,#REF!,True,True,True,True,True,True,VALID,unused_DP_AUX_CH1_HPD,Not Assigned,,,,Disable,Disable,,,,,,,,#REF!,#REF!
DP_AUX_CH2_P,#REF!,unused_DP_AUX_CH2_P,#REF!,#REF!,#REF!,#REF!,#REF!,#REF!,#REF!,#REF!,#REF!,#REF!,I2C7,RSVD1,RSVD2,RSVD3,RSVD1,#REF!,#REF!,#REF!,#REF!,#REF!,#REF!,#REF!,#REF!,#REF!,#REF!,#REF!,RSVD1,PULL_DOWN,TRISTATE,DISABLE,#REF!,True,True,True,True,True,True,VALID,unused_DP_AUX_CH2_P,Not Assigned,,,,Disable,Disable,,,,,,,,#REF!,#REF!
DP_AUX_CH2_N,#REF!,unused_DP_AUX_CH2_N,#REF!,#REF!,#REF!,#REF!,#REF!,#REF!,#REF!,#REF!,#REF!,#REF!,I2C7,RSVD1,RSVD2,RSVD3,RSVD1,#REF!,#REF!,#REF!,#REF!,#REF!,#REF!,#REF!,#REF!,#REF!,#REF!,#REF!,RSVD1,PULL_DOWN,TRISTATE,DISABLE,#REF!,True,True,True,True,True,True,VALID,unused_DP_AUX_CH2_N,Not Assigned,,No,,Disable,Disable,,,,,,,GPIO,#REF!,#REF!
DP_AUX_CH2_HPD,#REF!,unused_DP_AUX_CH2_HPD,#REF!,#REF!,#REF!,#REF!,#REF!,#REF!,#REF!,#REF!,#REF!,#REF!,ETH3,RSVD1,DISPLAYB,RSVD3,RSVD1,#REF!,#REF!,#REF!,#REF!,#REF!,#REF!,#REF!,#REF!,#REF!,#REF!,#REF!,RSVD1,PULL_DOWN,TRISTATE,DISABLE,#REF!,True,True,True,True,True,True,VALID,unused_DP_AUX_CH2_HPD,Not Assigned,,No,,Disable,Disable,,,,,,,,#REF!,#REF!
DP_AUX_CH3_P,#REF!,unused_DP_AUX_CH3_P,#REF!,#REF!,#REF!,#REF!,#REF!,#REF!,#REF!,#REF!,#REF!,#REF!,I2C9,RSVD1,RSVD2,RSVD3,RSVD1,#REF!,#REF!,#REF!,#REF!,#REF!,#REF!,#REF!,#REF!,#REF!,#REF!,#REF!,RSVD1,PULL_DOWN,TRISTATE,DISABLE,#REF!,True,True,True,True,True,True,VALID,unused_DP_AUX_CH3_P,Not Assigned,,,,Disable,Disable,,,,,,,,#REF!,#REF!
DP_AUX_CH3_N,#REF!,unused_DP_AUX_CH3_N,#REF!,#REF!,#REF!,#REF!,#REF!,#REF!,#REF!,#REF!,#REF!,#REF!,I2C9,RSVD1,RSVD2,RSVD3,RSVD1,#REF!,#REF!,#REF!,#REF!,#REF!,#REF!,#REF!,#REF!,#REF!,#REF!,#REF!,RSVD1,PULL_DOWN,TRISTATE,DISABLE,#REF!,True,True,True,True,True,True,VALID,unused_DP_AUX_CH3_N,Not Assigned,,No,,Disable,Disable,,,,,,,,#REF!,#REF!
DP_AUX_CH3_HPD,#REF!,unused_DP_AUX_CH3_HPD,#REF!,#REF!,#REF!,#REF!,#REF!,#REF!,#REF!,#REF!,#REF!,#REF!,ETH2,RSVD1,DISPLAYA,RSVD3,RSVD1,#REF!,#REF!,#REF!,#REF!,#REF!,#REF!,#REF!,#REF!,#REF!,#REF!,#REF!,RSVD1,PULL_DOWN,TRISTATE,DISABLE,#REF!,True,True,True,True,True,True,VALID,unused_DP_AUX_CH3_HPD,Not Assigned,,,,Disable,Disable,,,,,,,,#REF!,#REF!
SOC_GPIO55,#REF!,unused_SOC_GPIO55,#REF!,#REF!,#REF!,#REF!,#REF!,#REF!,#REF!,#REF!,#REF!,#REF!,ETH2,RSVD1,RSVD2,RSVD3,RSVD1,#REF!,#REF!,#REF!,#REF!,#REF!,#REF!,#REF!,#REF!,#REF!,#REF!,#REF!,RSVD1,PULL_DOWN,TRISTATE,DISABLE,#REF!,True,True,True,True,True,True,VALID,unused_SOC_GPIO55,Not Assigned,,,,,Disable,,,,,,,,#REF!,#REF!
SOC_GPIO36,#REF!,unused_SOC_GPIO36,#REF!,#REF!,#REF!,#REF!,#REF!,#REF!,#REF!,#REF!,#REF!,#REF!,ETH0,RSVD1,DCA,RSVD3,RSVD1,#REF!,#REF!,#REF!,#REF!,#REF!,#REF!,#REF!,#REF!,#REF!,#REF!,#REF!,RSVD1,PULL_DOWN,TRISTATE,DISABLE,#REF!,True,True,True,True,True,True,VALID,unused_SOC_GPIO36,Not Assigned,,,,,Disable,,,,,,,,#REF!,#REF!
SOC_GPIO53,#REF!,unused_SOC_GPIO53,#REF!,#REF!,#REF!,#REF!,#REF!,#REF!,#REF!,#REF!,#REF!,#REF!,ETH0,RSVD1,DCA,RSVD3,RSVD1,#REF!,#REF!,#REF!,#REF!,#REF!,#REF!,#REF!,#REF!,#REF!,#REF!,#REF!,RSVD1,PULL_DOWN,TRISTATE,DISABLE,#REF!,True,True,True,True,True,True,VALID,unused_SOC_GPIO53,Not Assigned,,No,,,Disable,,,,,,,GPIO,#REF!,#REF!
SOC_GPIO38,#REF!,unused_SOC_GPIO38,#REF!,#REF!,#REF!,#REF!,#REF!,#REF!,#REF!,#REF!,#REF!,#REF!,ETH1,RSVD1,RSVD2,RSVD3,RSVD1,#REF!,#REF!,#REF!,#REF!,#REF!,#REF!,#REF!,#REF!,#REF!,#REF!,#REF!,RSVD1,PULL_DOWN,TRISTATE,DISABLE,#REF!,True,True,True,True,True,True,VALID,unused_SOC_GPIO38,Not Assigned,,No,,,Disable,,,,,,,,#REF!,#REF!
SOC_GPIO39,#REF!,unused_SOC_GPIO39,#REF!,#REF!,#REF!,#REF!,#REF!,#REF!,#REF!,#REF!,#REF!,#REF!,GP,RSVD1,RSVD2,RSVD3,RSVD1,#REF!,#REF!,#REF!,#REF!,#REF!,#REF!,#REF!,#REF!,#REF!,#REF!,#REF!,RSVD1,PULL_DOWN,TRISTATE,DISABLE,#REF!,True,True,True,True,True,True,VALID,unused_SOC_GPIO39,Not Assigned,,,,,Disable,,,,,,,,#REF!,#REF!
SOC_GPIO40,#REF!,unused_SOC_GPIO40,#REF!,#REF!,#REF!,#REF!,#REF!,#REF!,#REF!,#REF!,#REF!,#REF!,ETH1,RSVD1,RSVD2,RSVD3,RSVD1,#REF!,#REF!,#REF!,#REF!,#REF!,#REF!,#REF!,#REF!,#REF!,#REF!,#REF!,RSVD1,PULL_DOWN,TRISTATE,DISABLE,#REF!,True,True,True,True,True,True,VALID,unused_SOC_GPIO40,Not Assigned,,No,,,Disable,,,,,,,,#REF!,#REF!
G4,VDDIO_J,,,,,,,,,,,,,,,,,,,,,,,,,,,,,,,,,,,,,,,,,,,,,,,,,,,1.8V,,G4,VDDIO_J,
SOC_GPIO13,#REF!,unused_SOC_GPIO13,#REF!,#REF!,#REF!,#REF!,#REF!,#REF!,#REF!,#REF!,#REF!,#REF!,#REF!,RSVD1,RSVD2,RSVD3,RSVD0,#REF!,#REF!,#REF!,#REF!,#REF!,#REF!,#REF!,#REF!,#REF!,#REF!,#REF!,RSVD0,PULL_DOWN,TRISTATE,DISABLE,#REF!,True,True,True,True,True,True,VALID,unused_SOC_GPIO13,Not Assigned,,,,,Disable,,,,,,,,#REF!,#REF!
SOC_GPIO14,#REF!,unused_SOC_GPIO14,#REF!,#REF!,#REF!,#REF!,#REF!,#REF!,#REF!,#REF!,#REF!,#REF!,#REF!,SPI4,RSVD2,RSVD3,RSVD0,#REF!,#REF!,#REF!,#REF!,#REF!,#REF!,#REF!,#REF!,#REF!,#REF!,#REF!,RSVD0,PULL_DOWN,TRISTATE,DISABLE,#REF!,True,True,True,True,True,True,VALID,unused_SOC_GPIO14,Not Assigned,,,Initiator,,Disable,,,,,,,,#REF!,#REF!
SOC_GPIO15,#REF!,unused_SOC_GPIO15,#REF!,#REF!,#REF!,#REF!,#REF!,#REF!,#REF!,#REF!,#REF!,#REF!,#REF!,SPI4,RSVD2,RSVD3,RSVD0,#REF!,#REF!,#REF!,#REF!,#REF!,#REF!,#REF!,#REF!,#REF!,#REF!,#REF!,RSVD0,PULL_DOWN,TRISTATE,DISABLE,#REF!,True,True,True,True,True,True,VALID,unused_SOC_GPIO15,Not Assigned,,No,Initiator,,Disable,,,,,,,,#REF!,#REF!
SOC_GPIO16,#REF!,unused_SOC_GPIO16,#REF!,#REF!,#REF!,#REF!,#REF!,#REF!,#REF!,#REF!,#REF!,#REF!,#REF!,SPI4,RSVD2,RSVD3,RSVD0,#REF!,#REF!,#REF!,#REF!,#REF!,#REF!,#REF!,#REF!,#REF!,#REF!,#REF!,RSVD0,PULL_DOWN,TRISTATE,DISABLE,#REF!,True,True,True,True,True,True,VALID,unused_SOC_GPIO16,Not Assigned,,,Initiator,,Disable,,,,,,,,#REF!,#REF!
SOC_GPIO17,#REF!,unused_SOC_GPIO17,#REF!,#REF!,#REF!,#REF!,#REF!,#REF!,#REF!,#REF!,#REF!,#REF!,#REF!,CCLA,RSVD2,RSVD3,RSVD0,#REF!,#REF!,#REF!,#REF!,#REF!,#REF!,#REF!,#REF!,#REF!,#REF!,#REF!,RSVD0,PULL_DOWN,TRISTATE,DISABLE,#REF!,True,True,True,True,True,True,VALID,unused_SOC_GPIO17,Not Assigned,,No,,,Disable,,,,,,,,#REF!,#REF!
SOC_GPIO18,#REF!,unused_SOC_GPIO18,#REF!,#REF!,#REF!,#REF!,#REF!,#REF!,#REF!,#REF!,#REF!,#REF!,#REF!,#REF!,RSVD2,RSVD3,RSVD0,#REF!,#REF!,#REF!,#REF!,#REF!,#REF!,#REF!,#REF!,#REF!,#REF!,#REF!,RSVD0,PULL_DOWN,TRISTATE,DISABLE,#REF!,True,True,True,True,True,True,VALID,unused_SOC_GPIO18,Not Assigned,,,,,Disable,,,,,,,,#REF!,#REF!
SOC_GPIO19,#REF!,unused_SOC_GPIO19,#REF!,#REF!,#REF!,#REF!,#REF!,#REF!,#REF!,#REF!,#REF!,#REF!,GP,RSVD1,RSVD2,RSVD3,RSVD1,#REF!,#REF!,#REF!,#REF!,#REF!,#REF!,#REF!,#REF!,#REF!,#REF!,#REF!,#REF!,NORMAL,TRISTATE,DISABLE,#REF!,True,True,True,True,True,True,VALID,GP_PWM7,Output,Z,,,,Disable,,,,,,CV VR PWMVID,,#REF!,#REF!
SOC_GPIO20,#REF!,unused_SOC_GPIO20,#REF!,#REF!,#REF!,#REF!,#REF!,#REF!,#REF!,#REF!,#REF!,#REF!,#REF!,SDMMC1,RSVD2,RSVD3,RSVD0,#REF!,#REF!,#REF!,#REF!,#REF!,#REF!,#REF!,#REF!,#REF!,#REF!,#REF!,RSVD0,PULL_DOWN,TRISTATE,DISABLE,#REF!,True,True,True,True,True,True,VALID,unused_SOC_GPIO20,Not Assigned,,No,,,Disable,,,,,,,,#REF!,#REF!
SOC_GPIO21,#REF!,unused_SOC_GPIO21,#REF!,#REF!,#REF!,#REF!,#REF!,#REF!,#REF!,#REF!,#REF!,#REF!,#REF!,GP,I2S7,RSVD3,RSVD0,#REF!,#REF!,#REF!,#REF!,#REF!,#REF!,#REF!,#REF!,#REF!,#REF!,#REF!,RSVD0,PULL_DOWN,TRISTATE,DISABLE,#REF!,True,True,True,True,True,True,VALID,unused_SOC_GPIO21,Not Assigned,,,Initiator,,Disable,,,,,,,,#REF!,#REF!
SOC_GPIO22,#REF!,unused_SOC_GPIO22,#REF!,#REF!,#REF!,#REF!,#REF!,#REF!,#REF!,#REF!,O,#REF!,#REF!,DMIC1,I2S7,RSVD3,RSVD0,#REF!,#REF!,#REF!,#REF!,#REF!,#REF!,#REF!,#REF!,#REF!,#REF!,#REF!,RSVD0,PULL_DOWN,TRISTATE,DISABLE,#REF!,True,True,True,True,True,True,VALID,unused_SOC_GPIO22,Not Assigned,,,Initiator,,Disable,,,,,,,,#REF!,#REF!
SOC_GPIO06,#REF!,unused_SOC_GPIO06,#REF!,#REF!,#REF!,#REF!,#REF!,#REF!,#REF!,#REF!,#REF!,#REF!,#REF!,DMIC1,RSVD2,RSVD3,RSVD0,#REF!,#REF!,#REF!,#REF!,#REF!,#REF!,#REF!,#REF!,#REF!,#REF!,#REF!,RSVD0,PULL_DOWN,TRISTATE,DISABLE,#REF!,True,True,True,True,True,True,VALID,unused_SOC_GPIO06,Not Assigned,,,,,Disable,,,,,,,GPIO,#REF!,#REF!
UART4_TX,#REF!,unused_UART4_TX,#REF!,#REF!,#REF!,#REF!,#REF!,#REF!,#REF!,#REF!,#REF!,#REF!,UARTD,SPI4,RSVD2,RSVD3,RSVD2,#REF!,#REF!,#REF!,#REF!,#REF!,#REF!,#REF!,#REF!,#REF!,#REF!,#REF!,RSVD2,PULL_DOWN,TRISTATE,DISABLE,#REF!,True,True,True,True,True,True,VALID,unused_UART4_TX,Not Assigned,,,Initiator,,Disable,,,,,,,,#REF!,#REF!
UART4_RX,#REF!,unused_UART4_RX,#REF!,#REF!,#REF!,#REF!,#REF!,#REF!,#REF!,#REF!,#REF!,#REF!,UARTD,RSVD1,I2S7,RSVD3,RSVD1,#REF!,#REF!,#REF!,#REF!,#REF!,#REF!,#REF!,#REF!,#REF!,#REF!,#REF!,RSVD1,PULL_DOWN,TRISTATE,DISABLE,#REF!,True,True,True,True,True,True,VALID,unused_UART4_RX,Not Assigned,,,Initiator,,Disable,,,,,,,,#REF!,#REF!
UART4_RTS,#REF!,unused_UART4_RTS,#REF!,#REF!,#REF!,#REF!,#REF!,#REF!,#REF!,#REF!,#REF!,#REF!,UARTD,SPI4,RSVD2,RSVD3,RSVD2,#REF!,#REF!,#REF!,#REF!,#REF!,#REF!,#REF!,#REF!,#REF!,#REF!,#REF!,RSVD2,PULL_DOWN,TRISTATE,DISABLE,#REF!,True,True,True,True,True,True,VALID,unused_UART4_RTS,Not Assigned,,,Initiator,,Disable,,,,,,,,#REF!,#REF!
UART4_CTS,#REF!,unused_UART4_CTS,#REF!,#REF!,#REF!,#REF!,#REF!,#REF!,#REF!,#REF!,#REF!,#REF!,UARTD,RSVD1,I2S7,RSVD3,RSVD1,#REF!,#REF!,#REF!,#REF!,#REF!,#REF!,#REF!,#REF!,#REF!,#REF!,#REF!,RSVD1,PULL_DOWN,TRISTATE,DISABLE,#REF!,True,True,True,True,True,True,VALID,unused_UART4_CTS,Not Assigned,,No,Initiator,,Disable,,,,,,,,#REF!,#REF!
SOC_GPIO41,#REF!,unused_SOC_GPIO41,#REF!,#REF!,#REF!,#REF!,#REF!,#REF!,#REF!,#REF!,#REF!,#REF!,#REF!,I2S2,RSVD2,RSVD3,RSVD2,#REF!,#REF!,#REF!,#REF!,#REF!,#REF!,#REF!,#REF!,#REF!,#REF!,#REF!,RSVD2,PULL_DOWN,TRISTATE,DISABLE,#REF!,True,True,True,True,True,True,VALID,unused_SOC_GPIO41,Not Assigned,,,Initiator,,Disable,,,,,,,,#REF!,#REF!
SOC_GPIO42,#REF!,unused_SOC_GPIO42,#REF!,#REF!,#REF!,#REF!,#REF!,#REF!,#REF!,O,#REF!,#REF!,#REF!,I2S2,RSVD2,RSVD3,RSVD2,#REF!,#REF!,#REF!,#REF!,#REF!,#REF!,#REF!,#REF!,#REF!,#REF!,#REF!,RSVD2,PULL_DOWN,TRISTATE,DISABLE,#REF!,True,True,True,True,True,True,VALID,unused_SOC_GPIO42,Not Assigned,,,Initiator,,Disable,,,,,,,,#REF!,#REF!
SOC_GPIO43,#REF!,unused_SOC_GPIO43,#REF!,#REF!,#REF!,#REF!,#REF!,#REF!,#REF!,#REF!,#REF!,#REF!,#REF!,I2S2,RSVD2,RSVD3,RSVD2,#REF!,#REF!,#REF!,#REF!,#REF!,#REF!,#REF!,#REF!,#REF!,#REF!,#REF!,RSVD2,PULL_DOWN,TRISTATE,DISABLE,#REF!,True,True,True,True,True,True,VALID,unused_SOC_GPIO43,Not Assigned,,,Initiator,,Disable,,,,,,,GPIO,#REF!,#REF!
SOC_GPIO44,#REF!,unused_SOC_GPIO44,#REF!,#REF!,#REF!,#REF!,#REF!,#REF!,#REF!,#REF!,#REF!,#REF!,#REF!,I2S2,RSVD2,RSVD3,RSVD2,#REF!,#REF!,#REF!,#REF!,#REF!,#REF!,#REF!,#REF!,#REF!,#REF!,#REF!,RSVD2,PULL_DOWN,TRISTATE,DISABLE,#REF!,True,True,True,True,True,True,VALID,unused_SOC_GPIO44,Not Assigned,,,Initiator,,Disable,,,,,,,,#REF!,#REF!
GEN1_I2C_SCL,#REF!,unused_GEN1_I2C_SCL,#REF!,#REF!,#REF!,#REF!,#REF!,#REF!,#REF!,#REF!,#REF!,#REF!,I2C1,RSVD1,RSVD2,RSVD3,RSVD1,#REF!,#REF!,#REF!,#REF!,#REF!,#REF!,#REF!,#REF!,#REF!,#REF!,#REF!,RSVD1,PULL_DOWN,TRISTATE,DISABLE,#REF!,True,True,True,True,True,True,VALID,unused_GEN1_I2C_SCL,Not Assigned,,,,Disable,Disable,,,,,,,,#REF!,#REF!
GEN1_I2C_SDA,#REF!,unused_GEN1_I2C_SDA,#REF!,#REF!,#REF!,#REF!,#REF!,#REF!,#REF!,#REF!,#REF!,#REF!,I2C1,RSVD1,RSVD2,RSVD3,RSVD1,#REF!,#REF!,#REF!,#REF!,#REF!,#REF!,#REF!,#REF!,#REF!,#REF!,#REF!,RSVD1,PULL_DOWN,TRISTATE,DISABLE,#REF!,True,True,True,True,True,True,VALID,unused_GEN1_I2C_SDA,Not Assigned,,,,Disable,Disable,,,,,,,,#REF!,#REF!
CPU_PWR_REQ,#REF!,unused_CPU_PWR_REQ,#REF!,#REF!,#REF!,#REF!,#REF!,#REF!,#REF!,#REF!,#REF!,#REF!,#REF!,RSVD1,RSVD2,RSVD3,RSVD0,#REF!,#REF!,#REF!,#REF!,#REF!,#REF!,#REF!,#REF!,#REF!,#REF!,#REF!,#REF!,NORMAL,NORMAL,DISABLE,#REF!,True,True,True,True,True,True,VALID,GPIO3_PI.05,Output,Drive 0,,,,Disable,,,,,,CPU VR Power Request,GPIO,#REF!,#REF!
SOC_GPIO07,#REF!,unused_SOC_GPIO07,#REF!,#REF!,#REF!,#REF!,#REF!,#REF!,#REF!,#REF!,#REF!,#REF!,GP,RSVD1,RSVD2,RSVD3,RSVD1,#REF!,#REF!,#REF!,#REF!,#REF!,#REF!,#REF!,#REF!,#REF!,#REF!,#REF!,#REF!,NORMAL,TRISTATE,DISABLE,#REF!,True,True,True,True,True,True,VALID,GP_PWM6,Output,Z,,,,Disable,,,,,,CPU VR PWMVID,,#REF!,#REF!
SDMMC1V (3.V3V Capable),VDDIO_K,,,,,,,,,,,,,,,,,,,,,,,,,,,,,,,,,,,,,,,,,,,,,,,,,,,1.8V/3.3V_default_1.8V,,SDMMC1V (3.3V Capable),SDMMC1_HV (3.3V Capable),
SDMMC1_CLK,#REF!,unused_SDMMC1_CLK,#REF!,#REF!,#REF!,#REF!,#REF!,#REF!,#REF!,#REF!,#REF!,#REF!,SDMMC1,RSVD1,RSVD2,RSVD3,RSVD1,#REF!,#REF!,#REF!,#REF!,#REF!,#REF!,#REF!,#REF!,#REF!,#REF!,#REF!,RSVD1,PULL_DOWN,TRISTATE,#REF!,#REF!,True,True,True,True,True,True,VALID,unused_SDMMC1_CLK,Not Assigned,,,,,,Enable,,,,,,SDMMC1_CLK,#REF!,#REF!
SDMMC1_CMD,#REF!,unused_SDMMC1_CMD,#REF!,#REF!,#REF!,#REF!,#REF!,#REF!,#REF!,#REF!,#REF!,#REF!,SDMMC1,RSVD1,RSVD2,RSVD3,RSVD1,#REF!,#REF!,#REF!,#REF!,#REF!,#REF!,#REF!,#REF!,#REF!,#REF!,#REF!,RSVD1,PULL_DOWN,TRISTATE,DISABLE,#REF!,True,True,True,True,True,True,VALID,unused_SDMMC1_CMD,Not Assigned,,,,,,,,,,,,SDMMC1_CMD,#REF!,#REF!
SDMMC1_DAT0,#REF!,unused_SDMMC1_DAT0,#REF!,#REF!,#REF!,#REF!,#REF!,#REF!,#REF!,#REF!,#REF!,#REF!,SDMMC1,RSVD1,RSVD2,RSVD3,RSVD1,#REF!,#REF!,#REF!,#REF!,#REF!,#REF!,#REF!,#REF!,#REF!,#REF!,#REF!,RSVD1,PULL_DOWN,TRISTATE,DISABLE,#REF!,True,True,True,True,True,True,VALID,unused_SDMMC1_DAT0,Not Assigned,,,,,,,,,,,,SDMMC1_DAT0,#REF!,#REF!
SDMMC1_DAT1,#REF!,unused_SDMMC1_DAT1,#REF!,#REF!,#REF!,#REF!,#REF!,#REF!,#REF!,#REF!,#REF!,#REF!,SDMMC1,RSVD1,RSVD2,RSVD3,RSVD1,#REF!,#REF!,#REF!,#REF!,#REF!,#REF!,#REF!,#REF!,#REF!,#REF!,#REF!,RSVD1,PULL_DOWN,TRISTATE,DISABLE,#REF!,True,True,True,True,True,True,VALID,unused_SDMMC1_DAT1,Not Assigned,,No,,,,,,,,,,SDMMC1_DAT1,#REF!,#REF!
SDMMC1_DAT2,#REF!,unused_SDMMC1_DAT2,#REF!,#REF!,#REF!,#REF!,#REF!,#REF!,#REF!,#REF!,#REF!,#REF!,SDMMC1,RSVD1,RSVD2,RSVD3,RSVD1,#REF!,#REF!,#REF!,#REF!,#REF!,#REF!,#REF!,#REF!,#REF!,#REF!,#REF!,RSVD1,PULL_DOWN,TRISTATE,DISABLE,#REF!,True,True,True,True,True,True,VALID,unused_SDMMC1_DAT2,Not Assigned,,,,,,,,,,,,SDMMC1_DAT2,#REF!,#REF!
SDMMC1_DAT3,#REF!,unused_SDMMC1_DAT3,#REF!,#REF!,#REF!,#REF!,#REF!,#REF!,#REF!,#REF!,#REF!,#REF!,SDMMC1,RSVD1,RSVD2,RSVD3,RSVD1,#REF!,#REF!,#REF!,#REF!,#REF!,#REF!,#REF!,#REF!,#REF!,#REF!,#REF!,RSVD1,PULL_DOWN,TRISTATE,DISABLE,#REF!,True,True,True,True,True,True,VALID,unused_SDMMC1_DAT3,Not Assigned,,,,,,,,,,,,SDMMC1_DAT3,#REF!,#REF!
SDMMC1_COMP,#REF!,unused_SDMMC1_COMP,#REF!,#REF!,#REF!,#REF!,#REF!,#REF!,#REF!,#REF!,#REF!,#REF!,,,,,,#REF!,#REF!,#REF!,#REF!,#REF!,#REF!,#REF!,#REF!,#REF!,#REF!,#REF!,,,,,,True,True,True,True,True,True,VALID,unused_SDMMC1_COMP,Not Assigned,,,,,,,,100 1%,,,,SDMMC1_COMP,#REF!,#REF!
QSPI,VDDIO_L,,,,,,,,,,,,,,,,,,,,,,,,,,,,,,,,,,,,,,,,,,,,,,,,,,,1.8V,,QSPI,VDDIO_L,
QSPI0_SCK,#REF!,unused_QSPI0_SCK,#REF!,#REF!,#REF!,#REF!,#REF!,#REF!,#REF!,#REF!,#REF!,#REF!,QSPI0,RSVD1,RSVD2,RSVD3,RSVD1,#REF!,#REF!,#REF!,#REF!,#REF!,#REF!,#REF!,#REF!,#REF!,#REF!,#REF!,RSVD1,PULL_DOWN,TRISTATE,DISABLE,#REF!,True,True,True,True,True,True,VALID,unused_QSPI0_SCK,Not Assigned,,,,,,Enable,,,,,,QSPI0_SCK,#REF!,#REF!
QSPI0_CS_N,#REF!,unused_QSPI0_CS_N,#REF!,#REF!,#REF!,#REF!,#REF!,#REF!,#REF!,#REF!,#REF!,#REF!,QSPI0,RSVD1,RSVD2,RSVD3,RSVD1,#REF!,#REF!,#REF!,#REF!,#REF!,#REF!,#REF!,#REF!,#REF!,#REF!,#REF!,RSVD1,PULL_DOWN,TRISTATE,DISABLE,#REF!,True,True,True,True,True,True,VALID,unused_QSPI0_CS_N,Not Assigned,,,,,,,,,,,,QSPI0_CS_N,#REF!,#REF!
QSPI0_IO0,#REF!,unused_QSPI0_IO0,#REF!,#REF!,#REF!,#REF!,#REF!,#REF!,#REF!,#REF!,#REF!,#REF!,QSPI0,RSVD1,RSVD2,RSVD3,RSVD1,#REF!,#REF!,#REF!,#REF!,#REF!,#REF!,#REF!,#REF!,#REF!,#REF!,#REF!,RSVD1,PULL_DOWN,TRISTATE,DISABLE,#REF!,True,True,True,True,True,True,VALID,unused_QSPI0_IO0,Not Assigned,,,,,,,,,,,,QSPI0_IO0,#REF!,#REF!
QSPI0_IO1,#REF!,unused_QSPI0_IO1,#REF!,#REF!,#REF!,#REF!,#REF!,#REF!,#REF!,#REF!,#REF!,#REF!,QSPI0,RSVD1,RSVD2,RSVD3,RSVD1,#REF!,#REF!,#REF!,#REF!,#REF!,#REF!,#REF!,#REF!,#REF!,#REF!,#REF!,RSVD1,PULL_DOWN,TRISTATE,DISABLE,#REF!,True,True,True,True,True,True,VALID,unused_QSPI0_IO1,Not Assigned,,,,,,,,,,,,QSPI0_IO1,#REF!,#REF!
QSPI0_IO2,#REF!,unused_QSPI0_IO2,#REF!,#REF!,#REF!,#REF!,#REF!,#REF!,#REF!,#REF!,#REF!,#REF!,QSPI0,RSVD1,RSVD2,RSVD3,RSVD1,#REF!,#REF!,#REF!,#REF!,#REF!,#REF!,#REF!,#REF!,#REF!,#REF!,#REF!,RSVD1,PULL_DOWN,TRISTATE,DISABLE,#REF!,True,True,True,True,True,True,VALID,unused_QSPI0_IO2,Not Assigned,,,,,,,,,,,,QSPI0_IO2,#REF!,#REF!
QSPI0_IO3,#REF!,unused_QSPI0_IO3,#REF!,#REF!,#REF!,#REF!,#REF!,#REF!,#REF!,#REF!,#REF!,#REF!,QSPI0,RSVD1,RSVD2,RSVD3,RSVD1,#REF!,#REF!,#REF!,#REF!,#REF!,#REF!,#REF!,#REF!,#REF!,#REF!,#REF!,RSVD1,PULL_DOWN,TRISTATE,DISABLE,#REF!,True,True,True,True,True,True,VALID,unused_QSPI0_IO3,Not Assigned,,,,,,,,,,,,QSPI0_IO3,#REF!,#REF!
QSPI1_SCK,#REF!,unused_QSPI1_SCK,#REF!,#REF!,#REF!,#REF!,#REF!,#REF!,#REF!,#REF!,#REF!,#REF!,QSPI1,RSVD1,RSVD2,RSVD3,RSVD1,#REF!,#REF!,#REF!,#REF!,#REF!,#REF!,#REF!,#REF!,#REF!,#REF!,#REF!,RSVD1,PULL_DOWN,TRISTATE,DISABLE,#REF!,True,True,True,True,True,True,VALID,unused_QSPI1_SCK,Not Assigned,,,,,,Enable,,,,,,QSPI1_SCK,#REF!,#REF!
QSPI1_CS_N,#REF!,unused_QSPI1_CS_N,#REF!,#REF!,#REF!,#REF!,#REF!,#REF!,#REF!,#REF!,#REF!,#REF!,QSPI1,RSVD1,RSVD2,RSVD3,RSVD1,#REF!,#REF!,#REF!,#REF!,#REF!,#REF!,#REF!,#REF!,#REF!,#REF!,#REF!,RSVD1,PULL_DOWN,TRISTATE,DISABLE,#REF!,True,True,True,True,True,True,VALID,unused_QSPI1_CS_N,Not Assigned,,,,,,,,,,,,QSPI1_CS_N,#REF!,#REF!
QSPI1_IO0,#REF!,unused_QSPI1_IO0,#REF!,#REF!,#REF!,#REF!,#REF!,#REF!,#REF!,#REF!,#REF!,#REF!,QSPI1,RSVD1,RSVD2,RSVD3,RSVD1,#REF!,#REF!,#REF!,#REF!,#REF!,#REF!,#REF!,#REF!,#REF!,#REF!,#REF!,RSVD1,PULL_DOWN,TRISTATE,DISABLE,#REF!,True,True,True,True,True,True,VALID,unused_QSPI1_IO0,Not Assigned,,,,,,,,,,,,QSPI1_IO0,#REF!,#REF!
QSPI1_IO1,#REF!,unused_QSPI1_IO1,#REF!,#REF!,#REF!,#REF!,#REF!,#REF!,#REF!,#REF!,#REF!,#REF!,QSPI1,RSVD1,RSVD2,RSVD3,RSVD1,#REF!,#REF!,#REF!,#REF!,#REF!,#REF!,#REF!,#REF!,#REF!,#REF!,#REF!,RSVD1,PULL_DOWN,TRISTATE,DISABLE,#REF!,True,True,True,True,True,True,VALID,unused_QSPI1_IO1,Not Assigned,,,,,,,,,,,,QSPI1_IO1,#REF!,#REF!
QSPI1_IO2,#REF!,unused_QSPI1_IO2,#REF!,#REF!,#REF!,#REF!,#REF!,#REF!,#REF!,#REF!,#REF!,#REF!,QSPI1,RSVD1,RSVD2,RSVD3,RSVD1,#REF!,#REF!,#REF!,#REF!,#REF!,#REF!,#REF!,#REF!,#REF!,#REF!,#REF!,RSVD1,PULL_DOWN,TRISTATE,DISABLE,#REF!,True,True,True,True,True,True,VALID,unused_QSPI1_IO2,Not Assigned,,,,,,,,,,,,QSPI1_IO2,#REF!,#REF!
QSPI1_IO3,#REF!,unused_QSPI1_IO3,#REF!,#REF!,#REF!,#REF!,#REF!,#REF!,#REF!,#REF!,#REF!,#REF!,QSPI1,RSVD1,RSVD2,RSVD3,RSVD1,#REF!,#REF!,#REF!,#REF!,#REF!,#REF!,#REF!,#REF!,#REF!,#REF!,#REF!,RSVD1,PULL_DOWN,TRISTATE,DISABLE,#REF!,True,True,True,True,True,True,VALID,unused_QSPI1_IO3,Not Assigned,,,,,,,,,,,,QSPI1_IO3,#REF!,#REF!
QSPI_COMP,#REF!,unused_QSPI_COMP,#REF!,#REF!,#REF!,#REF!,#REF!,#REF!,#REF!,#REF!,#REF!,#REF!,,,,,,#REF!,#REF!,#REF!,#REF!,#REF!,#REF!,#REF!,#REF!,#REF!,#REF!,#REF!,,,,,,True,True,True,True,True,True,VALID,unused_QSPI_COMP,Not Assigned,,,,,,,,100 1%,,,,QSPI1_COMP,#REF!,#REF!
EQOS (RGMII),VDDIO_M,,,,,,,,,,,,,,,,,,,,,,,,,,,,,,,,,,,,,,,,,,,,,,,,,,,1.8V,,EQOS,VDDIO_M,
EQOS_TXC,#REF!,unused_EQOS_TXC,#REF!,#REF!,#REF!,#REF!,#REF!,#REF!,#REF!,#REF!,#REF!,#REF!,EQOS,RSVD1,RSVD2,RSVD3,RSVD1,#REF!,#REF!,#REF!,#REF!,#REF!,#REF!,#REF!,#REF!,#REF!,#REF!,#REF!,RSVD1,PULL_DOWN,TRISTATE,DISABLE,#REF!,True,True,True,True,True,True,VALID,unused_EQOS_TXC,Not Assigned,,,,,,,,,,,,EQOS_TXC,#REF!,#REF!
EQOS_TD0,#REF!,unused_EQOS_TD0,#REF!,#REF!,#REF!,#REF!,#REF!,#REF!,#REF!,#REF!,#REF!,#REF!,EQOS,RSVD1,RSVD2,RSVD3,RSVD1,#REF!,#REF!,#REF!,#REF!,#REF!,#REF!,#REF!,#REF!,#REF!,#REF!,#REF!,RSVD1,PULL_DOWN,TRISTATE,DISABLE,#REF!,True,True,True,True,True,True,VALID,unused_EQOS_TD0,Not Assigned,,,,,,,,,,,,EQOS_TD0,#REF!,#REF!
EQOS_TD1,#REF!,unused_EQOS_TD1,#REF!,#REF!,#REF!,#REF!,#REF!,#REF!,#REF!,#REF!,#REF!,#REF!,EQOS,RSVD1,RSVD2,RSVD3,RSVD1,#REF!,#REF!,#REF!,#REF!,#REF!,#REF!,#REF!,#REF!,#REF!,#REF!,#REF!,RSVD1,PULL_DOWN,TRISTATE,DISABLE,#REF!,True,True,True,True,True,True,VALID,unused_EQOS_TD1,Not Assigned,,,,,,,,,,,,EQOS_TD1,#REF!,#REF!
EQOS_TD2,#REF!,unused_EQOS_TD2,#REF!,#REF!,#REF!,#REF!,#REF!,#REF!,#REF!,#REF!,#REF!,#REF!,EQOS,RSVD1,RSVD2,RSVD3,RSVD1,#REF!,#REF!,#REF!,#REF!,#REF!,#REF!,#REF!,#REF!,#REF!,#REF!,#REF!,RSVD1,PULL_DOWN,TRISTATE,DISABLE,#REF!,True,True,True,True,True,True,VALID,unused_EQOS_TD2,Not Assigned,,,,,,,,,,,,EQOS_TD2,#REF!,#REF!
EQOS_TD3,#REF!,unused_EQOS_TD3,#REF!,#REF!,#REF!,#REF!,#REF!,#REF!,#REF!,#REF!,#REF!,#REF!,EQOS,RSVD1,RSVD2,RSVD3,RSVD1,#REF!,#REF!,#REF!,#REF!,#REF!,#REF!,#REF!,#REF!,#REF!,#REF!,#REF!,RSVD1,PULL_DOWN,TRISTATE,DISABLE,#REF!,True,True,True,True,True,True,VALID,unused_EQOS_TD3,Not Assigned,,,,,,,,,,,,EQOS_TD3,#REF!,#REF!
EQOS_TX_CTL,#REF!,unused_EQOS_TX_CTL,#REF!,#REF!,#REF!,#REF!,#REF!,#REF!,#REF!,#REF!,#REF!,#REF!,EQOS,RSVD1,RSVD2,RSVD3,RSVD1,#REF!,#REF!,#REF!,#REF!,#REF!,#REF!,#REF!,#REF!,#REF!,#REF!,#REF!,RSVD1,PULL_DOWN,TRISTATE,DISABLE,#REF!,True,True,True,True,True,True,VALID,unused_EQOS_TX_CTL,Not Assigned,,,,,,,,,,,,EQOS_TX_CTL,#REF!,#REF!
EQOS_RD0,#REF!,unused_EQOS_RD0,#REF!,#REF!,#REF!,#REF!,#REF!,#REF!,#REF!,#REF!,#REF!,#REF!,EQOS,RSVD1,RSVD2,RSVD3,RSVD1,#REF!,#REF!,#REF!,#REF!,#REF!,#REF!,#REF!,#REF!,#REF!,#REF!,#REF!,RSVD1,PULL_DOWN,TRISTATE,DISABLE,#REF!,True,True,True,True,True,True,VALID,unused_EQOS_RD0,Not Assigned,,,,,,,,, ,,,EQOS_RD0,#REF!,#REF!
EQOS_RD1,#REF!,unused_EQOS_RD1,#REF!,#REF!,#REF!,#REF!,#REF!,#REF!,#REF!,#REF!,#REF!,#REF!,EQOS,RSVD1,RSVD2,RSVD3,RSVD1,#REF!,#REF!,#REF!,#REF!,#REF!,#REF!,#REF!,#REF!,#REF!,#REF!,#REF!,RSVD1,PULL_DOWN,TRISTATE,DISABLE,#REF!,True,True,True,True,True,True,VALID,unused_EQOS_RD1,Not Assigned,,,,,,,,,,,,EQOS_RD1,#REF!,#REF!
EQOS_RD2,#REF!,unused_EQOS_RD2,#REF!,#REF!,#REF!,#REF!,#REF!,#REF!,#REF!,#REF!,#REF!,#REF!,EQOS,RSVD1,RSVD2,RSVD3,RSVD1,#REF!,#REF!,#REF!,#REF!,#REF!,#REF!,#REF!,#REF!,#REF!,#REF!,#REF!,RSVD1,PULL_DOWN,TRISTATE,DISABLE,#REF!,True,True,True,True,True,True,VALID,unused_EQOS_RD2,Not Assigned,,,,,,,,,,,,EQOS_RD2,#REF!,#REF!
EQOS_RD3,#REF!,unused_EQOS_RD3,#REF!,#REF!,#REF!,#REF!,#REF!,#REF!,#REF!,#REF!,#REF!,#REF!,EQOS,RSVD1,RSVD2,RSVD3,RSVD1,#REF!,#REF!,#REF!,#REF!,#REF!,#REF!,#REF!,#REF!,#REF!,#REF!,#REF!,RSVD1,PULL_DOWN,TRISTATE,DISABLE,#REF!,True,True,True,True,True,True,VALID,unused_EQOS_RD3,Not Assigned,,,,,,,,,,,,EQOS_RD3,#REF!,#REF!
EQOS_RX_CTL,#REF!,unused_EQOS_RX_CTL,#REF!,#REF!,#REF!,#REF!,#REF!,#REF!,#REF!,#REF!,#REF!,#REF!,EQOS,RSVD1,RSVD2,RSVD3,RSVD1,#REF!,#REF!,#REF!,#REF!,#REF!,#REF!,#REF!,#REF!,#REF!,#REF!,#REF!,RSVD1,PULL_DOWN,TRISTATE,DISABLE,#REF!,True,True,True,True,True,True,VALID,unused_EQOS_RX_CTL,Not Assigned,,No,,,,,,,,,,EQOS_RX_CTL,#REF!,#REF!
EQOS_RXC,#REF!,unused_EQOS_RXC,#REF!,#REF!,#REF!,#REF!,#REF!,#REF!,#REF!,#REF!,#REF!,#REF!,EQOS,RSVD1,RSVD2,RSVD3,RSVD1,#REF!,#REF!,#REF!,#REF!,#REF!,#REF!,#REF!,#REF!,#REF!,#REF!,#REF!,RSVD1,PULL_DOWN,TRISTATE,DISABLE,#REF!,True,True,True,True,True,True,VALID,unused_EQOS_RXC,Not Assigned,,,,,,,,,,,,EQOS_RXC,#REF!,#REF!
EQOS_SMA_MDIO,#REF!,unused_EQOS_SMA_MDIO,#REF!,#REF!,#REF!,#REF!,#REF!,#REF!,#REF!,#REF!,#REF!,#REF!,EQOS,RSVD1,RSVD2,RSVD3,RSVD1,#REF!,#REF!,#REF!,#REF!,#REF!,#REF!,#REF!,#REF!,#REF!,#REF!,#REF!,RSVD1,PULL_DOWN,TRISTATE,DISABLE,#REF!,True,True,True,True,True,True,VALID,unused_EQOS_SMA_MDIO,Not Assigned,,No,,,,,2.2K,,,,,EQOS_SMA_MDIO,#REF!,#REF!
EQOS_SMA_MDC,#REF!,unused_EQOS_SMA_MDC,#REF!,#REF!,#REF!,#REF!,#REF!,#REF!,#REF!,#REF!,#REF!,#REF!,EQOS,RSVD1,RSVD2,RSVD3,RSVD1,#REF!,#REF!,#REF!,#REF!,#REF!,#REF!,#REF!,#REF!,#REF!,#REF!,#REF!,RSVD1,PULL_DOWN,TRISTATE,DISABLE,#REF!,True,True,True,True,True,True,VALID,unused_EQOS_SMA_MDC,Not Assigned,,,,,,,,,,,,EQOS_SMA_MDC,#REF!,#REF!
EQOS_COMP,#REF!,unused_EQOS_COMP,#REF!,#REF!,#REF!,#REF!,#REF!,#REF!,#REF!,#REF!,#REF!,#REF!,,,,,,#REF!,#REF!,#REF!,#REF!,#REF!,#REF!,#REF!,#REF!,#REF!,#REF!,,,,,,,True,True,True,True,True,True,VALID,unused_EQOS_COMP,Not Assigned,,,,,,,,100 1%,,,,EQOS_COMP,#REF!,#REF!
G7,VDDIO_N,,,,,,,,,,,,,,,,,,,,,,,,,,,,,,,,,False,,,,,,,,,,,,,,,,,,1.8V,,G7,VDDIO_N,
SPI5_SCK,#REF!,unused_SPI5_SCK,#REF!,#REF!,#REF!,#REF!,#REF!,#REF!,#REF!,#REF!,#REF!,#REF!,SPI5,I2S3,DSPK0,RSVD3,RSVD3,#REF!,#REF!,#REF!,#REF!,#REF!,#REF!,#REF!,#REF!,#REF!,#REF!,#REF!,RSVD3,PULL_DOWN,TRISTATE,DISABLE,#REF!,True,True,True,True,True,True,VALID,unused_SPI5_SCK,Not Assigned,,,Initiator,,Disable,,,,,,,,#REF!,#REF!
SPI5_MISO,#REF!,unused_SPI5_MISO,#REF!,#REF!,#REF!,#REF!,#REF!,#REF!,#REF!,O,#REF!,#REF!,SPI5,I2S3,DSPK0,RSVD3,RSVD3,#REF!,#REF!,#REF!,#REF!,#REF!,#REF!,#REF!,#REF!,#REF!,#REF!,#REF!,RSVD3,PULL_DOWN,TRISTATE,DISABLE,#REF!,True,True,True,True,True,True,VALID,unused_SPI5_MISO,Not Assigned,,No,Initiator,,Disable,,,,,,,,#REF!,#REF!
SPI5_MOSI,#REF!,unused_SPI5_MOSI,#REF!,#REF!,#REF!,#REF!,#REF!,#REF!,#REF!,#REF!,#REF!,#REF!,SPI5,I2S3,DMIC2,RSVD3,RSVD3,#REF!,#REF!,#REF!,#REF!,#REF!,#REF!,#REF!,#REF!,#REF!,#REF!,#REF!,RSVD3,PULL_DOWN,TRISTATE,DISABLE,#REF!,True,True,True,True,True,True,VALID,unused_SPI5_MOSI,Not Assigned,,,Initiator,,Disable,,,,,,,,#REF!,#REF!
SPI5_CS0,#REF!,unused_SPI5_CS0,#REF!,#REF!,#REF!,#REF!,#REF!,#REF!,#REF!,#REF!,#REF!,#REF!,SPI5,I2S3,DMIC2,RSVD3,RSVD3,#REF!,#REF!,#REF!,#REF!,#REF!,#REF!,#REF!,#REF!,#REF!,#REF!,#REF!,RSVD3,PULL_DOWN,TRISTATE,DISABLE,#REF!,True,True,True,True,True,True,VALID,unused_SPI5_CS0,Not Assigned,,,Initiator,,Disable,,,,,,,,#REF!,#REF!
SOC_GPIO57,#REF!,unused_SOC_GPIO57,#REF!,#REF!,#REF!,#REF!,#REF!,#REF!,#REF!,#REF!,#REF!,#REF!,#REF!,I2S8,RSVD2,SDMMC1,RSVD0,#REF!,#REF!,#REF!,#REF!,#REF!,#REF!,#REF!,#REF!,#REF!,#REF!,#REF!,RSVD0,PULL_DOWN,TRISTATE,DISABLE,#REF!,True,True,True,True,True,True,VALID,unused_SOC_GPIO57,Not Assigned,,,Initiator,,Disable,,,,,,,,#REF!,#REF!
SOC_GPIO58,#REF!,unused_SOC_GPIO58,#REF!,#REF!,#REF!,#REF!,#REF!,#REF!,#REF!,O,#REF!,#REF!,#REF!,I2S8,RSVD2,SDMMC1,RSVD0,#REF!,#REF!,#REF!,#REF!,#REF!,#REF!,#REF!,#REF!,#REF!,#REF!,#REF!,RSVD0,PULL_DOWN,TRISTATE,DISABLE,#REF!,True,True,True,True,True,True,VALID,unused_SOC_GPIO58,Not Assigned,,,Initiator,,Disable,,,,,,,,#REF!,#REF!
SOC_GPIO59,#REF!,unused_SOC_GPIO59,#REF!,#REF!,#REF!,#REF!,#REF!,#REF!,#REF!,#REF!,#REF!,#REF!,AUD,I2S8,RSVD2,RSVD3,RSVD2,#REF!,#REF!,#REF!,#REF!,#REF!,#REF!,#REF!,#REF!,#REF!,#REF!,#REF!,RSVD2,PULL_DOWN,TRISTATE,DISABLE,#REF!,True,True,True,True,True,True,VALID,unused_SOC_GPIO59,Not Assigned,,,Initiator,,Disable,,,,,,,,#REF!,#REF!
SOC_GPIO60,#REF!,unused_SOC_GPIO60,#REF!,#REF!,#REF!,#REF!,#REF!,#REF!,#REF!,#REF!,#REF!,#REF!,#REF!,I2S8,NV,RSVD3,RSVD0,#REF!,#REF!,#REF!,#REF!,#REF!,#REF!,#REF!,#REF!,#REF!,#REF!,#REF!,RSVD0,PULL_DOWN,TRISTATE,DISABLE,#REF!,True,True,True,True,True,True,VALID,unused_SOC_GPIO60,Not Assigned,,,Initiator,,Disable,,,,,,,,#REF!,#REF!
SOC_GPIO45,#REF!,unused_SOC_GPIO45,#REF!,#REF!,#REF!,#REF!,#REF!,#REF!,#REF!,#REF!,#REF!,#REF!,#REF!,I2S1,RSVD2,RSVD3,RSVD0,#REF!,#REF!,#REF!,#REF!,#REF!,#REF!,#REF!,#REF!,#REF!,#REF!,#REF!,RSVD0,PULL_DOWN,TRISTATE,DISABLE,#REF!,True,True,True,True,True,True,VALID,unused_SOC_GPIO45,Not Assigned,,No,Initiator,,Disable,,,,,,,,#REF!,#REF!
SOC_GPIO46,#REF!,unused_SOC_GPIO46,#REF!,#REF!,#REF!,#REF!,#REF!,#REF!,#REF!,O,#REF!,#REF!,#REF!,I2S1,RSVD2,RSVD3,RSVD0,#REF!,#REF!,#REF!,#REF!,#REF!,#REF!,#REF!,#REF!,#REF!,#REF!,#REF!,RSVD0,PULL_DOWN,TRISTATE,DISABLE,#REF!,True,True,True,True,True,True,VALID,unused_SOC_GPIO46,Not Assigned,,No,Initiator,,Disable,,,,,,,,#REF!,#REF!
SOC_GPIO47,#REF!,unused_SOC_GPIO47,#REF!,#REF!,#REF!,#REF!,#REF!,#REF!,#REF!,#REF!,#REF!,#REF!,#REF!,I2S1,RSVD2,RSVD3,RSVD0,#REF!,#REF!,#REF!,#REF!,#REF!,#REF!,#REF!,#REF!,#REF!,#REF!,#REF!,RSVD0,PULL_DOWN,TRISTATE,DISABLE,#REF!,True,True,True,True,True,True,VALID,unused_SOC_GPIO47,Not Assigned,,No,Initiator,,Disable,,,,,,,,#REF!,#REF!
SOC_GPIO48,#REF!,unused_SOC_GPIO48,#REF!,#REF!,#REF!,#REF!,#REF!,#REF!,#REF!,#REF!,#REF!,#REF!,#REF!,I2S1,RSVD2,RSVD3,RSVD0,#REF!,#REF!,#REF!,#REF!,#REF!,#REF!,#REF!,#REF!,#REF!,#REF!,#REF!,RSVD0,PULL_DOWN,TRISTATE,DISABLE,#REF!,True,True,True,True,True,True,VALID,unused_SOC_GPIO48,Not Assigned,,No,Initiator,,Disable,,,,,,,,#REF!,#REF!
UFS,VDDIO_P,,,,,,,,,,,,,,,,,,,,,,,,,,,,,,,,,,,,,,,,,,,,,,,,,,,1.2V,,UFS,VDDIO_P,
UFS0_REF_CLK,#REF!,unused_UFS0_REF_CLK,#REF!,#REF!,#REF!,#REF!,#REF!,#REF!,#REF!,#REF!,#REF!,#REF!,UFS0,RSVD1,RSVD2,RSVD3,RSVD1,#REF!,#REF!,#REF!,#REF!,#REF!,#REF!,#REF!,#REF!,#REF!,#REF!,#REF!,RSVD1,PULL_DOWN,TRISTATE,DISABLE,#REF!,True,True,True,True,True,True,VALID,unused_UFS0_REF_CLK,Not Assigned,,,,,,,,,,,,UFS0_REF_CLK,#REF!,#REF!
UFS0_RST_N,#REF!,unused_UFS0_RST_N,#REF!,#REF!,#REF!,#REF!,#REF!,#REF!,#REF!,#REF!,#REF!,#REF!,UFS0,RSVD1,RSVD2,RSVD3,RSVD1,#REF!,#REF!,#REF!,#REF!,#REF!,#REF!,#REF!,#REF!,#REF!,#REF!,#REF!,RSVD1,PULL_DOWN,TRISTATE,DISABLE,#REF!,True,True,True,True,True,True,VALID,unused_UFS0_RST_N,Not Assigned,,,,,,,,,,,,UFS0_RST_N,#REF!,#REF!
PEX_CTL,VDDIO_QS,,,,,,,,,,,,,,,,,,,,,,,,,,,,,,,,,,,,,,,,,,,,,,,,,,,1.8V,,PEX_CTL,VDDIO_QS,
PEX_L0_CLKREQ_N,#REF!,unused_PEX_L0_CLKREQ_N,#REF!,#REF!,#REF!,#REF!,#REF!,#REF!,#REF!,#REF!,#REF!,#REF!,PE0,RSVD1,RSVD2,RSVD3,RSVD1,#REF!,#REF!,#REF!,#REF!,#REF!,#REF!,#REF!,#REF!,#REF!,#REF!,#REF!,RSVD1,PULL_DOWN,TRISTATE,DISABLE,#REF!,True,True,True,True,True,True,VALID,unused_PEX_L0_CLKREQ_N,Not Assigned,,No,,Disable,Disable,,,,,,,PEX_L0_CLKREQ_N,#REF!,#REF!
PEX_L0_RST_N,#REF!,unused_PEX_L0_RST_N,#REF!,#REF!,#REF!,#REF!,#REF!,#REF!,#REF!,#REF!,#REF!,#REF!,PE0,RSVD1,RSVD2,RSVD3,RSVD1,#REF!,#REF!,#REF!,#REF!,#REF!,#REF!,#REF!,#REF!,#REF!,#REF!,#REF!,RSVD1,PULL_DOWN,TRISTATE,DISABLE,#REF!,True,True,True,True,True,True,VALID,unused_PEX_L0_RST_N,Not Assigned,,,,Disable,Disable,,,,,,,PEX_L0_RST_N,#REF!,#REF!
PEX_L1_CLKREQ_N,#REF!,unused_PEX_L1_CLKREQ_N,#REF!,#REF!,#REF!,#REF!,#REF!,#REF!,#REF!,#REF!,#REF!,#REF!,PE1,RSVD1,RSVD2,RSVD3,RSVD1,#REF!,#REF!,#REF!,#REF!,#REF!,#REF!,#REF!,#REF!,#REF!,#REF!,#REF!,RSVD1,PULL_DOWN,TRISTATE,DISABLE,#REF!,True,True,True,True,True,True,VALID,unused_PEX_L1_CLKREQ_N,Not Assigned,,No,,Disable,Disable,,,,,,,PEX_L1_CLKREQ_N,#REF!,#REF!
PEX_L1_RST_N,#REF!,unused_PEX_L1_RST_N,#REF!,#REF!,#REF!,#REF!,#REF!,#REF!,#REF!,#REF!,#REF!,#REF!,PE1,RSVD1,RSVD2,RSVD3,RSVD1,#REF!,#REF!,#REF!,#REF!,#REF!,#REF!,#REF!,#REF!,#REF!,#REF!,#REF!,RSVD1,PULL_DOWN,TRISTATE,DISABLE,#REF!,True,True,True,True,True,True,VALID,unused_PEX_L1_RST_N,Not Assigned,,,,Disable,Disable,,,,,,,PEX_L1_RST_N,#REF!,#REF!
PEX_L2_CLKREQ_N,#REF!,unused_PEX_L2_CLKREQ_N,#REF!,#REF!,#REF!,#REF!,#REF!,#REF!,#REF!,#REF!,#REF!,#REF!,PE2,RSVD1,RSVD2,RSVD3,RSVD1,#REF!,#REF!,#REF!,#REF!,#REF!,#REF!,#REF!,#REF!,#REF!,#REF!,#REF!,RSVD1,PULL_DOWN,TRISTATE,DISABLE,#REF!,True,True,True,True,True,True,VALID,unused_PEX_L2_CLKREQ_N,Not Assigned,,No,,Disable,Disable,,4.7K,,,,,PEX_L2_CLKREQ_N,#REF!,#REF!
PEX_L2_RST_N,#REF!,unused_PEX_L2_RST_N,#REF!,#REF!,#REF!,#REF!,#REF!,#REF!,#REF!,#REF!,#REF!,#REF!,PE2,RSVD1,RSVD2,RSVD3,RSVD1,#REF!,#REF!,#REF!,#REF!,#REF!,#REF!,#REF!,#REF!,#REF!,#REF!,#REF!,RSVD1,PULL_DOWN,TRISTATE,DISABLE,#REF!,True,True,True,True,True,True,VALID,unused_PEX_L2_RST_N,Not Assigned,,,,Disable,Disable,,,,,,,PEX_L2_RST_N,#REF!,#REF!
PEX_L3_CLKREQ_N,#REF!,unused_PEX_L3_CLKREQ_N,#REF!,#REF!,#REF!,#REF!,#REF!,#REF!,#REF!,#REF!,#REF!,#REF!,PE3,RSVD1,RSVD2,RSVD3,RSVD1,#REF!,#REF!,#REF!,#REF!,#REF!,#REF!,#REF!,#REF!,#REF!,#REF!,#REF!,RSVD1,PULL_DOWN,TRISTATE,DISABLE,#REF!,True,True,True,True,True,True,VALID,unused_PEX_L3_CLKREQ_N,Not Assigned,,No,,Disable,Disable,,,,,,,PEX_L3_CLKREQ_N,#REF!,#REF!
PEX_L3_RST_N,#REF!,unused_PEX_L3_RST_N,#REF!,#REF!,#REF!,#REF!,#REF!,#REF!,#REF!,#REF!,#REF!,#REF!,PE3,RSVD1,RSVD2,RSVD3,RSVD1,#REF!,#REF!,#REF!,#REF!,#REF!,#REF!,#REF!,#REF!,#REF!,#REF!,#REF!,RSVD1,PULL_DOWN,TRISTATE,DISABLE,#REF!,True,True,True,True,True,True,VALID,unused_PEX_L3_RST_N,Not Assigned,,,,Disable,Disable,,,, ,,,PEX_L3_RST_N,#REF!,#REF!
PEX_L4_CLKREQ_N,#REF!,unused_PEX_L4_CLKREQ_N,#REF!,#REF!,#REF!,#REF!,#REF!,#REF!,#REF!,#REF!,#REF!,#REF!,PE4,RSVD1,RSVD2,RSVD3,RSVD1,#REF!,#REF!,#REF!,#REF!,#REF!,#REF!,#REF!,#REF!,#REF!,#REF!,#REF!,RSVD1,PULL_DOWN,TRISTATE,DISABLE,#REF!,True,True,True,True,True,True,VALID,unused_PEX_L4_CLKREQ_N,Not Assigned,,No,,Disable,Disable,,,,,,,PEX_L4_CLKREQ_N,#REF!,#REF!
PEX_L4_RST_N,#REF!,unused_PEX_L4_RST_N,#REF!,#REF!,#REF!,#REF!,#REF!,#REF!,#REF!,#REF!,#REF!,#REF!,PE4,RSVD1,RSVD2,RSVD3,RSVD1,#REF!,#REF!,#REF!,#REF!,#REF!,#REF!,#REF!,#REF!,#REF!,#REF!,#REF!,RSVD1,PULL_DOWN,TRISTATE,DISABLE,#REF!,True,True,True,True,True,True,VALID,unused_PEX_L4_RST_N,Not Assigned,,,,Disable,Disable,,,,,,,PEX_L4_RST_N,#REF!,#REF!
PEX_WAKE_N,#REF!,unused_PEX_WAKE_N,#REF!,#REF!,#REF!,#REF!,#REF!,#REF!,#REF!,#REF!,#REF!,#REF!,#REF!,RSVD1,RSVD2,RSVD3,RSVD0,#REF!,#REF!,#REF!,#REF!,#REF!,#REF!,#REF!,#REF!,#REF!,#REF!,#REF!,RSVD0,PULL_DOWN,TRISTATE,DISABLE,#REF!,True,True,True,True,True,True,VALID,unused_PEX_WAKE_N,Not Assigned,,No,,Disable,Disable,,,,,,,PEX_WAKE_N,#REF!,#REF!
SOC_GPIO34,#REF!,unused_SOC_GPIO34,#REF!,#REF!,#REF!,#REF!,#REF!,#REF!,#REF!,#REF!,#REF!,#REF!,#REF!,RSVD1,RSVD2,RSVD3,RSVD1,#REF!,#REF!,#REF!,#REF!,#REF!,#REF!,#REF!,#REF!,#REF!,#REF!,#REF!,RSVD1,PULL_DOWN,TRISTATE,DISABLE,#REF!,True,True,True,True,True,True,VALID,unused_SOC_GPIO34,Not Assigned,,No,,Disable,Disable,,,,,,,GPIO,#REF!,#REF!
PEX_CLK,VDDIO_QS,,,,,,,,,,,,,,,,,,,,,,,,,,,,,,,,,,,,,,,,,,,,,,,,,,,1.8V,,PEX_CLK,VDDIO_QS,
PEX_CLK0P,#REF!,unused_PEX_CLK0P,#REF!,#REF!,#REF!,#REF!,#REF!,#REF!,#REF!,#REF!,#REF!,#REF!,,,,,,#REF!,#REF!,#REF!,#REF!,#REF!,#REF!,#REF!,#REF!,#REF!,#REF!,#REF!,,PULL_DOWN,TRISTATE,DISABLE,,True,True,True,True,True,True,VALID,unused_PEX_CLK0P,Not Assigned,,,,,,,,,,,,PEX_CLK0P,#REF!,#REF!
PEX_CLK0N,#REF!,unused_PEX_CLK0N,#REF!,#REF!,#REF!,#REF!,#REF!,#REF!,#REF!,#REF!,#REF!,#REF!,,,,,,#REF!,#REF!,#REF!,#REF!,#REF!,#REF!,#REF!,#REF!,#REF!,#REF!,#REF!,,PULL_DOWN,TRISTATE,DISABLE,,True,True,True,True,True,True,VALID,unused_PEX_CLK0N,Not Assigned,,,,,,,,,,,,PEX_CLK0N,#REF!,#REF!
PEX_CLK1P,#REF!,unused_PEX_CLK1P,#REF!,#REF!,#REF!,#REF!,#REF!,#REF!,#REF!,#REF!,#REF!,#REF!,,,,,,#REF!,#REF!,#REF!,#REF!,#REF!,#REF!,#REF!,#REF!,#REF!,#REF!,#REF!,,PULL_DOWN,TRISTATE,DISABLE,,True,True,True,True,True,True,VALID,unused_PEX_CLK1P,Not Assigned,,,,,,,,,,,,PEX_CLK1P,#REF!,#REF!
PEX_CLK1N,#REF!,unused_PEX_CLK1N,#REF!,#REF!,#REF!,#REF!,#REF!,#REF!,#REF!,#REF!,#REF!,#REF!,,,,,,#REF!,#REF!,#REF!,#REF!,#REF!,#REF!,#REF!,#REF!,#REF!,#REF!,#REF!,,PULL_DOWN,TRISTATE,DISABLE,,True,True,True,True,True,True,VALID,unused_PEX_CLK1N,Not Assigned,,,,,,,,,,,,PEX_CLK1N,#REF!,#REF!
PEX_CLK2P,#REF!,unused_PEX_CLK2P,#REF!,#REF!,#REF!,#REF!,#REF!,#REF!,#REF!,#REF!,#REF!,#REF!,,,,,,#REF!,#REF!,#REF!,#REF!,#REF!,#REF!,#REF!,#REF!,#REF!,#REF!,#REF!,,PULL_DOWN,TRISTATE,DISABLE,,True,True,True,True,True,True,VALID,unused_PEX_CLK2P,Not Assigned,,,,,,,4.7K,,,,,PEX_CLK2P,#REF!,#REF!
PEX_CLK2N,#REF!,unused_PEX_CLK2N,#REF!,#REF!,#REF!,#REF!,#REF!,#REF!,#REF!,#REF!,#REF!,#REF!,,,,,,#REF!,#REF!,#REF!,#REF!,#REF!,#REF!,#REF!,#REF!,#REF!,#REF!,#REF!,,PULL_DOWN,TRISTATE,DISABLE,,True,True,True,True,True,True,VALID,unused_PEX_CLK2N,Not Assigned,,,,,,,,,,,,PEX_CLK2N,#REF!,#REF!
PEX_CLK3P,#REF!,unused_PEX_CLK3P,#REF!,#REF!,#REF!,#REF!,#REF!,#REF!,#REF!,#REF!,#REF!,#REF!,,,,,,#REF!,#REF!,#REF!,#REF!,#REF!,#REF!,#REF!,#REF!,#REF!,#REF!,#REF!,,PULL_DOWN,TRISTATE,DISABLE,,True,True,True,True,True,True,VALID,unused_PEX_CLK3P,Not Assigned,,,,,,,,,,,,PEX_CLK3P,#REF!,#REF!
PEX_CLK3N,#REF!,unused_PEX_CLK3N,#REF!,#REF!,#REF!,#REF!,#REF!,#REF!,#REF!,#REF!,#REF!,#REF!,,,,,,#REF!,#REF!,#REF!,#REF!,#REF!,#REF!,#REF!,#REF!,#REF!,#REF!,#REF!,,PULL_DOWN,TRISTATE,DISABLE,,True,True,True,True,True,True,VALID,unused_PEX_CLK3N,Not Assigned,,,,,,,,, ,,,PEX_CLK3N,#REF!,#REF!
PEX_CLK4P,#REF!,unused_PEX_CLK4P,#REF!,#REF!,#REF!,#REF!,#REF!,#REF!,#REF!,#REF!,#REF!,#REF!,,,,,,#REF!,#REF!,#REF!,#REF!,#REF!,#REF!,#REF!,#REF!,#REF!,#REF!,#REF!,,PULL_DOWN,TRISTATE,DISABLE,,True,True,True,True,True,True,VALID,unused_PEX_CLK4P,Not Assigned,,,,,,,,,,,,PEX_CLK4P,#REF!,#REF!
PEX_CLK4N,#REF!,unused_PEX_CLK4N,#REF!,#REF!,#REF!,#REF!,#REF!,#REF!,#REF!,#REF!,#REF!,#REF!,,,,,,#REF!,#REF!,#REF!,#REF!,#REF!,#REF!,#REF!,#REF!,#REF!,#REF!,#REF!,,PULL_DOWN,TRISTATE,DISABLE,,True,True,True,True,True,True,VALID,unused_PEX_CLK4N,Not Assigned,,,,,,,,,,,,PEX_CLK4N,#REF!,#REF!
PEX_CTL3,VDDIO_RT,,,,,,,,,,,,,,,,,,,,,,,,,,,,,,,,,,,,,,,,,,,,,,,,,,,1.8V,,PEX_CTL3,VDDIO_RT,
PEX_L7_CLKREQ_N,#REF!,unused_PEX_L7_CLKREQ_N,#REF!,#REF!,#REF!,#REF!,#REF!,#REF!,#REF!,#REF!,#REF!,#REF!,PE7,RSVD1,RSVD2,RSVD3,RSVD1,#REF!,#REF!,#REF!,#REF!,#REF!,#REF!,#REF!,#REF!,#REF!,#REF!,#REF!,RSVD1,PULL_DOWN,TRISTATE,DISABLE,#REF!,True,True,True,True,True,True,VALID,unused_PEX_L7_CLKREQ_N,Not Assigned,,No,,Disable,Disable,,,,,,,PEX_L7_CLKREQ_N,#REF!,#REF!
PEX_L7_RST_N,#REF!,unused_PEX_L7_RST_N,#REF!,#REF!,#REF!,#REF!,#REF!,#REF!,#REF!,#REF!,#REF!,#REF!,PE7,RSVD1,RSVD2,RSVD3,RSVD1,#REF!,#REF!,#REF!,#REF!,#REF!,#REF!,#REF!,#REF!,#REF!,#REF!,#REF!,RSVD1,PULL_DOWN,TRISTATE,DISABLE,#REF!,True,True,True,True,True,True,VALID,unused_PEX_L7_RST_N,Not Assigned,,,,Disable,Disable,,,,,,,PEX_L7_RST_N,#REF!,#REF!
PEX_L8_CLKREQ_N,#REF!,unused_PEX_L8_CLKREQ_N,#REF!,#REF!,#REF!,#REF!,#REF!,#REF!,#REF!,#REF!,#REF!,#REF!,PE8,RSVD1,RSVD2,RSVD3,RSVD1,#REF!,#REF!,#REF!,#REF!,#REF!,#REF!,#REF!,#REF!,#REF!,#REF!,#REF!,RSVD1,PULL_DOWN,TRISTATE,DISABLE,#REF!,True,True,True,True,True,True,VALID,unused_PEX_L8_CLKREQ_N,Not Assigned,,No,,Disable,Disable,,,,,,,PEX_L8_CLKREQ_N,#REF!,#REF!
PEX_L8_RST_N,#REF!,unused_PEX_L8_RST_N,#REF!,#REF!,#REF!,#REF!,#REF!,#REF!,#REF!,#REF!,#REF!,#REF!,PE8,RSVD1,RSVD2,RSVD3,RSVD1,#REF!,#REF!,#REF!,#REF!,#REF!,#REF!,#REF!,#REF!,#REF!,#REF!,#REF!,RSVD1,PULL_DOWN,TRISTATE,DISABLE,#REF!,True,True,True,True,True,True,VALID,unused_PEX_L8_RST_N,Not Assigned,,,,Disable,Disable,,,,,,,PEX_L8_RST_N,#REF!,#REF!
PEX_L9_CLKREQ_N,#REF!,unused_PEX_L9_CLKREQ_N,#REF!,#REF!,#REF!,#REF!,#REF!,#REF!,#REF!,#REF!,#REF!,#REF!,PE9,RSVD1,RSVD2,RSVD3,RSVD1,#REF!,#REF!,#REF!,#REF!,#REF!,#REF!,#REF!,#REF!,#REF!,#REF!,#REF!,RSVD1,PULL_DOWN,TRISTATE,DISABLE,#REF!,True,True,True,True,True,True,VALID,unused_PEX_L9_CLKREQ_N,Not Assigned,,No,,Disable,Disable,,,,,,,PEX_L9_CLKREQ_N,#REF!,#REF!
PEX_L9_RST_N,#REF!,unused_PEX_L9_RST_N,#REF!,#REF!,#REF!,#REF!,#REF!,#REF!,#REF!,#REF!,#REF!,#REF!,PE9,RSVD1,RSVD2,RSVD3,RSVD1,#REF!,#REF!,#REF!,#REF!,#REF!,#REF!,#REF!,#REF!,#REF!,#REF!,#REF!,RSVD1,PULL_DOWN,TRISTATE,DISABLE,#REF!,True,True,True,True,True,True,VALID,unused_PEX_L9_RST_N,Not Assigned,,,,Disable,Disable,,,,,,,PEX_L9_RST_N,#REF!,#REF!
PEX_L10_CLKREQ_N,#REF!,unused_PEX_L10_CLKREQ_N,#REF!,#REF!,#REF!,#REF!,#REF!,#REF!,#REF!,#REF!,#REF!,#REF!,PE10,RSVD1,RSVD2,RSVD3,RSVD1,#REF!,#REF!,#REF!,#REF!,#REF!,#REF!,#REF!,#REF!,#REF!,#REF!,#REF!,RSVD1,PULL_DOWN,TRISTATE,DISABLE,#REF!,True,True,True,True,True,True,VALID,unused_PEX_L10_CLKREQ_N,Not Assigned,,No,,Disable,Disable,,,,,,,PEX_L10_CLKREQ_N,#REF!,#REF!
PEX_L10_RST_N,#REF!,unused_PEX_L10_RST_N,#REF!,#REF!,#REF!,#REF!,#REF!,#REF!,#REF!,#REF!,#REF!,#REF!,PE10,RSVD1,RSVD2,RSVD3,RSVD1,#REF!,#REF!,#REF!,#REF!,#REF!,#REF!,#REF!,#REF!,#REF!,#REF!,#REF!,RSVD1,PULL_DOWN,TRISTATE,DISABLE,#REF!,True,True,True,True,True,True,VALID,unused_PEX_L10_RST_N,Not Assigned,,,,Disable,Disable,,,,,,,PEX_L10_RST_N,#REF!,#REF!
 PEX_CLK3,VDDIO_RT,,,,,,,,,,,,,,,,,,,,,,,,,,,,,,,,,,,,,,,,,,,,,,,,,,,1.8V,, PEX_CLK3,VDDIO_RT,
PEX_CLK7P,#REF!,unused_PEX_CLK7P,#REF!,#REF!,#REF!,#REF!,#REF!,#REF!,#REF!,#REF!,#REF!,#REF!,,,,,,#REF!,#REF!,#REF!,#REF!,#REF!,#REF!,#REF!,#REF!,#REF!,#REF!,#REF!,,PULL_DOWN,TRISTATE,DISABLE,,True,True,True,True,True,True,VALID,unused_PEX_CLK7P,Not Assigned,,,,,,,,,,,,PEX_CLK7P,#REF!,#REF!
PEX_CLK7N,#REF!,unused_PEX_CLK7N,#REF!,#REF!,#REF!,#REF!,#REF!,#REF!,#REF!,#REF!,#REF!,#REF!,,,,,,#REF!,#REF!,#REF!,#REF!,#REF!,#REF!,#REF!,#REF!,#REF!,#REF!,#REF!,,PULL_DOWN,TRISTATE,DISABLE,,True,True,True,True,True,True,VALID,unused_PEX_CLK7N,Not Assigned,,,,,,,,,,,,PEX_CLK7N,#REF!,#REF!
PEX_CLK8P,#REF!,unused_PEX_CLK8P,#REF!,#REF!,#REF!,#REF!,#REF!,#REF!,#REF!,#REF!,#REF!,#REF!,,,,,,#REF!,#REF!,#REF!,#REF!,#REF!,#REF!,#REF!,#REF!,#REF!,#REF!,#REF!,,PULL_DOWN,TRISTATE,DISABLE,,True,True,True,True,True,True,VALID,unused_PEX_CLK8P,Not Assigned,,,,,,,,,,,,PEX_CLK8P,#REF!,#REF!
PEX_CLK8N,#REF!,unused_PEX_CLK8N,#REF!,#REF!,#REF!,#REF!,#REF!,#REF!,#REF!,#REF!,#REF!,#REF!,,,,,,#REF!,#REF!,#REF!,#REF!,#REF!,#REF!,#REF!,#REF!,#REF!,#REF!,#REF!,,PULL_DOWN,TRISTATE,DISABLE,,True,True,True,True,True,True,VALID,unused_PEX_CLK8N,Not Assigned,,,,,,,,,,,,PEX_CLK8N,#REF!,#REF!
PEX_CLK9P,#REF!,unused_PEX_CLK9P,#REF!,#REF!,#REF!,#REF!,#REF!,#REF!,#REF!,#REF!,#REF!,#REF!,,,,,,#REF!,#REF!,#REF!,#REF!,#REF!,#REF!,#REF!,#REF!,#REF!,#REF!,#REF!,,PULL_DOWN,TRISTATE,DISABLE,,True,True,True,True,True,True,VALID,unused_PEX_CLK9P,Not Assigned,,,,,,,,,,,,PEX_CLK9P,#REF!,#REF!
PEX_CLK9N,#REF!,unused_PEX_CLK9N,#REF!,#REF!,#REF!,#REF!,#REF!,#REF!,#REF!,#REF!,#REF!,#REF!,,,,,,#REF!,#REF!,#REF!,#REF!,#REF!,#REF!,#REF!,#REF!,#REF!,#REF!,#REF!,,PULL_DOWN,TRISTATE,DISABLE,,True,True,True,True,True,True,VALID,unused_PEX_CLK9N,Not Assigned,,,,,,,,,,,,PEX_CLK9N,#REF!,#REF!
PEX_CLK10P,#REF!,unused_PEX_CLK10P,#REF!,#REF!,#REF!,#REF!,#REF!,#REF!,#REF!,#REF!,#REF!,#REF!,,,,,,#REF!,#REF!,#REF!,#REF!,#REF!,#REF!,#REF!,#REF!,#REF!,#REF!,#REF!,,PULL_DOWN,TRISTATE,DISABLE,,True,True,True,True,True,True,VALID,unused_PEX_CLK10P,Not Assigned,,,,,,,,,,,,PEX_CLK10P,#REF!,#REF!
PEX_CLK10N,#REF!,unused_PEX_CLK10N,#REF!,#REF!,#REF!,#REF!,#REF!,#REF!,#REF!,#REF!,#REF!,#REF!,,,,,,#REF!,#REF!,#REF!,#REF!,#REF!,#REF!,#REF!,#REF!,#REF!,#REF!,#REF!,,PULL_DOWN,TRISTATE,DISABLE,,True,True,True,True,True,True,VALID,unused_PEX_CLK10N,Not Assigned,,,,,,,,,,,,PEX_CLK10N,#REF!,#REF!
G9,VDDIO_FSI_U,,,,,,,,,,,,,,,,,,,,,,,,,,,,,,,,,,,,,,,,,,,,,,,,,,,3.3V,,G9,VDDIO_FSI_U,
CAN2_DOUT,#REF!,unused_CAN2_DOUT,#REF!,#REF!,#REF!,#REF!,#REF!,#REF!,#REF!,#REF!,#REF!,#REF!,CAN2,RSVD1,RSVD2,RSVD3,RSVD1,#REF!,#REF!,#REF!,#REF!,#REF!,#REF!,#REF!,#REF!,#REF!,#REF!,#REF!,RSVD1,PULL_DOWN,TRISTATE,DISABLE,#REF!,True,True,True,True,True,True,VALID,unused_CAN2_DOUT,Not Assigned,,,,,,,,,,,,,#REF!,#REF!
CAN2_DIN,#REF!,unused_CAN2_DIN,#REF!,#REF!,#REF!,#REF!,#REF!,#REF!,#REF!,#REF!,#REF!,#REF!,CAN2,RSVD1,RSVD2,RSVD3,RSVD1,#REF!,#REF!,#REF!,#REF!,#REF!,#REF!,#REF!,#REF!,#REF!,#REF!,#REF!,RSVD1,PULL_DOWN,TRISTATE,DISABLE,#REF!,True,True,True,True,True,True,VALID,unused_CAN2_DIN,Not Assigned,,,,,,,,,,,,,#REF!,#REF!
CAN2_STB,#REF!,unused_CAN2_STB,#REF!,#REF!,#REF!,#REF!,#REF!,#REF!,#REF!,#REF!,#REF!,#REF!,#REF!,RSVD1,RSVD2,RSVD3,RSVD0,#REF!,#REF!,#REF!,#REF!,#REF!,#REF!,#REF!,#REF!,#REF!,#REF!,#REF!,RSVD0,PULL_DOWN,TRISTATE,DISABLE,#REF!,True,True,True,True,True,True,VALID,unused_CAN2_STB,Not Assigned,,,,,,,10k,,,,,GPIO,#REF!,#REF!
CAN2_EN,#REF!,unused_CAN2_EN,#REF!,#REF!,#REF!,#REF!,#REF!,#REF!,#REF!,#REF!,#REF!,#REF!,#REF!,RSVD1,RSVD2,RSVD3,RSVD0,#REF!,#REF!,#REF!,#REF!,#REF!,#REF!,#REF!,#REF!,#REF!,#REF!,#REF!,RSVD0,PULL_DOWN,TRISTATE,DISABLE,#REF!,True,True,True,True,True,True,VALID,unused_CAN2_EN,Not Assigned,,,,,,,,,,,,GPIO,#REF!,#REF!
CAN2_ERR,#REF!,unused_CAN2_ERR,#REF!,#REF!,#REF!,#REF!,#REF!,#REF!,#REF!,#REF!,#REF!,#REF!,#REF!,RSVD1,RSVD2,RSVD3,RSVD0,#REF!,#REF!,#REF!,#REF!,#REF!,#REF!,#REF!,#REF!,#REF!,#REF!,#REF!,RSVD0,PULL_DOWN,TRISTATE,DISABLE,#REF!,True,True,True,True,True,True,VALID,unused_CAN2_ERR,Not Assigned,,,,,,,,,,,,GPIO,#REF!,#REF!
CAN3_DOUT,#REF!,unused_CAN3_DOUT,#REF!,#REF!,#REF!,#REF!,#REF!,#REF!,#REF!,#REF!,#REF!,#REF!,CAN3,RSVD1,RSVD2,RSVD3,RSVD1,#REF!,#REF!,#REF!,#REF!,#REF!,#REF!,#REF!,#REF!,#REF!,#REF!,#REF!,RSVD1,PULL_DOWN,TRISTATE,DISABLE,#REF!,True,True,True,True,True,True,VALID,unused_CAN3_DOUT,Not Assigned,,,,,,,,,,,,,#REF!,#REF!
CAN3_DIN,#REF!,unused_CAN3_DIN,#REF!,#REF!,#REF!,#REF!,#REF!,#REF!,#REF!,#REF!,#REF!,#REF!,CAN3,RSVD1,RSVD2,RSVD3,RSVD1,#REF!,#REF!,#REF!,#REF!,#REF!,#REF!,#REF!,#REF!,#REF!,#REF!,#REF!,RSVD1,PULL_DOWN,TRISTATE,DISABLE,#REF!,True,True,True,True,True,True,VALID,unused_CAN3_DIN,Not Assigned,,,,,,,,,,,,,#REF!,#REF!
CAN3_STB,#REF!,unused_CAN3_STB,#REF!,#REF!,#REF!,#REF!,#REF!,#REF!,#REF!,#REF!,#REF!,#REF!,#REF!,RSVD1,RSVD2,RSVD3,RSVD0,#REF!,#REF!,#REF!,#REF!,#REF!,#REF!,#REF!,#REF!,#REF!,#REF!,#REF!,RSVD0,PULL_DOWN,TRISTATE,DISABLE,#REF!,True,True,True,True,True,True,VALID,unused_CAN3_STB,Not Assigned,,,,,,,,,,,,GPIO,#REF!,#REF!
CAN3_EN,#REF!,unused_CAN3_EN,#REF!,#REF!,#REF!,#REF!,#REF!,#REF!,#REF!,#REF!,#REF!,#REF!,#REF!,RSVD1,RSVD2,RSVD3,RSVD0,#REF!,#REF!,#REF!,#REF!,#REF!,#REF!,#REF!,#REF!,#REF!,#REF!,#REF!,RSVD0,PULL_DOWN,TRISTATE,DISABLE,#REF!,True,True,True,True,True,True,VALID,unused_CAN3_EN,Not Assigned,,,,,,,,,,,,GPIO,#REF!,#REF!
CAN3_ERR,#REF!,unused_CAN3_ERR,#REF!,#REF!,#REF!,#REF!,#REF!,#REF!,#REF!,#REF!,#REF!,#REF!,#REF!,RSVD1,RSVD2,RSVD3,RSVD0,#REF!,#REF!,#REF!,#REF!,#REF!,#REF!,#REF!,#REF!,#REF!,#REF!,#REF!,RSVD0,PULL_DOWN,TRISTATE,DISABLE,#REF!,True,True,True,True,True,True,VALID,unused_CAN3_ERR,Not Assigned,,,,,,,,,,,,GPIO,#REF!,#REF!
G10,VDDIO_FSI_U,,,,,,,,,,,,,,,,,,,,,,,,,,,,,,,,,,,,,,,,,,,,,,,,,,,1.8V,,G10,VDDIO_FSI_U,
SOC_ERROR,#REF!,unused_SOC_ERROR,#REF!,#REF!,#REF!,#REF!,#REF!,#REF!,#REF!,#REF!,#REF!,#REF!,SOC,RSVD1,RSVD2,RSVD3,RSVD1,#REF!,#REF!,#REF!,#REF!,#REF!,#REF!,#REF!,#REF!,#REF!,#REF!,#REF!,RSVD1,PULL_DOWN,TRISTATE,DISABLE,#REF!,True,True,True,True,True,True,VALID,unused_SOC_ERROR,Not Assigned,,,,Disable,Disable,,,,,,,,#REF!,#REF!
UART7_TX,#REF!,unused_UART7_TX,#REF!,#REF!,#REF!,#REF!,#REF!,#REF!,#REF!,#REF!,#REF!,#REF!,UARTG,RSVD1,RSVD2,RSVD3,RSVD1,#REF!,#REF!,#REF!,#REF!,#REF!,#REF!,#REF!,#REF!,#REF!,#REF!,#REF!,RSVD1,PULL_DOWN,TRISTATE,DISABLE,#REF!,True,True,True,True,True,True,VALID,unused_UART7_TX,Not Assigned,,,,Disable,Disable,,,,,,,,#REF!,#REF!
UART7_RX,#REF!,unused_UART7_RX,#REF!,#REF!,#REF!,#REF!,#REF!,#REF!,#REF!,#REF!,#REF!,#REF!,UARTG,RSVD1,RSVD2,RSVD3,RSVD1,#REF!,#REF!,#REF!,#REF!,#REF!,#REF!,#REF!,#REF!,#REF!,#REF!,#REF!,RSVD1,PULL_DOWN,TRISTATE,DISABLE,#REF!,True,True,True,True,True,True,VALID,unused_UART7_RX,Not Assigned,,,,Disable,Disable,,,,,,,,#REF!,#REF!
SPI7_SCK,#REF!,unused_SPI7_SCK,#REF!,#REF!,#REF!,#REF!,#REF!,#REF!,#REF!,#REF!,#REF!,#REF!,SPI7,RSVD1,RSVD2,RSVD3,RSVD1,#REF!,#REF!,#REF!,#REF!,#REF!,#REF!,#REF!,#REF!,#REF!,#REF!,#REF!,RSVD1,PULL_DOWN,TRISTATE,DISABLE,#REF!,True,True,True,True,True,True,VALID,unused_SPI7_SCK,Not Assigned,,,Initiator,Disable,Disable,,,,,,,,#REF!,#REF!
SPI7_MISO,#REF!,unused_SPI7_MISO,#REF!,#REF!,#REF!,#REF!,#REF!,#REF!,#REF!,#REF!,#REF!,#REF!,SPI7,RSVD1,RSVD2,RSVD3,RSVD1,#REF!,#REF!,#REF!,#REF!,#REF!,#REF!,#REF!,#REF!,#REF!,#REF!,#REF!,RSVD1,PULL_DOWN,TRISTATE,DISABLE,#REF!,True,True,True,True,True,True,VALID,unused_SPI7_MISO,Not Assigned,,,Initiator,Disable,Disable,,,,,,,,#REF!,#REF!
SPI7_MOSI,#REF!,unused_SPI7_MOSI,#REF!,#REF!,#REF!,#REF!,#REF!,#REF!,#REF!,#REF!,#REF!,#REF!,SPI7,RSVD1,RSVD2,RSVD3,RSVD1,#REF!,#REF!,#REF!,#REF!,#REF!,#REF!,#REF!,#REF!,#REF!,#REF!,#REF!,RSVD1,PULL_DOWN,TRISTATE,DISABLE,#REF!,True,True,True,True,True,True,VALID,unused_SPI7_MOSI,Not Assigned,,,Initiator,Disable,Disable,,,,,,,,#REF!,#REF!
SPI7_CS0,#REF!,unused_SPI7_CS0,#REF!,#REF!,#REF!,#REF!,#REF!,#REF!,#REF!,#REF!,#REF!,#REF!,SPI7,RSVD1,RSVD2,RSVD3,RSVD1,#REF!,#REF!,#REF!,#REF!,#REF!,#REF!,#REF!,#REF!,#REF!,#REF!,#REF!,RSVD1,PULL_DOWN,TRISTATE,DISABLE,#REF!,True,True,True,True,True,True,VALID,unused_SPI7_CS0,Not Assigned,,,Initiator,Disable,Disable,,,,,,,,#REF!,#REF!
SOC_GPIO51,#REF!,unused_SOC_GPIO51,#REF!,#REF!,#REF!,#REF!,#REF!,#REF!,#REF!,#REF!,#REF!,#REF!,#REF!,RSVD1,RSVD2,RSVD3,RSVD0,#REF!,#REF!,#REF!,#REF!,#REF!,#REF!,#REF!,#REF!,#REF!,#REF!,#REF!,RSVD0,PULL_DOWN,TRISTATE,DISABLE,#REF!,True,True,True,True,True,True,VALID,unused_SOC_GPIO51,Not Assigned,,,,Disable,Disable,,,,,,,GPIO,#REF!,#REF!
SOC_GPIO52,#REF!,unused_SOC_GPIO52,#REF!,#REF!,#REF!,#REF!,#REF!,#REF!,#REF!,#REF!,#REF!,#REF!,#REF!,RSVD1,RSVD2,RSVD3,RSVD0,#REF!,#REF!,#REF!,#REF!,#REF!,#REF!,#REF!,#REF!,#REF!,#REF!,#REF!,RSVD0,PULL_DOWN,TRISTATE,DISABLE,#REF!,True,True,True,True,True,True,VALID,unused_SOC_GPIO52,Not Assigned,,,,Disable,Disable,,,,,,,GPIO,#REF!,#REF!
G11,VDDIO_FSI_U,,,,,,,,,,,,,,,,,,,,,,,,,,,,,,,,,,,,,,,,,,,,,,,,,,,1.8V,,G11,VDDIO_FSI_U,
SOC_GPIO61,#REF!,unused_SOC_GPIO61,#REF!,#REF!,#REF!,#REF!,#REF!,#REF!,#REF!,#REF!,#REF!,#REF!,#REF!,#REF!,#REF!,#REF!,RSVD3,#REF!,#REF!,#REF!,#REF!,#REF!,#REF!,#REF!,#REF!,#REF!,#REF!,#REF!,RSVD3,PULL_DOWN,TRISTATE,DISABLE,#REF!,True,True,True,True,True,True,VALID,unused_SOC_GPIO61,Not Assigned,,,,Disable,Disable,,,, ,,,GPIO,#REF!,#REF!
SOC_GPIO62,#REF!,unused_SOC_GPIO62,#REF!,#REF!,#REF!,#REF!,#REF!,#REF!,O,#REF!,#REF!,O,#REF!,RSVD1,RSVD2,RSVD3,RSVD3,#REF!,#REF!,#REF!,#REF!,#REF!,#REF!,#REF!,#REF!,#REF!,#REF!,#REF!,RSVD3,PULL_DOWN,TRISTATE,DISABLE,#REF!,True,True,True,True,True,True,VALID,unused_SOC_GPIO62,Not Assigned,,,,Disable,Disable,,,,,,,GPIO,#REF!,#REF!
G5,VDDIO_V,,,,,,,,,,,,,,,,,,,,,,,,,,,,,,,,,,,,,,,,,,,,,,,,,,,1.8V,,G5,,
DAP6_SCLK,#REF!,unused_DAP6_SCLK,#REF!,#REF!,#REF!,#REF!,#REF!,#REF!,#REF!,#REF!,#REF!,#REF!,I2S6,RSVD1,RSVD2,RSVD3,RSVD1,#REF!,#REF!,#REF!,#REF!,#REF!,#REF!,#REF!,#REF!,#REF!,#REF!,#REF!,RSVD1,PULL_DOWN,TRISTATE,DISABLE,#REF!,True,True,True,True,True,True,VALID,unused_DAP6_SCLK,Not Assigned,,,,,Disable,,,, ,,,,#REF!,#REF!
DAP6_DOUT,#REF!,unused_DAP6_DOUT,#REF!,#REF!,#REF!,#REF!,#REF!,#REF!,O,#REF!,#REF!,#REF!,I2S6,RSVD1,RSVD2,RSVD3,RSVD1,#REF!,#REF!,#REF!,#REF!,#REF!,#REF!,#REF!,#REF!,#REF!,#REF!,#REF!,RSVD1,PULL_DOWN,TRISTATE,DISABLE,#REF!,True,True,True,True,True,True,VALID,unused_DAP6_DOUT,Not Assigned,,,,,Disable,,,,,,,,#REF!,#REF!
DAP6_DIN,#REF!,unused_DAP6_DIN,#REF!,#REF!,#REF!,#REF!,#REF!,#REF!,#REF!,#REF!,#REF!,#REF!,I2S6,RSVD1,RSVD2,RSVD3,RSVD1,#REF!,#REF!,#REF!,#REF!,#REF!,#REF!,#REF!,#REF!,#REF!,#REF!,#REF!,RSVD1,PULL_DOWN,TRISTATE,DISABLE,#REF!,True,True,True,True,True,True,VALID,unused_DAP6_DIN,Not Assigned,,,,,Disable,,,,,,,,#REF!,#REF!
DAP6_FS,#REF!,unused_DAP6_FS,#REF!,#REF!,#REF!,#REF!,#REF!,#REF!,#REF!,#REF!,#REF!,#REF!,I2S6,RSVD1,RSVD2,RSVD3,RSVD1,#REF!,#REF!,#REF!,#REF!,#REF!,#REF!,#REF!,#REF!,#REF!,#REF!,#REF!,RSVD1,PULL_DOWN,TRISTATE,DISABLE,#REF!,True,True,True,True,True,True,VALID,unused_DAP6_FS,Not Assigned,,,,,Disable,,,,,,,,#REF!,#REF!
DAP4_SCLK,#REF!,unused_DAP4_SCLK,#REF!,#REF!,#REF!,#REF!,#REF!,#REF!,#REF!,#REF!,#REF!,#REF!,I2S4,RSVD1,RSVD2,RSVD3,RSVD1,#REF!,#REF!,#REF!,#REF!,#REF!,#REF!,#REF!,#REF!,#REF!,#REF!,#REF!,RSVD1,PULL_DOWN,TRISTATE,DISABLE,#REF!,True,True,True,True,True,True,VALID,unused_DAP4_SCLK,Not Assigned,,,,,Disable,,,,,,,,#REF!,#REF!
DAP4_DOUT,#REF!,unused_DAP4_DOUT,#REF!,#REF!,#REF!,#REF!,#REF!,#REF!,O,#REF!,#REF!,#REF!,I2S4,RSVD1,RSVD2,RSVD3,RSVD1,#REF!,#REF!,#REF!,#REF!,#REF!,#REF!,#REF!,#REF!,#REF!,#REF!,#REF!,RSVD1,PULL_DOWN,TRISTATE,DISABLE,#REF!,True,True,True,True,True,True,VALID,unused_DAP4_DOUT,Not Assigned,,,,,Disable,,,,,,,,#REF!,#REF!
DAP4_DIN,#REF!,unused_DAP4_DIN,#REF!,#REF!,#REF!,#REF!,#REF!,#REF!,#REF!,#REF!,#REF!,#REF!,I2S4,RSVD1,RSVD2,RSVD3,RSVD1,#REF!,#REF!,#REF!,#REF!,#REF!,#REF!,#REF!,#REF!,#REF!,#REF!,#REF!,RSVD1,PULL_DOWN,TRISTATE,DISABLE,#REF!,True,True,True,True,True,True,VALID,unused_DAP4_DIN,Not Assigned,,,,,Disable,,,,,,,,#REF!,#REF!
DAP4_FS,#REF!,unused_DAP4_FS,#REF!,#REF!,#REF!,#REF!,#REF!,#REF!,#REF!,#REF!,#REF!,#REF!,I2S4,RSVD1,RSVD2,RSVD3,RSVD1,#REF!,#REF!,#REF!,#REF!,#REF!,#REF!,#REF!,#REF!,#REF!,#REF!,#REF!,RSVD1,PULL_DOWN,TRISTATE,DISABLE,#REF!,True,True,True,True,True,True,VALID,unused_DAP4_FS,Not Assigned,,,,,Disable,,,,,,,,#REF!,#REF!
PEX_CTL2,VDDIO_WXY,,,,,,,,,,,,,,,,,,,,,,,,,,,,,,,,,,,,,,,,,,,,,,,,,,,1.8V,,AO,VDDIO_WXY,
PEX_L5_CLKREQ_N,#REF!,unused_PEX_L5_CLKREQ_N,#REF!,#REF!,#REF!,#REF!,#REF!,#REF!,#REF!,#REF!,#REF!,#REF!,PE5,RSVD1,RSVD2,RSVD3,RSVD1,#REF!,#REF!,#REF!,#REF!,#REF!,#REF!,#REF!,#REF!,#REF!,#REF!,#REF!,RSVD1,PULL_DOWN,TRISTATE,DISABLE,#REF!,True,True,True,True,True,True,VALID,unused_PEX_L5_CLKREQ_N,Not Assigned,,No,,Disable,Disable,,,, ,,,PEX_L5_CLKREQ_N,#REF!,#REF!
PEX_L5_RST_N,#REF!,unused_PEX_L5_RST_N,#REF!,#REF!,#REF!,#REF!,#REF!,#REF!,#REF!,#REF!,#REF!,#REF!,PE5,RSVD1,RSVD2,RSVD3,RSVD1,#REF!,#REF!,#REF!,#REF!,#REF!,#REF!,#REF!,#REF!,#REF!,#REF!,#REF!,RSVD1,PULL_DOWN,TRISTATE,DISABLE,#REF!,True,True,True,True,True,True,VALID,unused_PEX_L5_RST_N,Not Assigned,,,,Disable,Disable,,,,,,,PEX_L5_RST_N,#REF!,#REF!
PEX_L6_CLKREQ_N,#REF!,unused_PEX_L6_CLKREQ_N,#REF!,#REF!,#REF!,#REF!,#REF!,#REF!,#REF!,#REF!,#REF!,#REF!,PE6,RSVD1,RSVD2,RSVD3,RSVD1,#REF!,#REF!,#REF!,#REF!,#REF!,#REF!,#REF!,#REF!,#REF!,#REF!,#REF!,RSVD1,PULL_DOWN,TRISTATE,DISABLE,#REF!,True,True,True,True,True,True,VALID,unused_PEX_L6_CLKREQ_N,Not Assigned,,No,,Disable,Disable,,,,,,,PEX_L6_CLKREQ_N,#REF!,#REF!
PEX_L6_RST_N,#REF!,unused_PEX_L6_RST_N,#REF!,#REF!,#REF!,#REF!,#REF!,#REF!,#REF!,#REF!,#REF!,#REF!,PE6,RSVD1,RSVD2,RSVD3,RSVD1,#REF!,#REF!,#REF!,#REF!,#REF!,#REF!,#REF!,#REF!,#REF!,#REF!,#REF!,RSVD1,PULL_DOWN,TRISTATE,DISABLE,#REF!,True,True,True,True,True,True,VALID,unused_PEX_L6_RST_N,Not Assigned,,,,Disable,Disable,,,,,,,PEX_L6_RST_N,#REF!,#REF!
PEX_CLK2,VDDIO_WXY,,,,,,,,,,,,,,,,,,,,,,,,,,,,,,,,,,,,,,,,,,,,,,,,,,,1.8V,,PEX_CLK2,VDDIO_WXY,
PEX_CLK5P,#REF!,unused_PEX_CLK5P,#REF!,#REF!,#REF!,#REF!,#REF!,#REF!,#REF!,#REF!,#REF!,#REF!,,,,,,#REF!,#REF!,#REF!,#REF!,#REF!,#REF!,#REF!,#REF!,#REF!,#REF!,#REF!,,PULL_DOWN,TRISTATE,DISABLE,,True,True,True,True,True,True,VALID,unused_PEX_CLK5P,Not Assigned,,,,,,,,,,,,PEX_CLK5P,#REF!,#REF!
PEX_CLK5N,#REF!,unused_PEX_CLK5N,#REF!,#REF!,#REF!,#REF!,#REF!,#REF!,#REF!,#REF!,#REF!,#REF!,,,,,,#REF!,#REF!,#REF!,#REF!,#REF!,#REF!,#REF!,#REF!,#REF!,#REF!,#REF!,,PULL_DOWN,TRISTATE,DISABLE,,True,True,True,True,True,True,VALID,unused_PEX_CLK5N,Not Assigned,,,,,,,,,,,,PEX_CLK5N,#REF!,#REF!
PEX_CLK6P,#REF!,unused_PEX_CLK6P,#REF!,#REF!,#REF!,#REF!,#REF!,#REF!,#REF!,#REF!,#REF!,#REF!,,,,,,#REF!,#REF!,#REF!,#REF!,#REF!,#REF!,#REF!,#REF!,#REF!,#REF!,#REF!,,PULL_DOWN,TRISTATE,DISABLE,,True,True,True,True,True,True,VALID,unused_PEX_CLK6P,Not Assigned,,,,,,,,,,,,PEX_CLK6P,#REF!,#REF!
PEX_CLK6N,#REF!,unused_PEX_CLK6N,#REF!,#REF!,#REF!,#REF!,#REF!,#REF!,#REF!,#REF!,#REF!,#REF!,,,,,,#REF!,#REF!,#REF!,#REF!,#REF!,#REF!,#REF!,#REF!,#REF!,#REF!,#REF!,,PULL_DOWN,TRISTATE,DISABLE,,True,True,True,True,True,True,VALID,unused_PEX_CLK6N,Not Assigned,,,,,,,,,,,,PEX_CLK6N,#REF!,#REF!
G8,VDDIO_Z,,,,,,,,,,,,,,,,,,,,,,,,,,,,,,,,,,,,,,,,,,,,,,,,,,,1.8V,,G8,VDDIO_Z,
SPI6_SCK,#REF!,unused_SPI6_SCK,#REF!,#REF!,#REF!,#REF!,#REF!,#REF!,#REF!,#REF!,#REF!,#REF!,SPI6,I2C15,RSVD2,RSVD3,RSVD2,#REF!,#REF!,#REF!,#REF!,#REF!,#REF!,#REF!,#REF!,#REF!,#REF!,#REF!,RSVD2,PULL_DOWN,TRISTATE,DISABLE,,True,True,True,True,True,True,VALID,unused_SPI6_SCK,Not Assigned,,,Initiator,,Disable,,,, ,,,SPI6_SCK,#REF!,#REF!
SPI6_MISO,#REF!,unused_SPI6_MISO,#REF!,#REF!,#REF!,#REF!,#REF!,#REF!,#REF!,#REF!,#REF!,#REF!,SPI6,I2C15,RSVD2,RSVD3,RSVD2,#REF!,#REF!,#REF!,#REF!,#REF!,#REF!,#REF!,#REF!,#REF!,#REF!,#REF!,RSVD2,PULL_DOWN,TRISTATE,DISABLE,,True,True,True,True,True,True,VALID,unused_SPI6_MISO,Not Assigned,,,Initiator,,Disable,,,,,,,SPI6_MISO,#REF!,#REF!
SPI6_MOSI,#REF!,unused_SPI6_MOSI,#REF!,#REF!,#REF!,#REF!,#REF!,#REF!,#REF!,#REF!,#REF!,#REF!,SPI6,RSVD1,RSVD2,RSVD3,RSVD1,#REF!,#REF!,#REF!,#REF!,#REF!,#REF!,#REF!,#REF!,#REF!,#REF!,#REF!,RSVD1,PULL_DOWN,TRISTATE,DISABLE,,True,True,True,True,True,True,VALID,unused_SPI6_MOSI,Not Assigned,,,Initiator,,Disable,,,,,,,SPI6_MOSI,#REF!,#REF!
SPI6_CS0,#REF!,unused_SPI6_CS0,#REF!,#REF!,#REF!,#REF!,#REF!,#REF!,#REF!,#REF!,#REF!,#REF!,SPI6,RSVD1,RSVD2,RSVD3,RSVD1,#REF!,#REF!,#REF!,#REF!,#REF!,#REF!,#REF!,#REF!,#REF!,#REF!,#REF!,RSVD1,PULL_DOWN,TRISTATE,DISABLE,,True,True,True,True,True,True,VALID,unused_SPI6_CS0,Not Assigned,,,Initiator,,Disable,,,,,,,SPI6_CS0,#REF!,#REF!
EMMC,VDDIO_EMMC,,,,,,,,,,,,,,,,,,,,,,,,,,,,,,,,,,,,,,,,,,,,,,,,,,,1.8V,,EMMC,VDDIO_EMMC,
EMMC_CLK,#REF!,unused_EMMC_CLK,#REF!,#REF!,#REF!,#REF!,#REF!,#REF!,#REF!,#REF!,#REF!,#REF!,EMMC,RSVD1,RSVD2,RSVD3,RSVD1,#REF!,#REF!,#REF!,#REF!,#REF!,#REF!,#REF!,#REF!,#REF!,#REF!,#REF!,RSVD1,PULL_DOWN,TRISTATE,DISABLE,,True,True,True,True,True,True,VALID,unused_EMMC_CLK,Not Assigned,,,,,,Enable,,,,,,EMMC_CLK,#REF!,#REF!
EMMC_CMD,#REF!,unused_EMMC_CMD,#REF!,#REF!,#REF!,#REF!,#REF!,#REF!,#REF!,#REF!,#REF!,#REF!,EMMC,RSVD1,RSVD2,RSVD3,RSVD1,#REF!,#REF!,#REF!,#REF!,#REF!,#REF!,#REF!,#REF!,#REF!,#REF!,#REF!,RSVD1,PULL_DOWN,TRISTATE,DISABLE,,True,True,True,True,True,True,VALID,unused_EMMC_CMD,Not Assigned,,,,,,Disable,4.7K,,,,,EMMC_CMD,#REF!,#REF!
EMMC_DAT0,#REF!,unused_EMMC_DAT0,#REF!,#REF!,#REF!,#REF!,#REF!,#REF!,#REF!,#REF!,#REF!,#REF!,EMMC,RSVD1,RSVD2,RSVD3,RSVD1,#REF!,#REF!,#REF!,#REF!,#REF!,#REF!,#REF!,#REF!,#REF!,#REF!,#REF!,RSVD1,PULL_DOWN,TRISTATE,DISABLE,,True,True,True,True,True,True,VALID,unused_EMMC_DAT0,Not Assigned,,,,,,Disable,,,,,,EMMC_DAT0,#REF!,#REF!
EMMC_DAT1,#REF!,unused_EMMC_DAT1,#REF!,#REF!,#REF!,#REF!,#REF!,#REF!,#REF!,#REF!,#REF!,#REF!,EMMC,RSVD1,RSVD2,RSVD3,RSVD1,#REF!,#REF!,#REF!,#REF!,#REF!,#REF!,#REF!,#REF!,#REF!,#REF!,#REF!,RSVD1,PULL_DOWN,TRISTATE,DISABLE,,True,True,True,True,True,True,VALID,unused_EMMC_DAT1,Not Assigned,,,,,,Disable,,,,,,EMMC_DAT1,#REF!,#REF!
EMMC_DAT2,#REF!,unused_EMMC_DAT2,#REF!,#REF!,#REF!,#REF!,#REF!,#REF!,#REF!,#REF!,#REF!,#REF!,EMMC,RSVD1,RSVD2,RSVD3,RSVD1,#REF!,#REF!,#REF!,#REF!,#REF!,#REF!,#REF!,#REF!,#REF!,#REF!,#REF!,RSVD1,PULL_DOWN,TRISTATE,DISABLE,,True,True,True,True,True,True,VALID,unused_EMMC_DAT2,Not Assigned,,,,,,Disable,,, ,,,EMMC_DAT2,#REF!,#REF!
EMMC_DAT3,#REF!,unused_EMMC_DAT3,#REF!,#REF!,#REF!,#REF!,#REF!,#REF!,#REF!,#REF!,#REF!,#REF!,EMMC,RSVD1,RSVD2,RSVD3,RSVD1,#REF!,#REF!,#REF!,#REF!,#REF!,#REF!,#REF!,#REF!,#REF!,#REF!,#REF!,RSVD1,PULL_DOWN,TRISTATE,DISABLE,,True,True,True,True,True,True,VALID,unused_EMMC_DAT3,Not Assigned,,,,,,Disable,,,,,,EMMC_DAT3,#REF!,#REF!
EMMC_DAT4,#REF!,unused_EMMC_DAT4,#REF!,#REF!,#REF!,#REF!,#REF!,#REF!,#REF!,#REF!,#REF!,#REF!,EMMC,RSVD1,RSVD2,RSVD3,RSVD1,#REF!,#REF!,#REF!,#REF!,#REF!,#REF!,#REF!,#REF!,#REF!,#REF!,#REF!,RSVD1,PULL_DOWN,TRISTATE,DISABLE,,True,True,True,True,True,True,VALID,unused_EMMC_DAT4,Not Assigned,,,,,,Disable,,,,,,EMMC_DAT4,#REF!,#REF!
EMMC_DAT5,#REF!,unused_EMMC_DAT5,#REF!,#REF!,#REF!,#REF!,#REF!,#REF!,#REF!,#REF!,#REF!,#REF!,EMMC,RSVD1,RSVD2,RSVD3,RSVD1,#REF!,#REF!,#REF!,#REF!,#REF!,#REF!,#REF!,#REF!,#REF!,#REF!,#REF!,RSVD1,PULL_DOWN,TRISTATE,DISABLE,,True,True,True,True,True,True,VALID,unused_EMMC_DAT5,Not Assigned,,,,,,Disable,,,,,,EMMC_DAT5,#REF!,#REF!
EMMC_DAT6,#REF!,unused_EMMC_DAT6,#REF!,#REF!,#REF!,#REF!,#REF!,#REF!,#REF!,#REF!,#REF!,#REF!,EMMC,RSVD1,RSVD2,RSVD3,RSVD1,#REF!,#REF!,#REF!,#REF!,#REF!,#REF!,#REF!,#REF!,#REF!,#REF!,#REF!,RSVD1,PULL_DOWN,TRISTATE,DISABLE,,True,True,True,True,True,True,VALID,unused_EMMC_DAT6,Not Assigned,,,,,,Disable,,,,,,EMMC_DAT6,#REF!,#REF!
EMMC_DAT7,#REF!,unused_EMMC_DAT7,#REF!,#REF!,#REF!,#REF!,#REF!,#REF!,#REF!,#REF!,#REF!,#REF!,EMMC,RSVD1,RSVD2,RSVD3,RSVD1,#REF!,#REF!,#REF!,#REF!,#REF!,#REF!,#REF!,#REF!,#REF!,#REF!,#REF!,RSVD1,PULL_DOWN,TRISTATE,DISABLE,,True,True,True,True,True,True,VALID,unused_EMMC_DAT7,Not Assigned,,,,,,Disable,,,,,,EMMC_DAT7,#REF!,#REF!
EMMC_DQS,#REF!,unused_EMMC_DQS,#REF!,#REF!,#REF!,#REF!,#REF!,#REF!,#REF!,#REF!,#REF!,#REF!,EMMC,RSVD1,RSVD2,RSVD3,RSVD1,#REF!,#REF!,#REF!,#REF!,#REF!,#REF!,#REF!,#REF!,#REF!,#REF!,#REF!,RSVD1,PULL_DOWN,TRISTATE,DISABLE,,True,True,True,True,True,True,VALID,unused_EMMC_DQS,Not Assigned,,,,,,,,,,,,EMMC_DQS,#REF!,#REF!
EMMC_COMP,#REF!,unused_EMMC_COMP,#REF!,#REF!,#REF!,#REF!,#REF!,#REF!,#REF!,#REF!,#REF!,#REF!,,,,,,#REF!,#REF!,#REF!,#REF!,#REF!,#REF!,#REF!,#REF!,#REF!,#REF!,#REF!,,,,,,True,True,True,True,True,True,VALID,unused_EMMC_DQS,Not Assigned,,,,,,,,100 1%,,,,EMMC_COMP,#REF!,#REF!
Dedicated SFIOs,,,,,,,,,,,,,,,,,,,,,,,,,,,,,,,,,,,,,,,,,,,,,,,,,,,,,,,,
CSI,AVDD_CSI,,,,,,,,,,,,,,,,,,,,,,,,,,,,,,,,,,,,,,,,,,,,,,,,,,,1.2V,,CSI,AVDD_CSI,
CSI_A_D0_P,#REF!,unused_CSI_A_D0_P,#REF!,#REF!,#REF!,#REF!,#REF!,#REF!,#REF!,#REF!,#REF!,#REF!,,,,,,#REF!,#REF!,#REF!,#REF!,,#REF!,#REF!,,#REF!,,#REF!,,,,,,,,,,,,,CSI_A_CLK_N,,,,,,,,,,,,,CSI_A_CLK_N,#REF!,#REF!
CSI_A_D0_N,#REF!,unused_CSI_A_D0_N,#REF!,#REF!,#REF!,#REF!,#REF!,#REF!,#REF!,#REF!,#REF!,#REF!,,,,,,#REF!,#REF!,#REF!,#REF!,,#REF!,#REF!,,#REF!,,#REF!,,,,,,,,,,,,,CSI_A_CLK_P,,,,,,,,,,,,,CSI_A_CLK_P,#REF!,#REF!
CSI_A_CLK_P,#REF!,unused_CSI_A_CLK_P,#REF!,#REF!,#REF!,#REF!,#REF!,#REF!,#REF!,#REF!,#REF!,#REF!,,,,,,#REF!,#REF!,#REF!,#REF!,,#REF!,#REF!,,#REF!,,#REF!,,,,,,,,,,,,,CSI_A_D0_N,,,,,,,,,,,,,CSI_A_D0_N,#REF!,#REF!
CSI_A_CLK_N,#REF!,unused_CSI_A_CLK_N,#REF!,#REF!,#REF!,#REF!,#REF!,#REF!,#REF!,#REF!,#REF!,#REF!,,,,,,#REF!,#REF!,#REF!,#REF!,,#REF!,#REF!,,#REF!,,#REF!,,,,,,,,,,,,,CSI_A_D0_P,,,,,,,,,,,,,CSI_A_D0_P,#REF!,#REF!
CSI_A_D1_P,#REF!,unused_CSI_A_D1_P,#REF!,#REF!,#REF!,#REF!,#REF!,#REF!,#REF!,#REF!,#REF!,#REF!,,,,,,#REF!,#REF!,#REF!,#REF!,,#REF!,#REF!,,#REF!,,#REF!,,,,,,,,,,,,,CSI_A_D1_N,,,,,,,,,,,,,CSI_A_D1_N,#REF!,#REF!
CSI_A_D1_N,#REF!,unused_CSI_A_D1_N,#REF!,#REF!,#REF!,#REF!,#REF!,#REF!,#REF!,#REF!,#REF!,#REF!,,,,,,#REF!,#REF!,#REF!,#REF!,,#REF!,#REF!,,#REF!,,#REF!,,,,,,,,,,,,,CSI_A_D1_P,,,,,,,,,,,,,CSI_A_D1_P,#REF!,#REF!
CSI_B_D0_P,#REF!,unused_CSI_B_D0_P,#REF!,#REF!,#REF!,#REF!,#REF!,#REF!,#REF!,#REF!,#REF!,#REF!,,,,,,#REF!,#REF!,#REF!,#REF!,,#REF!,#REF!,,#REF!,,#REF!,,,,,,,,,,,,,CSI_B_CLK_N,,,,,,,,,,,,,CSI_B_CLK_N,#REF!,#REF!
CSI_B_D0_N,#REF!,unused_CSI_B_D0_N,#REF!,#REF!,#REF!,#REF!,#REF!,#REF!,#REF!,#REF!,#REF!,#REF!,,,,,,#REF!,#REF!,#REF!,#REF!,,#REF!,#REF!,,#REF!,,#REF!,,,,,,,,,,,,,CSI_B_CLK_P,,,,,,,,,,,,,CSI_B_CLK_P,#REF!,#REF!
CSI_B_CLK_P,#REF!,unused_CSI_B_CLK_P,#REF!,#REF!,#REF!,#REF!,#REF!,#REF!,#REF!,#REF!,#REF!,#REF!,,,,,,#REF!,#REF!,#REF!,#REF!,,#REF!,#REF!,,#REF!,,#REF!,,,,,,,,,,,,,CSI_B_D0_N,,,,,,,,,,,,,CSI_B_D0_N,#REF!,#REF!
CSI_B_CLK_N,#REF!,unused_CSI_B_CLK_N,#REF!,#REF!,#REF!,#REF!,#REF!,#REF!,#REF!,#REF!,#REF!,#REF!,,,,,,#REF!,#REF!,#REF!,#REF!,,#REF!,#REF!,,#REF!,,#REF!,,,,,,,,,,,,,CSI_B_D0_P,,,,,,,,,,,,,CSI_B_D0_P,#REF!,#REF!
CSI_B_D1_P,#REF!,unused_CSI_B_D1_P,#REF!,#REF!,#REF!,#REF!,#REF!,#REF!,#REF!,#REF!,#REF!,#REF!,,,,,,#REF!,#REF!,#REF!,#REF!,,#REF!,#REF!,,#REF!,,#REF!,,,,,,,,,,,,,CSI_B_D1_N,,,,,,,,,,,,,CSI_B_D1_N,#REF!,#REF!
CSI_B_D1_N,#REF!,unused_CSI_B_D1_N,#REF!,#REF!,#REF!,#REF!,#REF!,#REF!,#REF!,#REF!,#REF!,#REF!,,,,,,#REF!,#REF!,#REF!,#REF!,,#REF!,#REF!,,#REF!,,#REF!,,,,,,,,,,,,,CSI_B_D1_P,,,,,,,,,,,,,CSI_B_D1_P,#REF!,#REF!
CSI_C_D0_P,#REF!,unused_CSI_C_D0_P,#REF!,#REF!,#REF!,#REF!,#REF!,#REF!,#REF!,#REF!,#REF!,#REF!,,,,,,#REF!,#REF!,#REF!,#REF!,,#REF!,#REF!,,#REF!,,#REF!,,,,,,,,,,,,,CSI_C_CLK_N,,,,,,,,,,,,,CSI_C_CLK_N,#REF!,#REF!
CSI_C_D0_N,#REF!,unused_CSI_C_D0_N,#REF!,#REF!,#REF!,#REF!,#REF!,#REF!,#REF!,#REF!,#REF!,#REF!,,,,,,#REF!,#REF!,#REF!,#REF!,,#REF!,#REF!,,#REF!,,#REF!,,,,,,,,,,,,,CSI_C_CLK_P,,,,,,,,,,,,,CSI_C_CLK_P,#REF!,#REF!
CSI_C_CLK_P,#REF!,unused_CSI_C_CLK_P,#REF!,#REF!,#REF!,#REF!,#REF!,#REF!,#REF!,#REF!,#REF!,#REF!,,,,,,#REF!,#REF!,#REF!,#REF!,,#REF!,#REF!,,#REF!,,#REF!,,,,,,,,,,,,,CSI_C_D0_N,,,,,,,,,,,,,CSI_C_D0_N,#REF!,#REF!
CSI_C_CLK_N,#REF!,unused_CSI_C_CLK_N,#REF!,#REF!,#REF!,#REF!,#REF!,#REF!,#REF!,#REF!,#REF!,#REF!,,,,,,#REF!,#REF!,#REF!,#REF!,,#REF!,#REF!,,#REF!,,#REF!,,,,,,,,,,,,,CSI_C_D0_P,,,,,,,,,,,,,CSI_C_D0_P,#REF!,#REF!
CSI_C_D1_P,#REF!,unused_CSI_C_D1_P,#REF!,#REF!,#REF!,#REF!,#REF!,#REF!,#REF!,#REF!,#REF!,#REF!,,,,,,#REF!,#REF!,#REF!,#REF!,,#REF!,#REF!,,#REF!,,#REF!,,,,,,,,,,,,,CSI_C_D1_N,,,,,,,,,,,,,CSI_C_D1_N,#REF!,#REF!
CSI_C_D1_N,#REF!,unused_CSI_C_D1_N,#REF!,#REF!,#REF!,#REF!,#REF!,#REF!,#REF!,#REF!,#REF!,#REF!,,,,,,#REF!,#REF!,#REF!,#REF!,,#REF!,#REF!,,#REF!,,#REF!,,,,,,,,,,,,,CSI_C_D1_P,,,,,,,,,,,,,CSI_C_D1_P,#REF!,#REF!
CSI_D_D0_P,#REF!,unused_CSI_D_D0_P,#REF!,#REF!,#REF!,#REF!,#REF!,#REF!,#REF!,#REF!,#REF!,#REF!,,,,,,#REF!,#REF!,#REF!,#REF!,,#REF!,#REF!,,#REF!,,#REF!,,,,,,,,,,,,,CSI_D_CLK_N,,,,,,,,,,,,,CSI_D_CLK_N,#REF!,#REF!
CSI_D_D0_N,#REF!,unused_CSI_D_D0_N,#REF!,#REF!,#REF!,#REF!,#REF!,#REF!,#REF!,#REF!,#REF!,#REF!,,,,,,#REF!,#REF!,#REF!,#REF!,,#REF!,#REF!,,#REF!,,#REF!,,,,,,,,,,,,,CSI_D_CLK_P,,,,,,,,,,,,,CSI_D_CLK_P,#REF!,#REF!
CSI_D_CLK_P,#REF!,unused_CSI_D_CLK_P,#REF!,#REF!,#REF!,#REF!,#REF!,#REF!,#REF!,#REF!,#REF!,#REF!,,,,,,#REF!,#REF!,#REF!,#REF!,,#REF!,#REF!,,#REF!,,#REF!,,,,,,,,,,,,,CSI_D_D0_N,,,,,,,,,,,,,CSI_D_D0_N,#REF!,#REF!
CSI_D_CLK_N,#REF!,unused_CSI_D_CLK_N,#REF!,#REF!,#REF!,#REF!,#REF!,#REF!,#REF!,#REF!,#REF!,#REF!,,,,,,#REF!,#REF!,#REF!,#REF!,,#REF!,#REF!,,#REF!,,#REF!,,,,,,,,,,,,,CSI_D_D0_P,,,,,,,,,,,,,CSI_D_D0_P,#REF!,#REF!
CSI_D_D1_P,#REF!,unused_CSI_D_D1_P,#REF!,#REF!,#REF!,#REF!,#REF!,#REF!,#REF!,#REF!,#REF!,#REF!,,,,,,#REF!,#REF!,#REF!,#REF!,,#REF!,#REF!,,#REF!,,#REF!,,,,,,,,,,,,,CSI_D_D1_N,,,,,,,,,,,,,CSI_D_D1_N,#REF!,#REF!
CSI_D_D1_N,#REF!,unused_CSI_D_D1_N,#REF!,#REF!,#REF!,#REF!,#REF!,#REF!,#REF!,#REF!,#REF!,#REF!,,,,,,#REF!,#REF!,#REF!,#REF!,,#REF!,#REF!,,#REF!,,#REF!,,,,,,,,,,,,,CSI_D_D1_P,,,,,,,,,,,,,CSI_D_D1_P,#REF!,#REF!
CSI_E_D0_P,#REF!,unused_CSI_E_D0_P,#REF!,#REF!,#REF!,#REF!,#REF!,#REF!,#REF!,#REF!,#REF!,#REF!,,,,,,#REF!,#REF!,#REF!,#REF!,,#REF!,#REF!,,#REF!,,#REF!,,,,,,,,,,,,,CSI_E_CLK_N,,,,,,,,,,,,,CSI_E_CLK_N,#REF!,#REF!
CSI_E_D0_N,#REF!,unused_CSI_E_D0_N,#REF!,#REF!,#REF!,#REF!,#REF!,#REF!,#REF!,#REF!,#REF!,#REF!,,,,,,#REF!,#REF!,#REF!,#REF!,,#REF!,#REF!,,#REF!,,#REF!,,,,,,,,,,,,,CSI_E_CLK_P,,,,,,,,,,,,,CSI_E_CLK_P,#REF!,#REF!
CSI_E_CLK_P,#REF!,unused_CSI_E_CLK_P,#REF!,#REF!,#REF!,#REF!,#REF!,#REF!,#REF!,#REF!,#REF!,#REF!,,,,,,#REF!,#REF!,#REF!,#REF!,,#REF!,#REF!,,#REF!,,#REF!,,,,,,,,,,,,,CSI_E_D0_N,,,,,,,,,,,,,CSI_E_D0_N,#REF!,#REF!
CSI_E_CLK_N,#REF!,unused_CSI_E_CLK_N,#REF!,#REF!,#REF!,#REF!,#REF!,#REF!,#REF!,#REF!,#REF!,#REF!,,,,,,#REF!,#REF!,#REF!,#REF!,,#REF!,#REF!,,#REF!,,#REF!,,,,,,,,,,,,,CSI_E_D0_P,,,,,,,,,,,,,CSI_E_D0_P,#REF!,#REF!
CSI_E_D1_P,#REF!,unused_CSI_E_D1_P,#REF!,#REF!,#REF!,#REF!,#REF!,#REF!,#REF!,#REF!,#REF!,#REF!,,,,,,#REF!,#REF!,#REF!,#REF!,,#REF!,#REF!,,#REF!,,#REF!,,,,,,,,,,,,,CSI_E_D1_N,,,,,,,,,,,,,CSI_E_D1_N,#REF!,#REF!
CSI_E_D1_N,#REF!,unused_CSI_E_D1_N,#REF!,#REF!,#REF!,#REF!,#REF!,#REF!,#REF!,#REF!,#REF!,#REF!,,,,,,#REF!,#REF!,#REF!,#REF!,,#REF!,#REF!,,#REF!,,#REF!,,,,,,,,,,,,,CSI_E_D1_P,,,,,,,,,,,,,CSI_E_D1_P,#REF!,#REF!
CSI_F_D0_P,#REF!,unused_CSI_F_D0_P,#REF!,#REF!,#REF!,#REF!,#REF!,#REF!,#REF!,#REF!,#REF!,#REF!,,,,,,#REF!,#REF!,#REF!,#REF!,,#REF!,#REF!,,#REF!,,#REF!,,,,,,,,,,,,,CSI_F_CLK_N,,,,,,,,,,,,,CSI_F_CLK_N,#REF!,#REF!
CSI_F_D0_N,#REF!,unused_CSI_F_D0_N,#REF!,#REF!,#REF!,#REF!,#REF!,#REF!,#REF!,#REF!,#REF!,#REF!,,,,,,#REF!,#REF!,#REF!,#REF!,,#REF!,#REF!,,#REF!,,#REF!,,,,,,,,,,,,,CSI_F_CLK_P,,,,,,,,,,,,,CSI_F_CLK_P,#REF!,#REF!
CSI_F_CLK_P,#REF!,unused_CSI_F_CLK_P,#REF!,#REF!,#REF!,#REF!,#REF!,#REF!,#REF!,#REF!,#REF!,#REF!,,,,,,#REF!,#REF!,#REF!,#REF!,,#REF!,#REF!,,#REF!,,#REF!,,,,,,,,,,,,,CSI_F_D0_N,,,,,,,,,,,,,CSI_F_D0_N,#REF!,#REF!
CSI_F_CLK_N,#REF!,unused_CSI_F_CLK_N,#REF!,#REF!,#REF!,#REF!,#REF!,#REF!,#REF!,#REF!,#REF!,#REF!,,,,,,#REF!,#REF!,#REF!,#REF!,,#REF!,#REF!,,#REF!,,#REF!,,,,,,,,,,,,,CSI_F_D0_P,,,,,,,,,,,,,CSI_F_D0_P,#REF!,#REF!
CSI_F_D1_P,#REF!,unused_CSI_F_D1_P,#REF!,#REF!,#REF!,#REF!,#REF!,#REF!,#REF!,#REF!,#REF!,#REF!,,,,,,#REF!,#REF!,#REF!,#REF!,,#REF!,#REF!,,#REF!,,#REF!,,,,,,,,,,,,,CSI_F_D1_N,,,,,,,,,,,,,CSI_F_D1_N,#REF!,#REF!
CSI_F_D1_N,#REF!,unused_CSI_F_D1_N,#REF!,#REF!,#REF!,#REF!,#REF!,#REF!,#REF!,#REF!,#REF!,#REF!,,,,,,#REF!,#REF!,#REF!,#REF!,,#REF!,#REF!,,#REF!,,#REF!,,,,,,,,,,,,,CSI_F_D1_P,,,,,,,,,,,,,CSI_F_D1_P,#REF!,#REF!
CSI_G_D0_P,#REF!,unused_CSI_G_D0_P,#REF!,#REF!,#REF!,#REF!,#REF!,#REF!,#REF!,#REF!,#REF!,#REF!,,,,,,#REF!,#REF!,#REF!,#REF!,,#REF!,#REF!,,#REF!,,#REF!,,,,,,,,,,,,,CSI_G_CLK_N,,,,,,,,,,,,,CSI_G_CLK_N,#REF!,#REF!
CSI_G_D0_N,#REF!,unused_CSI_G_D0_N,#REF!,#REF!,#REF!,#REF!,#REF!,#REF!,#REF!,#REF!,#REF!,#REF!,,,,,,#REF!,#REF!,#REF!,#REF!,,#REF!,#REF!,,#REF!,,#REF!,,,,,,,,,,,,,CSI_G_CLK_P,,,,,,,,,,,,,CSI_G_CLK_P,#REF!,#REF!
CSI_G_CLK_P,#REF!,unused_CSI_G_CLK_P,#REF!,#REF!,#REF!,#REF!,#REF!,#REF!,#REF!,#REF!,#REF!,#REF!,,,,,,#REF!,#REF!,#REF!,#REF!,,#REF!,#REF!,,#REF!,,#REF!,,,,,,,,,,,,,CSI_G_D0_N,,,,,,,,,,,,,CSI_G_D0_N,#REF!,#REF!
CSI_G_CLK_N,#REF!,unused_CSI_G_CLK_N,#REF!,#REF!,#REF!,#REF!,#REF!,#REF!,#REF!,#REF!,#REF!,#REF!,,,,,,#REF!,#REF!,#REF!,#REF!,,#REF!,#REF!,,#REF!,,#REF!,,,,,,,,,,,,,CSI_G_D0_P,,,,,,,,,,,,,CSI_G_D0_P,#REF!,#REF!
CSI_G_D1_P,#REF!,unused_CSI_G_D1_P,#REF!,#REF!,#REF!,#REF!,#REF!,#REF!,#REF!,#REF!,#REF!,#REF!,,,,,,#REF!,#REF!,#REF!,#REF!,,#REF!,#REF!,,#REF!,,#REF!,,,,,,,,,,,,,CSI_G_D1_N,,,,,,,,,,,,,CSI_G_D1_N,#REF!,#REF!
CSI_G_D1_N,#REF!,unused_CSI_G_D1_N,#REF!,#REF!,#REF!,#REF!,#REF!,#REF!,#REF!,#REF!,#REF!,#REF!,,,,,,#REF!,#REF!,#REF!,#REF!,,#REF!,#REF!,,#REF!,,#REF!,,,,,,,,,,,,,CSI_G_D1_P,,,,,,,,,,,,,CSI_G_D1_P,#REF!,#REF!
CSI_H_D0_P,#REF!,unused_CSI_H_D0_P,#REF!,#REF!,#REF!,#REF!,#REF!,#REF!,#REF!,#REF!,#REF!,#REF!,,,,,,#REF!,#REF!,#REF!,#REF!,,#REF!,#REF!,,#REF!,,#REF!,,,,,,,,,,,,,CSI_H_CLK_N,,,,,,,,,,,,,CSI_H_CLK_N,#REF!,#REF!
CSI_H_D0_N,#REF!,unused_CSI_H_D0_N,#REF!,#REF!,#REF!,#REF!,#REF!,#REF!,#REF!,#REF!,#REF!,#REF!,,,,,,#REF!,#REF!,#REF!,#REF!,,#REF!,#REF!,,#REF!,,#REF!,,,,,,,,,,,,,CSI_H_CLK_P,,,,,,,,,,,,,CSI_H_CLK_P,#REF!,#REF!
CSI_H_CLK_P,#REF!,unused_CSI_H_CLK_P,#REF!,#REF!,#REF!,#REF!,#REF!,#REF!,#REF!,#REF!,#REF!,#REF!,,,,,,#REF!,#REF!,#REF!,#REF!,,#REF!,#REF!,,#REF!,,#REF!,,,,,,,,,,,,,CSI_H_D0_N,,,,,,,,,,,,,CSI_H_D0_N,#REF!,#REF!
CSI_H_CLK_N,#REF!,unused_CSI_H_CLK_N,#REF!,#REF!,#REF!,#REF!,#REF!,#REF!,#REF!,#REF!,#REF!,#REF!,,,,,,#REF!,#REF!,#REF!,#REF!,,#REF!,#REF!,,#REF!,,#REF!,,,,,,,,,,,,,CSI_H_D0_P,,,,,,,,,,,,,CSI_H_D0_P,#REF!,#REF!
CSI_H_D1_P,#REF!,unused_CSI_H_D1_P,#REF!,#REF!,#REF!,#REF!,#REF!,#REF!,#REF!,#REF!,#REF!,#REF!,,,,,,#REF!,#REF!,#REF!,#REF!,,#REF!,#REF!,,#REF!,,#REF!,,,,,,,,,,,,,CSI_H_D1_N,,,,,,,,,,,,,CSI_H_D1_N,#REF!,#REF!
CSI_H_D1_N,#REF!,unused_CSI_H_D1_N,#REF!,#REF!,#REF!,#REF!,#REF!,#REF!,#REF!,#REF!,#REF!,#REF!,,,,,,#REF!,#REF!,#REF!,#REF!,,#REF!,#REF!,,#REF!,,#REF!,,,,,,,,,,,,,CSI_H_D1_P,,,,,,,,,,,,,CSI_H_D1_P,#REF!,#REF!
CSI_RDN,#REF!,unused_CSI_RDN,#REF!,#REF!,#REF!,#REF!,#REF!,#REF!,#REF!,#REF!,#REF!,#REF!,,,,,,#REF!,#REF!,#REF!,#REF!,,#REF!,#REF!,,#REF!,,#REF!,,,,,,,,,,,,,CSI_RDN,,,,,,,,,1K 1%,,,,CSI_RDN,#REF!,#REF!
HDMI_DP0,VDDIO_HDMI_DP0,,,,,,,,,,,,,,,,,,,,,,,,,,,,,,,,,,,,,,,,,,,,,,,,,,,1.0V,,HDMI_DP0,VDDIO_HDMI_DP0,
HDMI_DP0_TXDP0,#REF!,unused_HDMI_DP0_TXDP0,#REF!,#REF!,#REF!,#REF!,#REF!,#REF!,#REF!,#REF!,#REF!,#REF!,,,,,,#REF!,#REF!,#REF!,#REF!,,#REF!,#REF!,,#REF!,,#REF!,,,,,,,,,,,,,unused_HDMI_DP0_TXDP0,,,,,,,,,,,,,HDMI_D0_P,#REF!,#REF!
HDMI_DP0_TXDN0,#REF!,unused_HDMI_DP0_TXDN0,#REF!,#REF!,#REF!,#REF!,#REF!,#REF!,#REF!,#REF!,#REF!,#REF!,,,,,,#REF!,#REF!,#REF!,#REF!,,#REF!,#REF!,,#REF!,,#REF!,,,,,,,,,,,,,unused_HDMI_DP0_TXDN0,,,,,,,,,,,,,HDMI_D0_N,#REF!,#REF!
HDMI_DP0_TXDP1,#REF!,unused_HDMI_DP0_TXDP1,#REF!,#REF!,#REF!,#REF!,#REF!,#REF!,#REF!,#REF!,#REF!,#REF!,,,,,,#REF!,#REF!,#REF!,#REF!,,#REF!,#REF!,,#REF!,,#REF!,,,,,,,,,,,,,unused_HDMI_DP0_TXDP1,,,,,,,,,,,,,HDMI_D1_P,#REF!,#REF!
HDMI_DP0_TXDN1,#REF!,unused_HDMI_DP0_TXDN1,#REF!,#REF!,#REF!,#REF!,#REF!,#REF!,#REF!,#REF!,#REF!,#REF!,,,,,,#REF!,#REF!,#REF!,#REF!,,#REF!,#REF!,,#REF!,,#REF!,,,,,,,,,,,,,unused_HDMI_DP0_TXDN1,,,,,,,,,,,,,HDMI_D1_N,#REF!,#REF!
HDMI_DP0_TXDP2,#REF!,unused_HDMI_DP0_TXDP2,#REF!,#REF!,#REF!,#REF!,#REF!,#REF!,#REF!,#REF!,#REF!,#REF!,,,,,,#REF!,#REF!,#REF!,#REF!,,#REF!,#REF!,,#REF!,,#REF!,,,,,,,,,,,,,unused_HDMI_DP0_TXDP2,,,,,,,,,,,,,HDMI_D2_P,#REF!,#REF!
HDMI_DP0_TXDN2,#REF!,unused_HDMI_DP0_TXDN2,#REF!,#REF!,#REF!,#REF!,#REF!,#REF!,#REF!,#REF!,#REF!,#REF!,,,,,,#REF!,#REF!,#REF!,#REF!,,#REF!,#REF!,,#REF!,,#REF!,,,,,,,,,,,,,unused_HDMI_DP0_TXDN2,,,,,,,,,,,,,HDMI_D2_N,#REF!,#REF!
HDMI_DP0_TXDP3,#REF!,unused_HDMI_DP0_TXDP3,#REF!,#REF!,#REF!,#REF!,#REF!,#REF!,#REF!,#REF!,#REF!,#REF!,,,,,,#REF!,#REF!,#REF!,#REF!,,#REF!,#REF!,,#REF!,,#REF!,,,,,,,,,,,,,unused_HDMI_DP0_TXDP3,,,,,,,,,,,,,HDMI_CK_P,#REF!,#REF!
HDMI_DP0_TXDN3,#REF!,unused_HDMI_DP0_TXDN3,#REF!,#REF!,#REF!,#REF!,#REF!,#REF!,#REF!,#REF!,#REF!,#REF!,,,,,,#REF!,#REF!,#REF!,#REF!,,#REF!,#REF!,,#REF!,,#REF!,,,,,,,,,,,,,unused_HDMI_DP0_TXDN3,,,,,,,,,,,,,HDMI_CK_N,#REF!,#REF!
HDMI_DP0_RSET,#REF!,unused_HDMI_DP0_RSET,#REF!,#REF!,#REF!,#REF!,#REF!,#REF!,#REF!,#REF!,#REF!,#REF!,,,,,,#REF!,#REF!,#REF!,#REF!,,#REF!,#REF!,,#REF!,,#REF!,,,,,,,,,,,,,unused_HDMI_DP0_TXDN3,,,,,,,,,1K 1%,,,,HDMI_RSET,#REF!,#REF!
USB 2.0,AVDD_USB,,,,,,,,,,,,,,,,,,,,,,,,,,,,,,,,,,,,,,,,,,,,,,,,,,,3.3V,,USB 2.0,AVDD_USB,
USB0_DP,#REF!,unused_USB0_DP,#REF!,#REF!,#REF!,#REF!,#REF!,#REF!,#REF!,#REF!,#REF!,#REF!,,,,,,#REF!,#REF!,#REF!,#REF!,,,#REF!,,#REF!,,#REF!,,,,,,,,,,,,,USB0_DP,,,,,,,,,,,,,USB0_DN,#REF!,#REF!
USB0_DN,#REF!,unused_USB0_DN,#REF!,#REF!,#REF!,#REF!,#REF!,#REF!,#REF!,#REF!,#REF!,#REF!,,,,,,#REF!,#REF!,#REF!,#REF!,,,#REF!,,#REF!,,#REF!,,,,,,,,,,,,,USB0_DP,,,,,,,,,,,,,USB0_DP,#REF!,#REF!
USB1_DP,#REF!,unused_USB1_DP,#REF!,#REF!,#REF!,#REF!,#REF!,#REF!,#REF!,#REF!,#REF!,#REF!,,,,,,#REF!,#REF!,#REF!,#REF!,,,#REF!,,#REF!,,#REF!,,,,,,,,,,,,,USB1_DN,,,,,,,,,,,,,USB1_DN,#REF!,#REF!
USB1_DN,#REF!,unused_USB1_DN,#REF!,#REF!,#REF!,#REF!,#REF!,#REF!,#REF!,#REF!,#REF!,#REF!,,,,,,#REF!,#REF!,#REF!,#REF!,,,#REF!,,#REF!,,#REF!,,,,,,,,,,,,,USB1_DP,,,,,,,,,,,,,USB1_DP,#REF!,#REF!
USB2_DP,#REF!,unused_USB2_DP,#REF!,#REF!,#REF!,#REF!,#REF!,#REF!,#REF!,#REF!,#REF!,#REF!,,,,,,#REF!,#REF!,#REF!,#REF!,,,#REF!,,#REF!,,#REF!,,,,,,,,,,,,,USB2_DN,,,,,,,,,,,,,USB2_DN,#REF!,#REF!
USB2_DN,#REF!,unused_USB2_DN,#REF!,#REF!,#REF!,#REF!,#REF!,#REF!,#REF!,#REF!,#REF!,#REF!,,,,,,#REF!,#REF!,#REF!,#REF!,,,#REF!,,#REF!,,#REF!,,,,,,,,,,,,,USB2_DP,,,,,,,,,,,,,USB2_DP,#REF!,#REF!
USB3_DP,#REF!,unused_USB3_DP,#REF!,#REF!,#REF!,#REF!,#REF!,#REF!,#REF!,#REF!,#REF!,#REF!,,,,,,#REF!,#REF!,#REF!,#REF!,,,#REF!,,#REF!,,#REF!,,,,,,,,,,,,,USB3_DN,,,,,,,,,,,,,USB3_DN,#REF!,#REF!
USB3_DN,#REF!,unused_USB3_DN,#REF!,#REF!,#REF!,#REF!,#REF!,#REF!,#REF!,#REF!,#REF!,#REF!,,,,,,#REF!,#REF!,#REF!,#REF!,,,#REF!,,#REF!,,#REF!,,,,,,,,,,,,,USB3_DP,,,,,,,,,,,,,USB3_DP,#REF!,#REF!
USB_REXT,#REF!,unused_USB_REXT,#REF!,USB_REXT,#REF!,#REF!,#REF!,#REF!,#REF!,#REF!,#REF!,#REF!,,,,,,#REF!,#REF!,#REF!,#REF!,,,#REF!,,#REF!,,#REF!,,,,,,,,,,,,,USB_REXT,,,,,,,,,1K 1%,,,,USB3_DP,#REF!,#REF!
PEX,VDDIO_UPHY0,,,,,,,,,,,,,,,,,,,,,,,,,,,,,,,,,,,,,,,,,,,,,,,,,,,1.0V,,PEX,VDDIO_UPHY0,
PEX_REFCLK1P,#REF!,unused_PEX_REFCLK1P,#REF!,#REF!,#REF!,#REF!,#REF!,#REF!,#REF!,#REF!,#REF!,#REF!,,,,,,#REF!,#REF!,#REF!,#REF!,,,,,#REF!,,#REF!,,,,,,,,,,,,,unused_PEX_REFCLK1P,,,,,,,,,,,,,PEX_REFCLK1P,#REF!,#REF!
PEX_REFCLK1N,#REF!,unused_PEX_REFCLK1N,#REF!,#REF!,#REF!,#REF!,#REF!,#REF!,#REF!,#REF!,#REF!,#REF!,,,,,,#REF!,#REF!,#REF!,#REF!,,,,,#REF!,,#REF!,,,,,,,,,,,,,unused_PEX_REFCLK1N,,,,,,,,,,,,,PEX_REFCLK1N,#REF!,#REF!
PEX_REFCLK2P,#REF!,unused_PEX_REFCLK2P,#REF!,#REF!,#REF!,#REF!,#REF!,#REF!,#REF!,#REF!,#REF!,#REF!,,,,,,#REF!,#REF!,#REF!,#REF!,,,,,#REF!,,#REF!,,,,,,,,,,,,,unused_PEX_REFCLK2P,,,,,,,,,,,,,PEX_REFCLK2P,#REF!,#REF!
PEX_REFCLK2N,#REF!,unused_PEX_REFCLK2N,#REF!,#REF!,#REF!,#REF!,#REF!,#REF!,#REF!,#REF!,#REF!,#REF!,,,,,,#REF!,#REF!,#REF!,#REF!,,,,,#REF!,,#REF!,,,,,,,,,,,,,unused_PEX_REFCLK2N,,,,,,,,,,,,,PEX_REFCLK2N,#REF!,#REF!
PEX_RX0P,#REF!,unused_PEX_RX0P,#REF!,#REF!,#REF!,#REF!,#REF!,#REF!,#REF!,#REF!,#REF!,#REF!,,,,,,#REF!,#REF!,#REF!,#REF!,,,,,#REF!,,#REF!,,,,,,,,,,,,,unused_PEX_RX0P,,,,,,,,,,,,,UPHY_L0,#REF!,#REF!
PEX_RX0N,#REF!,unused_PEX_RX0N,#REF!,#REF!,#REF!,#REF!,#REF!,#REF!,#REF!,#REF!,#REF!,#REF!,,,,,,#REF!,#REF!,#REF!,#REF!,,,,,#REF!,,#REF!,,,,,,,,,,,,,unused_PEX_RX0N,,,,,,,,,,,,,UPHY_L0,#REF!,#REF!
PEX_TX0P,#REF!,unused_PEX_TX0P,#REF!,#REF!,#REF!,#REF!,#REF!,#REF!,#REF!,#REF!,#REF!,#REF!,,,,,,#REF!,#REF!,#REF!,#REF!,,,,,#REF!,,#REF!,,,,,,,,,,,,,unused_PEX_TX0P,,,,,,,,,,,,,UPHY_L1,#REF!,#REF!
PEX_TX0N,#REF!,unused_PEX_TX0N,#REF!,#REF!,#REF!,#REF!,#REF!,#REF!,#REF!,#REF!,#REF!,#REF!,,,,,,#REF!,#REF!,#REF!,#REF!,,,,,#REF!,,#REF!,,,,,,,,,,,,,unused_PEX_TX0N,,,,,,,,,,,,,UPHY_L1,#REF!,#REF!
PEX_RX1P,#REF!,unused_PEX_RX1P,#REF!,#REF!,#REF!,#REF!,#REF!,#REF!,#REF!,#REF!,#REF!,#REF!,,,,,,#REF!,#REF!,#REF!,#REF!,,,,,#REF!,,#REF!,,,,,,,,,,,,,unused_PEX_RX1P,,,,,,,,,,,,,UPHY_L2,#REF!,#REF!
PEX_RX1N,#REF!,unused_PEX_RX1N,#REF!,#REF!,#REF!,#REF!,#REF!,#REF!,#REF!,#REF!,#REF!,#REF!,,,,,,#REF!,#REF!,#REF!,#REF!,,,,,#REF!,,#REF!,,,,,,,,,,,,,unused_PEX_RX1N,,,,,,,,,,,,,UPHY_L2,#REF!,#REF!
PEX_TX1P,#REF!,unused_PEX_TX1P,#REF!,#REF!,#REF!,#REF!,#REF!,#REF!,#REF!,#REF!,#REF!,#REF!,,,,,,#REF!,#REF!,#REF!,#REF!,,,,,#REF!,,#REF!,,,,,,,,,,,,,unused_PEX_TX1P,,,,,,,,,,,,,UPHY_L2,#REF!,#REF!
PEX_TX1N,#REF!,unused_PEX_TX1N,#REF!,#REF!,#REF!,#REF!,#REF!,#REF!,#REF!,#REF!,#REF!,#REF!,,,,,,#REF!,#REF!,#REF!,#REF!,,,,,#REF!,,#REF!,,,,,,,,,,,,,unused_PEX_TX1N,,,,,,,,,,,,,UPHY_L2,#REF!,#REF!
PEX_RX2P,#REF!,unused_PEX_RX2P,#REF!,#REF!,#REF!,#REF!,#REF!,#REF!,#REF!,#REF!,#REF!,#REF!,,,,,,#REF!,#REF!,#REF!,#REF!,,,,,#REF!,,#REF!,,,,,,,,,,,,,unused_PEX_RX2P,,,,,,,,,,,,,UPHY_L2,#REF!,#REF!
PEX_RX2N,#REF!,unused_PEX_RX2N,#REF!,#REF!,#REF!,#REF!,#REF!,#REF!,#REF!,#REF!,#REF!,#REF!,,,,,,#REF!,#REF!,#REF!,#REF!,,,,,#REF!,,#REF!,,,,,,,,,,,,,unused_PEX_RX2N,,,,,,,,,,,,,UPHY_L2,#REF!,#REF!
PEX_TX2P,#REF!,unused_PEX_TX2P,#REF!,#REF!,#REF!,#REF!,#REF!,#REF!,#REF!,#REF!,#REF!,#REF!,,,,,,#REF!,#REF!,#REF!,#REF!,,,,,#REF!,,#REF!,,,,,,,,,,,,,unused_PEX_TX2P,,,,,,,,,,,,,UPHY_L2,#REF!,#REF!
PEX_TX2N,#REF!,unused_PEX_TX2N,#REF!,#REF!,#REF!,#REF!,#REF!,#REF!,#REF!,#REF!,#REF!,#REF!,,,,,,#REF!,#REF!,#REF!,#REF!,,,,,#REF!,,#REF!,,,,,,,,,,,,,unused_PEX_TX2N,,,,,,,,,,,,,UPHY_L2,#REF!,#REF!
PEX_RX3P,#REF!,unused_PEX_RX3P,#REF!,#REF!,#REF!,#REF!,#REF!,#REF!,#REF!,#REF!,#REF!,#REF!,,,,,,#REF!,#REF!,#REF!,#REF!,,,,,#REF!,,#REF!,,,,,,,,,,,,,unused_PEX_RX3P,,,,,,,,,,,,,UPHY_L3,#REF!,#REF!
PEX_RX3N,#REF!,unused_PEX_RX3N,#REF!,#REF!,#REF!,#REF!,#REF!,#REF!,#REF!,#REF!,#REF!,#REF!,,,,,,#REF!,#REF!,#REF!,#REF!,,,,,#REF!,,#REF!,,,,,,,,,,,,,unused_PEX_RX3N,,,,,,,,,,,,,UPHY_L3,#REF!,#REF!
PEX_TX3P,#REF!,unused_PEX_TX3P,#REF!,#REF!,#REF!,#REF!,#REF!,#REF!,#REF!,#REF!,#REF!,#REF!,,,,,,#REF!,#REF!,#REF!,#REF!,,,,,#REF!,,#REF!,,,,,,,,,,,,,unused_PEX_TX3P,,,,,,,,,,,,,UPHY_L3,#REF!,#REF!
PEX_TX3N,#REF!,unused_PEX_TX3N,#REF!,#REF!,#REF!,#REF!,#REF!,#REF!,#REF!,#REF!,#REF!,#REF!,,,,,,#REF!,#REF!,#REF!,#REF!,,,,,#REF!,,#REF!,,,,,,,,,,,,,unused_PEX_TX3N,,,,,,,,,,,,,UPHY_L3,#REF!,#REF!
PEX_RX4P,#REF!,unused_PEX_RX4P,#REF!,#REF!,#REF!,#REF!,#REF!,#REF!,#REF!,#REF!,#REF!,#REF!,,,,,,#REF!,#REF!,#REF!,#REF!,,,,,#REF!,,#REF!,,,,,,,,,,,,,unused_PEX_RX4P,,,,,,,,,,,,,UPHY_L4,#REF!,#REF!
PEX_RX4N,#REF!,unused_PEX_RX4N,#REF!,#REF!,#REF!,#REF!,#REF!,#REF!,#REF!,#REF!,#REF!,#REF!,,,,,,#REF!,#REF!,#REF!,#REF!,,,,,#REF!,,#REF!,,,,,,,,,,,,,unused_PEX_RX4N,,,,,,,,,,,,,UPHY_L4,#REF!,#REF!
PEX_TX4P,#REF!,unused_PEX_TX4P,#REF!,#REF!,#REF!,#REF!,#REF!,#REF!,#REF!,#REF!,#REF!,#REF!,,,,,,#REF!,#REF!,#REF!,#REF!,,,,,#REF!,,#REF!,,,,,,,,,,,,,unused_PEX_TX4P,,,,,,,,,,,,,UPHY_L4,#REF!,#REF!
PEX_TX4N,#REF!,unused_PEX_TX4N,#REF!,#REF!,#REF!,#REF!,#REF!,#REF!,#REF!,#REF!,#REF!,#REF!,,,,,,#REF!,#REF!,#REF!,#REF!,,,,,#REF!,,#REF!,,,,,,,,,,,,,unused_PEX_TX4N,,,,,,,,,,,,,UPHY_L4,#REF!,#REF!
PEX_RX5P,#REF!,unused_PEX_RX5P,#REF!,#REF!,#REF!,#REF!,#REF!,#REF!,#REF!,#REF!,#REF!,#REF!,,,,,,#REF!,#REF!,#REF!,#REF!,,,,,#REF!,,#REF!,,,,,,,,,,,,,unused_PEX_RX5P,,,,,,,,,,,,,UPHY_L5,#REF!,#REF!
PEX_RX5N,#REF!,unused_PEX_RX5N,#REF!,#REF!,#REF!,#REF!,#REF!,#REF!,#REF!,#REF!,#REF!,#REF!,,,,,,#REF!,#REF!,#REF!,#REF!,,,,,#REF!,,#REF!,,,,,,,,,,,,,unused_PEX_RX5N,,,,,,,,,,,,,UPHY_L5,#REF!,#REF!
PEX_TX5P,#REF!,unused_PEX_TX5P,#REF!,#REF!,#REF!,#REF!,#REF!,#REF!,#REF!,#REF!,#REF!,#REF!,,,,,,#REF!,#REF!,#REF!,#REF!,,,,,#REF!,,#REF!,,,,,,,,,,,,,unused_PEX_TX5P,,,,,,,,,,,,,UPHY_L5,#REF!,#REF!
PEX_TX5N,#REF!,unused_PEX_TX5N,#REF!,#REF!,#REF!,#REF!,#REF!,#REF!,#REF!,#REF!,#REF!,#REF!,,,,,,#REF!,#REF!,#REF!,#REF!,,,,,#REF!,,#REF!,,,,,,,,,,,,,unused_PEX_TX5N,,,,,,,,,,,,,UPHY_L5,#REF!,#REF!
PEX_RX6P,#REF!,unused_PEX_RX6P,#REF!,#REF!,#REF!,#REF!,#REF!,#REF!,#REF!,#REF!,#REF!,#REF!,,,,,,#REF!,#REF!,,,,,,,#REF!,,,,,,,,,,,,,,,unused_PEX_RX6P,,,,,,,,,,,,,UPHY_L6,#REF!,#REF!
PEX_RX6N,#REF!,unused_PEX_RX6N,#REF!,#REF!,#REF!,#REF!,#REF!,#REF!,#REF!,#REF!,#REF!,#REF!,,,,,,#REF!,#REF!,#REF!,#REF!,,,,,#REF!,,#REF!,,,,,,,,,,,,,unused_PEX_RX6N,,,,,,,,,,,,,UPHY_L6,#REF!,#REF!
PEX_TX6P,#REF!,unused_PEX_TX6P,#REF!,#REF!,#REF!,#REF!,#REF!,#REF!,#REF!,#REF!,#REF!,#REF!,,,,,,#REF!,#REF!,#REF!,#REF!,,,,,#REF!,,#REF!,,,,,,,,,,,,,unused_PEX_TX6P,,,,,,,,,,,,,UPHY_L6,#REF!,#REF!
PEX_TX6N,#REF!,unused_PEX_TX6N,#REF!,#REF!,#REF!,#REF!,#REF!,#REF!,#REF!,#REF!,#REF!,#REF!,,,,,,#REF!,#REF!,#REF!,#REF!,,,,,#REF!,,#REF!,,,,,,,,,,,,,unused_PEX_TX6N,,,,,,,,,,,,,UPHY_L6,#REF!,#REF!
PEX_RX7P,#REF!,unused_PEX_RX7P,#REF!,#REF!,#REF!,#REF!,#REF!,#REF!,#REF!,#REF!,#REF!,#REF!,,,,,,#REF!,#REF!,#REF!,#REF!,,,,,#REF!,,#REF!,,,,,,,,,,,,,unused_PEX_RX7P,,,,,,,,,,,,,UPHY_L7,#REF!,#REF!
PEX_RX7N,#REF!,unused_PEX_RX7N,#REF!,#REF!,#REF!,#REF!,#REF!,#REF!,#REF!,#REF!,#REF!,#REF!,,,,,,#REF!,#REF!,#REF!,#REF!,,,,,#REF!,,#REF!,,,,,,,,,,,,,unused_PEX_RX7N,,,,,,,,,,,,,UPHY_L7,#REF!,#REF!
PEX_TX7P,#REF!,unused_PEX_TX7P,#REF!,#REF!,#REF!,#REF!,#REF!,#REF!,#REF!,#REF!,#REF!,#REF!,,,,,,#REF!,#REF!,#REF!,#REF!,,,,,#REF!,,#REF!,,,,,,,,,,,,,unused_PEX_TX7P,,,,,,,,,,,,,UPHY_L7,#REF!,#REF!
PEX_TX7N,#REF!,unused_PEX_TX7N,#REF!,#REF!,#REF!,#REF!,#REF!,#REF!,#REF!,#REF!,#REF!,#REF!,,,,,,#REF!,#REF!,#REF!,#REF!,,,,,#REF!,,#REF!,,,,,,,,,,,,,unused_PEX_TX7N,,,,,,,,,,,,,UPHY_L7,#REF!,#REF!
PEX_PLL0_TERMP,#REF!,unused_PEX_PLL0_TERMP,#REF!,PEX_PLL0_TERMP,#REF!,#REF!,#REF!,#REF!,#REF!,#REF!,#REF!,#REF!,,,,,,#REF!,#REF!,#REF!,#REF!,,,,,#REF!,,#REF!,,,,,,,,,,,,,PEX_PLL0_TERMP,,,,,,,,,2.49K 1%,,,,UPHY_PLL0_TERMP,#REF!,#REF!
PEX_PLL1_TERMP,#REF!,unused_PEX_PLL1_TERMP,#REF!,PEX_PLL1_TERMP,#REF!,#REF!,#REF!,#REF!,#REF!,#REF!,#REF!,#REF!,,,,,,#REF!,#REF!,#REF!,#REF!,,,,,#REF!,,#REF!,,,,,,,,,,,,,PEX_PLL1_TERMP,,,,,,,,,2.49K 1%,,,,UPHY_PLL1_TERMP,#REF!,#REF!
PEX_PLL2_TERMP,#REF!,unused_PEX_PLL2_TERMP,#REF!,PEX_PLL2_TERMP,#REF!,#REF!,#REF!,#REF!,#REF!,#REF!,#REF!,#REF!,,,,,,#REF!,#REF!,#REF!,#REF!,,,,,#REF!,,#REF!,,,,,,,,,,,,,PEX_PLL2_TERMP,,,,,,,,,2.49K 1%,,,,UPHY_PLL2_TERMP,#REF!,#REF!
PEX_PLL3_TERMP,#REF!,unused_PEX_PLL3_TERMP,#REF!,PEX_PLL3_TERMP,#REF!,#REF!,#REF!,#REF!,#REF!,#REF!,#REF!,#REF!,,,,,,#REF!,#REF!,#REF!,#REF!,,,,,#REF!,,#REF!,,,,,,,,,,,,,PEX_PLL3_TERMP,,,,,,,,,2.49K 1%,,,,UPHY_PLL3_TERMP,#REF!,#REF!
NVHS0,UPHY1,,,,,,,,,,,,,,,,,,,,,,,,,,,,,,,,,,,,,,,,,,,,,,,,,,,1.0V,,NVHS0,VDDIO_UPHY1,
NVHS0_REFCLK0_P,#REF!,unused_NVHS0_REFCLK0_P,#REF!,#REF!,#REF!,#REF!,#REF!,#REF!,#REF!,#REF!,#REF!,#REF!,,,,,,#REF!,#REF!,#REF!,#REF!,,,,,#REF!,,#REF!,,,,,,,,,,,,,unused_NVHS0_REFCLK0_P,,,,,,,,,,,,,NVHS0_REFCLK0_P,#REF!,#REF!
NVHS0_REFCLK0_N,#REF!,unused_NVHS0_REFCLK0_N,#REF!,#REF!,#REF!,#REF!,#REF!,#REF!,#REF!,#REF!,#REF!,#REF!,,,,,,#REF!,#REF!,#REF!,#REF!,,,,,#REF!,,#REF!,,,,,,,,,,,,,unused_NVHS0_REFCLK0_N,,,,,,,,,,,,,NVHS0_REFCLK0_N,#REF!,#REF!
NVHS0_REFCLK1_P,#REF!,unused_NVHS0_REFCLK1_P,#REF!,#REF!,#REF!,#REF!,#REF!,#REF!,#REF!,#REF!,#REF!,#REF!,,,,,,#REF!,#REF!,#REF!,#REF!,,,,,#REF!,,#REF!,,,,,,,,,,,,,unused_NVHS0_REFCLK1_P,,,,,,,,,,,,,NVHS0_REFCLK1_P,#REF!,#REF!
NVHS0_REFCLK1_N,#REF!,unused_NVHS0_REFCLK1_N,#REF!,#REF!,#REF!,#REF!,#REF!,#REF!,#REF!,#REF!,#REF!,#REF!,,,,,,#REF!,#REF!,#REF!,#REF!,,,,,#REF!,,#REF!,,,,,,,,,,,,,unused_NVHS0_REFCLK1_N,,,,,,,,,,,,,NVHS0_REFCLK1_N,#REF!,#REF!
NVHS0_RX0P,#REF!,unused_NVHS0_RX0P,#REF!,#REF!,#REF!,#REF!,#REF!,#REF!,#REF!,#REF!,#REF!,#REF!,,,,,,#REF!,#REF!,#REF!,#REF!,,,,,#REF!,,#REF!,,,,,,,,,,,,,unused_NVHS0_RX0P,,,,,,,,,,,,,NVHS0_RX0P,#REF!,#REF!
NVHS0_RX0N,#REF!,unused_NVHS0_RX0N,#REF!,#REF!,#REF!,#REF!,#REF!,#REF!,#REF!,#REF!,#REF!,#REF!,,,,,,#REF!,#REF!,#REF!,#REF!,,,,,#REF!,,#REF!,,,,,,,,,,,,,unused_NVHS0_RX0N,,,,,,,,,,,,,NVHS0_RX0N,#REF!,#REF!
NVHS0_TX0P,#REF!,unused_NVHS0_TX0P,#REF!,#REF!,#REF!,#REF!,#REF!,#REF!,#REF!,#REF!,#REF!,#REF!,,,,,,#REF!,#REF!,#REF!,#REF!,,,,,#REF!,,#REF!,,,,,,,,,,,,,unused_NVHS0_TX0P,,,,,,,,,,,,,NVHS0_TX0P,#REF!,#REF!
NVHS0_TX0N,#REF!,unused_NVHS0_TX0N,#REF!,#REF!,#REF!,#REF!,#REF!,#REF!,#REF!,#REF!,#REF!,#REF!,,,,,,#REF!,#REF!,#REF!,#REF!,,,,,#REF!,,#REF!,,,,,,,,,,,,,unused_NVHS0_TX0N,,,,,,,,,,,,,NVHS0_TX0N,#REF!,#REF!
NVHS0_RX1P,#REF!,unused_NVHS0_RX1P,#REF!,#REF!,#REF!,#REF!,#REF!,#REF!,#REF!,#REF!,#REF!,#REF!,,,,,,#REF!,#REF!,#REF!,#REF!,,,,,#REF!,,#REF!,,,,,,,,,,,,,unused_NVHS0_RX1P,,,,,,,,,,,,,NVHS0_RX1P,#REF!,#REF!
NVHS0_RX1N,#REF!,unused_NVHS0_RX1N,#REF!,#REF!,#REF!,#REF!,#REF!,#REF!,#REF!,#REF!,#REF!,#REF!,,,,,,#REF!,#REF!,#REF!,#REF!,,,,,#REF!,,#REF!,,,,,,,,,,,,,unused_NVHS0_RX1N,,,,,,,,,,,,,NVHS0_RX1N,#REF!,#REF!
NVHS0_TX1P,#REF!,unused_NVHS0_TX1P,#REF!,#REF!,#REF!,#REF!,#REF!,#REF!,#REF!,#REF!,#REF!,#REF!,,,,,,#REF!,#REF!,#REF!,#REF!,,,,,#REF!,,#REF!,,,,,,,,,,,,,unused_NVHS0_TX1P,,,,,,,,,,,,,NVHS0_TX1P,#REF!,#REF!
NVHS0_TX1N,#REF!,unused_NVHS0_TX1N,#REF!,#REF!,#REF!,#REF!,#REF!,#REF!,#REF!,#REF!,#REF!,#REF!,,,,,,#REF!,#REF!,#REF!,#REF!,,,,,#REF!,,#REF!,,,,,,,,,,,,,unused_NVHS0_TX1N,,,,,,,,,,,,,NVHS0_TX1N,#REF!,#REF!
NVHS0_RX2P,#REF!,unused_NVHS0_RX2P,#REF!,#REF!,#REF!,#REF!,#REF!,#REF!,#REF!,#REF!,#REF!,#REF!,,,,,,#REF!,#REF!,#REF!,#REF!,,,,,#REF!,,#REF!,,,,,,,,,,,,,unused_NVHS0_RX2P,,,,,,,,,,,,,NVHS0_RX2P,#REF!,#REF!
NVHS0_RX2N,#REF!,unused_NVHS0_RX2N,#REF!,#REF!,#REF!,#REF!,#REF!,#REF!,#REF!,#REF!,#REF!,#REF!,,,,,,#REF!,#REF!,#REF!,#REF!,,,,,#REF!,,#REF!,,,,,,,,,,,,,unused_NVHS0_RX2N,,,,,,,,,,,,,NVHS0_RX2N,#REF!,#REF!
NVHS0_TX2P,#REF!,unused_NVHS0_TX2P,#REF!,#REF!,#REF!,#REF!,#REF!,#REF!,#REF!,#REF!,#REF!,#REF!,,,,,,#REF!,#REF!,#REF!,#REF!,,,,,#REF!,,#REF!,,,,,,,,,,,,,unused_NVHS0_TX2P,,,,,,,,,,,,,NVHS0_TX2P,#REF!,#REF!
NVHS0_TX2N,#REF!,unused_NVHS0_TX2N,#REF!,#REF!,#REF!,#REF!,#REF!,#REF!,#REF!,#REF!,#REF!,#REF!,,,,,,#REF!,#REF!,#REF!,#REF!,,,,,#REF!,,#REF!,,,,,,,,,,,,,unused_NVHS0_TX2N,,,,,,,,,,,,,NVHS0_TX2N,#REF!,#REF!
NVHS0_RX3P,#REF!,unused_NVHS0_RX3P,#REF!,#REF!,#REF!,#REF!,#REF!,#REF!,#REF!,#REF!,#REF!,#REF!,,,,,,#REF!,#REF!,#REF!,#REF!,,,,,#REF!,,#REF!,,,,,,,,,,,,,unused_NVHS0_RX3P,,,,,,,,,,,,,NVHS0_RX3P,#REF!,#REF!
NVHS0_RX3N,#REF!,unused_NVHS0_RX3N,#REF!,#REF!,#REF!,#REF!,#REF!,#REF!,#REF!,#REF!,#REF!,#REF!,,,,,,#REF!,#REF!,#REF!,#REF!,,,,,#REF!,,#REF!,,,,,,,,,,,,,unused_NVHS0_RX3N,,,,,,,,,,,,,NVHS0_RX3N,#REF!,#REF!
NVHS0_TX3P,#REF!,unused_NVHS0_TX3P,#REF!,#REF!,#REF!,#REF!,#REF!,#REF!,#REF!,#REF!,#REF!,#REF!,,,,,,#REF!,#REF!,#REF!,#REF!,,,,,#REF!,,#REF!,,,,,,,,,,,,,unused_NVHS0_TX3P,,,,,,,,,,,,,NVHS0_TX3P,#REF!,#REF!
NVHS0_TX3N,#REF!,unused_NVHS0_TX3N,#REF!,#REF!,#REF!,#REF!,#REF!,#REF!,#REF!,#REF!,#REF!,#REF!,,,,,,#REF!,#REF!,#REF!,#REF!,,,,,#REF!,,#REF!,,,,,,,,,,,,,unused_NVHS0_TX3N,,,,,,,,,,,,,NVHS0_TX3N,#REF!,#REF!
NVHS0_RX4P,#REF!,unused_NVHS0_RX4P,#REF!,#REF!,#REF!,#REF!,#REF!,#REF!,#REF!,#REF!,#REF!,#REF!,,,,,,#REF!,#REF!,#REF!,#REF!,,,,,#REF!,,#REF!,,,,,,,,,,,,,unused_NVHS0_RX4P,,,,,,,,,,,,,NVHS0_RX4P,#REF!,#REF!
NVHS0_RX4N,#REF!,unused_NVHS0_RX4N,#REF!,#REF!,#REF!,#REF!,#REF!,#REF!,#REF!,#REF!,#REF!,#REF!,,,,,,#REF!,#REF!,#REF!,#REF!,,,,,#REF!,,#REF!,,,,,,,,,,,,,unused_NVHS0_RX4N,,,,,,,,,,,,,NVHS0_RX4N,#REF!,#REF!
NVHS0_TX4P,#REF!,unused_NVHS0_TX4P,#REF!,#REF!,#REF!,#REF!,#REF!,#REF!,#REF!,#REF!,#REF!,#REF!,,,,,,#REF!,#REF!,#REF!,#REF!,,,,,#REF!,,#REF!,,,,,,,,,,,,,unused_NVHS0_TX4P,,,,,,,,,,,,,NVHS0_TX4P,#REF!,#REF!
NVHS0_TX4N,#REF!,unused_NVHS0_TX4N,#REF!,#REF!,#REF!,#REF!,#REF!,#REF!,#REF!,#REF!,#REF!,#REF!,,,,,,#REF!,#REF!,#REF!,#REF!,,,,,#REF!,,#REF!,,,,,,,,,,,,,unused_NVHS0_TX4N,,,,,,,,,,,,,NVHS0_TX4N,#REF!,#REF!
NVHS0_RX5P,#REF!,unused_NVHS0_RX5P,#REF!,#REF!,#REF!,#REF!,#REF!,#REF!,#REF!,#REF!,#REF!,#REF!,,,,,,#REF!,#REF!,#REF!,#REF!,,,,,#REF!,,#REF!,,,,,,,,,,,,,unused_NVHS0_RX5P,,,,,,,,,,,,,NVHS0_RX5P,#REF!,#REF!
NVHS0_RX5N,#REF!,unused_NVHS0_RX5N,#REF!,#REF!,#REF!,#REF!,#REF!,#REF!,#REF!,#REF!,#REF!,#REF!,,,,,,#REF!,#REF!,#REF!,#REF!,,,,,#REF!,,#REF!,,,,,,,,,,,,,unused_NVHS0_RX5N,,,,,,,,,,,,,NVHS0_RX5N,#REF!,#REF!
NVHS0_TX5P,#REF!,unused_NVHS0_TX5P,#REF!,#REF!,#REF!,#REF!,#REF!,#REF!,#REF!,#REF!,#REF!,#REF!,,,,,,#REF!,#REF!,#REF!,#REF!,,,,,#REF!,,#REF!,,,,,,,,,,,,,unused_NVHS0_TX5P,,,,,,,,,,,,,NVHS0_TX5P,#REF!,#REF!
NVHS0_TX5N,#REF!,unused_NVHS0_TX5N,#REF!,#REF!,#REF!,#REF!,#REF!,#REF!,#REF!,#REF!,#REF!,#REF!,,,,,,#REF!,#REF!,#REF!,#REF!,,,,,#REF!,,#REF!,,,,,,,,,,,,,unused_NVHS0_TX5N,,,,,,,,,,,,,NVHS0_TX5N,#REF!,#REF!
NVHS0_RX6P,#REF!,unused_NVHS0_RX6P,#REF!,#REF!,#REF!,#REF!,#REF!,#REF!,#REF!,#REF!,#REF!,#REF!,,,,,,#REF!,#REF!,#REF!,#REF!,,,,,#REF!,,#REF!,,,,,,,,,,,,,unused_NVHS0_RX6P,,,,,,,,,,,,,NVHS0_RX6P,#REF!,#REF!
NVHS0_RX6N,#REF!,unused_NVHS0_RX6N,#REF!,#REF!,#REF!,#REF!,#REF!,#REF!,#REF!,#REF!,#REF!,#REF!,,,,,,#REF!,#REF!,#REF!,#REF!,,,,,#REF!,,#REF!,,,,,,,,,,,,,unused_NVHS0_RX6N,,,,,,,,,,,,,NVHS0_RX6N,#REF!,#REF!
NVHS0_TX6P,#REF!,unused_NVHS0_TX6P,#REF!,#REF!,#REF!,#REF!,#REF!,#REF!,#REF!,#REF!,#REF!,#REF!,,,,,,#REF!,#REF!,,,,,,,#REF!,,,,,,,,,,,,,,,unused_NVHS0_TX6P,,,,,,,,,,,,,NVHS0_TX6P,#REF!,#REF!
NVHS0_TX6N,#REF!,unused_NVHS0_TX6N,#REF!,#REF!,#REF!,#REF!,#REF!,#REF!,#REF!,#REF!,#REF!,#REF!,,,,,,#REF!,#REF!,#REF!,#REF!,,,,,#REF!,,#REF!,,,,,,,,,,,,,unused_NVHS0_TX6N,,,,,,,,,,,,,NVHS0_TX6N,#REF!,#REF!
NVHS0_RX7P,#REF!,unused_NVHS0_RX7P,#REF!,#REF!,#REF!,#REF!,#REF!,#REF!,#REF!,#REF!,#REF!,#REF!,,,,,,#REF!,#REF!,#REF!,#REF!,,,,,#REF!,,#REF!,,,,,,,,,,,,,unused_NVHS0_RX7P,,,,,,,,,,,,,NVHS0_RX7P,#REF!,#REF!
NVHS0_RX7N,#REF!,unused_NVHS0_RX7N,#REF!,#REF!,#REF!,#REF!,#REF!,#REF!,#REF!,#REF!,#REF!,#REF!,,,,,,#REF!,#REF!,#REF!,#REF!,,,,,#REF!,,#REF!,,,,,,,,,,,,,unused_NVHS0_RX7N,,,,,,,,,,,,,NVHS0_RX7N,#REF!,#REF!
NVHS0_TX7P,#REF!,unused_NVHS0_TX7P,#REF!,#REF!,#REF!,#REF!,#REF!,#REF!,#REF!,#REF!,#REF!,#REF!,,,,,,#REF!,#REF!,#REF!,#REF!,,,,,#REF!,,#REF!,,,,,,,,,,,,,unused_NVHS0_TX7P,,,,,,,,,,,,,NVHS0_TX7P,#REF!,#REF!
NVHS0_TX7N,#REF!,unused_NVHS0_TX7N,#REF!,#REF!,#REF!,#REF!,#REF!,#REF!,#REF!,#REF!,#REF!,#REF!,,,,,,#REF!,#REF!,#REF!,#REF!,,,,,#REF!,,#REF!,,,,,,,,,,,,,unused_NVHS0_TX7N,,,,,,,,,,,,,NVHS0_TX7N,#REF!,#REF!
NVHS0_PLL0_TERMP,#REF!,unused_NVHS0_PLL0_TERMP,#REF!,NVHS0_PLL0_TERMP,#REF!,#REF!,#REF!,#REF!,#REF!,#REF!,#REF!,#REF!,,,,,,#REF!,#REF!,#REF!,#REF!,,,,,#REF!,,#REF!,,,,,,,,,,,,,NVHS0_PLL0_TERMP,,,,,,,,,2.49K 1%,,,,NVHS0_PLL0_TERMP,#REF!,#REF!
NVHS0_PLL1_TERMP,#REF!,unused_NVHS0_PLL1_TERMP,#REF!,NVHS0_PLL1_TERMP,#REF!,#REF!,#REF!,#REF!,#REF!,#REF!,#REF!,#REF!,,,,,,#REF!,#REF!,#REF!,#REF!,,,,,#REF!,,#REF!,,,,,,,,,,,,,NVHS0_PLL1_TERMP,,,,,,,,,2.49K 1%,,,,NVHS0_PLL1_TERMP,#REF!,#REF!
UPHY2,UPHY2,,,,,,,,,,,,,,,,,,,,,,,,,,,,,,,,,,,,,,,,,,,,,,,,,,,1.0V,,UPHY2,VDDIO_UPHY2,
UPHY2_REFCLK0P,#REF!,unused_UPHY2_REFCLK0P,#REF!,#REF!,#REF!,#REF!,#REF!,#REF!,#REF!,#REF!,#REF!,#REF!,,,,,,#REF!,#REF!,#REF!,#REF!,,,,,#REF!,,#REF!,,,,,,,,,,,,,unused_UPHY2_REFCLK0P,,,,,,,,,,,,,UPHY2_REFCLK0P,#REF!,#REF!
UPHY2_REFCLK0N,#REF!,unused_UPHY2_REFCLK0N,#REF!,#REF!,#REF!,#REF!,#REF!,#REF!,#REF!,#REF!,#REF!,#REF!,,,,,,#REF!,#REF!,#REF!,#REF!,,,,,#REF!,,#REF!,,,,,,,,,,,,,unused_UPHY2_REFCLK0N,,,,,,,,,,,,,UPHY2_REFCLK0N,#REF!,#REF!
UPHY2_REFCLK1P,#REF!,unused_UPHY2_REFCLK1P,#REF!,#REF!,#REF!,#REF!,#REF!,#REF!,#REF!,#REF!,#REF!,#REF!,,,,,,#REF!,#REF!,#REF!,#REF!,,,,,#REF!,,#REF!,,,,,,,,,,,,,unused_UPHY2_REFCLK1P,,,,,,,,,,,,,UPHY2_REFCLK1P,#REF!,#REF!
UPHY2_REFCLK1N,#REF!,unused_UPHY2_REFCLK1N,#REF!,#REF!,#REF!,#REF!,#REF!,#REF!,#REF!,#REF!,#REF!,#REF!,,,,,,#REF!,#REF!,#REF!,#REF!,,,,,#REF!,,#REF!,,,,,,,,,,,,,unused_UPHY2_REFCLK1N,,,,,,,,,,,,,UPHY2_REFCLK1N,#REF!,#REF!
UPHY2_REFCLK2P,#REF!,unused_UPHY2_REFCLK2P,#REF!,#REF!,#REF!,#REF!,#REF!,#REF!,#REF!,#REF!,#REF!,#REF!,,,,,,#REF!,#REF!,#REF!,#REF!,,,,,#REF!,,#REF!,,,,,,,,,,,,,unused_UPHY2_REFCLK2P,,,,,,,,,,,,,UPHY2_REFCLK2P,#REF!,#REF!
UPHY2_REFCLK2N,#REF!,unused_UPHY2_REFCLK2N,#REF!,#REF!,#REF!,#REF!,#REF!,#REF!,#REF!,#REF!,#REF!,#REF!,,,,,,#REF!,#REF!,#REF!,#REF!,,,,,#REF!,,#REF!,,,,,,,,,,,,,unused_UPHY2_REFCLK2N,,,,,,,,,,,,,UPHY2_REFCLK2N,#REF!,#REF!
UPHY2_RX0P,#REF!,unused_UPHY2_RX0P,#REF!,#REF!,#REF!,#REF!,#REF!,#REF!,#REF!,#REF!,#REF!,#REF!,,,,,,#REF!,#REF!,#REF!,#REF!,,,,,#REF!,,#REF!,,,,,,,,,,,,,unused_UPHY2_RX0P,,,,,,,,,,,,,UPHY2_RX0P,#REF!,#REF!
UPHY2_RX0N,#REF!,unused_UPHY2_RX0N,#REF!,#REF!,#REF!,#REF!,#REF!,#REF!,#REF!,#REF!,#REF!,#REF!,,,,,,#REF!,#REF!,#REF!,#REF!,,,,,#REF!,,#REF!,,,,,,,,,,,,,unused_UPHY2_RX0N,,,,,,,,,,,,,UPHY2_RX0N,#REF!,#REF!
UPHY2_TX0P,#REF!,unused_UPHY2_TX0P,#REF!,#REF!,#REF!,#REF!,#REF!,#REF!,#REF!,#REF!,#REF!,#REF!,,,,,,#REF!,#REF!,#REF!,#REF!,,,,,#REF!,,#REF!,,,,,,,,,,,,,unused_UPHY2_TX0P,,,,,,,,,,,,,UPHY2_TX0P,#REF!,#REF!
UPHY2_TX0N,#REF!,unused_UPHY2_TX0N,#REF!,#REF!,#REF!,#REF!,#REF!,#REF!,#REF!,#REF!,#REF!,#REF!,,,,,,#REF!,#REF!,#REF!,#REF!,,,,,#REF!,,#REF!,,,,,,,,,,,,,unused_UPHY2_TX0N,,,,,,,,,,,,,UPHY2_TX0N,#REF!,#REF!
UPHY2_RX1P,#REF!,unused_UPHY2_RX1P,#REF!,#REF!,#REF!,#REF!,#REF!,#REF!,#REF!,#REF!,#REF!,#REF!,,,,,,#REF!,#REF!,#REF!,#REF!,,,,,#REF!,,#REF!,,,,,,,,,,,,,unused_UPHY2_RX1P,,,,,,,,,,,,,UPHY2_RX1P,#REF!,#REF!
UPHY2_RX1N,#REF!,unused_UPHY2_RX1N,#REF!,#REF!,#REF!,#REF!,#REF!,#REF!,#REF!,#REF!,#REF!,#REF!,,,,,,#REF!,#REF!,#REF!,#REF!,,,,,#REF!,,#REF!,,,,,,,,,,,,,unused_UPHY2_RX1N,,,,,,,,,,,,,UPHY2_RX1N,#REF!,#REF!
UPHY2_TX1P,#REF!,unused_UPHY2_TX1P,#REF!,#REF!,#REF!,#REF!,#REF!,#REF!,#REF!,#REF!,#REF!,#REF!,,,,,,#REF!,#REF!,#REF!,#REF!,,,,,#REF!,,#REF!,,,,,,,,,,,,,unused_UPHY2_TX1P,,,,,,,,,,,,,UPHY2_TX1P,#REF!,#REF!
UPHY2_TX1N,#REF!,unused_UPHY2_TX1N,#REF!,#REF!,#REF!,#REF!,#REF!,#REF!,#REF!,#REF!,#REF!,#REF!,,,,,,#REF!,#REF!,#REF!,#REF!,,,,,#REF!,,#REF!,,,,,,,,,,,,,unused_UPHY2_TX1N,,,,,,,,,,,,,UPHY2_TX1N,#REF!,#REF!
UPHY2_RX2P,#REF!,unused_UPHY2_RX2P,#REF!,#REF!,#REF!,#REF!,#REF!,#REF!,#REF!,#REF!,#REF!,#REF!,,,,,,#REF!,#REF!,#REF!,#REF!,,,,,#REF!,,#REF!,,,,,,,,,,,,,unused_UPHY2_RX2P,,,,,,,,,,,,,UPHY2_RX2P,#REF!,#REF!
UPHY2_RX2N,#REF!,unused_UPHY2_RX2N,#REF!,#REF!,#REF!,#REF!,#REF!,#REF!,#REF!,#REF!,#REF!,#REF!,,,,,,#REF!,#REF!,#REF!,#REF!,,,,,#REF!,,#REF!,,,,,,,,,,,,,unused_UPHY2_RX2N,,,,,,,,,,,,,UPHY2_RX2N,#REF!,#REF!
UPHY2_TX2P,#REF!,unused_UPHY2_TX2P,#REF!,#REF!,#REF!,#REF!,#REF!,#REF!,#REF!,#REF!,#REF!,#REF!,,,,,,#REF!,#REF!,#REF!,#REF!,,,,,#REF!,,#REF!,,,,,,,,,,,,,unused_UPHY2_TX2P,,,,,,,,,,,,,UPHY2_TX2P,#REF!,#REF!
UPHY2_TX2N,#REF!,unused_UPHY2_TX2N,#REF!,#REF!,#REF!,#REF!,#REF!,#REF!,#REF!,#REF!,#REF!,#REF!,,,,,,#REF!,#REF!,#REF!,#REF!,,,,,#REF!,,#REF!,,,,,,,,,,,,,unused_UPHY2_TX2N,,,,,,,,,,,,,UPHY2_TX2N,#REF!,#REF!
UPHY2_RX3P,#REF!,unused_UPHY2_RX3P,#REF!,#REF!,#REF!,#REF!,#REF!,#REF!,#REF!,#REF!,#REF!,#REF!,,,,,,#REF!,#REF!,#REF!,#REF!,,,,,#REF!,,#REF!,,,,,,,,,,,,,unused_UPHY2_RX3P,,,,,,,,,,,,,UPHY2_RX3P,#REF!,#REF!
UPHY2_RX3N,#REF!,unused_UPHY2_RX3N,#REF!,#REF!,#REF!,#REF!,#REF!,#REF!,#REF!,#REF!,#REF!,#REF!,,,,,,#REF!,#REF!,#REF!,#REF!,,,,,#REF!,,#REF!,,,,,,,,,,,,,unused_UPHY2_RX3N,,,,,,,,,,,,,UPHY2_RX3N,#REF!,#REF!
UPHY2_TX3P,#REF!,unused_UPHY2_TX3P,#REF!,#REF!,#REF!,#REF!,#REF!,#REF!,#REF!,#REF!,#REF!,#REF!,,,,,,#REF!,#REF!,#REF!,#REF!,,,,,#REF!,,#REF!,,,,,,,,,,,,,unused_UPHY2_TX3P,,,,,,,,,,,,,UPHY2_TX3P,#REF!,#REF!
UPHY2_TX3N,#REF!,unused_UPHY2_TX3N,#REF!,#REF!,#REF!,#REF!,#REF!,#REF!,#REF!,#REF!,#REF!,#REF!,,,,,,#REF!,#REF!,#REF!,#REF!,,,,,#REF!,,#REF!,,,,,,,,,,,,,unused_UPHY2_TX3N,,,,,,,,,,,,,UPHY2_TX3N,#REF!,#REF!
UPHY2_RX4P,#REF!,unused_UPHY2_RX4P,#REF!,#REF!,#REF!,#REF!,#REF!,#REF!,#REF!,#REF!,#REF!,#REF!,,,,,,#REF!,#REF!,#REF!,#REF!,,,,,#REF!,,#REF!,,,,,,,,,,,,,unused_UPHY2_RX4P,,,,,,,,,,,,,UPHY2_RX4P,#REF!,#REF!
UPHY2_RX4N,#REF!,unused_UPHY2_RX4N,#REF!,#REF!,#REF!,#REF!,#REF!,#REF!,#REF!,#REF!,#REF!,#REF!,,,,,,#REF!,#REF!,#REF!,#REF!,,,,,#REF!,,#REF!,,,,,,,,,,,,,unused_UPHY2_RX4N,,,,,,,,,,,,,UPHY2_RX4N,#REF!,#REF!
UPHY2_TX4P,#REF!,unused_UPHY2_TX4P,#REF!,#REF!,#REF!,#REF!,#REF!,#REF!,#REF!,#REF!,#REF!,#REF!,,,,,,#REF!,#REF!,#REF!,#REF!,,,,,#REF!,,#REF!,,,,,,,,,,,,,unused_UPHY2_TX4P,,,,,,,,,,,,,UPHY2_TX4P,#REF!,#REF!
UPHY2_TX4N,#REF!,unused_UPHY2_TX4N,#REF!,#REF!,#REF!,#REF!,#REF!,#REF!,#REF!,#REF!,#REF!,#REF!,,,,,,#REF!,#REF!,#REF!,#REF!,,,,,#REF!,,#REF!,,,,,,,,,,,,,unused_UPHY2_TX4N,,,,,,,,,,,,,UPHY2_TX4N,#REF!,#REF!
UPHY2_RX5P,#REF!,unused_UPHY2_RX5P,#REF!,#REF!,#REF!,#REF!,#REF!,#REF!,#REF!,#REF!,#REF!,#REF!,,,,,,#REF!,#REF!,#REF!,#REF!,,,,,#REF!,,#REF!,,,,,,,,,,,,,unused_UPHY2_RX5P,,,,,,,,,,,,,UPHY2_RX5P,#REF!,#REF!
UPHY2_RX5N,#REF!,unused_UPHY2_RX5N,#REF!,#REF!,#REF!,#REF!,#REF!,#REF!,#REF!,#REF!,#REF!,#REF!,,,,,,#REF!,#REF!,#REF!,#REF!,,,,,#REF!,,#REF!,,,,,,,,,,,,,unused_UPHY2_RX5N,,,,,,,,,,,,,UPHY2_RX5N,#REF!,#REF!
UPHY2_TX5P,#REF!,unused_UPHY2_TX5P,#REF!,#REF!,#REF!,#REF!,#REF!,#REF!,#REF!,#REF!,#REF!,#REF!,,,,,,#REF!,#REF!,#REF!,#REF!,,,,,#REF!,,#REF!,,,,,,,,,,,,,unused_UPHY2_TX5P,,,,,,,,,,,,,UPHY2_TX5P,#REF!,#REF!
UPHY2_TX5N,#REF!,unused_UPHY2_TX5N,#REF!,#REF!,#REF!,#REF!,#REF!,#REF!,#REF!,#REF!,#REF!,#REF!,,,,,,#REF!,#REF!,#REF!,#REF!,,,,,#REF!,,#REF!,,,,,,,,,,,,,unused_UPHY2_TX5N,,,,,,,,,,,,,UPHY2_TX5N,#REF!,#REF!
UPHY2_RX6P,#REF!,unused_UPHY2_RX6P,#REF!,#REF!,#REF!,#REF!,#REF!,#REF!,#REF!,#REF!,#REF!,#REF!,,,,,,#REF!,#REF!,#REF!,#REF!,,,,,#REF!,,#REF!,,,,,,,,,,,,,unused_UPHY2_RX6P,,,,,,,,,,,,,UPHY2_RX6P,#REF!,#REF!
UPHY2_RX6N,#REF!,unused_UPHY2_RX6N,#REF!,#REF!,#REF!,#REF!,#REF!,#REF!,#REF!,#REF!,#REF!,#REF!,,,,,,#REF!,#REF!,#REF!,#REF!,,,,,#REF!,,#REF!,,,,,,,,,,,,,unused_UPHY2_RX6N,,,,,,,,,,,,,UPHY2_RX6N,#REF!,#REF!
UPHY2_TX6P,#REF!,unused_UPHY2_TX6P,#REF!,#REF!,#REF!,#REF!,#REF!,#REF!,#REF!,#REF!,#REF!,#REF!,,,,,,#REF!,#REF!,,,,,,,#REF!,,,,,,,,,,,,,,,unused_UPHY2_TX6P,,,,,,,,,,,,,UPHY2_TX6P,#REF!,#REF!
UPHY2_TX6N,#REF!,unused_UPHY2_TX6N,#REF!,#REF!,#REF!,#REF!,#REF!,#REF!,#REF!,#REF!,#REF!,#REF!,,,,,,#REF!,#REF!,#REF!,#REF!,,,,,#REF!,,#REF!,,,,,,,,,,,,,unused_UPHY2_TX6N,,,,,,,,,,,,,UPHY2_TX6N,#REF!,#REF!
UPHY2_RX7P,#REF!,unused_UPHY2_RX7P,#REF!,#REF!,#REF!,#REF!,#REF!,#REF!,#REF!,#REF!,#REF!,#REF!,,,,,,#REF!,#REF!,#REF!,#REF!,,,,,#REF!,,#REF!,,,,,,,,,,,,,unused_UPHY2_RX7P,,,,,,,,,,,,,UPHY2_RX7P,#REF!,#REF!
UPHY2_RX7N,#REF!,unused_UPHY2_RX7N,#REF!,#REF!,#REF!,#REF!,#REF!,#REF!,#REF!,#REF!,#REF!,#REF!,,,,,,#REF!,#REF!,#REF!,#REF!,,,,,#REF!,,#REF!,,,,,,,,,,,,,unused_UPHY2_RX7N,,,,,,,,,,,,,UPHY2_RX7N,#REF!,#REF!
UPHY2_TX7P,#REF!,unused_UPHY2_TX7P,#REF!,#REF!,#REF!,#REF!,#REF!,#REF!,#REF!,#REF!,#REF!,#REF!,,,,,,#REF!,#REF!,#REF!,#REF!,,,,,#REF!,,#REF!,,,,,,,,,,,,,unused_UPHY2_TX7P,,,,,,,,,,,,,UPHY2_TX7P,#REF!,#REF!
UPHY2_TX7N,#REF!,unused_UPHY2_TX7N,#REF!,#REF!,#REF!,#REF!,#REF!,#REF!,#REF!,#REF!,#REF!,#REF!,,,,,,#REF!,#REF!,#REF!,#REF!,,,,,#REF!,,#REF!,,,,,,,,,,,,,unused_UPHY2_TX7N,,,,,,,,,,,,,UPHY2_TX7N,#REF!,#REF!
UPHY2_PLL1_TERMP,#REF!,unused_UPHY2_PLL1_TERMP,#REF!,UPHY2_PLL0_TERMP,#REF!,#REF!,#REF!,#REF!,#REF!,#REF!,#REF!,#REF!,,,,,,#REF!,#REF!,#REF!,#REF!,,,,,#REF!,,#REF!,,,,,,,,,,,,,UPHY2_PLL0_TERMP,,,,,,,,,2.49K 1%,,,,UPHY2_PLL0_TERMP,#REF!,#REF!
UPHY2_PLL2_TERMP,#REF!,unused_UPHY2_PLL2_TERMP,#REF!,UPHY2_PLL1_TERMP,#REF!,#REF!,#REF!,#REF!,#REF!,#REF!,#REF!,#REF!,,,,,,#REF!,#REF!,#REF!,#REF!,,,,,#REF!,,#REF!,,,,,,,,,,,,,UPHY2_PLL1_TERMP,,,,,,,,,2.49K 1%,,,,UPHY2_PLL1_TERMP,#REF!,#REF!
UPHY2_PLL0_TERMP,#REF!,unused_UPHY2_PLL0_TERMP,#REF!,UPHY2_PLL1_TERMP,#REF!,#REF!,#REF!,#REF!,#REF!,#REF!,#REF!,#REF!,,,,,,#REF!,#REF!,#REF!,#REF!,,,,,#REF!,,#REF!,,,,,,,,,,,,,UPHY2_PLL1_TERMP,,,,,,,,,2.49K 1%,,,,UPHY2_PLL2_TERMP,#REF!,#REF!
DDR0,DDR,,,,,,,,,,,,,,,,,,,,,,,,,,,,,,,,,,,,,,,,,,,,,,,,,,,0.6V,,DDR0,DDR,
DDR_XM0_B0D0,#REF!,unused_DDR_XM0_B0D0,#REF!,#REF!,#REF!,#REF!,#REF!,#REF!,#REF!,#REF!,#REF!,#REF!,,,,,,#REF!,#REF!,#REF!,#REF!,,,,,#REF!,,#REF!,,,,,,,,,,,,,DDR_XM0_B0D[0],,,,,,,,,,,,,DDR_0AB_DQ0,#REF!,#REF!
DDR_XM0_B0D1,#REF!,unused_DDR_XM0_B0D1,#REF!,#REF!,#REF!,#REF!,#REF!,#REF!,#REF!,#REF!,#REF!,#REF!,,,,,,#REF!,#REF!,#REF!,#REF!,,,,,#REF!,,#REF!,,,,,,,,,,,,,DDR_XM0_B0D[1],,,,,,,,,,,,,DDR_0AB_DQ1,#REF!,#REF!
DDR_XM0_B0D2,#REF!,unused_DDR_XM0_B0D2,#REF!,#REF!,#REF!,#REF!,#REF!,#REF!,#REF!,#REF!,#REF!,#REF!,,,,,,#REF!,#REF!,#REF!,#REF!,,,,,#REF!,,#REF!,,,,,,,,,,,,,DDR_XM0_B0D[2],,,,,,,,,,,,,DDR_0AB_DQ2,#REF!,#REF!
DDR_XM0_B0D3,#REF!,unused_DDR_XM0_B0D3,#REF!,#REF!,#REF!,#REF!,#REF!,#REF!,#REF!,#REF!,#REF!,#REF!,,,,,,#REF!,#REF!,#REF!,#REF!,,,,,#REF!,,#REF!,,,,,,,,,,,,,DDR_XM0_B0D[3],,,,,,,,,,,,,DDR_0AB_DQ3,#REF!,#REF!
DDR_XM0_B0D4,#REF!,unused_DDR_XM0_B0D4,#REF!,#REF!,#REF!,#REF!,#REF!,#REF!,#REF!,#REF!,#REF!,#REF!,,,,,,#REF!,#REF!,#REF!,#REF!,,,,,#REF!,,#REF!,,,,,,,,,,,,,DDR_XM0_B0D[4],,,,,,,,,,,,,DDR_0AB_DQ4,#REF!,#REF!
DDR_XM0_B0D5,#REF!,unused_DDR_XM0_B0D5,#REF!,#REF!,#REF!,#REF!,#REF!,#REF!,#REF!,#REF!,#REF!,#REF!,,,,,,#REF!,#REF!,#REF!,#REF!,,,,,#REF!,,#REF!,,,,,,,,,,,,,DDR_XM0_B0D[5],,,,,,,,,,,,,DDR_0AB_DQ5,#REF!,#REF!
DDR_XM0_B0D6,#REF!,unused_DDR_XM0_B0D6,#REF!,#REF!,#REF!,#REF!,#REF!,#REF!,#REF!,#REF!,#REF!,#REF!,,,,,,#REF!,#REF!,#REF!,#REF!,,,,,#REF!,,#REF!,,,,,,,,,,,,,DDR_XM0_B0D[6],,,,,,,,,,,,,DDR_0AB_DQ6,#REF!,#REF!
DDR_XM0_B0D7,#REF!,unused_DDR_XM0_B0D7,#REF!,#REF!,#REF!,#REF!,#REF!,#REF!,#REF!,#REF!,#REF!,#REF!,,,,,,#REF!,#REF!,#REF!,#REF!,,,,,#REF!,,#REF!,,,,,,,,,,,,,DDR_XM0_B0D[7],,,,,,,,,,,,,DDR_0AB_DQ7,#REF!,#REF!
DDR_XM0_B0DMI,#REF!,unused_DDR_XM0_B0DMI,#REF!,#REF!,#REF!,#REF!,#REF!,#REF!,#REF!,#REF!,#REF!,#REF!,,,,,,#REF!,#REF!,#REF!,#REF!,,,,,#REF!,,#REF!,,,,,,,,,,,,,DDR_XM0_B0DMI,,,,,,,,,,,,,DDR_0AB_DMI0,#REF!,#REF!
DDR_XM0_B0WCK_P,#REF!,unused_DDR_XM0_B0WCK_P,#REF!,#REF!,#REF!,#REF!,#REF!,#REF!,#REF!,#REF!,#REF!,#REF!,,,,,,#REF!,#REF!,#REF!,#REF!,,,,,#REF!,,#REF!,,,,,,,,,,,,,DDR_XM0_B0WCK_P,,,,,,,,,,,,,DDR_0AB_WCK0_P,#REF!,#REF!
DDR_XM0_B0WCK_N,#REF!,unused_DDR_XM0_B0WCK_N,#REF!,#REF!,#REF!,#REF!,#REF!,#REF!,#REF!,#REF!,#REF!,#REF!,,,,,,#REF!,#REF!,#REF!,#REF!,,,,,#REF!,,#REF!,,,,,,,,,,,,,DDR_XM0_B0WCK_N,,,,,,,,,,,,,DDR_0AB_WCK0_N,#REF!,#REF!
DDR_XM0_B0RDQS_P,#REF!,unused_DDR_XM0_B0RDQS_P,#REF!,#REF!,#REF!,#REF!,#REF!,#REF!,#REF!,#REF!,#REF!,#REF!,,,,,,#REF!,#REF!,#REF!,#REF!,,,,,#REF!,,#REF!,,,,,,,,,,,,,DDR_XM0_B0RDQS_P,,,,,,,,,,,,,DDR_0AB_RDQS0_P,#REF!,#REF!
DDR_XM0_B0RDQS_N,#REF!,unused_DDR_XM0_B0RDQS_N,#REF!,#REF!,#REF!,#REF!,#REF!,#REF!,#REF!,#REF!,#REF!,#REF!,,,,,,#REF!,#REF!,#REF!,#REF!,,,,,#REF!,,#REF!,,,,,,,,,,,,,DDR_XM0_B0RDQS_N,,,,,,,,,,,,,DDR_0AB_RDQS0_N,#REF!,#REF!
DDR_XM0_B1D0,#REF!,unused_DDR_XM0_B1D0,#REF!,#REF!,#REF!,#REF!,#REF!,#REF!,#REF!,#REF!,#REF!,#REF!,,,,,,#REF!,#REF!,#REF!,#REF!,,,,,#REF!,,#REF!,,,,,,,,,,,,,DDR_XM0_B1D[0],,,,,,,,,,,,,DDR_0AB_DQ8,#REF!,#REF!
DDR_XM0_B1D1,#REF!,unused_DDR_XM0_B1D1,#REF!,#REF!,#REF!,#REF!,#REF!,#REF!,#REF!,#REF!,#REF!,#REF!,,,,,,#REF!,#REF!,#REF!,#REF!,,,,,#REF!,,#REF!,,,,,,,,,,,,,DDR_XM0_B1D[1],,,,,,,,,,,,,DDR_0AB_DQ9,#REF!,#REF!
DDR_XM0_B1D2,#REF!,unused_DDR_XM0_B1D2,#REF!,#REF!,#REF!,#REF!,#REF!,#REF!,#REF!,#REF!,#REF!,#REF!,,,,,,#REF!,#REF!,#REF!,#REF!,,,,,#REF!,,#REF!,,,,,,,,,,,,,DDR_XM0_B1D[2],,,,,,,,,,,,,DDR_0AB_DQ10,#REF!,#REF!
DDR_XM0_B1D3,#REF!,unused_DDR_XM0_B1D3,#REF!,#REF!,#REF!,#REF!,#REF!,#REF!,#REF!,#REF!,#REF!,#REF!,,,,,,#REF!,#REF!,#REF!,#REF!,,,,,#REF!,,#REF!,,,,,,,,,,,,,DDR_XM0_B1D[3],,,,,,,,,,,,,DDR_0AB_DQ11,#REF!,#REF!
DDR_XM0_B1D4,#REF!,unused_DDR_XM0_B1D4,#REF!,#REF!,#REF!,#REF!,#REF!,#REF!,#REF!,#REF!,#REF!,#REF!,,,,,,#REF!,#REF!,#REF!,#REF!,,,,,#REF!,,#REF!,,,,,,,,,,,,,DDR_XM0_B1D[4],,,,,,,,,,,,,DDR_0AB_DQ12,#REF!,#REF!
DDR_XM0_B1D5,#REF!,unused_DDR_XM0_B1D5,#REF!,#REF!,#REF!,#REF!,#REF!,#REF!,#REF!,#REF!,#REF!,#REF!,,,,,,#REF!,#REF!,#REF!,#REF!,,,,,#REF!,,#REF!,,,,,,,,,,,,,DDR_XM0_B1D[5],,,,,,,,,,,,,DDR_0AB_DQ13,#REF!,#REF!
DDR_XM0_B1D6,#REF!,unused_DDR_XM0_B1D6,#REF!,#REF!,#REF!,#REF!,#REF!,#REF!,#REF!,#REF!,#REF!,#REF!,,,,,,#REF!,#REF!,#REF!,#REF!,,,,,#REF!,,#REF!,,,,,,,,,,,,,DDR_XM0_B1D[6],,,,,,,,,,,,,DDR_0AB_DQ14,#REF!,#REF!
DDR_XM0_B1D7,#REF!,unused_DDR_XM0_B1D7,#REF!,#REF!,#REF!,#REF!,#REF!,#REF!,#REF!,#REF!,#REF!,#REF!,,,,,,#REF!,#REF!,#REF!,#REF!,,,,,#REF!,,#REF!,,,,,,,,,,,,,DDR_XM0_B1D[7],,,,,,,,,,,,,DDR_0AB_DQ15,#REF!,#REF!
DDR_XM0_B1DMI,#REF!,unused_DDR_XM0_B1DMI,#REF!,#REF!,#REF!,#REF!,#REF!,#REF!,#REF!,#REF!,#REF!,#REF!,,,,,,#REF!,#REF!,#REF!,#REF!,,,,,#REF!,,#REF!,,,,,,,,,,,,,DDR_XM0_B1DMI,,,,,,,,,,,,,DDR_0AB_DMI1,#REF!,#REF!
DDR_XM0_B1WCK_P,#REF!,unused_DDR_XM0_B1WCK_P,#REF!,#REF!,#REF!,#REF!,#REF!,#REF!,#REF!,#REF!,#REF!,#REF!,,,,,,#REF!,#REF!,#REF!,#REF!,,,,,#REF!,,#REF!,,,,,,,,,,,,,DDR_XM0_B1WCK_P,,,,,,,,,,,,,DDR_0AB_WCK1_P,#REF!,#REF!
DDR_XM0_B1WCK_N,#REF!,unused_DDR_XM0_B1WCK_N,#REF!,#REF!,#REF!,#REF!,#REF!,#REF!,#REF!,#REF!,#REF!,#REF!,,,,,,#REF!,#REF!,#REF!,#REF!,,,,,#REF!,,#REF!,,,,,,,,,,,,,DDR_XM0_B1WCK_N,,,,,,,,,,,,,DDR_0AB_WCK1_N,#REF!,#REF!
DDR_XM0_B1RDQS_P,#REF!,unused_DDR_XM0_B1RDQS_P,#REF!,#REF!,#REF!,#REF!,#REF!,#REF!,#REF!,#REF!,#REF!,#REF!,,,,,,#REF!,#REF!,#REF!,#REF!,,,,,#REF!,,#REF!,,,,,,,,,,,,,DDR_XM0_B1RDQS_P,,,,,,,,,,,,,DDR_0AB_RDQS1_P,#REF!,#REF!
DDR_XM0_B1RDQS_N,#REF!,unused_DDR_XM0_B1RDQS_N,#REF!,#REF!,#REF!,#REF!,#REF!,#REF!,#REF!,#REF!,#REF!,#REF!,,,,,,#REF!,#REF!,#REF!,#REF!,,,,,#REF!,,#REF!,,,,,,,,,,,,,DDR_XM0_B1RDQS_N,,,,,,,,,,,,,DDR_0AB_RDQS1_N,#REF!,#REF!
DDR_XM0_B2A_CA0,#REF!,unused_DDR_XM0_B2A_CA0,#REF!,#REF!,#REF!,#REF!,#REF!,#REF!,#REF!,#REF!,#REF!,#REF!,,,,,,#REF!,#REF!,#REF!,#REF!,,,,,#REF!,,#REF!,,,,,,,,,,,,,DDR_XM0_B2A_CA[0],,,,,,,,,,,,,DDR_0A_CA0,#REF!,#REF!
DDR_XM0_B2A_CA1,#REF!,unused_DDR_XM0_B2A_CA1,#REF!,#REF!,#REF!,#REF!,#REF!,#REF!,#REF!,#REF!,#REF!,#REF!,,,,,,#REF!,#REF!,#REF!,#REF!,,,,,#REF!,,#REF!,,,,,,,,,,,,,DDR_XM0_B2A_CA[1],,,,,,,,,,,,,DDR_0A_CA1,#REF!,#REF!
DDR_XM0_B2A_CA2,#REF!,unused_DDR_XM0_B2A_CA2,#REF!,#REF!,#REF!,#REF!,#REF!,#REF!,#REF!,#REF!,#REF!,#REF!,,,,,,#REF!,#REF!,#REF!,#REF!,,,,,#REF!,,#REF!,,,,,,,,,,,,,DDR_XM0_B2A_CA[2],,,,,,,,,,,,,DDR_0A_CA2,#REF!,#REF!
DDR_XM0_B2A_CA3,#REF!,unused_DDR_XM0_B2A_CA3,#REF!,#REF!,#REF!,#REF!,#REF!,#REF!,#REF!,#REF!,#REF!,#REF!,,,,,,#REF!,#REF!,#REF!,#REF!,,,,,#REF!,,#REF!,,,,,,,,,,,,,DDR_XM0_B2A_CA[3],,,,,,,,,,,,,DDR_0A_CA3,#REF!,#REF!
DDR_XM0_B2A_CA4,#REF!,unused_DDR_XM0_B2A_CA4,#REF!,#REF!,#REF!,#REF!,#REF!,#REF!,#REF!,#REF!,#REF!,#REF!,,,,,,#REF!,#REF!,#REF!,#REF!,,,,,#REF!,,#REF!,,,,,,,,,,,,,DDR_XM0_B2A_CA[4],,,,,,,,,,,,,DDR_0A_CA4,#REF!,#REF!
DDR_XM0_B2A_CA5,#REF!,unused_DDR_XM0_B2A_CA5,#REF!,#REF!,#REF!,#REF!,#REF!,#REF!,#REF!,#REF!,#REF!,#REF!,,,,,,#REF!,#REF!,#REF!,#REF!,,,,,#REF!,,#REF!,,,,,,,,,,,,,DDR_XM0_B2A_CA[5],,,,,,,,,,,,,DDR_0A_CA5,#REF!,#REF!
DDR_XM0_B2A_CA6,#REF!,unused_DDR_XM0_B2A_CA6,#REF!,#REF!,#REF!,#REF!,#REF!,#REF!,#REF!,#REF!,#REF!,#REF!,,,,,,#REF!,#REF!,#REF!,#REF!,,,,,#REF!,,#REF!,,,,,,,,,,,,,DDR_XM0_B2A_CA[6],,,,,,,,,,,,,DDR_0A_CA6,#REF!,#REF!
DDR_XM0_B2B_CA0,#REF!,unused_DDR_XM0_B2B_CA0,#REF!,#REF!,#REF!,#REF!,#REF!,#REF!,#REF!,#REF!,#REF!,#REF!,,,,,,#REF!,#REF!,#REF!,#REF!,,,,,#REF!,,#REF!,,,,,,,,,,,,,DDR_XM0_B2B_CA[0],,,,,,,,,,,,,DDR_0B_CA0,#REF!,#REF!
DDR_XM0_B2B_CA1,#REF!,unused_DDR_XM0_B2B_CA1,#REF!,#REF!,#REF!,#REF!,#REF!,#REF!,#REF!,#REF!,#REF!,#REF!,,,,,,#REF!,#REF!,#REF!,#REF!,,,,,#REF!,,#REF!,,,,,,,,,,,,,DDR_XM0_B2B_CA[1],,,,,,,,,,,,,DDR_0B_CA1,#REF!,#REF!
DDR_XM0_B2B_CA2,#REF!,unused_DDR_XM0_B2B_CA2,#REF!,#REF!,#REF!,#REF!,#REF!,#REF!,#REF!,#REF!,#REF!,#REF!,,,,,,#REF!,#REF!,#REF!,#REF!,,,,,#REF!,,#REF!,,,,,,,,,,,,,DDR_XM0_B2B_CA[2],,,,,,,,,,,,,DDR_0B_CA2,#REF!,#REF!
DDR_XM0_B2B_CA3,#REF!,unused_DDR_XM0_B2B_CA3,#REF!,#REF!,#REF!,#REF!,#REF!,#REF!,#REF!,#REF!,#REF!,#REF!,,,,,,#REF!,#REF!,#REF!,#REF!,,,,,#REF!,,#REF!,,,,,,,,,,,,,DDR_XM0_B2B_CA[3],,,,,,,,,,,,,DDR_0B_CA3,#REF!,#REF!
DDR_XM0_B2B_CA4,#REF!,unused_DDR_XM0_B2B_CA4,#REF!,#REF!,#REF!,#REF!,#REF!,#REF!,#REF!,#REF!,#REF!,#REF!,,,,,,#REF!,#REF!,#REF!,#REF!,,,,,#REF!,,#REF!,,,,,,,,,,,,,DDR_XM0_B2B_CA[4],,,,,,,,,,,,,DDR_0B_CA4,#REF!,#REF!
DDR_XM0_B2B_CA5,#REF!,unused_DDR_XM0_B2B_CA5,#REF!,#REF!,#REF!,#REF!,#REF!,#REF!,#REF!,#REF!,#REF!,#REF!,,,,,,#REF!,#REF!,#REF!,#REF!,,,,,#REF!,,#REF!,,,,,,,,,,,,,DDR_XM0_B2B_CA[5],,,,,,,,,,,,,DDR_0B_CA5,#REF!,#REF!
DDR_XM0_B2B_CA6,#REF!,unused_DDR_XM0_B2B_CA6,#REF!,#REF!,#REF!,#REF!,#REF!,#REF!,#REF!,#REF!,#REF!,#REF!,,,,,,#REF!,#REF!,#REF!,#REF!,,,,,#REF!,,#REF!,,,,,,,,,,,,,DDR_XM0_B2B_CA[6],,,,,,,,,,,,,DDR_0B_CA6,#REF!,#REF!
DDR_XM0_B2A_CS_CKE0,#REF!,unused_DDR_XM0_B2A_CS_CKE0,#REF!,#REF!,,#REF!,#REF!,#REF!,#REF!,#REF!,#REF!,#REF!,,,,,,#REF!,#REF!,#REF!,#REF!,,,,,#REF!,,#REF!,,,,,,,,,,,,,DDR_XM0_B2A_CS_CKE0,,,,,,,,,,,,,DDR_0A_CS0,#REF!,#REF!
DDR_XM0_B2A_CS_CKE1,#REF!,unused_DDR_XM0_B2A_CS_CKE1,#REF!,#REF!,,#REF!,#REF!,#REF!,#REF!,#REF!,#REF!,#REF!,,,,,,#REF!,#REF!,#REF!,#REF!,,,,,#REF!,,#REF!,,,,,,,,,,,,,DDR_XM0_B2A_CS_CKE1,,,,,,,,,,,,,DDR_0A_CS1,#REF!,#REF!
DDR_XM0_B2B_CS_CKE0,#REF!,unused_DDR_XM0_B2B_CS_CKE0,#REF!,#REF!,,#REF!,#REF!,#REF!,#REF!,#REF!,#REF!,#REF!,,,,,,#REF!,#REF!,#REF!,#REF!,,,,,#REF!,,#REF!,,,,,,,,,,,,,DDR_XM0_B2B_CS_CKE0,,,,,,,,,,,,,DDR_0B_CS0,#REF!,#REF!
DDR_XM0_B2B_CS_CKE1,#REF!,unused_DDR_XM0_B2B_CS_CKE1,#REF!,#REF!,,#REF!,#REF!,#REF!,#REF!,#REF!,#REF!,#REF!,,,,,,#REF!,#REF!,#REF!,#REF!,,,,,#REF!,,#REF!,,,,,,,,,,,,,DDR_XM0_B2B_CS_CKE1,,,,,,,,,,,,,DDR_0B_CS1,#REF!,#REF!
DDR_XM0_B2A_CLK_P,#REF!,unused_DDR_XM0_B2A_CLK_P,#REF!,#REF!,#REF!,#REF!,#REF!,#REF!,#REF!,#REF!,#REF!,#REF!,,,,,,#REF!,#REF!,#REF!,#REF!,,,,,#REF!,,#REF!,,,,,,,,,,,,,DDR_XM0_B2A_CLK_P,,,,,,,,,,,,,DDR_0A_CLK_P,#REF!,#REF!
DDR_XM0_B2A_CLK_N,#REF!,unused_DDR_XM0_B2A_CLK_N,#REF!,#REF!,#REF!,#REF!,#REF!,#REF!,#REF!,#REF!,#REF!,#REF!,,,,,,#REF!,#REF!,#REF!,#REF!,,,,,#REF!,,#REF!,,,,,,,,,,,,,DDR_XM0_B2A_CLK_N,,,,,,,,,,,,,DDR_0A_CLK_N,#REF!,#REF!
DDR_XM0_B2B_CLK_P,#REF!,unused_DDR_XM0_B2B_CLK_P,#REF!,#REF!,#REF!,#REF!,#REF!,#REF!,#REF!,#REF!,#REF!,#REF!,,,,,,#REF!,#REF!,#REF!,#REF!,,,,,#REF!,,#REF!,,,,,,,,,,,,,DDR_XM0_B2B_CLK_P,,,,,,,,,,,,,DDR_0B_CLK_P,#REF!,#REF!
DDR_XM0_B2B_CLK_N,#REF!,unused_DDR_XM0_B2B_CLK_N,#REF!,#REF!,#REF!,#REF!,#REF!,#REF!,#REF!,#REF!,#REF!,#REF!,,,,,,#REF!,#REF!,#REF!,#REF!,,,,,#REF!,,#REF!,,,,,,,,,,,,,DDR_XM0_B2B_CLK_N,,,,,,,,,,,,,DDR_0B_CLK_N,#REF!,#REF!
DDR_XM0_B3D0,#REF!,unused_DDR_XM0_B3D0,#REF!,#REF!,#REF!,#REF!,#REF!,#REF!,#REF!,#REF!,#REF!,#REF!,,,,,,#REF!,#REF!,#REF!,#REF!,,,,,#REF!,,#REF!,,,,,,,,,,,,,DDR_XM0_B3D[0],,,,,,,,,,,,,DDR_0AB_DQ16,#REF!,#REF!
DDR_XM0_B3D1,#REF!,unused_DDR_XM0_B3D1,#REF!,#REF!,#REF!,#REF!,#REF!,#REF!,#REF!,#REF!,#REF!,#REF!,,,,,,#REF!,#REF!,#REF!,#REF!,,,,,#REF!,,#REF!,,,,,,,,,,,,,DDR_XM0_B3D[1],,,,,,,,,,,,,DDR_0AB_DQ17,#REF!,#REF!
DDR_XM0_B3D2,#REF!,unused_DDR_XM0_B3D2,#REF!,#REF!,#REF!,#REF!,#REF!,#REF!,#REF!,#REF!,#REF!,#REF!,,,,,,#REF!,#REF!,#REF!,#REF!,,,,,#REF!,,#REF!,,,,,,,,,,,,,DDR_XM0_B3D[2],,,,,,,,,,,,,DDR_0AB_DQ18,#REF!,#REF!
DDR_XM0_B3D3,#REF!,unused_DDR_XM0_B3D3,#REF!,#REF!,#REF!,#REF!,#REF!,#REF!,#REF!,#REF!,#REF!,#REF!,,,,,,#REF!,#REF!,#REF!,#REF!,,,,,#REF!,,#REF!,,,,,,,,,,,,,DDR_XM0_B3D[3],,,,,,,,,,,,,DDR_0AB_DQ19,#REF!,#REF!
DDR_XM0_B3D4,#REF!,unused_DDR_XM0_B3D4,#REF!,#REF!,#REF!,#REF!,#REF!,#REF!,#REF!,#REF!,#REF!,#REF!,,,,,,#REF!,#REF!,#REF!,#REF!,,,,,#REF!,,#REF!,,,,,,,,,,,,,DDR_XM0_B3D[4],,,,,,,,,,,,,DDR_0AB_DQ20,#REF!,#REF!
DDR_XM0_B3D5,#REF!,unused_DDR_XM0_B3D5,#REF!,#REF!,#REF!,#REF!,#REF!,#REF!,#REF!,#REF!,#REF!,#REF!,,,,,,#REF!,#REF!,#REF!,#REF!,,,,,#REF!,,#REF!,,,,,,,,,,,,,DDR_XM0_B3D[5],,,,,,,,,,,,,DDR_0AB_DQ21,#REF!,#REF!
DDR_XM0_B3D6,#REF!,unused_DDR_XM0_B3D6,#REF!,#REF!,#REF!,#REF!,#REF!,#REF!,#REF!,#REF!,#REF!,#REF!,,,,,,#REF!,#REF!,#REF!,#REF!,,,,,#REF!,,#REF!,,,,,,,,,,,,,DDR_XM0_B3D[6],,,,,,,,,,,,,DDR_0AB_DQ22,#REF!,#REF!
DDR_XM0_B3D7,#REF!,unused_DDR_XM0_B3D7,#REF!,#REF!,#REF!,#REF!,#REF!,#REF!,#REF!,#REF!,#REF!,#REF!,,,,,,#REF!,#REF!,#REF!,#REF!,,,,,#REF!,,#REF!,,,,,,,,,,,,,DDR_XM0_B3D[7],,,,,,,,,,,,,DDR_0AB_DQ23,#REF!,#REF!
DDR_XM0_B3DMI,#REF!,unused_DDR_XM0_B3DMI,#REF!,#REF!,#REF!,#REF!,#REF!,#REF!,#REF!,#REF!,#REF!,#REF!,,,,,,#REF!,#REF!,#REF!,#REF!,,,,,#REF!,,#REF!,,,,,,,,,,,,,DDR_XM0_B3DMI,,,,,,,,,,,,,DDR_0AB_DMI2,#REF!,#REF!
DDR_XM0_B3WCK_P,#REF!,unused_DDR_XM0_B3WCK_P,#REF!,#REF!,#REF!,#REF!,#REF!,#REF!,#REF!,#REF!,#REF!,#REF!,,,,,,#REF!,#REF!,#REF!,#REF!,,,,,#REF!,,#REF!,,,,,,,,,,,,,DDR_XM0_B3WCK_P,,,,,,,,,,,,,DDR_0AB_WCK2_P,#REF!,#REF!
DDR_XM0_B3WCK_N,#REF!,unused_DDR_XM0_B3WCK_N,#REF!,#REF!,#REF!,#REF!,#REF!,#REF!,#REF!,#REF!,#REF!,#REF!,,,,,,#REF!,#REF!,#REF!,#REF!,,,,,#REF!,,#REF!,,,,,,,,,,,,,DDR_XM0_B3WCK_N,,,,,,,,,,,,,DDR_0AB_WCK2_N,#REF!,#REF!
DDR_XM0_B3RDQS_P,#REF!,unused_DDR_XM0_B3RDQS_P,#REF!,#REF!,#REF!,#REF!,#REF!,#REF!,#REF!,#REF!,#REF!,#REF!,,,,,,#REF!,#REF!,#REF!,#REF!,,,,,#REF!,,#REF!,,,,,,,,,,,,,DDR_XM0_B3RDQS_P,,,,,,,,,,,,,DDR_0AB_RDQS2_P,#REF!,#REF!
DDR_XM0_B3RDQS_N,#REF!,unused_DDR_XM0_B3RDQS_N,#REF!,#REF!,#REF!,#REF!,#REF!,#REF!,#REF!,#REF!,#REF!,#REF!,,,,,,#REF!,#REF!,#REF!,#REF!,,,,,#REF!,,#REF!,,,,,,,,,,,,,DDR_XM0_B3RDQS_N,,,,,,,,,,,,,DDR_0AB_RDQS2_N,#REF!,#REF!
DDR_XM0_B4D0,#REF!,unused_DDR_XM0_B4D0,#REF!,#REF!,#REF!,#REF!,#REF!,#REF!,#REF!,#REF!,#REF!,#REF!,,,,,,#REF!,#REF!,#REF!,#REF!,,,,,#REF!,,#REF!,,,,,,,,,,,,,DDR_XM0_B4D[0],,,,,,,,,,,,,DDR_0AB_DQ24,#REF!,#REF!
DDR_XM0_B4D1,#REF!,unused_DDR_XM0_B4D1,#REF!,#REF!,#REF!,#REF!,#REF!,#REF!,#REF!,#REF!,#REF!,#REF!,,,,,,#REF!,#REF!,#REF!,#REF!,,,,,#REF!,,#REF!,,,,,,,,,,,,,DDR_XM0_B4D[1],,,,,,,,,,,,,DDR_0AB_DQ25,#REF!,#REF!
DDR_XM0_B4D2,#REF!,unused_DDR_XM0_B4D2,#REF!,#REF!,#REF!,#REF!,#REF!,#REF!,#REF!,#REF!,#REF!,#REF!,,,,,,#REF!,#REF!,#REF!,#REF!,,,,,#REF!,,#REF!,,,,,,,,,,,,,DDR_XM0_B4D[2],,,,,,,,,,,,,DDR_0AB_DQ26,#REF!,#REF!
DDR_XM0_B4D3,#REF!,unused_DDR_XM0_B4D3,#REF!,#REF!,#REF!,#REF!,#REF!,#REF!,#REF!,#REF!,#REF!,#REF!,,,,,,#REF!,#REF!,#REF!,#REF!,,,,,#REF!,,#REF!,,,,,,,,,,,,,DDR_XM0_B4D[3],,,,,,,,,,,,,DDR_0AB_DQ27,#REF!,#REF!
DDR_XM0_B4D4,#REF!,unused_DDR_XM0_B4D4,#REF!,#REF!,#REF!,#REF!,#REF!,#REF!,#REF!,#REF!,#REF!,#REF!,,,,,,#REF!,#REF!,#REF!,#REF!,,,,,#REF!,,#REF!,,,,,,,,,,,,,DDR_XM0_B4D[4],,,,,,,,,,,,,DDR_0AB_DQ28,#REF!,#REF!
DDR_XM0_B4D5,#REF!,unused_DDR_XM0_B4D5,#REF!,#REF!,#REF!,#REF!,#REF!,#REF!,#REF!,#REF!,#REF!,#REF!,,,,,,#REF!,#REF!,#REF!,#REF!,,,,,#REF!,,#REF!,,,,,,,,,,,,,DDR_XM0_B4D[5],,,,,,,,,,,,,DDR_0AB_DQ29,#REF!,#REF!
DDR_XM0_B4D6,#REF!,unused_DDR_XM0_B4D6,#REF!,#REF!,#REF!,#REF!,#REF!,#REF!,#REF!,#REF!,#REF!,#REF!,,,,,,#REF!,#REF!,#REF!,#REF!,,,,,#REF!,,#REF!,,,,,,,,,,,,,DDR_XM0_B4D[6],,,,,,,,,,,,,DDR_0AB_DQ30,#REF!,#REF!
DDR_XM0_B4D7,#REF!,unused_DDR_XM0_B4D7,#REF!,#REF!,#REF!,#REF!,#REF!,#REF!,#REF!,#REF!,#REF!,#REF!,,,,,,#REF!,#REF!,#REF!,#REF!,,,,,#REF!,,#REF!,,,,,,,,,,,,,DDR_XM0_B4D[7],,,,,,,,,,,,,DDR_0AB_DQ31,#REF!,#REF!
DDR_XM0_B4DMI,#REF!,unused_DDR_XM0_B4DMI,#REF!,#REF!,#REF!,#REF!,#REF!,#REF!,#REF!,#REF!,#REF!,#REF!,,,,,,#REF!,#REF!,#REF!,#REF!,,,,,#REF!,,#REF!,,,,,,,,,,,,,DDR_XM0_B4DMI,,,,,,,,,,,,,DDR_0AB_DMI3,#REF!,#REF!
DDR_XM0_B4WCK_P,#REF!,unused_DDR_XM0_B4WCK_P,#REF!,#REF!,#REF!,#REF!,#REF!,#REF!,#REF!,#REF!,#REF!,#REF!,,,,,,#REF!,#REF!,#REF!,#REF!,,,,,#REF!,,#REF!,,,,,,,,,,,,,DDR_XM0_B4WCK_P,,,,,,,,,,,,,DDR_0AB_WCK3_P,#REF!,#REF!
DDR_XM0_B4WCK_N,#REF!,unused_DDR_XM0_B4WCK_N,#REF!,#REF!,#REF!,#REF!,#REF!,#REF!,#REF!,#REF!,#REF!,#REF!,,,,,,#REF!,#REF!,#REF!,#REF!,,,,,#REF!,,#REF!,,,,,,,,,,,,,DDR_XM0_B4WCK_N,,,,,,,,,,,,,DDR_0AB_WCK3_N,#REF!,#REF!
DDR_XM0_B4RDQS_P,#REF!,unused_DDR_XM0_B4RDQS_P,#REF!,#REF!,#REF!,#REF!,#REF!,#REF!,#REF!,#REF!,#REF!,#REF!,,,,,,#REF!,#REF!,#REF!,#REF!,,,,,#REF!,,#REF!,,,,,,,,,,,,,DDR_XM0_B4RDQS_P,,,,,,,,,,,,,DDR_0AB_RDQS3_P,#REF!,#REF!
DDR_XM0_B4RDQS_N,#REF!,unused_DDR_XM0_B4RDQS_N,#REF!,#REF!,#REF!,#REF!,#REF!,#REF!,#REF!,#REF!,#REF!,#REF!,,,,,,#REF!,#REF!,#REF!,#REF!,,,,,#REF!,,#REF!,,,,,,,,,,,,,DDR_XM0_B4RDQS_N,,,,,,,,,,,,,DDR_0AB_RDQS3_N,#REF!,#REF!
DDR_XM0_B5D0,#REF!,unused_DDR_XM0_B5D0,#REF!,#REF!,#REF!,#REF!,#REF!,#REF!,#REF!,#REF!,#REF!,#REF!,,,,,,#REF!,#REF!,#REF!,#REF!,,,,,#REF!,,#REF!,,,,,,,,,,,,,DDR_XM0_B5D[0],,,,,,,,,,,,,DDR_0CD_DQ0,#REF!,#REF!
DDR_XM0_B5D1,#REF!,unused_DDR_XM0_B5D1,#REF!,#REF!,#REF!,#REF!,#REF!,#REF!,#REF!,#REF!,#REF!,#REF!,,,,,,#REF!,#REF!,#REF!,#REF!,,,,,#REF!,,#REF!,,,,,,,,,,,,,DDR_XM0_B5D[1],,,,,,,,,,,,,DDR_0CD_DQ1,#REF!,#REF!
DDR_XM0_B5D2,#REF!,unused_DDR_XM0_B5D2,#REF!,#REF!,#REF!,#REF!,#REF!,#REF!,#REF!,#REF!,#REF!,#REF!,,,,,,#REF!,#REF!,#REF!,#REF!,,,,,#REF!,,#REF!,,,,,,,,,,,,,DDR_XM0_B5D[2],,,,,,,,,,,,,DDR_0CD_DQ2,#REF!,#REF!
DDR_XM0_B5D3,#REF!,unused_DDR_XM0_B5D3,#REF!,#REF!,#REF!,#REF!,#REF!,#REF!,#REF!,#REF!,#REF!,#REF!,,,,,,#REF!,#REF!,#REF!,#REF!,,,,,#REF!,,#REF!,,,,,,,,,,,,,DDR_XM0_B5D[3],,,,,,,,,,,,,DDR_0CD_DQ3,#REF!,#REF!
DDR_XM0_B5D4,#REF!,unused_DDR_XM0_B5D4,#REF!,#REF!,#REF!,#REF!,#REF!,#REF!,#REF!,#REF!,#REF!,#REF!,,,,,,#REF!,#REF!,#REF!,#REF!,,,,,#REF!,,#REF!,,,,,,,,,,,,,DDR_XM0_B5D[4],,,,,,,,,,,,,DDR_0CD_DQ4,#REF!,#REF!
DDR_XM0_B5D5,#REF!,unused_DDR_XM0_B5D5,#REF!,#REF!,#REF!,#REF!,#REF!,#REF!,#REF!,#REF!,#REF!,#REF!,,,,,,#REF!,#REF!,#REF!,#REF!,,,,,#REF!,,#REF!,,,,,,,,,,,,,DDR_XM0_B5D[5],,,,,,,,,,,,,DDR_0CD_DQ5,#REF!,#REF!
DDR_XM0_B5D6,#REF!,unused_DDR_XM0_B5D6,#REF!,#REF!,#REF!,#REF!,#REF!,#REF!,#REF!,#REF!,#REF!,#REF!,,,,,,#REF!,#REF!,#REF!,#REF!,,,,,#REF!,,#REF!,,,,,,,,,,,,,DDR_XM0_B5D[6],,,,,,,,,,,,,DDR_0CD_DQ6,#REF!,#REF!
DDR_XM0_B5D7,#REF!,unused_DDR_XM0_B5D7,#REF!,#REF!,#REF!,#REF!,#REF!,#REF!,#REF!,#REF!,#REF!,#REF!,,,,,,#REF!,#REF!,#REF!,#REF!,,,,,#REF!,,#REF!,,,,,,,,,,,,,DDR_XM0_B5D[7],,,,,,,,,,,,,DDR_0CD_DQ7,#REF!,#REF!
DDR_XM0_B5DMI,#REF!,unused_DDR_XM0_B5DMI,#REF!,#REF!,#REF!,#REF!,#REF!,#REF!,#REF!,#REF!,#REF!,#REF!,,,,,,#REF!,#REF!,#REF!,#REF!,,,,,#REF!,,#REF!,,,,,,,,,,,,,DDR_XM0_B5DMI,,,,,,,,,,,,,DDR_0CD_DMI0,#REF!,#REF!
DDR_XM0_B5WCK_P,#REF!,unused_DDR_XM0_B5WCK_P,#REF!,#REF!,#REF!,#REF!,#REF!,#REF!,#REF!,#REF!,#REF!,#REF!,,,,,,#REF!,#REF!,#REF!,#REF!,,,,,#REF!,,#REF!,,,,,,,,,,,,,DDR_XM0_B5WCK_P,,,,,,,,,,,,,DDR_0CD_WCK0_P,#REF!,#REF!
DDR_XM0_B5WCK_N,#REF!,unused_DDR_XM0_B5WCK_N,#REF!,#REF!,#REF!,#REF!,#REF!,#REF!,#REF!,#REF!,#REF!,#REF!,,,,,,#REF!,#REF!,#REF!,#REF!,,,,,#REF!,,#REF!,,,,,,,,,,,,,DDR_XM0_B5WCK_N,,,,,,,,,,,,,DDR_0CD_WCK0_N,#REF!,#REF!
DDR_XM0_B5RDQS_P,#REF!,unused_DDR_XM0_B5RDQS_P,#REF!,#REF!,#REF!,#REF!,#REF!,#REF!,#REF!,#REF!,#REF!,#REF!,,,,,,#REF!,#REF!,#REF!,#REF!,,,,,#REF!,,#REF!,,,,,,,,,,,,,DDR_XM0_B5RDQS_P,,,,,,,,,,,,,DDR_0CD_RDQS0_P,#REF!,#REF!
DDR_XM0_B5RDQS_N,#REF!,unused_DDR_XM0_B5RDQS_N,#REF!,#REF!,#REF!,#REF!,#REF!,#REF!,#REF!,#REF!,#REF!,#REF!,,,,,,#REF!,#REF!,#REF!,#REF!,,,,,#REF!,,#REF!,,,,,,,,,,,,,DDR_XM0_B5RDQS_N,,,,,,,,,,,,,DDR_0CD_RDQS0_N,#REF!,#REF!
DDR_XM0_B6D0,#REF!,unused_DDR_XM0_B6D0,#REF!,#REF!,#REF!,#REF!,#REF!,#REF!,#REF!,#REF!,#REF!,#REF!,,,,,,#REF!,#REF!,#REF!,#REF!,,,,,#REF!,,#REF!,,,,,,,,,,,,,DDR_XM0_B6D[0],,,,,,,,,,,,,DDR_0CD_DQ8,#REF!,#REF!
DDR_XM0_B6D1,#REF!,unused_DDR_XM0_B6D1,#REF!,#REF!,#REF!,#REF!,#REF!,#REF!,#REF!,#REF!,#REF!,#REF!,,,,,,#REF!,#REF!,#REF!,#REF!,,,,,#REF!,,#REF!,,,,,,,,,,,,,DDR_XM0_B6D[1],,,,,,,,,,,,,DDR_0CD_DQ9,#REF!,#REF!
DDR_XM0_B6D2,#REF!,unused_DDR_XM0_B6D2,#REF!,#REF!,#REF!,#REF!,#REF!,#REF!,#REF!,#REF!,#REF!,#REF!,,,,,,#REF!,#REF!,#REF!,#REF!,,,,,#REF!,,#REF!,,,,,,,,,,,,,DDR_XM0_B6D[2],,,,,,,,,,,,,DDR_0CD_DQ10,#REF!,#REF!
DDR_XM0_B6D3,#REF!,unused_DDR_XM0_B6D3,#REF!,#REF!,#REF!,#REF!,#REF!,#REF!,#REF!,#REF!,#REF!,#REF!,,,,,,#REF!,#REF!,#REF!,#REF!,,,,,#REF!,,#REF!,,,,,,,,,,,,,DDR_XM0_B6D[3],,,,,,,,,,,,,DDR_0CD_DQ11,#REF!,#REF!
DDR_XM0_B6D4,#REF!,unused_DDR_XM0_B6D4,#REF!,#REF!,#REF!,#REF!,#REF!,#REF!,#REF!,#REF!,#REF!,#REF!,,,,,,#REF!,#REF!,#REF!,#REF!,,,,,#REF!,,#REF!,,,,,,,,,,,,,DDR_XM0_B6D[4],,,,,,,,,,,,,DDR_0CD_DQ12,#REF!,#REF!
DDR_XM0_B6D5,#REF!,unused_DDR_XM0_B6D5,#REF!,#REF!,#REF!,#REF!,#REF!,#REF!,#REF!,#REF!,#REF!,#REF!,,,,,,#REF!,#REF!,#REF!,#REF!,,,,,#REF!,,#REF!,,,,,,,,,,,,,DDR_XM0_B6D[5],,,,,,,,,,,,,DDR_0CD_DQ13,#REF!,#REF!
DDR_XM0_B6D6,#REF!,unused_DDR_XM0_B6D6,#REF!,#REF!,#REF!,#REF!,#REF!,#REF!,#REF!,#REF!,#REF!,#REF!,,,,,,#REF!,#REF!,#REF!,#REF!,,,,,#REF!,,#REF!,,,,,,,,,,,,,DDR_XM0_B6D[6],,,,,,,,,,,,,DDR_0CD_DQ14,#REF!,#REF!
DDR_XM0_B6D7,#REF!,unused_DDR_XM0_B6D7,#REF!,#REF!,#REF!,#REF!,#REF!,#REF!,#REF!,#REF!,#REF!,#REF!,,,,,,#REF!,#REF!,#REF!,#REF!,,,,,#REF!,,#REF!,,,,,,,,,,,,,DDR_XM0_B6D[7],,,,,,,,,,,,,DDR_0CD_DQ15,#REF!,#REF!
DDR_XM0_B6DMI,#REF!,unused_DDR_XM0_B6DMI,#REF!,#REF!,#REF!,#REF!,#REF!,#REF!,#REF!,#REF!,#REF!,#REF!,,,,,,#REF!,#REF!,#REF!,#REF!,,,,,#REF!,,#REF!,,,,,,,,,,,,,DDR_XM0_B6DMI,,,,,,,,,,,,,DDR_0CD_DMI1,#REF!,#REF!
DDR_XM0_B6WCK_P,#REF!,unused_DDR_XM0_B6WCK_P,#REF!,#REF!,#REF!,#REF!,#REF!,#REF!,#REF!,#REF!,#REF!,#REF!,,,,,,#REF!,#REF!,#REF!,#REF!,,,,,#REF!,,#REF!,,,,,,,,,,,,,DDR_XM0_B6WCK_P,,,,,,,,,,,,,DDR_0CD_WCK1_P,#REF!,#REF!
DDR_XM0_B6WCK_N,#REF!,unused_DDR_XM0_B6WCK_N,#REF!,#REF!,#REF!,#REF!,#REF!,#REF!,#REF!,#REF!,#REF!,#REF!,,,,,,#REF!,#REF!,#REF!,#REF!,,,,,#REF!,,#REF!,,,,,,,,,,,,,DDR_XM0_B6WCK_N,,,,,,,,,,,,,DDR_0CD_WCK1_N,#REF!,#REF!
DDR_XM0_B6RDQS_P,#REF!,unused_DDR_XM0_B6RDQS_P,#REF!,#REF!,#REF!,#REF!,#REF!,#REF!,#REF!,#REF!,#REF!,#REF!,,,,,,#REF!,#REF!,#REF!,#REF!,,,,,#REF!,,#REF!,,,,,,,,,,,,,DDR_XM0_B6RDQS_P,,,,,,,,,,,,,DDR_0CD_RDQS1_P,#REF!,#REF!
DDR_XM0_B6RDQS_N,#REF!,unused_DDR_XM0_B6RDQS_N,#REF!,#REF!,#REF!,#REF!,#REF!,#REF!,#REF!,#REF!,#REF!,#REF!,,,,,,#REF!,#REF!,#REF!,#REF!,,,,,#REF!,,#REF!,,,,,,,,,,,,,DDR_XM0_B6RDQS_N,,,,,,,,,,,,,DDR_0CD_RDQS1_N,#REF!,#REF!
DDR_XM0_B7A_CA0,#REF!,unused_DDR_XM0_B7A_CA0,#REF!,#REF!,#REF!,#REF!,#REF!,#REF!,#REF!,#REF!,#REF!,#REF!,,,,,,#REF!,#REF!,#REF!,#REF!,,,,,#REF!,,#REF!,,,,,,,,,,,,,DDR_XM0_B7A_CA[0],,,,,,,,,,,,,DDR_0C_CA0,#REF!,#REF!
DDR_XM0_B7A_CA1,#REF!,unused_DDR_XM0_B7A_CA1,#REF!,#REF!,#REF!,#REF!,#REF!,#REF!,#REF!,#REF!,#REF!,#REF!,,,,,,#REF!,#REF!,#REF!,#REF!,,,,,#REF!,,#REF!,,,,,,,,,,,,,DDR_XM0_B7A_CA[1],,,,,,,,,,,,,DDR_0C_CA1,#REF!,#REF!
DDR_XM0_B7A_CA2,#REF!,unused_DDR_XM0_B7A_CA2,#REF!,#REF!,#REF!,#REF!,#REF!,#REF!,#REF!,#REF!,#REF!,#REF!,,,,,,#REF!,#REF!,#REF!,#REF!,,,,,#REF!,,#REF!,,,,,,,,,,,,,DDR_XM0_B7A_CA[2],,,,,,,,,,,,,DDR_0C_CA2,#REF!,#REF!
DDR_XM0_B7A_CA3,#REF!,unused_DDR_XM0_B7A_CA3,#REF!,#REF!,#REF!,#REF!,#REF!,#REF!,#REF!,#REF!,#REF!,#REF!,,,,,,#REF!,#REF!,#REF!,#REF!,,,,,#REF!,,#REF!,,,,,,,,,,,,,DDR_XM0_B7A_CA[3],,,,,,,,,,,,,DDR_0C_CA3,#REF!,#REF!
DDR_XM0_B7A_CA4,#REF!,unused_DDR_XM0_B7A_CA4,#REF!,#REF!,#REF!,#REF!,#REF!,#REF!,#REF!,#REF!,#REF!,#REF!,,,,,,#REF!,#REF!,#REF!,#REF!,,,,,#REF!,,#REF!,,,,,,,,,,,,,DDR_XM0_B7A_CA[4],,,,,,,,,,,,,DDR_0C_CA4,#REF!,#REF!
DDR_XM0_B7A_CA5,#REF!,unused_DDR_XM0_B7A_CA5,#REF!,#REF!,#REF!,#REF!,#REF!,#REF!,#REF!,#REF!,#REF!,#REF!,,,,,,#REF!,#REF!,#REF!,#REF!,,,,,#REF!,,#REF!,,,,,,,,,,,,,DDR_XM0_B7A_CA[5],,,,,,,,,,,,,DDR_0C_CA5,#REF!,#REF!
DDR_XM0_B7A_CA6,#REF!,unused_DDR_XM0_B7A_CA6,#REF!,#REF!,#REF!,#REF!,#REF!,#REF!,#REF!,#REF!,#REF!,#REF!,,,,,,#REF!,#REF!,#REF!,#REF!,,,,,#REF!,,#REF!,,,,,,,,,,,,,DDR_XM0_B7A_CA[6],,,,,,,,,,,,,DDR_0C_CA6,#REF!,#REF!
DDR_XM0_B7B_CA0,#REF!,unused_DDR_XM0_B7B_CA0,#REF!,#REF!,#REF!,#REF!,#REF!,#REF!,#REF!,#REF!,#REF!,#REF!,,,,,,#REF!,#REF!,#REF!,#REF!,,,,,#REF!,,#REF!,,,,,,,,,,,,,DDR_XM0_B7B_CA[0],,,,,,,,,,,,,DDR_0D_CA0,#REF!,#REF!
DDR_XM0_B7B_CA1,#REF!,unused_DDR_XM0_B7B_CA1,#REF!,#REF!,#REF!,#REF!,#REF!,#REF!,#REF!,#REF!,#REF!,#REF!,,,,,,#REF!,#REF!,#REF!,#REF!,,,,,#REF!,,#REF!,,,,,,,,,,,,,DDR_XM0_B7B_CA[1],,,,,,,,,,,,,DDR_0D_CA1,#REF!,#REF!
DDR_XM0_B7B_CA2,#REF!,unused_DDR_XM0_B7B_CA2,#REF!,#REF!,#REF!,#REF!,#REF!,#REF!,#REF!,#REF!,#REF!,#REF!,,,,,,#REF!,#REF!,#REF!,#REF!,,,,,#REF!,,#REF!,,,,,,,,,,,,,DDR_XM0_B7B_CA[2],,,,,,,,,,,,,DDR_0D_CA2,#REF!,#REF!
DDR_XM0_B7B_CA3,#REF!,unused_DDR_XM0_B7B_CA3,#REF!,#REF!,#REF!,#REF!,#REF!,#REF!,#REF!,#REF!,#REF!,#REF!,,,,,,#REF!,#REF!,#REF!,#REF!,,,,,#REF!,,#REF!,,,,,,,,,,,,,DDR_XM0_B7B_CA[3],,,,,,,,,,,,,DDR_0D_CA3,#REF!,#REF!
DDR_XM0_B7B_CA4,#REF!,unused_DDR_XM0_B7B_CA4,#REF!,#REF!,#REF!,#REF!,#REF!,#REF!,#REF!,#REF!,#REF!,#REF!,,,,,,#REF!,#REF!,#REF!,#REF!,,,,,#REF!,,#REF!,,,,,,,,,,,,,DDR_XM0_B7B_CA[4],,,,,,,,,,,,,DDR_0D_CA4,#REF!,#REF!
DDR_XM0_B7B_CA5,#REF!,unused_DDR_XM0_B7B_CA5,#REF!,#REF!,#REF!,#REF!,#REF!,#REF!,#REF!,#REF!,#REF!,#REF!,,,,,,#REF!,#REF!,#REF!,#REF!,,,,,#REF!,,#REF!,,,,,,,,,,,,,DDR_XM0_B7B_CA[5],,,,,,,,,,,,,DDR_0D_CA5,#REF!,#REF!
DDR_XM0_B7B_CA6,#REF!,unused_DDR_XM0_B7B_CA6,#REF!,#REF!,#REF!,#REF!,#REF!,#REF!,#REF!,#REF!,#REF!,#REF!,,,,,,#REF!,#REF!,#REF!,#REF!,,,,,#REF!,,#REF!,,,,,,,,,,,,,DDR_XM0_B7B_CA[6],,,,,,,,,,,,,DDR_0D_CA6,#REF!,#REF!
DDR_XM0_B7A_CS_CKE0,#REF!,unused_DDR_XM0_B7A_CS_CKE0,#REF!,#REF!,#REF!,#REF!,#REF!,#REF!,#REF!,#REF!,#REF!,#REF!,,,,,,#REF!,#REF!,#REF!,#REF!,,,,,#REF!,,#REF!,,,,,,,,,,,,,DDR_XM0_B7A_CS_CKE0,,,,,,,,,,,,,DDR_0C_CS0,#REF!,#REF!
DDR_XM0_B7A_CS_CKE1,#REF!,unused_DDR_XM0_B7A_CS_CKE1,#REF!,#REF!,#REF!,#REF!,#REF!,#REF!,#REF!,#REF!,#REF!,#REF!,,,,,,#REF!,#REF!,#REF!,#REF!,,,,,#REF!,,#REF!,,,,,,,,,,,,,DDR_XM0_B7A_CS_CKE1,,,,,,,,,,,,,DDR_0C_CS1,#REF!,#REF!
DDR_XM0_B7B_CS_CKE0,#REF!,unused_DDR_XM0_B7B_CS_CKE0,#REF!,#REF!,#REF!,#REF!,#REF!,#REF!,#REF!,#REF!,#REF!,#REF!,,,,,,#REF!,#REF!,#REF!,#REF!,,,,,#REF!,,#REF!,,,,,,,,,,,,,DDR_XM0_B7B_CS_CKE0,,,,,,,,,,,,,DDR_0D_CS0,#REF!,#REF!
DDR_XM0_B7B_CS_CKE1,#REF!,unused_DDR_XM0_B7B_CS_CKE1,#REF!,#REF!,#REF!,#REF!,#REF!,#REF!,#REF!,#REF!,#REF!,#REF!,,,,,,#REF!,#REF!,#REF!,#REF!,,,,,#REF!,,#REF!,,,,,,,,,,,,,DDR_XM0_B7B_CS_CKE1,,,,,,,,,,,,,DDR_0D_CS1,#REF!,#REF!
DDR_XM0_B7A_CLK_P,#REF!,unused_DDR_XM0_B7A_CLK_P,#REF!,#REF!,#REF!,#REF!,#REF!,#REF!,#REF!,#REF!,#REF!,#REF!,,,,,,#REF!,#REF!,#REF!,#REF!,,,,,#REF!,,#REF!,,,,,,,,,,,,,DDR_XM0_B7A_CLK_P,,,,,,,,,,,,,DDR_0C_CLK_P,#REF!,#REF!
DDR_XM0_B7A_CLK_N,#REF!,unused_DDR_XM0_B7A_CLK_N,#REF!,#REF!,#REF!,#REF!,#REF!,#REF!,#REF!,#REF!,#REF!,#REF!,,,,,,#REF!,#REF!,#REF!,#REF!,,,,,#REF!,,#REF!,,,,,,,,,,,,,DDR_XM0_B7A_CLK_N,,,,,,,,,,,,,DDR_0C_CLK_N,#REF!,#REF!
DDR_XM0_B7B_CLK_P,#REF!,unused_DDR_XM0_B7B_CLK_P,#REF!,#REF!,#REF!,#REF!,#REF!,#REF!,#REF!,#REF!,#REF!,#REF!,,,,,,#REF!,#REF!,#REF!,#REF!,,,,,#REF!,,#REF!,,,,,,,,,,,,,DDR_XM0_B7B_CLK_P,,,,,,,,,,,,,DDR_0D_CLK_P,#REF!,#REF!
DDR_XM0_B7B_CLK_N,#REF!,unused_DDR_XM0_B7B_CLK_N,#REF!,#REF!,#REF!,#REF!,#REF!,#REF!,#REF!,#REF!,#REF!,#REF!,,,,,,#REF!,#REF!,#REF!,#REF!,,,,,#REF!,,#REF!,,,,,,,,,,,,,DDR_XM0_B7B_CLK_N,,,,,,,,,,,,,DDR_0D_CLK_N,#REF!,#REF!
DDR_XM0_B8D0,#REF!,unused_DDR_XM0_B8D0,#REF!,#REF!,#REF!,#REF!,#REF!,#REF!,#REF!,#REF!,#REF!,#REF!,,,,,,#REF!,#REF!,#REF!,#REF!,,,,,#REF!,,#REF!,,,,,,,,,,,,,DDR_XM0_B8D[0],,,,,,,,,,,,,DDR_0CD_DQ16,#REF!,#REF!
DDR_XM0_B8D1,#REF!,unused_DDR_XM0_B8D1,#REF!,#REF!,#REF!,#REF!,#REF!,#REF!,#REF!,#REF!,#REF!,#REF!,,,,,,#REF!,#REF!,#REF!,#REF!,,,,,#REF!,,#REF!,,,,,,,,,,,,,DDR_XM0_B8D[1],,,,,,,,,,,,,DDR_0CD_DQ17,#REF!,#REF!
DDR_XM0_B8D2,#REF!,unused_DDR_XM0_B8D2,#REF!,#REF!,#REF!,#REF!,#REF!,#REF!,#REF!,#REF!,#REF!,#REF!,,,,,,#REF!,#REF!,#REF!,#REF!,,,,,#REF!,,#REF!,,,,,,,,,,,,,DDR_XM0_B8D[2],,,,,,,,,,,,,DDR_0CD_DQ18,#REF!,#REF!
DDR_XM0_B8D3,#REF!,unused_DDR_XM0_B8D3,#REF!,#REF!,#REF!,#REF!,#REF!,#REF!,#REF!,#REF!,#REF!,#REF!,,,,,,#REF!,#REF!,#REF!,#REF!,,,,,#REF!,,#REF!,,,,,,,,,,,,,DDR_XM0_B8D[3],,,,,,,,,,,,,DDR_0CD_DQ19,#REF!,#REF!
DDR_XM0_B8D4,#REF!,unused_DDR_XM0_B8D4,#REF!,#REF!,#REF!,#REF!,#REF!,#REF!,#REF!,#REF!,#REF!,#REF!,,,,,,#REF!,#REF!,#REF!,#REF!,,,,,#REF!,,#REF!,,,,,,,,,,,,,DDR_XM0_B8D[4],,,,,,,,,,,,,DDR_0CD_DQ20,#REF!,#REF!
DDR_XM0_B8D5,#REF!,unused_DDR_XM0_B8D5,#REF!,#REF!,#REF!,#REF!,#REF!,#REF!,#REF!,#REF!,#REF!,#REF!,,,,,,#REF!,#REF!,#REF!,#REF!,,,,,#REF!,,#REF!,,,,,,,,,,,,,DDR_XM0_B8D[5],,,,,,,,,,,,,DDR_0CD_DQ21,#REF!,#REF!
DDR_XM0_B8D6,#REF!,unused_DDR_XM0_B8D6,#REF!,#REF!,#REF!,#REF!,#REF!,#REF!,#REF!,#REF!,#REF!,#REF!,,,,,,#REF!,#REF!,#REF!,#REF!,,,,,#REF!,,#REF!,,,,,,,,,,,,,DDR_XM0_B8D[6],,,,,,,,,,,,,DDR_0CD_DQ22,#REF!,#REF!
DDR_XM0_B8D7,#REF!,unused_DDR_XM0_B8D7,#REF!,#REF!,#REF!,#REF!,#REF!,#REF!,#REF!,#REF!,#REF!,#REF!,,,,,,#REF!,#REF!,#REF!,#REF!,,,,,#REF!,,#REF!,,,,,,,,,,,,,DDR_XM0_B8D[7],,,,,,,,,,,,,DDR_0CD_DQ23,#REF!,#REF!
DDR_XM0_B8DMI,#REF!,unused_DDR_XM0_B8DMI,#REF!,#REF!,#REF!,#REF!,#REF!,#REF!,#REF!,#REF!,#REF!,#REF!,,,,,,#REF!,#REF!,#REF!,#REF!,,,,,#REF!,,#REF!,,,,,,,,,,,,,DDR_XM0_B8DMI,,,,,,,,,,,,,DDR_0CD_DMI2,#REF!,#REF!
DDR_XM0_B8WCK_P,#REF!,unused_DDR_XM0_B8WCK_P,#REF!,#REF!,#REF!,#REF!,#REF!,#REF!,#REF!,#REF!,#REF!,#REF!,,,,,,#REF!,#REF!,#REF!,#REF!,,,,,#REF!,,#REF!,,,,,,,,,,,,,DDR_XM0_B8WCK_P,,,,,,,,,,,,,DDR_0CD_WCK2_P,#REF!,#REF!
DDR_XM0_B8WCK_N,#REF!,unused_DDR_XM0_B8WCK_N,#REF!,#REF!,#REF!,#REF!,#REF!,#REF!,#REF!,#REF!,#REF!,#REF!,,,,,,#REF!,#REF!,#REF!,#REF!,,,,,#REF!,,#REF!,,,,,,,,,,,,,DDR_XM0_B8WCK_N,,,,,,,,,,,,,DDR_0CD_WCK2_N,#REF!,#REF!
DDR_XM0_B8RDQS_P,#REF!,unused_DDR_XM0_B8RDQS_P,#REF!,#REF!,#REF!,#REF!,#REF!,#REF!,#REF!,#REF!,#REF!,#REF!,,,,,,#REF!,#REF!,#REF!,#REF!,,,,,#REF!,,#REF!,,,,,,,,,,,,,DDR_XM0_B8RDQS_P,,,,,,,,,,,,,DDR_0CD_RDQS2_P,#REF!,#REF!
DDR_XM0_B8RDQS_N,#REF!,unused_DDR_XM0_B8RDQS_N,#REF!,#REF!,#REF!,#REF!,#REF!,#REF!,#REF!,#REF!,#REF!,#REF!,,,,,,#REF!,#REF!,#REF!,#REF!,,,,,#REF!,,#REF!,,,,,,,,,,,,,DDR_XM0_B8RDQS_N,,,,,,,,,,,,,DDR_0CD_RDQS2_N,#REF!,#REF!
DDR_XM0_B9D0,#REF!,unused_DDR_XM0_B9D0,#REF!,#REF!,#REF!,#REF!,#REF!,#REF!,#REF!,#REF!,#REF!,#REF!,,,,,,#REF!,#REF!,#REF!,#REF!,,,,,#REF!,,#REF!,,,,,,,,,,,,,DDR_XM0_B9D[0],,,,,,,,,,,,,DDR_0CD_DQ24,#REF!,#REF!
DDR_XM0_B9D1,#REF!,unused_DDR_XM0_B9D1,#REF!,#REF!,#REF!,#REF!,#REF!,#REF!,#REF!,#REF!,#REF!,#REF!,,,,,,#REF!,#REF!,#REF!,#REF!,,,,,#REF!,,#REF!,,,,,,,,,,,,,DDR_XM0_B9D[1],,,,,,,,,,,,,DDR_0CD_DQ25,#REF!,#REF!
DDR_XM0_B9D2,#REF!,unused_DDR_XM0_B9D2,#REF!,#REF!,#REF!,#REF!,#REF!,#REF!,#REF!,#REF!,#REF!,#REF!,,,,,,#REF!,#REF!,#REF!,#REF!,,,,,#REF!,,#REF!,,,,,,,,,,,,,DDR_XM0_B9D[2],,,,,,,,,,,,,DDR_0CD_DQ26,#REF!,#REF!
DDR_XM0_B9D3,#REF!,unused_DDR_XM0_B9D3,#REF!,#REF!,#REF!,#REF!,#REF!,#REF!,#REF!,#REF!,#REF!,#REF!,,,,,,#REF!,#REF!,#REF!,#REF!,,,,,#REF!,,#REF!,,,,,,,,,,,,,DDR_XM0_B9D[3],,,,,,,,,,,,,DDR_0CD_DQ27,#REF!,#REF!
DDR_XM0_B9D4,#REF!,unused_DDR_XM0_B9D4,#REF!,#REF!,#REF!,#REF!,#REF!,#REF!,#REF!,#REF!,#REF!,#REF!,,,,,,#REF!,#REF!,#REF!,#REF!,,,,,#REF!,,#REF!,,,,,,,,,,,,,DDR_XM0_B9D[4],,,,,,,,,,,,,DDR_0CD_DQ28,#REF!,#REF!
DDR_XM0_B9D5,#REF!,unused_DDR_XM0_B9D5,#REF!,#REF!,#REF!,#REF!,#REF!,#REF!,#REF!,#REF!,#REF!,#REF!,,,,,,#REF!,#REF!,#REF!,#REF!,,,,,#REF!,,#REF!,,,,,,,,,,,,,DDR_XM0_B9D[5],,,,,,,,,,,,,DDR_0CD_DQ29,#REF!,#REF!
DDR_XM0_B9D6,#REF!,unused_DDR_XM0_B9D6,#REF!,#REF!,#REF!,#REF!,#REF!,#REF!,#REF!,#REF!,#REF!,#REF!,,,,,,#REF!,#REF!,#REF!,#REF!,,,,,#REF!,,#REF!,,,,,,,,,,,,,DDR_XM0_B9D[6],,,,,,,,,,,,,DDR_0CD_DQ30,#REF!,#REF!
DDR_XM0_B9D7,#REF!,unused_DDR_XM0_B9D7,#REF!,#REF!,#REF!,#REF!,#REF!,#REF!,#REF!,#REF!,#REF!,#REF!,,,,,,#REF!,#REF!,#REF!,#REF!,,,,,#REF!,,#REF!,,,,,,,,,,,,,DDR_XM0_B9D[7],,,,,,,,,,,,,DDR_0CD_DQ31,#REF!,#REF!
DDR_XM0_B9DMI,#REF!,unused_DDR_XM0_B9DMI,#REF!,#REF!,#REF!,#REF!,#REF!,#REF!,#REF!,#REF!,#REF!,#REF!,,,,,,#REF!,#REF!,#REF!,#REF!,,,,,#REF!,,#REF!,,,,,,,,,,,,,DDR_XM0_B9DMI,,,,,,,,,,,,,DDR_0CD_DMI3,#REF!,#REF!
DDR_XM0_B9WCK_P,#REF!,unused_DDR_XM0_B9WCK_P,#REF!,#REF!,#REF!,#REF!,#REF!,#REF!,#REF!,#REF!,#REF!,#REF!,,,,,,#REF!,#REF!,#REF!,#REF!,,,,,#REF!,,#REF!,,,,,,,,,,,,,DDR_XM0_B9WCK_P,,,,,,,,,,,,,DDR_0CD_WCK3_P,#REF!,#REF!
DDR_XM0_B9WCK_N,#REF!,unused_DDR_XM0_B9WCK_N,#REF!,#REF!,#REF!,#REF!,#REF!,#REF!,#REF!,#REF!,#REF!,#REF!,,,,,,#REF!,#REF!,#REF!,#REF!,,,,,#REF!,,#REF!,,,,,,,,,,,,,DDR_XM0_B9WCK_N,,,,,,,,,,,,,DDR_0CD_WCK3_N,#REF!,#REF!
DDR_XM0_B9RDQS_P,#REF!,unused_DDR_XM0_B9RDQS_P,#REF!,#REF!,#REF!,#REF!,#REF!,#REF!,#REF!,#REF!,#REF!,#REF!,,,,,,#REF!,#REF!,#REF!,#REF!,,,,,#REF!,,#REF!,,,,,,,,,,,,,DDR_XM0_B9RDQS_P,,,,,,,,,,,,,DDR_0CD_RDQS3_P,#REF!,#REF!
DDR_XM0_B9RDQS_N,#REF!,unused_DDR_XM0_B9RDQS_N,#REF!,#REF!,#REF!,#REF!,#REF!,#REF!,#REF!,#REF!,#REF!,#REF!,,,,,,#REF!,#REF!,#REF!,#REF!,,,,,#REF!,,#REF!,,,,,,,,,,,,,DDR_XM0_B9RDQS_N,,,,,,,,,,,,,DDR_0CD_RDQS3_N,#REF!,#REF!
DDR1,DDR,,,,,,,,,,,,,,,,,,,,,,,,,,,,,,,,,,,,,,,,,,,,,,,,,,,0.6V,,DDR1,DDR,
DDR_XM1_B0D0,#REF!,unused_DDR_XM1_B0D0,#REF!,#REF!,#REF!,#REF!,#REF!,#REF!,#REF!,#REF!,#REF!,#REF!,,,,,,#REF!,#REF!,#REF!,#REF!,,,,,#REF!,,#REF!,,,,,,,,,,,,,DDR_XM1_B0D[0],,,,,,,,,,,,,DDR_1AB_DQ0,#REF!,#REF!
DDR_XM1_B0D1,#REF!,unused_DDR_XM1_B0D1,#REF!,#REF!,#REF!,#REF!,#REF!,#REF!,#REF!,#REF!,#REF!,#REF!,,,,,,#REF!,#REF!,#REF!,#REF!,,,,,#REF!,,#REF!,,,,,,,,,,,,,DDR_XM1_B0D[1],,,,,,,,,,,,,DDR_1AB_DQ1,#REF!,#REF!
DDR_XM1_B0D2,#REF!,unused_DDR_XM1_B0D2,#REF!,#REF!,#REF!,#REF!,#REF!,#REF!,#REF!,#REF!,#REF!,#REF!,,,,,,#REF!,#REF!,#REF!,#REF!,,,,,#REF!,,#REF!,,,,,,,,,,,,,DDR_XM1_B0D[2],,,,,,,,,,,,,DDR_1AB_DQ2,#REF!,#REF!
DDR_XM1_B0D3,#REF!,unused_DDR_XM1_B0D3,#REF!,#REF!,#REF!,#REF!,#REF!,#REF!,#REF!,#REF!,#REF!,#REF!,,,,,,#REF!,#REF!,#REF!,#REF!,,,,,#REF!,,#REF!,,,,,,,,,,,,,DDR_XM1_B0D[3],,,,,,,,,,,,,DDR_1AB_DQ3,#REF!,#REF!
DDR_XM1_B0D4,#REF!,unused_DDR_XM1_B0D4,#REF!,#REF!,#REF!,#REF!,#REF!,#REF!,#REF!,#REF!,#REF!,#REF!,,,,,,#REF!,#REF!,#REF!,#REF!,,,,,#REF!,,#REF!,,,,,,,,,,,,,DDR_XM1_B0D[4],,,,,,,,,,,,,DDR_1AB_DQ4,#REF!,#REF!
DDR_XM1_B0D5,#REF!,unused_DDR_XM1_B0D5,#REF!,#REF!,#REF!,#REF!,#REF!,#REF!,#REF!,#REF!,#REF!,#REF!,,,,,,#REF!,#REF!,#REF!,#REF!,,,,,#REF!,,#REF!,,,,,,,,,,,,,DDR_XM1_B0D[5],,,,,,,,,,,,,DDR_1AB_DQ5,#REF!,#REF!
DDR_XM1_B0D6,#REF!,unused_DDR_XM1_B0D6,#REF!,#REF!,#REF!,#REF!,#REF!,#REF!,#REF!,#REF!,#REF!,#REF!,,,,,,#REF!,#REF!,#REF!,#REF!,,,,,#REF!,,#REF!,,,,,,,,,,,,,DDR_XM1_B0D[6],,,,,,,,,,,,,DDR_1AB_DQ6,#REF!,#REF!
DDR_XM1_B0D7,#REF!,unused_DDR_XM1_B0D7,#REF!,#REF!,#REF!,#REF!,#REF!,#REF!,#REF!,#REF!,#REF!,#REF!,,,,,,#REF!,#REF!,#REF!,#REF!,,,,,#REF!,,#REF!,,,,,,,,,,,,,DDR_XM1_B0D[7],,,,,,,,,,,,,DDR_1AB_DQ7,#REF!,#REF!
DDR_XM1_B0DMI,#REF!,unused_DDR_XM1_B0DMI,#REF!,#REF!,#REF!,#REF!,#REF!,#REF!,#REF!,#REF!,#REF!,#REF!,,,,,,#REF!,#REF!,#REF!,#REF!,,,,,#REF!,,#REF!,,,,,,,,,,,,,DDR_XM1_B0DMI,,,,,,,,,,,,,DDR_1AB_DMI0,#REF!,#REF!
DDR_XM1_B0WCK_P,#REF!,unused_DDR_XM1_B0WCK_P,#REF!,#REF!,#REF!,#REF!,#REF!,#REF!,#REF!,#REF!,#REF!,#REF!,,,,,,#REF!,#REF!,#REF!,#REF!,,,,,#REF!,,#REF!,,,,,,,,,,,,,DDR_XM1_B0WCK_P,,,,,,,,,,,,,DDR_1AB_WCK0_P,#REF!,#REF!
DDR_XM1_B0WCK_N,#REF!,unused_DDR_XM1_B0WCK_N,#REF!,#REF!,#REF!,#REF!,#REF!,#REF!,#REF!,#REF!,#REF!,#REF!,,,,,,#REF!,#REF!,#REF!,#REF!,,,,,#REF!,,#REF!,,,,,,,,,,,,,DDR_XM1_B0WCK_N,,,,,,,,,,,,,DDR_1AB_WCK0_N,#REF!,#REF!
DDR_XM1_B0RDQS_P,#REF!,unused_DDR_XM1_B0RDQS_P,#REF!,#REF!,#REF!,#REF!,#REF!,#REF!,#REF!,#REF!,#REF!,#REF!,,,,,,#REF!,#REF!,#REF!,#REF!,,,,,#REF!,,#REF!,,,,,,,,,,,,,DDR_XM1_B0RDQS_P,,,,,,,,,,,,,DDR_1AB_RDQS0_P,#REF!,#REF!
DDR_XM1_B0RDQS_N,#REF!,unused_DDR_XM1_B0RDQS_N,#REF!,#REF!,#REF!,#REF!,#REF!,#REF!,#REF!,#REF!,#REF!,#REF!,,,,,,#REF!,#REF!,#REF!,#REF!,,,,,#REF!,,#REF!,,,,,,,,,,,,,DDR_XM1_B0RDQS_N,,,,,,,,,,,,,DDR_1AB_RDQS0_N,#REF!,#REF!
DDR_XM1_B1D0,#REF!,unused_DDR_XM1_B1D0,#REF!,#REF!,#REF!,#REF!,#REF!,#REF!,#REF!,#REF!,#REF!,#REF!,,,,,,#REF!,#REF!,#REF!,#REF!,,,,,#REF!,,#REF!,,,,,,,,,,,,,DDR_XM1_B1D[0],,,,,,,,,,,,,DDR_1AB_DQ8,#REF!,#REF!
DDR_XM1_B1D1,#REF!,unused_DDR_XM1_B1D1,#REF!,#REF!,#REF!,#REF!,#REF!,#REF!,#REF!,#REF!,#REF!,#REF!,,,,,,#REF!,#REF!,#REF!,#REF!,,,,,#REF!,,#REF!,,,,,,,,,,,,,DDR_XM1_B1D[1],,,,,,,,,,,,,DDR_1AB_DQ9,#REF!,#REF!
DDR_XM1_B1D2,#REF!,unused_DDR_XM1_B1D2,#REF!,#REF!,#REF!,#REF!,#REF!,#REF!,#REF!,#REF!,#REF!,#REF!,,,,,,#REF!,#REF!,#REF!,#REF!,,,,,#REF!,,#REF!,,,,,,,,,,,,,DDR_XM1_B1D[2],,,,,,,,,,,,,DDR_1AB_DQ10,#REF!,#REF!
DDR_XM1_B1D3,#REF!,unused_DDR_XM1_B1D3,#REF!,#REF!,#REF!,#REF!,#REF!,#REF!,#REF!,#REF!,#REF!,#REF!,,,,,,#REF!,#REF!,#REF!,#REF!,,,,,#REF!,,#REF!,,,,,,,,,,,,,DDR_XM1_B1D[3],,,,,,,,,,,,,DDR_1AB_DQ11,#REF!,#REF!
DDR_XM1_B1D4,#REF!,unused_DDR_XM1_B1D4,#REF!,#REF!,#REF!,#REF!,#REF!,#REF!,#REF!,#REF!,#REF!,#REF!,,,,,,#REF!,#REF!,#REF!,#REF!,,,,,#REF!,,#REF!,,,,,,,,,,,,,DDR_XM1_B1D[4],,,,,,,,,,,,,DDR_1AB_DQ12,#REF!,#REF!
DDR_XM1_B1D5,#REF!,unused_DDR_XM1_B1D5,#REF!,#REF!,#REF!,#REF!,#REF!,#REF!,#REF!,#REF!,#REF!,#REF!,,,,,,#REF!,#REF!,#REF!,#REF!,,,,,#REF!,,#REF!,,,,,,,,,,,,,DDR_XM1_B1D[5],,,,,,,,,,,,,DDR_1AB_DQ13,#REF!,#REF!
DDR_XM1_B1D6,#REF!,unused_DDR_XM1_B1D6,#REF!,#REF!,#REF!,#REF!,#REF!,#REF!,#REF!,#REF!,#REF!,#REF!,,,,,,#REF!,#REF!,#REF!,#REF!,,,,,#REF!,,#REF!,,,,,,,,,,,,,DDR_XM1_B1D[6],,,,,,,,,,,,,DDR_1AB_DQ14,#REF!,#REF!
DDR_XM1_B1D7,#REF!,unused_DDR_XM1_B1D7,#REF!,#REF!,#REF!,#REF!,#REF!,#REF!,#REF!,#REF!,#REF!,#REF!,,,,,,#REF!,#REF!,#REF!,#REF!,,,,,#REF!,,#REF!,,,,,,,,,,,,,DDR_XM1_B1D[7],,,,,,,,,,,,,DDR_1AB_DQ15,#REF!,#REF!
DDR_XM1_B1DMI,#REF!,unused_DDR_XM1_B1DMI,#REF!,#REF!,#REF!,#REF!,#REF!,#REF!,#REF!,#REF!,#REF!,#REF!,,,,,,#REF!,#REF!,#REF!,#REF!,,,,,#REF!,,#REF!,,,,,,,,,,,,,DDR_XM1_B1DMI,,,,,,,,,,,,,DDR_1AB_DMI1,#REF!,#REF!
DDR_XM1_B1WCK_P,#REF!,unused_DDR_XM1_B1WCK_P,#REF!,#REF!,#REF!,#REF!,#REF!,#REF!,#REF!,#REF!,#REF!,#REF!,,,,,,#REF!,#REF!,#REF!,#REF!,,,,,#REF!,,#REF!,,,,,,,,,,,,,DDR_XM1_B1WCK_P,,,,,,,,,,,,,DDR_1AB_WCK1_P,#REF!,#REF!
DDR_XM1_B1WCK_N,#REF!,unused_DDR_XM1_B1WCK_N,#REF!,#REF!,#REF!,#REF!,#REF!,#REF!,#REF!,#REF!,#REF!,#REF!,,,,,,#REF!,#REF!,#REF!,#REF!,,,,,#REF!,,#REF!,,,,,,,,,,,,,DDR_XM1_B1WCK_N,,,,,,,,,,,,,DDR_1AB_WCK1_N,#REF!,#REF!
DDR_XM1_B1RDQS_P,#REF!,unused_DDR_XM1_B1RDQS_P,#REF!,#REF!,#REF!,#REF!,#REF!,#REF!,#REF!,#REF!,#REF!,#REF!,,,,,,#REF!,#REF!,#REF!,#REF!,,,,,#REF!,,#REF!,,,,,,,,,,,,,DDR_XM1_B1RDQS_P,,,,,,,,,,,,,DDR_1AB_RDQS1_P,#REF!,#REF!
DDR_XM1_B1RDQS_N,#REF!,unused_DDR_XM1_B1RDQS_N,#REF!,#REF!,#REF!,#REF!,#REF!,#REF!,#REF!,#REF!,#REF!,#REF!,,,,,,#REF!,#REF!,#REF!,#REF!,,,,,#REF!,,#REF!,,,,,,,,,,,,,DDR_XM1_B1RDQS_N,,,,,,,,,,,,,DDR_1AB_RDQS1_N,#REF!,#REF!
DDR_XM1_B2A_CA0,#REF!,unused_DDR_XM1_B2A_CA0,#REF!,#REF!,#REF!,#REF!,#REF!,#REF!,#REF!,#REF!,#REF!,#REF!,,,,,,#REF!,#REF!,#REF!,#REF!,,,,,#REF!,,#REF!,,,,,,,,,,,,,DDR_XM1_B2A_CA[0],,,,,,,,,,,,,DDR_1A_CA0,#REF!,#REF!
DDR_XM1_B2A_CA1,#REF!,unused_DDR_XM1_B2A_CA1,#REF!,#REF!,#REF!,#REF!,#REF!,#REF!,#REF!,#REF!,#REF!,#REF!,,,,,,#REF!,#REF!,#REF!,#REF!,,,,,#REF!,,#REF!,,,,,,,,,,,,,DDR_XM1_B2A_CA[1],,,,,,,,,,,,,DDR_1A_CA1,#REF!,#REF!
DDR_XM1_B2A_CA2,#REF!,unused_DDR_XM1_B2A_CA2,#REF!,#REF!,#REF!,#REF!,#REF!,#REF!,#REF!,#REF!,#REF!,#REF!,,,,,,#REF!,#REF!,#REF!,#REF!,,,,,#REF!,,#REF!,,,,,,,,,,,,,DDR_XM1_B2A_CA[2],,,,,,,,,,,,,DDR_1A_CA2,#REF!,#REF!
DDR_XM1_B2A_CA3,#REF!,unused_DDR_XM1_B2A_CA3,#REF!,#REF!,#REF!,#REF!,#REF!,#REF!,#REF!,#REF!,#REF!,#REF!,,,,,,#REF!,#REF!,#REF!,#REF!,,,,,#REF!,,#REF!,,,,,,,,,,,,,DDR_XM1_B2A_CA[3],,,,,,,,,,,,,DDR_1A_CA3,#REF!,#REF!
DDR_XM1_B2A_CA4,#REF!,unused_DDR_XM1_B2A_CA4,#REF!,#REF!,#REF!,#REF!,#REF!,#REF!,#REF!,#REF!,#REF!,#REF!,,,,,,#REF!,#REF!,#REF!,#REF!,,,,,#REF!,,#REF!,,,,,,,,,,,,,DDR_XM1_B2A_CA[4],,,,,,,,,,,,,DDR_1A_CA4,#REF!,#REF!
DDR_XM1_B2A_CA5,#REF!,unused_DDR_XM1_B2A_CA5,#REF!,#REF!,#REF!,#REF!,#REF!,#REF!,#REF!,#REF!,#REF!,#REF!,,,,,,#REF!,#REF!,#REF!,#REF!,,,,,#REF!,,#REF!,,,,,,,,,,,,,DDR_XM1_B2A_CA[5],,,,,,,,,,,,,DDR_1A_CA5,#REF!,#REF!
DDR_XM1_B2A_CA6,#REF!,unused_DDR_XM1_B2A_CA6,#REF!,#REF!,#REF!,#REF!,#REF!,#REF!,#REF!,#REF!,#REF!,#REF!,,,,,,#REF!,#REF!,#REF!,#REF!,,,,,#REF!,,#REF!,,,,,,,,,,,,,DDR_XM1_B2A_CA[6],,,,,,,,,,,,,DDR_1A_CA6,#REF!,#REF!
DDR_XM1_B2B_CA0,#REF!,unused_DDR_XM1_B2B_CA0,#REF!,#REF!,#REF!,#REF!,#REF!,#REF!,#REF!,#REF!,#REF!,#REF!,,,,,,#REF!,#REF!,#REF!,#REF!,,,,,#REF!,,#REF!,,,,,,,,,,,,,DDR_XM1_B2B_CA[0],,,,,,,,,,,,,DDR_1B_CA0,#REF!,#REF!
DDR_XM1_B2B_CA1,#REF!,unused_DDR_XM1_B2B_CA1,#REF!,#REF!,#REF!,#REF!,#REF!,#REF!,#REF!,#REF!,#REF!,#REF!,,,,,,#REF!,#REF!,#REF!,#REF!,,,,,#REF!,,#REF!,,,,,,,,,,,,,DDR_XM1_B2B_CA[1],,,,,,,,,,,,,DDR_1B_CA1,#REF!,#REF!
DDR_XM1_B2B_CA2,#REF!,unused_DDR_XM1_B2B_CA2,#REF!,#REF!,#REF!,#REF!,#REF!,#REF!,#REF!,#REF!,#REF!,#REF!,,,,,,#REF!,#REF!,#REF!,#REF!,,,,,#REF!,,#REF!,,,,,,,,,,,,,DDR_XM1_B2B_CA[2],,,,,,,,,,,,,DDR_1B_CA2,#REF!,#REF!
DDR_XM1_B2B_CA3,#REF!,unused_DDR_XM1_B2B_CA3,#REF!,#REF!,#REF!,#REF!,#REF!,#REF!,#REF!,#REF!,#REF!,#REF!,,,,,,#REF!,#REF!,#REF!,#REF!,,,,,#REF!,,#REF!,,,,,,,,,,,,,DDR_XM1_B2B_CA[3],,,,,,,,,,,,,DDR_1B_CA3,#REF!,#REF!
DDR_XM1_B2B_CA4,#REF!,unused_DDR_XM1_B2B_CA4,#REF!,#REF!,#REF!,#REF!,#REF!,#REF!,#REF!,#REF!,#REF!,#REF!,,,,,,#REF!,#REF!,#REF!,#REF!,,,,,#REF!,,#REF!,,,,,,,,,,,,,DDR_XM1_B2B_CA[4],,,,,,,,,,,,,DDR_1B_CA4,#REF!,#REF!
DDR_XM1_B2B_CA5,#REF!,unused_DDR_XM1_B2B_CA5,#REF!,#REF!,#REF!,#REF!,#REF!,#REF!,#REF!,#REF!,#REF!,#REF!,,,,,,#REF!,#REF!,#REF!,#REF!,,,,,#REF!,,#REF!,,,,,,,,,,,,,DDR_XM1_B2B_CA[5],,,,,,,,,,,,,DDR_1B_CA5,#REF!,#REF!
DDR_XM1_B2B_CA6,#REF!,unused_DDR_XM1_B2B_CA6,#REF!,#REF!,#REF!,#REF!,#REF!,#REF!,#REF!,#REF!,#REF!,#REF!,,,,,,#REF!,#REF!,#REF!,#REF!,,,,,#REF!,,#REF!,,,,,,,,,,,,,DDR_XM1_B2B_CA[6],,,,,,,,,,,,,DDR_1B_CA6,#REF!,#REF!
DDR_XM1_B2A_CS_CKE0,#REF!,unused_DDR_XM1_B2A_CS_CKE0,#REF!,#REF!,#REF!,#REF!,#REF!,#REF!,#REF!,#REF!,#REF!,#REF!,,,,,,#REF!,#REF!,#REF!,#REF!,,,,,#REF!,,#REF!,,,,,,,,,,,,,DDR_XM1_B2A_CS_CKE0,,,,,,,,,,,,,DDR_1A_CS0,#REF!,#REF!
DDR_XM1_B2A_CS_CKE1,#REF!,unused_DDR_XM1_B2A_CS_CKE1,#REF!,#REF!,#REF!,#REF!,#REF!,#REF!,#REF!,#REF!,#REF!,#REF!,,,,,,#REF!,#REF!,#REF!,#REF!,,,,,#REF!,,#REF!,,,,,,,,,,,,,DDR_XM1_B2A_CS_CKE1,,,,,,,,,,,,,DDR_1A_CS1,#REF!,#REF!
DDR_XM1_B2B_CS_CKE0,#REF!,unused_DDR_XM1_B2B_CS_CKE0,#REF!,#REF!,#REF!,#REF!,#REF!,#REF!,#REF!,#REF!,#REF!,#REF!,,,,,,#REF!,#REF!,#REF!,#REF!,,,,,#REF!,,#REF!,,,,,,,,,,,,,DDR_XM1_B2B_CS_CKE0,,,,,,,,,,,,,DDR_1B_CS0,#REF!,#REF!
DDR_XM1_B2B_CS_CKE1,#REF!,unused_DDR_XM1_B2B_CS_CKE1,#REF!,#REF!,#REF!,#REF!,#REF!,#REF!,#REF!,#REF!,#REF!,#REF!,,,,,,#REF!,#REF!,#REF!,#REF!,,,,,#REF!,,#REF!,,,,,,,,,,,,,DDR_XM1_B2B_CS_CKE1,,,,,,,,,,,,,DDR_1B_CS1,#REF!,#REF!
DDR_XM1_B2A_CLK_P,#REF!,unused_DDR_XM1_B2A_CLK_P,#REF!,#REF!,#REF!,#REF!,#REF!,#REF!,#REF!,#REF!,#REF!,#REF!,,,,,,#REF!,#REF!,#REF!,#REF!,,,,,#REF!,,#REF!,,,,,,,,,,,,,DDR_XM1_B2A_CLK_P,,,,,,,,,,,,,DDR_1A_CLK_P,#REF!,#REF!
DDR_XM1_B2A_CLK_N,#REF!,unused_DDR_XM1_B2A_CLK_N,#REF!,#REF!,#REF!,#REF!,#REF!,#REF!,#REF!,#REF!,#REF!,#REF!,,,,,,#REF!,#REF!,#REF!,#REF!,,,,,#REF!,,#REF!,,,,,,,,,,,,,DDR_XM1_B2A_CLK_N,,,,,,,,,,,,,DDR_1A_CLK_N,#REF!,#REF!
DDR_XM1_B2B_CLK_P,#REF!,unused_DDR_XM1_B2B_CLK_P,#REF!,#REF!,#REF!,#REF!,#REF!,#REF!,#REF!,#REF!,#REF!,#REF!,,,,,,#REF!,#REF!,#REF!,#REF!,,,,,#REF!,,#REF!,,,,,,,,,,,,,DDR_XM1_B2B_CLK_P,,,,,,,,,,,,,DDR_1B_CLK_P,#REF!,#REF!
DDR_XM1_B2B_CLK_N,#REF!,unused_DDR_XM1_B2B_CLK_N,#REF!,#REF!,#REF!,#REF!,#REF!,#REF!,#REF!,#REF!,#REF!,#REF!,,,,,,#REF!,#REF!,#REF!,#REF!,,,,,#REF!,,#REF!,,,,,,,,,,,,,DDR_XM1_B2B_CLK_N,,,,,,,,,,,,,DDR_1B_CLK_N,#REF!,#REF!
DDR_XM1_B3D0,#REF!,unused_DDR_XM1_B3D0,#REF!,#REF!,#REF!,#REF!,#REF!,#REF!,#REF!,#REF!,#REF!,#REF!,,,,,,#REF!,#REF!,#REF!,#REF!,,,,,#REF!,,#REF!,,,,,,,,,,,,,DDR_XM1_B3D[0],,,,,,,,,,,,,DDR_1AB_DQ16,#REF!,#REF!
DDR_XM1_B3D1,#REF!,unused_DDR_XM1_B3D1,#REF!,#REF!,#REF!,#REF!,#REF!,#REF!,#REF!,#REF!,#REF!,#REF!,,,,,,#REF!,#REF!,#REF!,#REF!,,,,,#REF!,,#REF!,,,,,,,,,,,,,DDR_XM1_B3D[1],,,,,,,,,,,,,DDR_1AB_DQ17,#REF!,#REF!
DDR_XM1_B3D2,#REF!,unused_DDR_XM1_B3D2,#REF!,#REF!,#REF!,#REF!,#REF!,#REF!,#REF!,#REF!,#REF!,#REF!,,,,,,#REF!,#REF!,#REF!,#REF!,,,,,#REF!,,#REF!,,,,,,,,,,,,,DDR_XM1_B3D[2],,,,,,,,,,,,,DDR_1AB_DQ18,#REF!,#REF!
DDR_XM1_B3D3,#REF!,unused_DDR_XM1_B3D3,#REF!,#REF!,#REF!,#REF!,#REF!,#REF!,#REF!,#REF!,#REF!,#REF!,,,,,,#REF!,#REF!,#REF!,#REF!,,,,,#REF!,,#REF!,,,,,,,,,,,,,DDR_XM1_B3D[3],,,,,,,,,,,,,DDR_1AB_DQ19,#REF!,#REF!
DDR_XM1_B3D4,#REF!,unused_DDR_XM1_B3D4,#REF!,#REF!,#REF!,#REF!,#REF!,#REF!,#REF!,#REF!,#REF!,#REF!,,,,,,#REF!,#REF!,#REF!,#REF!,,,,,#REF!,,#REF!,,,,,,,,,,,,,DDR_XM1_B3D[4],,,,,,,,,,,,,DDR_1AB_DQ20,#REF!,#REF!
DDR_XM1_B3D5,#REF!,unused_DDR_XM1_B3D5,#REF!,#REF!,#REF!,#REF!,#REF!,#REF!,#REF!,#REF!,#REF!,#REF!,,,,,,#REF!,#REF!,#REF!,#REF!,,,,,#REF!,,#REF!,,,,,,,,,,,,,DDR_XM1_B3D[5],,,,,,,,,,,,,DDR_1AB_DQ21,#REF!,#REF!
DDR_XM1_B3D6,#REF!,unused_DDR_XM1_B3D6,#REF!,#REF!,#REF!,#REF!,#REF!,#REF!,#REF!,#REF!,#REF!,#REF!,,,,,,#REF!,#REF!,#REF!,#REF!,,,,,#REF!,,#REF!,,,,,,,,,,,,,DDR_XM1_B3D[6],,,,,,,,,,,,,DDR_1AB_DQ22,#REF!,#REF!
DDR_XM1_B3D7,#REF!,unused_DDR_XM1_B3D7,#REF!,#REF!,#REF!,#REF!,#REF!,#REF!,#REF!,#REF!,#REF!,#REF!,,,,,,#REF!,#REF!,#REF!,#REF!,,,,,#REF!,,#REF!,,,,,,,,,,,,,DDR_XM1_B3D[7],,,,,,,,,,,,,DDR_1AB_DQ23,#REF!,#REF!
DDR_XM1_B3DMI,#REF!,unused_DDR_XM1_B3DMI,#REF!,#REF!,#REF!,#REF!,#REF!,#REF!,#REF!,#REF!,#REF!,#REF!,,,,,,#REF!,#REF!,#REF!,#REF!,,,,,#REF!,,#REF!,,,,,,,,,,,,,DDR_XM1_B3DMI,,,,,,,,,,,,,DDR_1AB_DMI2,#REF!,#REF!
DDR_XM1_B3WCK_P,#REF!,unused_DDR_XM1_B3WCK_P,#REF!,#REF!,#REF!,#REF!,#REF!,#REF!,#REF!,#REF!,#REF!,#REF!,,,,,,#REF!,#REF!,#REF!,#REF!,,,,,#REF!,,#REF!,,,,,,,,,,,,,DDR_XM1_B3WCK_P,,,,,,,,,,,,,DDR_1AB_WCK2_P,#REF!,#REF!
DDR_XM1_B3WCK_N,#REF!,unused_DDR_XM1_B3WCK_N,#REF!,#REF!,#REF!,#REF!,#REF!,#REF!,#REF!,#REF!,#REF!,#REF!,,,,,,#REF!,#REF!,#REF!,#REF!,,,,,#REF!,,#REF!,,,,,,,,,,,,,DDR_XM1_B3WCK_N,,,,,,,,,,,,,DDR_1AB_WCK2_N,#REF!,#REF!
DDR_XM1_B3RDQS_P,#REF!,unused_DDR_XM1_B3RDQS_P,#REF!,#REF!,#REF!,#REF!,#REF!,#REF!,#REF!,#REF!,#REF!,#REF!,,,,,,#REF!,#REF!,#REF!,#REF!,,,,,#REF!,,#REF!,,,,,,,,,,,,,DDR_XM1_B3RDQS_P,,,,,,,,,,,,,DDR_1AB_RDQS2_P,#REF!,#REF!
DDR_XM1_B3RDQS_N,#REF!,unused_DDR_XM1_B3RDQS_N,#REF!,#REF!,#REF!,#REF!,#REF!,#REF!,#REF!,#REF!,#REF!,#REF!,,,,,,#REF!,#REF!,#REF!,#REF!,,,,,#REF!,,#REF!,,,,,,,,,,,,,DDR_XM1_B3RDQS_N,,,,,,,,,,,,,DDR_1AB_RDQS2_N,#REF!,#REF!
DDR_XM1_B4D0,#REF!,unused_DDR_XM1_B4D0,#REF!,#REF!,#REF!,#REF!,#REF!,#REF!,#REF!,#REF!,#REF!,#REF!,,,,,,#REF!,#REF!,#REF!,#REF!,,,,,#REF!,,#REF!,,,,,,,,,,,,,DDR_XM1_B4D[0],,,,,,,,,,,,,DDR_1AB_DQ24,#REF!,#REF!
DDR_XM1_B4D1,#REF!,unused_DDR_XM1_B4D1,#REF!,#REF!,#REF!,#REF!,#REF!,#REF!,#REF!,#REF!,#REF!,#REF!,,,,,,#REF!,#REF!,#REF!,#REF!,,,,,#REF!,,#REF!,,,,,,,,,,,,,DDR_XM1_B4D[1],,,,,,,,,,,,,DDR_1AB_DQ25,#REF!,#REF!
DDR_XM1_B4D2,#REF!,unused_DDR_XM1_B4D2,#REF!,#REF!,#REF!,#REF!,#REF!,#REF!,#REF!,#REF!,#REF!,#REF!,,,,,,#REF!,#REF!,#REF!,#REF!,,,,,#REF!,,#REF!,,,,,,,,,,,,,DDR_XM1_B4D[2],,,,,,,,,,,,,DDR_1AB_DQ26,#REF!,#REF!
DDR_XM1_B4D3,#REF!,unused_DDR_XM1_B4D3,#REF!,#REF!,#REF!,#REF!,#REF!,#REF!,#REF!,#REF!,#REF!,#REF!,,,,,,#REF!,#REF!,#REF!,#REF!,,,,,#REF!,,#REF!,,,,,,,,,,,,,DDR_XM1_B4D[3],,,,,,,,,,,,,DDR_1AB_DQ27,#REF!,#REF!
DDR_XM1_B4D4,#REF!,unused_DDR_XM1_B4D4,#REF!,#REF!,#REF!,#REF!,#REF!,#REF!,#REF!,#REF!,#REF!,#REF!,,,,,,#REF!,#REF!,#REF!,#REF!,,,,,#REF!,,#REF!,,,,,,,,,,,,,DDR_XM1_B4D[4],,,,,,,,,,,,,DDR_1AB_DQ28,#REF!,#REF!
DDR_XM1_B4D5,#REF!,unused_DDR_XM1_B4D5,#REF!,#REF!,#REF!,#REF!,#REF!,#REF!,#REF!,#REF!,#REF!,#REF!,,,,,,#REF!,#REF!,#REF!,#REF!,,,,,#REF!,,#REF!,,,,,,,,,,,,,DDR_XM1_B4D[5],,,,,,,,,,,,,DDR_1AB_DQ29,#REF!,#REF!
DDR_XM1_B4D6,#REF!,unused_DDR_XM1_B4D6,#REF!,#REF!,#REF!,#REF!,#REF!,#REF!,#REF!,#REF!,#REF!,#REF!,,,,,,#REF!,#REF!,#REF!,#REF!,,,,,#REF!,,#REF!,,,,,,,,,,,,,DDR_XM1_B4D[6],,,,,,,,,,,,,DDR_1AB_DQ30,#REF!,#REF!
DDR_XM1_B4D7,#REF!,unused_DDR_XM1_B4D7,#REF!,#REF!,#REF!,#REF!,#REF!,#REF!,#REF!,#REF!,#REF!,#REF!,,,,,,#REF!,#REF!,#REF!,#REF!,,,,,#REF!,,#REF!,,,,,,,,,,,,,DDR_XM1_B4D[7],,,,,,,,,,,,,DDR_1AB_DQ31,#REF!,#REF!
DDR_XM1_B4DMI,#REF!,unused_DDR_XM1_B4DMI,#REF!,#REF!,#REF!,#REF!,#REF!,#REF!,#REF!,#REF!,#REF!,#REF!,,,,,,#REF!,#REF!,#REF!,#REF!,,,,,#REF!,,#REF!,,,,,,,,,,,,,DDR_XM1_B4DMI,,,,,,,,,,,,,DDR_1AB_DMI3,#REF!,#REF!
DDR_XM1_B4WCK_P,#REF!,unused_DDR_XM1_B4WCK_P,#REF!,#REF!,#REF!,#REF!,#REF!,#REF!,#REF!,#REF!,#REF!,#REF!,,,,,,#REF!,#REF!,#REF!,#REF!,,,,,#REF!,,#REF!,,,,,,,,,,,,,DDR_XM1_B4WCK_P,,,,,,,,,,,,,DDR_1AB_WCK3_P,#REF!,#REF!
DDR_XM1_B4WCK_N,#REF!,unused_DDR_XM1_B4WCK_N,#REF!,#REF!,#REF!,#REF!,#REF!,#REF!,#REF!,#REF!,#REF!,#REF!,,,,,,#REF!,#REF!,#REF!,#REF!,,,,,#REF!,,#REF!,,,,,,,,,,,,,DDR_XM1_B4WCK_N,,,,,,,,,,,,,DDR_1AB_WCK3_N,#REF!,#REF!
DDR_XM1_B4RDQS_P,#REF!,unused_DDR_XM1_B4RDQS_P,#REF!,#REF!,#REF!,#REF!,#REF!,#REF!,#REF!,#REF!,#REF!,#REF!,,,,,,#REF!,#REF!,#REF!,#REF!,,,,,#REF!,,#REF!,,,,,,,,,,,,,DDR_XM1_B4RDQS_P,,,,,,,,,,,,,DDR_1AB_RDQS3_P,#REF!,#REF!
DDR_XM1_B4RDQS_N,#REF!,unused_DDR_XM1_B4RDQS_N,#REF!,#REF!,#REF!,#REF!,#REF!,#REF!,#REF!,#REF!,#REF!,#REF!,,,,,,#REF!,#REF!,#REF!,#REF!,,,,,#REF!,,#REF!,,,,,,,,,,,,,DDR_XM1_B4RDQS_N,,,,,,,,,,,,,DDR_1AB_RDQS3_N,#REF!,#REF!
DDR_XM1_B5D0,#REF!,unused_DDR_XM1_B5D0,#REF!,#REF!,#REF!,#REF!,#REF!,#REF!,#REF!,#REF!,#REF!,#REF!,,,,,,#REF!,#REF!,#REF!,#REF!,,,,,#REF!,,#REF!,,,,,,,,,,,,,DDR_XM1_B5D[0],,,,,,,,,,,,,DDR_1CD_DQ0,#REF!,#REF!
DDR_XM1_B5D1,#REF!,unused_DDR_XM1_B5D1,#REF!,#REF!,#REF!,#REF!,#REF!,#REF!,#REF!,#REF!,#REF!,#REF!,,,,,,#REF!,#REF!,#REF!,#REF!,,,,,#REF!,,#REF!,,,,,,,,,,,,,DDR_XM1_B5D[1],,,,,,,,,,,,,DDR_1CD_DQ1,#REF!,#REF!
DDR_XM1_B5D2,#REF!,unused_DDR_XM1_B5D2,#REF!,#REF!,#REF!,#REF!,#REF!,#REF!,#REF!,#REF!,#REF!,#REF!,,,,,,#REF!,#REF!,#REF!,#REF!,,,,,#REF!,,#REF!,,,,,,,,,,,,,DDR_XM1_B5D[2],,,,,,,,,,,,,DDR_1CD_DQ2,#REF!,#REF!
DDR_XM1_B5D3,#REF!,unused_DDR_XM1_B5D3,#REF!,#REF!,#REF!,#REF!,#REF!,#REF!,#REF!,#REF!,#REF!,#REF!,,,,,,#REF!,#REF!,#REF!,#REF!,,,,,#REF!,,#REF!,,,,,,,,,,,,,DDR_XM1_B5D[3],,,,,,,,,,,,,DDR_1CD_DQ3,#REF!,#REF!
DDR_XM1_B5D4,#REF!,unused_DDR_XM1_B5D4,#REF!,#REF!,#REF!,#REF!,#REF!,#REF!,#REF!,#REF!,#REF!,#REF!,,,,,,#REF!,#REF!,#REF!,#REF!,,,,,#REF!,,#REF!,,,,,,,,,,,,,DDR_XM1_B5D[4],,,,,,,,,,,,,DDR_1CD_DQ4,#REF!,#REF!
DDR_XM1_B5D5,#REF!,unused_DDR_XM1_B5D5,#REF!,#REF!,#REF!,#REF!,#REF!,#REF!,#REF!,#REF!,#REF!,#REF!,,,,,,#REF!,#REF!,#REF!,#REF!,,,,,#REF!,,#REF!,,,,,,,,,,,,,DDR_XM1_B5D[5],,,,,,,,,,,,,DDR_1CD_DQ5,#REF!,#REF!
DDR_XM1_B5D6,#REF!,unused_DDR_XM1_B5D6,#REF!,#REF!,#REF!,#REF!,#REF!,#REF!,#REF!,#REF!,#REF!,#REF!,,,,,,#REF!,#REF!,#REF!,#REF!,,,,,#REF!,,#REF!,,,,,,,,,,,,,DDR_XM1_B5D[6],,,,,,,,,,,,,DDR_1CD_DQ6,#REF!,#REF!
DDR_XM1_B5D7,#REF!,unused_DDR_XM1_B5D7,#REF!,#REF!,#REF!,#REF!,#REF!,#REF!,#REF!,#REF!,#REF!,#REF!,,,,,,#REF!,#REF!,#REF!,#REF!,,,,,#REF!,,#REF!,,,,,,,,,,,,,DDR_XM1_B5D[7],,,,,,,,,,,,,DDR_1CD_DQ7,#REF!,#REF!
DDR_XM1_B5DMI,#REF!,unused_DDR_XM1_B5DMI,#REF!,#REF!,#REF!,#REF!,#REF!,#REF!,#REF!,#REF!,#REF!,#REF!,,,,,,#REF!,#REF!,#REF!,#REF!,,,,,#REF!,,#REF!,,,,,,,,,,,,,DDR_XM1_B5DMI,,,,,,,,,,,,,DDR_1CD_DMI0,#REF!,#REF!
DDR_XM1_B5WCK_P,#REF!,unused_DDR_XM1_B5WCK_P,#REF!,#REF!,#REF!,#REF!,#REF!,#REF!,#REF!,#REF!,#REF!,#REF!,,,,,,#REF!,#REF!,#REF!,#REF!,,,,,#REF!,,#REF!,,,,,,,,,,,,,DDR_XM1_B5WCK_P,,,,,,,,,,,,,DDR_1CD_WCK0_P,#REF!,#REF!
DDR_XM1_B5WCK_N,#REF!,unused_DDR_XM1_B5WCK_N,#REF!,#REF!,#REF!,#REF!,#REF!,#REF!,#REF!,#REF!,#REF!,#REF!,,,,,,#REF!,#REF!,#REF!,#REF!,,,,,#REF!,,#REF!,,,,,,,,,,,,,DDR_XM1_B5WCK_N,,,,,,,,,,,,,DDR_1CD_WCK0_N,#REF!,#REF!
DDR_XM1_B5RDQS_P,#REF!,unused_DDR_XM1_B5RDQS_P,#REF!,#REF!,#REF!,#REF!,#REF!,#REF!,#REF!,#REF!,#REF!,#REF!,,,,,,#REF!,#REF!,#REF!,#REF!,,,,,#REF!,,#REF!,,,,,,,,,,,,,DDR_XM1_B5RDQS_P,,,,,,,,,,,,,DDR_1CD_RDQS0_P,#REF!,#REF!
DDR_XM1_B5RDQS_N,#REF!,unused_DDR_XM1_B5RDQS_N,#REF!,#REF!,#REF!,#REF!,#REF!,#REF!,#REF!,#REF!,#REF!,#REF!,,,,,,#REF!,#REF!,#REF!,#REF!,,,,,#REF!,,#REF!,,,,,,,,,,,,,DDR_XM1_B5RDQS_N,,,,,,,,,,,,,DDR_1CD_RDQS0_N,#REF!,#REF!
DDR_XM1_B6D0,#REF!,unused_DDR_XM1_B6D0,#REF!,#REF!,#REF!,#REF!,#REF!,#REF!,#REF!,#REF!,#REF!,#REF!,,,,,,#REF!,#REF!,#REF!,#REF!,,,,,#REF!,,#REF!,,,,,,,,,,,,,DDR_XM1_B6D[0],,,,,,,,,,,,,DDR_1CD_DQ8,#REF!,#REF!
DDR_XM1_B6D1,#REF!,unused_DDR_XM1_B6D1,#REF!,#REF!,#REF!,#REF!,#REF!,#REF!,#REF!,#REF!,#REF!,#REF!,,,,,,#REF!,#REF!,#REF!,#REF!,,,,,#REF!,,#REF!,,,,,,,,,,,,,DDR_XM1_B6D[1],,,,,,,,,,,,,DDR_1CD_DQ9,#REF!,#REF!
DDR_XM1_B6D2,#REF!,unused_DDR_XM1_B6D2,#REF!,#REF!,#REF!,#REF!,#REF!,#REF!,#REF!,#REF!,#REF!,#REF!,,,,,,#REF!,#REF!,#REF!,#REF!,,,,,#REF!,,#REF!,,,,,,,,,,,,,DDR_XM1_B6D[2],,,,,,,,,,,,,DDR_1CD_DQ10,#REF!,#REF!
DDR_XM1_B6D3,#REF!,unused_DDR_XM1_B6D3,#REF!,#REF!,#REF!,#REF!,#REF!,#REF!,#REF!,#REF!,#REF!,#REF!,,,,,,#REF!,#REF!,#REF!,#REF!,,,,,#REF!,,#REF!,,,,,,,,,,,,,DDR_XM1_B6D[3],,,,,,,,,,,,,DDR_1CD_DQ11,#REF!,#REF!
DDR_XM1_B6D4,#REF!,unused_DDR_XM1_B6D4,#REF!,#REF!,#REF!,#REF!,#REF!,#REF!,#REF!,#REF!,#REF!,#REF!,,,,,,#REF!,#REF!,#REF!,#REF!,,,,,#REF!,,#REF!,,,,,,,,,,,,,DDR_XM1_B6D[4],,,,,,,,,,,,,DDR_1CD_DQ12,#REF!,#REF!
DDR_XM1_B6D5,#REF!,unused_DDR_XM1_B6D5,#REF!,#REF!,#REF!,#REF!,#REF!,#REF!,#REF!,#REF!,#REF!,#REF!,,,,,,#REF!,#REF!,#REF!,#REF!,,,,,#REF!,,#REF!,,,,,,,,,,,,,DDR_XM1_B6D[5],,,,,,,,,,,,,DDR_1CD_DQ13,#REF!,#REF!
DDR_XM1_B6D6,#REF!,unused_DDR_XM1_B6D6,#REF!,#REF!,#REF!,#REF!,#REF!,#REF!,#REF!,#REF!,#REF!,#REF!,,,,,,#REF!,#REF!,#REF!,#REF!,,,,,#REF!,,#REF!,,,,,,,,,,,,,DDR_XM1_B6D[6],,,,,,,,,,,,,DDR_1CD_DQ14,#REF!,#REF!
DDR_XM1_B6D7,#REF!,unused_DDR_XM1_B6D7,#REF!,#REF!,#REF!,#REF!,#REF!,#REF!,#REF!,#REF!,#REF!,#REF!,,,,,,#REF!,#REF!,#REF!,#REF!,,,,,#REF!,,#REF!,,,,,,,,,,,,,DDR_XM1_B6D[7],,,,,,,,,,,,,DDR_1CD_DQ15,#REF!,#REF!
DDR_XM1_B6DMI,#REF!,unused_DDR_XM1_B6DMI,#REF!,#REF!,#REF!,#REF!,#REF!,#REF!,#REF!,#REF!,#REF!,#REF!,,,,,,#REF!,#REF!,#REF!,#REF!,,,,,#REF!,,#REF!,,,,,,,,,,,,,DDR_XM1_B6DMI,,,,,,,,,,,,,DDR_1CD_DMI1,#REF!,#REF!
DDR_XM1_B6WCK_P,#REF!,unused_DDR_XM1_B6WCK_P,#REF!,#REF!,#REF!,#REF!,#REF!,#REF!,#REF!,#REF!,#REF!,#REF!,,,,,,#REF!,#REF!,#REF!,#REF!,,,,,#REF!,,#REF!,,,,,,,,,,,,,DDR_XM1_B6WCK_P,,,,,,,,,,,,,DDR_1CD_WCK1_P,#REF!,#REF!
DDR_XM1_B6WCK_N,#REF!,unused_DDR_XM1_B6WCK_N,#REF!,#REF!,#REF!,#REF!,#REF!,#REF!,#REF!,#REF!,#REF!,#REF!,,,,,,#REF!,#REF!,#REF!,#REF!,,,,,#REF!,,#REF!,,,,,,,,,,,,,DDR_XM1_B6WCK_N,,,,,,,,,,,,,DDR_1CD_WCK1_N,#REF!,#REF!
DDR_XM1_B6RDQS_P,#REF!,unused_DDR_XM1_B6RDQS_P,#REF!,#REF!,#REF!,#REF!,#REF!,#REF!,#REF!,#REF!,#REF!,#REF!,,,,,,#REF!,#REF!,#REF!,#REF!,,,,,#REF!,,#REF!,,,,,,,,,,,,,DDR_XM1_B6RDQS_P,,,,,,,,,,,,,DDR_1CD_RDQS1_P,#REF!,#REF!
DDR_XM1_B6RDQS_N,#REF!,unused_DDR_XM1_B6RDQS_N,#REF!,#REF!,#REF!,#REF!,#REF!,#REF!,#REF!,#REF!,#REF!,#REF!,,,,,,#REF!,#REF!,#REF!,#REF!,,,,,#REF!,,#REF!,,,,,,,,,,,,,DDR_XM1_B6RDQS_N,,,,,,,,,,,,,DDR_1CD_RDQS1_N,#REF!,#REF!
DDR_XM1_B7A_CA0,#REF!,unused_DDR_XM1_B7A_CA0,#REF!,#REF!,#REF!,#REF!,#REF!,#REF!,#REF!,#REF!,#REF!,#REF!,,,,,,#REF!,#REF!,#REF!,#REF!,,,,,#REF!,,#REF!,,,,,,,,,,,,,DDR_XM1_B7A_CA[0],,,,,,,,,,,,,DDR_1C_CA0,#REF!,#REF!
DDR_XM1_B7A_CA1,#REF!,unused_DDR_XM1_B7A_CA1,#REF!,#REF!,#REF!,#REF!,#REF!,#REF!,#REF!,#REF!,#REF!,#REF!,,,,,,#REF!,#REF!,#REF!,#REF!,,,,,#REF!,,#REF!,,,,,,,,,,,,,DDR_XM1_B7A_CA[1],,,,,,,,,,,,,DDR_1C_CA1,#REF!,#REF!
DDR_XM1_B7A_CA2,#REF!,unused_DDR_XM1_B7A_CA2,#REF!,#REF!,#REF!,#REF!,#REF!,#REF!,#REF!,#REF!,#REF!,#REF!,,,,,,#REF!,#REF!,#REF!,#REF!,,,,,#REF!,,#REF!,,,,,,,,,,,,,DDR_XM1_B7A_CA[2],,,,,,,,,,,,,DDR_1C_CA2,#REF!,#REF!
DDR_XM1_B7A_CA3,#REF!,unused_DDR_XM1_B7A_CA3,#REF!,#REF!,#REF!,#REF!,#REF!,#REF!,#REF!,#REF!,#REF!,#REF!,,,,,,#REF!,#REF!,#REF!,#REF!,,,,,#REF!,,#REF!,,,,,,,,,,,,,DDR_XM1_B7A_CA[3],,,,,,,,,,,,,DDR_1C_CA3,#REF!,#REF!
DDR_XM1_B7A_CA4,#REF!,unused_DDR_XM1_B7A_CA4,#REF!,#REF!,#REF!,#REF!,#REF!,#REF!,#REF!,#REF!,#REF!,#REF!,,,,,,#REF!,#REF!,#REF!,#REF!,,,,,#REF!,,#REF!,,,,,,,,,,,,,DDR_XM1_B7A_CA[4],,,,,,,,,,,,,DDR_1C_CA4,#REF!,#REF!
DDR_XM1_B7A_CA5,#REF!,unused_DDR_XM1_B7A_CA5,#REF!,#REF!,#REF!,#REF!,#REF!,#REF!,#REF!,#REF!,#REF!,#REF!,,,,,,#REF!,#REF!,#REF!,#REF!,,,,,#REF!,,#REF!,,,,,,,,,,,,,DDR_XM1_B7A_CA[5],,,,,,,,,,,,,DDR_1C_CA5,#REF!,#REF!
DDR_XM1_B7A_CA6,#REF!,unused_DDR_XM1_B7A_CA6,#REF!,#REF!,#REF!,#REF!,#REF!,#REF!,#REF!,#REF!,#REF!,#REF!,,,,,,#REF!,#REF!,#REF!,#REF!,,,,,#REF!,,#REF!,,,,,,,,,,,,,DDR_XM1_B7A_CA[6],,,,,,,,,,,,,DDR_1C_CA6,#REF!,#REF!
DDR_XM1_B7B_CA0,#REF!,unused_DDR_XM1_B7B_CA0,#REF!,#REF!,#REF!,#REF!,#REF!,#REF!,#REF!,#REF!,#REF!,#REF!,,,,,,#REF!,#REF!,#REF!,#REF!,,,,,#REF!,,#REF!,,,,,,,,,,,,,DDR_XM1_B7B_CA[0],,,,,,,,,,,,,DDR_1D_CA0,#REF!,#REF!
DDR_XM1_B7B_CA1,#REF!,unused_DDR_XM1_B7B_CA1,#REF!,#REF!,#REF!,#REF!,#REF!,#REF!,#REF!,#REF!,#REF!,#REF!,,,,,,#REF!,#REF!,#REF!,#REF!,,,,,#REF!,,#REF!,,,,,,,,,,,,,DDR_XM1_B7B_CA[1],,,,,,,,,,,,,DDR_1D_CA1,#REF!,#REF!
DDR_XM1_B7B_CA2,#REF!,unused_DDR_XM1_B7B_CA2,#REF!,#REF!,#REF!,#REF!,#REF!,#REF!,#REF!,#REF!,#REF!,#REF!,,,,,,#REF!,#REF!,#REF!,#REF!,,,,,#REF!,,#REF!,,,,,,,,,,,,,DDR_XM1_B7B_CA[2],,,,,,,,,,,,,DDR_1D_CA2,#REF!,#REF!
DDR_XM1_B7B_CA3,#REF!,unused_DDR_XM1_B7B_CA3,#REF!,#REF!,#REF!,#REF!,#REF!,#REF!,#REF!,#REF!,#REF!,#REF!,,,,,,#REF!,#REF!,#REF!,#REF!,,,,,#REF!,,#REF!,,,,,,,,,,,,,DDR_XM1_B7B_CA[3],,,,,,,,,,,,,DDR_1D_CA3,#REF!,#REF!
DDR_XM1_B7B_CA4,#REF!,unused_DDR_XM1_B7B_CA4,#REF!,#REF!,#REF!,#REF!,#REF!,#REF!,#REF!,#REF!,#REF!,#REF!,,,,,,#REF!,#REF!,#REF!,#REF!,,,,,#REF!,,#REF!,,,,,,,,,,,,,DDR_XM1_B7B_CA[4],,,,,,,,,,,,,DDR_1D_CA4,#REF!,#REF!
DDR_XM1_B7B_CA5,#REF!,unused_DDR_XM1_B7B_CA5,#REF!,#REF!,#REF!,#REF!,#REF!,#REF!,#REF!,#REF!,#REF!,#REF!,,,,,,#REF!,#REF!,#REF!,#REF!,,,,,#REF!,,#REF!,,,,,,,,,,,,,DDR_XM1_B7B_CA[5],,,,,,,,,,,,,DDR_1D_CA5,#REF!,#REF!
DDR_XM1_B7B_CA6,#REF!,unused_DDR_XM1_B7B_CA6,#REF!,#REF!,#REF!,#REF!,#REF!,#REF!,#REF!,#REF!,#REF!,#REF!,,,,,,#REF!,#REF!,#REF!,#REF!,,,,,#REF!,,#REF!,,,,,,,,,,,,,DDR_XM1_B7B_CA[6],,,,,,,,,,,,,DDR_1D_CA6,#REF!,#REF!
DDR_XM1_B7A_CS_CKE0,#REF!,unused_DDR_XM1_B7A_CS_CKE0,#REF!,#REF!,#REF!,#REF!,#REF!,#REF!,#REF!,#REF!,#REF!,#REF!,,,,,,#REF!,#REF!,#REF!,#REF!,,,,,#REF!,,#REF!,,,,,,,,,,,,,DDR_XM1_B7A_CS_CKE0,,,,,,,,,,,,,DDR_1C_CS0,#REF!,#REF!
DDR_XM1_B7A_CS_CKE1,#REF!,unused_DDR_XM1_B7A_CS_CKE1,#REF!,#REF!,#REF!,#REF!,#REF!,#REF!,#REF!,#REF!,#REF!,#REF!,,,,,,#REF!,#REF!,#REF!,#REF!,,,,,#REF!,,#REF!,,,,,,,,,,,,,DDR_XM1_B7A_CS_CKE1,,,,,,,,,,,,,DDR_1C_CS1,#REF!,#REF!
DDR_XM1_B7B_CS_CKE0,#REF!,unused_DDR_XM1_B7B_CS_CKE0,#REF!,#REF!,#REF!,#REF!,#REF!,#REF!,#REF!,#REF!,#REF!,#REF!,,,,,,#REF!,#REF!,#REF!,#REF!,,,,,#REF!,,#REF!,,,,,,,,,,,,,DDR_XM1_B7B_CS_CKE0,,,,,,,,,,,,,DDR_1D_CS0,#REF!,#REF!
DDR_XM1_B7B_CS_CKE1,#REF!,unused_DDR_XM1_B7B_CS_CKE1,#REF!,#REF!,#REF!,#REF!,#REF!,#REF!,#REF!,#REF!,#REF!,#REF!,,,,,,#REF!,#REF!,#REF!,#REF!,,,,,#REF!,,#REF!,,,,,,,,,,,,,DDR_XM1_B7B_CS_CKE1,,,,,,,,,,,,,DDR_1D_CS1,#REF!,#REF!
DDR_XM1_B7A_CLK_P,#REF!,unused_DDR_XM1_B7A_CLK_P,#REF!,#REF!,#REF!,#REF!,#REF!,#REF!,#REF!,#REF!,#REF!,#REF!,,,,,,#REF!,#REF!,#REF!,#REF!,,,,,#REF!,,#REF!,,,,,,,,,,,,,DDR_XM1_B7A_CLK_P,,,,,,,,,,,,,DDR_1C_CLK_P,#REF!,#REF!
DDR_XM1_B7A_CLK_N,#REF!,unused_DDR_XM1_B7A_CLK_N,#REF!,#REF!,#REF!,#REF!,#REF!,#REF!,#REF!,#REF!,#REF!,#REF!,,,,,,#REF!,#REF!,#REF!,#REF!,,,,,#REF!,,#REF!,,,,,,,,,,,,,DDR_XM1_B7A_CLK_N,,,,,,,,,,,,,DDR_1C_CLK_N,#REF!,#REF!
DDR_XM1_B7B_CLK_P,#REF!,unused_DDR_XM1_B7B_CLK_P,#REF!,#REF!,#REF!,#REF!,#REF!,#REF!,#REF!,#REF!,#REF!,#REF!,,,,,,#REF!,#REF!,#REF!,#REF!,,,,,#REF!,,#REF!,,,,,,,,,,,,,DDR_XM1_B7B_CLK_P,,,,,,,,,,,,,DDR_1D_CLK_P,#REF!,#REF!
DDR_XM1_B7B_CLK_N,#REF!,unused_DDR_XM1_B7B_CLK_N,#REF!,#REF!,#REF!,#REF!,#REF!,#REF!,#REF!,#REF!,#REF!,#REF!,,,,,,#REF!,#REF!,#REF!,#REF!,,,,,#REF!,,#REF!,,,,,,,,,,,,,DDR_XM1_B7B_CLK_N,,,,,,,,,,,,,DDR_1D_CLK_N,#REF!,#REF!
DDR_XM1_B8D0,#REF!,unused_DDR_XM1_B8D0,#REF!,#REF!,#REF!,#REF!,#REF!,#REF!,#REF!,#REF!,#REF!,#REF!,,,,,,#REF!,#REF!,#REF!,#REF!,,,,,#REF!,,#REF!,,,,,,,,,,,,,DDR_XM1_B8D[0],,,,,,,,,,,,,DDR_1CD_DQ16,#REF!,#REF!
DDR_XM1_B8D1,#REF!,unused_DDR_XM1_B8D1,#REF!,#REF!,#REF!,#REF!,#REF!,#REF!,#REF!,#REF!,#REF!,#REF!,,,,,,#REF!,#REF!,#REF!,#REF!,,,,,#REF!,,#REF!,,,,,,,,,,,,,DDR_XM1_B8D[1],,,,,,,,,,,,,DDR_1CD_DQ17,#REF!,#REF!
DDR_XM1_B8D2,#REF!,unused_DDR_XM1_B8D2,#REF!,#REF!,#REF!,#REF!,#REF!,#REF!,#REF!,#REF!,#REF!,#REF!,,,,,,#REF!,#REF!,#REF!,#REF!,,,,,#REF!,,#REF!,,,,,,,,,,,,,DDR_XM1_B8D[2],,,,,,,,,,,,,DDR_1CD_DQ18,#REF!,#REF!
DDR_XM1_B8D3,#REF!,unused_DDR_XM1_B8D3,#REF!,#REF!,#REF!,#REF!,#REF!,#REF!,#REF!,#REF!,#REF!,#REF!,,,,,,#REF!,#REF!,#REF!,#REF!,,,,,#REF!,,#REF!,,,,,,,,,,,,,DDR_XM1_B8D[3],,,,,,,,,,,,,DDR_1CD_DQ19,#REF!,#REF!
DDR_XM1_B8D4,#REF!,unused_DDR_XM1_B8D4,#REF!,#REF!,#REF!,#REF!,#REF!,#REF!,#REF!,#REF!,#REF!,#REF!,,,,,,#REF!,#REF!,#REF!,#REF!,,,,,#REF!,,#REF!,,,,,,,,,,,,,DDR_XM1_B8D[4],,,,,,,,,,,,,DDR_1CD_DQ20,#REF!,#REF!
DDR_XM1_B8D5,#REF!,unused_DDR_XM1_B8D5,#REF!,#REF!,#REF!,#REF!,#REF!,#REF!,#REF!,#REF!,#REF!,#REF!,,,,,,#REF!,#REF!,#REF!,#REF!,,,,,#REF!,,#REF!,,,,,,,,,,,,,DDR_XM1_B8D[5],,,,,,,,,,,,,DDR_1CD_DQ21,#REF!,#REF!
DDR_XM1_B8D6,#REF!,unused_DDR_XM1_B8D6,#REF!,#REF!,#REF!,#REF!,#REF!,#REF!,#REF!,#REF!,#REF!,#REF!,,,,,,#REF!,#REF!,#REF!,#REF!,,,,,#REF!,,#REF!,,,,,,,,,,,,,DDR_XM1_B8D[6],,,,,,,,,,,,,DDR_1CD_DQ22,#REF!,#REF!
DDR_XM1_B8D7,#REF!,unused_DDR_XM1_B8D7,#REF!,#REF!,#REF!,#REF!,#REF!,#REF!,#REF!,#REF!,#REF!,#REF!,,,,,,#REF!,#REF!,#REF!,#REF!,,,,,#REF!,,#REF!,,,,,,,,,,,,,DDR_XM1_B8D[7],,,,,,,,,,,,,DDR_1CD_DQ23,#REF!,#REF!
DDR_XM1_B8DMI,#REF!,unused_DDR_XM1_B8DMI,#REF!,#REF!,#REF!,#REF!,#REF!,#REF!,#REF!,#REF!,#REF!,#REF!,,,,,,#REF!,#REF!,#REF!,#REF!,,,,,#REF!,,#REF!,,,,,,,,,,,,,DDR_XM1_B8DMI,,,,,,,,,,,,,DDR_1CD_DMI2,#REF!,#REF!
DDR_XM1_B8WCK_P,#REF!,unused_DDR_XM1_B8WCK_P,#REF!,#REF!,#REF!,#REF!,#REF!,#REF!,#REF!,#REF!,#REF!,#REF!,,,,,,#REF!,#REF!,#REF!,#REF!,,,,,#REF!,,#REF!,,,,,,,,,,,,,DDR_XM1_B8WCK_P,,,,,,,,,,,,,DDR_1CD_WCK2_P,#REF!,#REF!
DDR_XM1_B8WCK_N,#REF!,unused_DDR_XM1_B8WCK_N,#REF!,#REF!,#REF!,#REF!,#REF!,#REF!,#REF!,#REF!,#REF!,#REF!,,,,,,#REF!,#REF!,#REF!,#REF!,,,,,#REF!,,#REF!,,,,,,,,,,,,,DDR_XM1_B8WCK_N,,,,,,,,,,,,,DDR_1CD_WCK2_N,#REF!,#REF!
DDR_XM1_B8RDQS_P,#REF!,unused_DDR_XM1_B8RDQS_P,#REF!,#REF!,#REF!,#REF!,#REF!,#REF!,#REF!,#REF!,#REF!,#REF!,,,,,,#REF!,#REF!,#REF!,#REF!,,,,,#REF!,,#REF!,,,,,,,,,,,,,DDR_XM1_B8RDQS_P,,,,,,,,,,,,,DDR_1CD_RDQS2_P,#REF!,#REF!
DDR_XM1_B8RDQS_N,#REF!,unused_DDR_XM1_B8RDQS_N,#REF!,#REF!,#REF!,#REF!,#REF!,#REF!,#REF!,#REF!,#REF!,#REF!,,,,,,#REF!,#REF!,#REF!,#REF!,,,,,#REF!,,#REF!,,,,,,,,,,,,,DDR_XM1_B8RDQS_N,,,,,,,,,,,,,DDR_1CD_RDQS2_N,#REF!,#REF!
DDR_XM1_B9D0,#REF!,unused_DDR_XM1_B9D0,#REF!,#REF!,#REF!,#REF!,#REF!,#REF!,#REF!,#REF!,#REF!,#REF!,,,,,,#REF!,#REF!,#REF!,#REF!,,,,,#REF!,,#REF!,,,,,,,,,,,,,DDR_XM1_B9D[0],,,,,,,,,,,,,DDR_1CD_DQ24,#REF!,#REF!
DDR_XM1_B9D1,#REF!,unused_DDR_XM1_B9D1,#REF!,#REF!,#REF!,#REF!,#REF!,#REF!,#REF!,#REF!,#REF!,#REF!,,,,,,#REF!,#REF!,#REF!,#REF!,,,,,#REF!,,#REF!,,,,,,,,,,,,,DDR_XM1_B9D[1],,,,,,,,,,,,,DDR_1CD_DQ25,#REF!,#REF!
DDR_XM1_B9D2,#REF!,unused_DDR_XM1_B9D2,#REF!,#REF!,#REF!,#REF!,#REF!,#REF!,#REF!,#REF!,#REF!,#REF!,,,,,,#REF!,#REF!,#REF!,#REF!,,,,,#REF!,,#REF!,,,,,,,,,,,,,DDR_XM1_B9D[2],,,,,,,,,,,,,DDR_1CD_DQ26,#REF!,#REF!
DDR_XM1_B9D3,#REF!,unused_DDR_XM1_B9D3,#REF!,#REF!,#REF!,#REF!,#REF!,#REF!,#REF!,#REF!,#REF!,#REF!,,,,,,#REF!,#REF!,#REF!,#REF!,,,,,#REF!,,#REF!,,,,,,,,,,,,,DDR_XM1_B9D[3],,,,,,,,,,,,,DDR_1CD_DQ27,#REF!,#REF!
DDR_XM1_B9D4,#REF!,unused_DDR_XM1_B9D4,#REF!,#REF!,#REF!,#REF!,#REF!,#REF!,#REF!,#REF!,#REF!,#REF!,,,,,,#REF!,#REF!,#REF!,#REF!,,,,,#REF!,,#REF!,,,,,,,,,,,,,DDR_XM1_B9D[4],,,,,,,,,,,,,DDR_1CD_DQ28,#REF!,#REF!
DDR_XM1_B9D5,#REF!,unused_DDR_XM1_B9D5,#REF!,#REF!,#REF!,#REF!,#REF!,#REF!,#REF!,#REF!,#REF!,#REF!,,,,,,#REF!,#REF!,#REF!,#REF!,,,,,#REF!,,#REF!,,,,,,,,,,,,,DDR_XM1_B9D[5],,,,,,,,,,,,,DDR_1CD_DQ29,#REF!,#REF!
DDR_XM1_B9D6,#REF!,unused_DDR_XM1_B9D6,#REF!,#REF!,#REF!,#REF!,#REF!,#REF!,#REF!,#REF!,#REF!,#REF!,,,,,,#REF!,#REF!,#REF!,#REF!,,,,,#REF!,,#REF!,,,,,,,,,,,,,DDR_XM1_B9D[6],,,,,,,,,,,,,DDR_1CD_DQ30,#REF!,#REF!
DDR_XM1_B9D7,#REF!,unused_DDR_XM1_B9D7,#REF!,#REF!,#REF!,#REF!,#REF!,#REF!,#REF!,#REF!,#REF!,#REF!,,,,,,#REF!,#REF!,#REF!,#REF!,,,,,#REF!,,#REF!,,,,,,,,,,,,,DDR_XM1_B9D[7],,,,,,,,,,,,,DDR_1CD_DQ31,#REF!,#REF!
DDR_XM1_B9DMI,#REF!,unused_DDR_XM1_B9DMI,#REF!,#REF!,#REF!,#REF!,#REF!,#REF!,#REF!,#REF!,#REF!,#REF!,,,,,,#REF!,#REF!,#REF!,#REF!,,,,,#REF!,,#REF!,,,,,,,,,,,,,DDR_XM1_B9DMI,,,,,,,,,,,,,DDR_1CD_DMI3,#REF!,#REF!
DDR_XM1_B9WCK_P,#REF!,unused_DDR_XM1_B9WCK_P,#REF!,#REF!,#REF!,#REF!,#REF!,#REF!,#REF!,#REF!,#REF!,#REF!,,,,,,#REF!,#REF!,#REF!,#REF!,,,,,#REF!,,#REF!,,,,,,,,,,,,,DDR_XM1_B9WCK_P,,,,,,,,,,,,,DDR_1CD_WCK3_P,#REF!,#REF!
DDR_XM1_B9WCK_N,#REF!,unused_DDR_XM1_B9WCK_N,#REF!,#REF!,#REF!,#REF!,#REF!,#REF!,#REF!,#REF!,#REF!,#REF!,,,,,,#REF!,#REF!,#REF!,#REF!,,,,,#REF!,,#REF!,,,,,,,,,,,,,DDR_XM1_B9WCK_N,,,,,,,,,,,,,DDR_1CD_WCK3_N,#REF!,#REF!
DDR_XM1_B9RDQS_P,#REF!,unused_DDR_XM1_B9RDQS_P,#REF!,#REF!,#REF!,#REF!,#REF!,#REF!,#REF!,#REF!,#REF!,#REF!,,,,,,#REF!,#REF!,#REF!,#REF!,,,,,#REF!,,#REF!,,,,,,,,,,,,,DDR_XM1_B9RDQS_P,,,,,,,,,,,,,DDR_1CD_RDQS3_P,#REF!,#REF!
DDR_XM1_B9RDQS_N,#REF!,unused_DDR_XM1_B9RDQS_N,#REF!,#REF!,#REF!,#REF!,#REF!,#REF!,#REF!,#REF!,#REF!,#REF!,,,,,,#REF!,#REF!,#REF!,#REF!,,,,,#REF!,,#REF!,,,,,,,,,,,,,DDR_XM1_B9RDQS_N,,,,,,,,,,,,,DDR_1CD_RDQS3_N,#REF!,#REF!
DDR2,DDR,,,,,,,,,,,,,,,,,,,,,,,,,,,,,,,,,,,,,,,,,,,,,,,,,,,0.6V,,DDR2,DDR,
DDR_XM2_B0D0,#REF!,unused_DDR_XM2_B0D0,#REF!,#REF!,#REF!,#REF!,#REF!,#REF!,#REF!,#REF!,#REF!,#REF!,,,,,,#REF!,#REF!,#REF!,#REF!,,,,,#REF!,,#REF!,,,,,,,,,,,,,DDR_XM2_B0D[0],,,,,,,,,,,,,DDR_2AB_DQ0,#REF!,#REF!
DDR_XM2_B0D1,#REF!,unused_DDR_XM2_B0D1,#REF!,#REF!,#REF!,#REF!,#REF!,#REF!,#REF!,#REF!,#REF!,#REF!,,,,,,#REF!,#REF!,#REF!,#REF!,,,,,#REF!,,#REF!,,,,,,,,,,,,,DDR_XM2_B0D[1],,,,,,,,,,,,,DDR_2AB_DQ1,#REF!,#REF!
DDR_XM2_B0D2,#REF!,unused_DDR_XM2_B0D2,#REF!,#REF!,#REF!,#REF!,#REF!,#REF!,#REF!,#REF!,#REF!,#REF!,,,,,,#REF!,#REF!,#REF!,#REF!,,,,,#REF!,,#REF!,,,,,,,,,,,,,DDR_XM2_B0D[2],,,,,,,,,,,,,DDR_2AB_DQ2,#REF!,#REF!
DDR_XM2_B0D3,#REF!,unused_DDR_XM2_B0D3,#REF!,#REF!,#REF!,#REF!,#REF!,#REF!,#REF!,#REF!,#REF!,#REF!,,,,,,#REF!,#REF!,#REF!,#REF!,,,,,#REF!,,#REF!,,,,,,,,,,,,,DDR_XM2_B0D[3],,,,,,,,,,,,,DDR_2AB_DQ3,#REF!,#REF!
DDR_XM2_B0D4,#REF!,unused_DDR_XM2_B0D4,#REF!,#REF!,#REF!,#REF!,#REF!,#REF!,#REF!,#REF!,#REF!,#REF!,,,,,,#REF!,#REF!,#REF!,#REF!,,,,,#REF!,,#REF!,,,,,,,,,,,,,DDR_XM2_B0D[4],,,,,,,,,,,,,DDR_2AB_DQ4,#REF!,#REF!
DDR_XM2_B0D5,#REF!,unused_DDR_XM2_B0D5,#REF!,#REF!,#REF!,#REF!,#REF!,#REF!,#REF!,#REF!,#REF!,#REF!,,,,,,#REF!,#REF!,#REF!,#REF!,,,,,#REF!,,#REF!,,,,,,,,,,,,,DDR_XM2_B0D[5],,,,,,,,,,,,,DDR_2AB_DQ5,#REF!,#REF!
DDR_XM2_B0D6,#REF!,unused_DDR_XM2_B0D6,#REF!,#REF!,#REF!,#REF!,#REF!,#REF!,#REF!,#REF!,#REF!,#REF!,,,,,,#REF!,#REF!,#REF!,#REF!,,,,,#REF!,,#REF!,,,,,,,,,,,,,DDR_XM2_B0D[6],,,,,,,,,,,,,DDR_2AB_DQ6,#REF!,#REF!
DDR_XM2_B0D7,#REF!,unused_DDR_XM2_B0D7,#REF!,#REF!,#REF!,#REF!,#REF!,#REF!,#REF!,#REF!,#REF!,#REF!,,,,,,#REF!,#REF!,#REF!,#REF!,,,,,#REF!,,#REF!,,,,,,,,,,,,,DDR_XM2_B0D[7],,,,,,,,,,,,,DDR_2AB_DQ7,#REF!,#REF!
DDR_XM2_B0DMI,#REF!,unused_DDR_XM2_B0DMI,#REF!,#REF!,#REF!,#REF!,#REF!,#REF!,#REF!,#REF!,#REF!,#REF!,,,,,,#REF!,#REF!,#REF!,#REF!,,,,,#REF!,,#REF!,,,,,,,,,,,,,DDR_XM2_B0DMI,,,,,,,,,,,,,DDR_2AB_DMI0,#REF!,#REF!
DDR_XM2_B0WCK_P,#REF!,unused_DDR_XM2_B0WCK_P,#REF!,#REF!,#REF!,#REF!,#REF!,#REF!,#REF!,#REF!,#REF!,#REF!,,,,,,#REF!,#REF!,#REF!,#REF!,,,,,#REF!,,#REF!,,,,,,,,,,,,,DDR_XM2_B0WCK_P,,,,,,,,,,,,,DDR_2AB_WCK0_P,#REF!,#REF!
DDR_XM2_B0WCK_N,#REF!,unused_DDR_XM2_B0WCK_N,#REF!,#REF!,#REF!,#REF!,#REF!,#REF!,#REF!,#REF!,#REF!,#REF!,,,,,,#REF!,#REF!,#REF!,#REF!,,,,,#REF!,,#REF!,,,,,,,,,,,,,DDR_XM2_B0WCK_N,,,,,,,,,,,,,DDR_2AB_WCK0_N,#REF!,#REF!
DDR_XM2_B0RDQS_P,#REF!,unused_DDR_XM2_B0RDQS_P,#REF!,#REF!,#REF!,#REF!,#REF!,#REF!,#REF!,#REF!,#REF!,#REF!,,,,,,#REF!,#REF!,#REF!,#REF!,,,,,#REF!,,#REF!,,,,,,,,,,,,,DDR_XM2_B0RDQS_P,,,,,,,,,,,,,DDR_2AB_RDQS0_P,#REF!,#REF!
DDR_XM2_B0RDQS_N,#REF!,unused_DDR_XM2_B0RDQS_N,#REF!,#REF!,#REF!,#REF!,#REF!,#REF!,#REF!,#REF!,#REF!,#REF!,,,,,,#REF!,#REF!,#REF!,#REF!,,,,,#REF!,,#REF!,,,,,,,,,,,,,DDR_XM2_B0RDQS_N,,,,,,,,,,,,,DDR_2AB_RDQS0_N,#REF!,#REF!
DDR_XM2_B1D0,#REF!,unused_DDR_XM2_B1D0,#REF!,#REF!,#REF!,#REF!,#REF!,#REF!,#REF!,#REF!,#REF!,#REF!,,,,,,#REF!,#REF!,#REF!,#REF!,,,,,#REF!,,#REF!,,,,,,,,,,,,,DDR_XM2_B1D[0],,,,,,,,,,,,,DDR_2AB_DQ8,#REF!,#REF!
DDR_XM2_B1D1,#REF!,unused_DDR_XM2_B1D1,#REF!,#REF!,#REF!,#REF!,#REF!,#REF!,#REF!,#REF!,#REF!,#REF!,,,,,,#REF!,#REF!,#REF!,#REF!,,,,,#REF!,,#REF!,,,,,,,,,,,,,DDR_XM2_B1D[1],,,,,,,,,,,,,DDR_2AB_DQ9,#REF!,#REF!
DDR_XM2_B1D2,#REF!,unused_DDR_XM2_B1D2,#REF!,#REF!,#REF!,#REF!,#REF!,#REF!,#REF!,#REF!,#REF!,#REF!,,,,,,#REF!,#REF!,#REF!,#REF!,,,,,#REF!,,#REF!,,,,,,,,,,,,,DDR_XM2_B1D[2],,,,,,,,,,,,,DDR_2AB_DQ10,#REF!,#REF!
DDR_XM2_B1D3,#REF!,unused_DDR_XM2_B1D3,#REF!,#REF!,#REF!,#REF!,#REF!,#REF!,#REF!,#REF!,#REF!,#REF!,,,,,,#REF!,#REF!,#REF!,#REF!,,,,,#REF!,,#REF!,,,,,,,,,,,,,DDR_XM2_B1D[3],,,,,,,,,,,,,DDR_2AB_DQ11,#REF!,#REF!
DDR_XM2_B1D4,#REF!,unused_DDR_XM2_B1D4,#REF!,#REF!,#REF!,#REF!,#REF!,#REF!,#REF!,#REF!,#REF!,#REF!,,,,,,#REF!,#REF!,#REF!,#REF!,,,,,#REF!,,#REF!,,,,,,,,,,,,,DDR_XM2_B1D[4],,,,,,,,,,,,,DDR_2AB_DQ12,#REF!,#REF!
DDR_XM2_B1D5,#REF!,unused_DDR_XM2_B1D5,#REF!,#REF!,#REF!,#REF!,#REF!,#REF!,#REF!,#REF!,#REF!,#REF!,,,,,,#REF!,#REF!,#REF!,#REF!,,,,,#REF!,,#REF!,,,,,,,,,,,,,DDR_XM2_B1D[5],,,,,,,,,,,,,DDR_2AB_DQ13,#REF!,#REF!
DDR_XM2_B1D6,#REF!,unused_DDR_XM2_B1D6,#REF!,#REF!,#REF!,#REF!,#REF!,#REF!,#REF!,#REF!,#REF!,#REF!,,,,,,#REF!,#REF!,#REF!,#REF!,,,,,#REF!,,#REF!,,,,,,,,,,,,,DDR_XM2_B1D[6],,,,,,,,,,,,,DDR_2AB_DQ14,#REF!,#REF!
DDR_XM2_B1D7,#REF!,unused_DDR_XM2_B1D7,#REF!,#REF!,#REF!,#REF!,#REF!,#REF!,#REF!,#REF!,#REF!,#REF!,,,,,,#REF!,#REF!,#REF!,#REF!,,,,,#REF!,,#REF!,,,,,,,,,,,,,DDR_XM2_B1D[7],,,,,,,,,,,,,DDR_2AB_DQ15,#REF!,#REF!
DDR_XM2_B1DMI,#REF!,unused_DDR_XM2_B1DMI,#REF!,#REF!,#REF!,#REF!,#REF!,#REF!,#REF!,#REF!,#REF!,#REF!,,,,,,#REF!,#REF!,#REF!,#REF!,,,,,#REF!,,#REF!,,,,,,,,,,,,,DDR_XM2_B1DMI,,,,,,,,,,,,,DDR_2AB_DMI1,#REF!,#REF!
DDR_XM2_B1WCK_P,#REF!,unused_DDR_XM2_B1WCK_P,#REF!,#REF!,#REF!,#REF!,#REF!,#REF!,#REF!,#REF!,#REF!,#REF!,,,,,,#REF!,#REF!,#REF!,#REF!,,,,,#REF!,,#REF!,,,,,,,,,,,,,DDR_XM2_B1WCK_P,,,,,,,,,,,,,DDR_2AB_WCK1_P,#REF!,#REF!
DDR_XM2_B1WCK_N,#REF!,unused_DDR_XM2_B1WCK_N,#REF!,#REF!,#REF!,#REF!,#REF!,#REF!,#REF!,#REF!,#REF!,#REF!,,,,,,#REF!,#REF!,#REF!,#REF!,,,,,#REF!,,#REF!,,,,,,,,,,,,,DDR_XM2_B1WCK_N,,,,,,,,,,,,,DDR_2AB_WCK1_N,#REF!,#REF!
DDR_XM2_B1RDQS_P,#REF!,unused_DDR_XM2_B1RDQS_P,#REF!,#REF!,#REF!,#REF!,#REF!,#REF!,#REF!,#REF!,#REF!,#REF!,,,,,,#REF!,#REF!,#REF!,#REF!,,,,,#REF!,,#REF!,,,,,,,,,,,,,DDR_XM2_B1RDQS_P,,,,,,,,,,,,,DDR_2AB_RDQS1_P,#REF!,#REF!
DDR_XM2_B1RDQS_N,#REF!,unused_DDR_XM2_B1RDQS_N,#REF!,#REF!,#REF!,#REF!,#REF!,#REF!,#REF!,#REF!,#REF!,#REF!,,,,,,#REF!,#REF!,#REF!,#REF!,,,,,#REF!,,#REF!,,,,,,,,,,,,,DDR_XM2_B1RDQS_N,,,,,,,,,,,,,DDR_2AB_RDQS1_N,#REF!,#REF!
DDR_XM2_B2A_CA0,#REF!,unused_DDR_XM2_B2A_CA0,#REF!,#REF!,#REF!,#REF!,#REF!,#REF!,#REF!,#REF!,#REF!,#REF!,,,,,,#REF!,#REF!,#REF!,#REF!,,,,,#REF!,,#REF!,,,,,,,,,,,,,DDR_XM2_B2A_CA[0],,,,,,,,,,,,,DDR_2A_CA0,#REF!,#REF!
DDR_XM2_B2A_CA1,#REF!,unused_DDR_XM2_B2A_CA1,#REF!,#REF!,#REF!,#REF!,#REF!,#REF!,#REF!,#REF!,#REF!,#REF!,,,,,,#REF!,#REF!,#REF!,#REF!,,,,,#REF!,,#REF!,,,,,,,,,,,,,DDR_XM2_B2A_CA[1],,,,,,,,,,,,,DDR_2A_CA1,#REF!,#REF!
DDR_XM2_B2A_CA2,#REF!,unused_DDR_XM2_B2A_CA2,#REF!,#REF!,#REF!,#REF!,#REF!,#REF!,#REF!,#REF!,#REF!,#REF!,,,,,,#REF!,#REF!,#REF!,#REF!,,,,,#REF!,,#REF!,,,,,,,,,,,,,DDR_XM2_B2A_CA[2],,,,,,,,,,,,,DDR_2A_CA2,#REF!,#REF!
DDR_XM2_B2A_CA3,#REF!,unused_DDR_XM2_B2A_CA3,#REF!,#REF!,#REF!,#REF!,#REF!,#REF!,#REF!,#REF!,#REF!,#REF!,,,,,,#REF!,#REF!,#REF!,#REF!,,,,,#REF!,,#REF!,,,,,,,,,,,,,DDR_XM2_B2A_CA[3],,,,,,,,,,,,,DDR_2A_CA3,#REF!,#REF!
DDR_XM2_B2A_CA4,#REF!,unused_DDR_XM2_B2A_CA4,#REF!,#REF!,#REF!,#REF!,#REF!,#REF!,#REF!,#REF!,#REF!,#REF!,,,,,,#REF!,#REF!,#REF!,#REF!,,,,,#REF!,,#REF!,,,,,,,,,,,,,DDR_XM2_B2A_CA[4],,,,,,,,,,,,,DDR_2A_CA4,#REF!,#REF!
DDR_XM2_B2A_CA5,#REF!,unused_DDR_XM2_B2A_CA5,#REF!,#REF!,#REF!,#REF!,#REF!,#REF!,#REF!,#REF!,#REF!,#REF!,,,,,,#REF!,#REF!,#REF!,#REF!,,,,,#REF!,,#REF!,,,,,,,,,,,,,DDR_XM2_B2A_CA[5],,,,,,,,,,,,,DDR_2A_CA5,#REF!,#REF!
DDR_XM2_B2A_CA6,#REF!,unused_DDR_XM2_B2A_CA6,#REF!,#REF!,#REF!,#REF!,#REF!,#REF!,#REF!,#REF!,#REF!,#REF!,,,,,,#REF!,#REF!,#REF!,#REF!,,,,,#REF!,,#REF!,,,,,,,,,,,,,DDR_XM2_B2A_CA[6],,,,,,,,,,,,,DDR_2A_CA6,#REF!,#REF!
DDR_XM2_B2B_CA0,#REF!,unused_DDR_XM2_B2B_CA0,#REF!,#REF!,#REF!,#REF!,#REF!,#REF!,#REF!,#REF!,#REF!,#REF!,,,,,,#REF!,#REF!,#REF!,#REF!,,,,,#REF!,,#REF!,,,,,,,,,,,,,DDR_XM2_B2B_CA[0],,,,,,,,,,,,,DDR_2B_CA0,#REF!,#REF!
DDR_XM2_B2B_CA1,#REF!,unused_DDR_XM2_B2B_CA1,#REF!,#REF!,#REF!,#REF!,#REF!,#REF!,#REF!,#REF!,#REF!,#REF!,,,,,,#REF!,#REF!,#REF!,#REF!,,,,,#REF!,,#REF!,,,,,,,,,,,,,DDR_XM2_B2B_CA[1],,,,,,,,,,,,,DDR_2B_CA1,#REF!,#REF!
DDR_XM2_B2B_CA2,#REF!,unused_DDR_XM2_B2B_CA2,#REF!,#REF!,#REF!,#REF!,#REF!,#REF!,#REF!,#REF!,#REF!,#REF!,,,,,,#REF!,#REF!,#REF!,#REF!,,,,,#REF!,,#REF!,,,,,,,,,,,,,DDR_XM2_B2B_CA[2],,,,,,,,,,,,,DDR_2B_CA2,#REF!,#REF!
DDR_XM2_B2B_CA3,#REF!,unused_DDR_XM2_B2B_CA3,#REF!,#REF!,#REF!,#REF!,#REF!,#REF!,#REF!,#REF!,#REF!,#REF!,,,,,,#REF!,#REF!,#REF!,#REF!,,,,,#REF!,,#REF!,,,,,,,,,,,,,DDR_XM2_B2B_CA[3],,,,,,,,,,,,,DDR_2B_CA3,#REF!,#REF!
DDR_XM2_B2B_CA4,#REF!,unused_DDR_XM2_B2B_CA4,#REF!,#REF!,#REF!,#REF!,#REF!,#REF!,#REF!,#REF!,#REF!,#REF!,,,,,,#REF!,#REF!,#REF!,#REF!,,,,,#REF!,,#REF!,,,,,,,,,,,,,DDR_XM2_B2B_CA[4],,,,,,,,,,,,,DDR_2B_CA4,#REF!,#REF!
DDR_XM2_B2B_CA5,#REF!,unused_DDR_XM2_B2B_CA5,#REF!,#REF!,#REF!,#REF!,#REF!,#REF!,#REF!,#REF!,#REF!,#REF!,,,,,,#REF!,#REF!,#REF!,#REF!,,,,,#REF!,,#REF!,,,,,,,,,,,,,DDR_XM2_B2B_CA[5],,,,,,,,,,,,,DDR_2B_CA5,#REF!,#REF!
DDR_XM2_B2B_CA6,#REF!,unused_DDR_XM2_B2B_CA6,#REF!,#REF!,#REF!,#REF!,#REF!,#REF!,#REF!,#REF!,#REF!,#REF!,,,,,,#REF!,#REF!,#REF!,#REF!,,,,,#REF!,,#REF!,,,,,,,,,,,,,DDR_XM2_B2B_CA[6],,,,,,,,,,,,,DDR_2B_CA6,#REF!,#REF!
DDR_XM2_B2A_CS_CKE0,#REF!,unused_DDR_XM2_B2A_CS_CKE0,#REF!,#REF!,#REF!,#REF!,#REF!,#REF!,#REF!,#REF!,#REF!,#REF!,,,,,,#REF!,#REF!,#REF!,#REF!,,,,,#REF!,,#REF!,,,,,,,,,,,,,DDR_XM2_B2A_CS_CKE0,,,,,,,,,,,,,DDR_2A_CS0,#REF!,#REF!
DDR_XM2_B2A_CS_CKE1,#REF!,unused_DDR_XM2_B2A_CS_CKE1,#REF!,#REF!,#REF!,#REF!,#REF!,#REF!,#REF!,#REF!,#REF!,#REF!,,,,,,#REF!,#REF!,#REF!,#REF!,,,,,#REF!,,#REF!,,,,,,,,,,,,,DDR_XM2_B2A_CS_CKE1,,,,,,,,,,,,,DDR_2A_CS1,#REF!,#REF!
DDR_XM2_B2B_CS_CKE0,#REF!,unused_DDR_XM2_B2B_CS_CKE0,#REF!,#REF!,#REF!,#REF!,#REF!,#REF!,#REF!,#REF!,#REF!,#REF!,,,,,,#REF!,#REF!,#REF!,#REF!,,,,,#REF!,,#REF!,,,,,,,,,,,,,DDR_XM2_B2B_CS_CKE0,,,,,,,,,,,,,DDR_2B_CS0,#REF!,#REF!
DDR_XM2_B2B_CS_CKE1,#REF!,unused_DDR_XM2_B2B_CS_CKE1,#REF!,#REF!,#REF!,#REF!,#REF!,#REF!,#REF!,#REF!,#REF!,#REF!,,,,,,#REF!,#REF!,#REF!,#REF!,,,,,#REF!,,#REF!,,,,,,,,,,,,,DDR_XM2_B2B_CS_CKE1,,,,,,,,,,,,,DDR_2B_CS1,#REF!,#REF!
DDR_XM2_B2A_CLK_P,#REF!,unused_DDR_XM2_B2A_CLK_P,#REF!,#REF!,#REF!,#REF!,#REF!,#REF!,#REF!,#REF!,#REF!,#REF!,,,,,,#REF!,#REF!,#REF!,#REF!,,,,,#REF!,,#REF!,,,,,,,,,,,,,DDR_XM2_B2A_CLK_P,,,,,,,,,,,,,DDR_2A_CLK_P,#REF!,#REF!
DDR_XM2_B2A_CLK_N,#REF!,unused_DDR_XM2_B2A_CLK_N,#REF!,#REF!,#REF!,#REF!,#REF!,#REF!,#REF!,#REF!,#REF!,#REF!,,,,,,#REF!,#REF!,#REF!,#REF!,,,,,#REF!,,#REF!,,,,,,,,,,,,,DDR_XM2_B2A_CLK_N,,,,,,,,,,,,,DDR_2A_CLK_N,#REF!,#REF!
DDR_XM2_B2B_CLK_P,#REF!,unused_DDR_XM2_B2B_CLK_P,#REF!,#REF!,#REF!,#REF!,#REF!,#REF!,#REF!,#REF!,#REF!,#REF!,,,,,,#REF!,#REF!,#REF!,#REF!,,,,,#REF!,,#REF!,,,,,,,,,,,,,DDR_XM2_B2B_CLK_P,,,,,,,,,,,,,DDR_2B_CLK_P,#REF!,#REF!
DDR_XM2_B2B_CLK_N,#REF!,unused_DDR_XM2_B2B_CLK_N,#REF!,#REF!,#REF!,#REF!,#REF!,#REF!,#REF!,#REF!,#REF!,#REF!,,,,,,#REF!,#REF!,#REF!,#REF!,,,,,#REF!,,#REF!,,,,,,,,,,,,,DDR_XM2_B2B_CLK_N,,,,,,,,,,,,,DDR_2B_CLK_N,#REF!,#REF!
DDR_XM2_B3D0,#REF!,unused_DDR_XM2_B3D0,#REF!,#REF!,#REF!,#REF!,#REF!,#REF!,#REF!,#REF!,#REF!,#REF!,,,,,,#REF!,#REF!,#REF!,#REF!,,,,,#REF!,,#REF!,,,,,,,,,,,,,DDR_XM2_B3D[0],,,,,,,,,,,,,DDR_2AB_DQ16,#REF!,#REF!
DDR_XM2_B3D1,#REF!,unused_DDR_XM2_B3D1,#REF!,#REF!,#REF!,#REF!,#REF!,#REF!,#REF!,#REF!,#REF!,#REF!,,,,,,#REF!,#REF!,#REF!,#REF!,,,,,#REF!,,#REF!,,,,,,,,,,,,,DDR_XM2_B3D[1],,,,,,,,,,,,,DDR_2AB_DQ17,#REF!,#REF!
DDR_XM2_B3D2,#REF!,unused_DDR_XM2_B3D2,#REF!,#REF!,#REF!,#REF!,#REF!,#REF!,#REF!,#REF!,#REF!,#REF!,,,,,,#REF!,#REF!,#REF!,#REF!,,,,,#REF!,,#REF!,,,,,,,,,,,,,DDR_XM2_B3D[2],,,,,,,,,,,,,DDR_2AB_DQ18,#REF!,#REF!
DDR_XM2_B3D3,#REF!,unused_DDR_XM2_B3D3,#REF!,#REF!,#REF!,#REF!,#REF!,#REF!,#REF!,#REF!,#REF!,#REF!,,,,,,#REF!,#REF!,#REF!,#REF!,,,,,#REF!,,#REF!,,,,,,,,,,,,,DDR_XM2_B3D[3],,,,,,,,,,,,,DDR_2AB_DQ19,#REF!,#REF!
DDR_XM2_B3D4,#REF!,unused_DDR_XM2_B3D4,#REF!,#REF!,#REF!,#REF!,#REF!,#REF!,#REF!,#REF!,#REF!,#REF!,,,,,,#REF!,#REF!,#REF!,#REF!,,,,,#REF!,,#REF!,,,,,,,,,,,,,DDR_XM2_B3D[4],,,,,,,,,,,,,DDR_2AB_DQ20,#REF!,#REF!
DDR_XM2_B3D5,#REF!,unused_DDR_XM2_B3D5,#REF!,#REF!,#REF!,#REF!,#REF!,#REF!,#REF!,#REF!,#REF!,#REF!,,,,,,#REF!,#REF!,#REF!,#REF!,,,,,#REF!,,#REF!,,,,,,,,,,,,,DDR_XM2_B3D[5],,,,,,,,,,,,,DDR_2AB_DQ21,#REF!,#REF!
DDR_XM2_B3D6,#REF!,unused_DDR_XM2_B3D6,#REF!,#REF!,#REF!,#REF!,#REF!,#REF!,#REF!,#REF!,#REF!,#REF!,,,,,,#REF!,#REF!,#REF!,#REF!,,,,,#REF!,,#REF!,,,,,,,,,,,,,DDR_XM2_B3D[6],,,,,,,,,,,,,DDR_2AB_DQ22,#REF!,#REF!
DDR_XM2_B3D7,#REF!,unused_DDR_XM2_B3D7,#REF!,#REF!,#REF!,#REF!,#REF!,#REF!,#REF!,#REF!,#REF!,#REF!,,,,,,#REF!,#REF!,#REF!,#REF!,,,,,#REF!,,#REF!,,,,,,,,,,,,,DDR_XM2_B3D[7],,,,,,,,,,,,,DDR_2AB_DQ23,#REF!,#REF!
DDR_XM2_B3DMI,#REF!,unused_DDR_XM2_B3DMI,#REF!,#REF!,#REF!,#REF!,#REF!,#REF!,#REF!,#REF!,#REF!,#REF!,,,,,,#REF!,#REF!,#REF!,#REF!,,,,,#REF!,,#REF!,,,,,,,,,,,,,DDR_XM2_B3DMI,,,,,,,,,,,,,DDR_2AB_DMI2,#REF!,#REF!
DDR_XM2_B3WCK_P,#REF!,unused_DDR_XM2_B3WCK_P,#REF!,#REF!,#REF!,#REF!,#REF!,#REF!,#REF!,#REF!,#REF!,#REF!,,,,,,#REF!,#REF!,#REF!,#REF!,,,,,#REF!,,#REF!,,,,,,,,,,,,,DDR_XM2_B3WCK_P,,,,,,,,,,,,,DDR_2AB_WCK2_P,#REF!,#REF!
DDR_XM2_B3WCK_N,#REF!,unused_DDR_XM2_B3WCK_N,#REF!,#REF!,#REF!,#REF!,#REF!,#REF!,#REF!,#REF!,#REF!,#REF!,,,,,,#REF!,#REF!,#REF!,#REF!,,,,,#REF!,,#REF!,,,,,,,,,,,,,DDR_XM2_B3WCK_N,,,,,,,,,,,,,DDR_2AB_WCK2_N,#REF!,#REF!
DDR_XM2_B3RDQS_P,#REF!,unused_DDR_XM2_B3RDQS_P,#REF!,#REF!,#REF!,#REF!,#REF!,#REF!,#REF!,#REF!,#REF!,#REF!,,,,,,#REF!,#REF!,#REF!,#REF!,,,,,#REF!,,#REF!,,,,,,,,,,,,,DDR_XM2_B3RDQS_P,,,,,,,,,,,,,DDR_2AB_RDQS2_P,#REF!,#REF!
DDR_XM2_B3RDQS_N,#REF!,unused_DDR_XM2_B3RDQS_N,#REF!,#REF!,#REF!,#REF!,#REF!,#REF!,#REF!,#REF!,#REF!,#REF!,,,,,,#REF!,#REF!,#REF!,#REF!,,,,,#REF!,,#REF!,,,,,,,,,,,,,DDR_XM2_B3RDQS_N,,,,,,,,,,,,,DDR_2AB_RDQS2_N,#REF!,#REF!
DDR_XM2_B4D0,#REF!,unused_DDR_XM2_B4D0,#REF!,#REF!,#REF!,#REF!,#REF!,#REF!,#REF!,#REF!,#REF!,#REF!,,,,,,#REF!,#REF!,#REF!,#REF!,,,,,#REF!,,#REF!,,,,,,,,,,,,,DDR_XM2_B4D[0],,,,,,,,,,,,,DDR_2AB_DQ24,#REF!,#REF!
DDR_XM2_B4D1,#REF!,unused_DDR_XM2_B4D1,#REF!,#REF!,#REF!,#REF!,#REF!,#REF!,#REF!,#REF!,#REF!,#REF!,,,,,,#REF!,#REF!,#REF!,#REF!,,,,,#REF!,,#REF!,,,,,,,,,,,,,DDR_XM2_B4D[1],,,,,,,,,,,,,DDR_2AB_DQ25,#REF!,#REF!
DDR_XM2_B4D2,#REF!,unused_DDR_XM2_B4D2,#REF!,#REF!,#REF!,#REF!,#REF!,#REF!,#REF!,#REF!,#REF!,#REF!,,,,,,#REF!,#REF!,#REF!,#REF!,,,,,#REF!,,#REF!,,,,,,,,,,,,,DDR_XM2_B4D[2],,,,,,,,,,,,,DDR_2AB_DQ26,#REF!,#REF!
DDR_XM2_B4D3,#REF!,unused_DDR_XM2_B4D3,#REF!,#REF!,#REF!,#REF!,#REF!,#REF!,#REF!,#REF!,#REF!,#REF!,,,,,,#REF!,#REF!,#REF!,#REF!,,,,,#REF!,,#REF!,,,,,,,,,,,,,DDR_XM2_B4D[3],,,,,,,,,,,,,DDR_2AB_DQ27,#REF!,#REF!
DDR_XM2_B4D4,#REF!,unused_DDR_XM2_B4D4,#REF!,#REF!,#REF!,#REF!,#REF!,#REF!,#REF!,#REF!,#REF!,#REF!,,,,,,#REF!,#REF!,#REF!,#REF!,,,,,#REF!,,#REF!,,,,,,,,,,,,,DDR_XM2_B4D[4],,,,,,,,,,,,,DDR_2AB_DQ28,#REF!,#REF!
DDR_XM2_B4D5,#REF!,unused_DDR_XM2_B4D5,#REF!,#REF!,#REF!,#REF!,#REF!,#REF!,#REF!,#REF!,#REF!,#REF!,,,,,,#REF!,#REF!,#REF!,#REF!,,,,,#REF!,,#REF!,,,,,,,,,,,,,DDR_XM2_B4D[5],,,,,,,,,,,,,DDR_2AB_DQ29,#REF!,#REF!
DDR_XM2_B4D6,#REF!,unused_DDR_XM2_B4D6,#REF!,#REF!,#REF!,#REF!,#REF!,#REF!,#REF!,#REF!,#REF!,#REF!,,,,,,#REF!,#REF!,#REF!,#REF!,,,,,#REF!,,#REF!,,,,,,,,,,,,,DDR_XM2_B4D[6],,,,,,,,,,,,,DDR_2AB_DQ30,#REF!,#REF!
DDR_XM2_B4D7,#REF!,unused_DDR_XM2_B4D7,#REF!,#REF!,#REF!,#REF!,#REF!,#REF!,#REF!,#REF!,#REF!,#REF!,,,,,,#REF!,#REF!,#REF!,#REF!,,,,,#REF!,,#REF!,,,,,,,,,,,,,DDR_XM2_B4D[7],,,,,,,,,,,,,DDR_2AB_DQ31,#REF!,#REF!
DDR_XM2_B4DMI,#REF!,unused_DDR_XM2_B4DMI,#REF!,#REF!,#REF!,#REF!,#REF!,#REF!,#REF!,#REF!,#REF!,#REF!,,,,,,#REF!,#REF!,#REF!,#REF!,,,,,#REF!,,#REF!,,,,,,,,,,,,,DDR_XM2_B4DMI,,,,,,,,,,,,,DDR_2AB_DMI3,#REF!,#REF!
DDR_XM2_B4WCK_P,#REF!,unused_DDR_XM2_B4WCK_P,#REF!,#REF!,#REF!,#REF!,#REF!,#REF!,#REF!,#REF!,#REF!,#REF!,,,,,,#REF!,#REF!,#REF!,#REF!,,,,,#REF!,,#REF!,,,,,,,,,,,,,DDR_XM2_B4WCK_P,,,,,,,,,,,,,DDR_2AB_WCK3_P,#REF!,#REF!
DDR_XM2_B4WCK_N,#REF!,unused_DDR_XM2_B4WCK_N,#REF!,#REF!,#REF!,#REF!,#REF!,#REF!,#REF!,#REF!,#REF!,#REF!,,,,,,#REF!,#REF!,#REF!,#REF!,,,,,#REF!,,#REF!,,,,,,,,,,,,,DDR_XM2_B4WCK_N,,,,,,,,,,,,,DDR_2AB_WCK3_N,#REF!,#REF!
DDR_XM2_B4RDQS_P,#REF!,unused_DDR_XM2_B4RDQS_P,#REF!,#REF!,#REF!,#REF!,#REF!,#REF!,#REF!,#REF!,#REF!,#REF!,,,,,,#REF!,#REF!,#REF!,#REF!,,,,,#REF!,,#REF!,,,,,,,,,,,,,DDR_XM2_B4RDQS_P,,,,,,,,,,,,,DDR_2AB_RDQS3_P,#REF!,#REF!
DDR_XM2_B4RDQS_N,#REF!,unused_DDR_XM2_B4RDQS_N,#REF!,#REF!,#REF!,#REF!,#REF!,#REF!,#REF!,#REF!,#REF!,#REF!,,,,,,#REF!,#REF!,#REF!,#REF!,,,,,#REF!,,#REF!,,,,,,,,,,,,,DDR_XM2_B4RDQS_N,,,,,,,,,,,,,DDR_2AB_RDQS3_N,#REF!,#REF!
DDR_XM2_B5D0,#REF!,unused_DDR_XM2_B5D0,#REF!,#REF!,#REF!,#REF!,#REF!,#REF!,#REF!,#REF!,#REF!,#REF!,,,,,,#REF!,#REF!,#REF!,#REF!,,,,,#REF!,,#REF!,,,,,,,,,,,,,DDR_XM2_B5D[0],,,,,,,,,,,,,DDR_2CD_DQ0,#REF!,#REF!
DDR_XM2_B5D1,#REF!,unused_DDR_XM2_B5D1,#REF!,#REF!,#REF!,#REF!,#REF!,#REF!,#REF!,#REF!,#REF!,#REF!,,,,,,#REF!,#REF!,#REF!,#REF!,,,,,#REF!,,#REF!,,,,,,,,,,,,,DDR_XM2_B5D[1],,,,,,,,,,,,,DDR_2CD_DQ1,#REF!,#REF!
DDR_XM2_B5D2,#REF!,unused_DDR_XM2_B5D2,#REF!,#REF!,#REF!,#REF!,#REF!,#REF!,#REF!,#REF!,#REF!,#REF!,,,,,,#REF!,#REF!,#REF!,#REF!,,,,,#REF!,,#REF!,,,,,,,,,,,,,DDR_XM2_B5D[2],,,,,,,,,,,,,DDR_2CD_DQ2,#REF!,#REF!
DDR_XM2_B5D3,#REF!,unused_DDR_XM2_B5D3,#REF!,#REF!,#REF!,#REF!,#REF!,#REF!,#REF!,#REF!,#REF!,#REF!,,,,,,#REF!,#REF!,#REF!,#REF!,,,,,#REF!,,#REF!,,,,,,,,,,,,,DDR_XM2_B5D[3],,,,,,,,,,,,,DDR_2CD_DQ3,#REF!,#REF!
DDR_XM2_B5D4,#REF!,unused_DDR_XM2_B5D4,#REF!,#REF!,#REF!,#REF!,#REF!,#REF!,#REF!,#REF!,#REF!,#REF!,,,,,,#REF!,#REF!,#REF!,#REF!,,,,,#REF!,,#REF!,,,,,,,,,,,,,DDR_XM2_B5D[4],,,,,,,,,,,,,DDR_2CD_DQ4,#REF!,#REF!
DDR_XM2_B5D5,#REF!,unused_DDR_XM2_B5D5,#REF!,#REF!,#REF!,#REF!,#REF!,#REF!,#REF!,#REF!,#REF!,#REF!,,,,,,#REF!,#REF!,#REF!,#REF!,,,,,#REF!,,#REF!,,,,,,,,,,,,,DDR_XM2_B5D[5],,,,,,,,,,,,,DDR_2CD_DQ5,#REF!,#REF!
DDR_XM2_B5D6,#REF!,unused_DDR_XM2_B5D6,#REF!,#REF!,#REF!,#REF!,#REF!,#REF!,#REF!,#REF!,#REF!,#REF!,,,,,,#REF!,#REF!,#REF!,#REF!,,,,,#REF!,,#REF!,,,,,,,,,,,,,DDR_XM2_B5D[6],,,,,,,,,,,,,DDR_2CD_DQ6,#REF!,#REF!
DDR_XM2_B5D7,#REF!,unused_DDR_XM2_B5D7,#REF!,#REF!,#REF!,#REF!,#REF!,#REF!,#REF!,#REF!,#REF!,#REF!,,,,,,#REF!,#REF!,#REF!,#REF!,,,,,#REF!,,#REF!,,,,,,,,,,,,,DDR_XM2_B5D[7],,,,,,,,,,,,,DDR_2CD_DQ7,#REF!,#REF!
DDR_XM2_B5DMI,#REF!,unused_DDR_XM2_B5DMI,#REF!,#REF!,#REF!,#REF!,#REF!,#REF!,#REF!,#REF!,#REF!,#REF!,,,,,,#REF!,#REF!,#REF!,#REF!,,,,,#REF!,,#REF!,,,,,,,,,,,,,DDR_XM2_B5DMI,,,,,,,,,,,,,DDR_2CD_DMI0,#REF!,#REF!
DDR_XM2_B5WCK_P,#REF!,unused_DDR_XM2_B5WCK_P,#REF!,#REF!,#REF!,#REF!,#REF!,#REF!,#REF!,#REF!,#REF!,#REF!,,,,,,#REF!,#REF!,#REF!,#REF!,,,,,#REF!,,#REF!,,,,,,,,,,,,,DDR_XM2_B5WCK_P,,,,,,,,,,,,,DDR_2CD_WCK0_P,#REF!,#REF!
DDR_XM2_B5WCK_N,#REF!,unused_DDR_XM2_B5WCK_N,#REF!,#REF!,#REF!,#REF!,#REF!,#REF!,#REF!,#REF!,#REF!,#REF!,,,,,,#REF!,#REF!,#REF!,#REF!,,,,,#REF!,,#REF!,,,,,,,,,,,,,DDR_XM2_B5WCK_N,,,,,,,,,,,,,DDR_2CD_WCK0_N,#REF!,#REF!
DDR_XM2_B5RDQS_P,#REF!,unused_DDR_XM2_B5RDQS_P,#REF!,#REF!,#REF!,#REF!,#REF!,#REF!,#REF!,#REF!,#REF!,#REF!,,,,,,#REF!,#REF!,#REF!,#REF!,,,,,#REF!,,#REF!,,,,,,,,,,,,,DDR_XM2_B5RDQS_P,,,,,,,,,,,,,DDR_2CD_RDQS0_P,#REF!,#REF!
DDR_XM2_B5RDQS_N,#REF!,unused_DDR_XM2_B5RDQS_N,#REF!,#REF!,#REF!,#REF!,#REF!,#REF!,#REF!,#REF!,#REF!,#REF!,,,,,,#REF!,#REF!,#REF!,#REF!,,,,,#REF!,,#REF!,,,,,,,,,,,,,DDR_XM2_B5RDQS_N,,,,,,,,,,,,,DDR_2CD_RDQS0_N,#REF!,#REF!
DDR_XM2_B6D0,#REF!,unused_DDR_XM2_B6D0,#REF!,#REF!,#REF!,#REF!,#REF!,#REF!,#REF!,#REF!,#REF!,#REF!,,,,,,#REF!,#REF!,#REF!,#REF!,,,,,#REF!,,#REF!,,,,,,,,,,,,,DDR_XM2_B6D[0],,,,,,,,,,,,,DDR_2CD_DQ8,#REF!,#REF!
DDR_XM2_B6D1,#REF!,unused_DDR_XM2_B6D1,#REF!,#REF!,#REF!,#REF!,#REF!,#REF!,#REF!,#REF!,#REF!,#REF!,,,,,,#REF!,#REF!,#REF!,#REF!,,,,,#REF!,,#REF!,,,,,,,,,,,,,DDR_XM2_B6D[1],,,,,,,,,,,,,DDR_2CD_DQ9,#REF!,#REF!
DDR_XM2_B6D2,#REF!,unused_DDR_XM2_B6D2,#REF!,#REF!,#REF!,#REF!,#REF!,#REF!,#REF!,#REF!,#REF!,#REF!,,,,,,#REF!,#REF!,#REF!,#REF!,,,,,#REF!,,#REF!,,,,,,,,,,,,,DDR_XM2_B6D[2],,,,,,,,,,,,,DDR_2CD_DQ10,#REF!,#REF!
DDR_XM2_B6D3,#REF!,unused_DDR_XM2_B6D3,#REF!,#REF!,#REF!,#REF!,#REF!,#REF!,#REF!,#REF!,#REF!,#REF!,,,,,,#REF!,#REF!,#REF!,#REF!,,,,,#REF!,,#REF!,,,,,,,,,,,,,DDR_XM2_B6D[3],,,,,,,,,,,,,DDR_2CD_DQ11,#REF!,#REF!
DDR_XM2_B6D4,#REF!,unused_DDR_XM2_B6D4,#REF!,#REF!,#REF!,#REF!,#REF!,#REF!,#REF!,#REF!,#REF!,#REF!,,,,,,#REF!,#REF!,#REF!,#REF!,,,,,#REF!,,#REF!,,,,,,,,,,,,,DDR_XM2_B6D[4],,,,,,,,,,,,,DDR_2CD_DQ12,#REF!,#REF!
DDR_XM2_B6D5,#REF!,unused_DDR_XM2_B6D5,#REF!,#REF!,#REF!,#REF!,#REF!,#REF!,#REF!,#REF!,#REF!,#REF!,,,,,,#REF!,#REF!,#REF!,#REF!,,,,,#REF!,,#REF!,,,,,,,,,,,,,DDR_XM2_B6D[5],,,,,,,,,,,,,DDR_2CD_DQ13,#REF!,#REF!
DDR_XM2_B6D6,#REF!,unused_DDR_XM2_B6D6,#REF!,#REF!,#REF!,#REF!,#REF!,#REF!,#REF!,#REF!,#REF!,#REF!,,,,,,#REF!,#REF!,#REF!,#REF!,,,,,#REF!,,#REF!,,,,,,,,,,,,,DDR_XM2_B6D[6],,,,,,,,,,,,,DDR_2CD_DQ14,#REF!,#REF!
DDR_XM2_B6D7,#REF!,unused_DDR_XM2_B6D7,#REF!,#REF!,#REF!,#REF!,#REF!,#REF!,#REF!,#REF!,#REF!,#REF!,,,,,,#REF!,#REF!,#REF!,#REF!,,,,,#REF!,,#REF!,,,,,,,,,,,,,DDR_XM2_B6D[7],,,,,,,,,,,,,DDR_2CD_DQ15,#REF!,#REF!
DDR_XM2_B6DMI,#REF!,unused_DDR_XM2_B6DMI,#REF!,#REF!,#REF!,#REF!,#REF!,#REF!,#REF!,#REF!,#REF!,#REF!,,,,,,#REF!,#REF!,#REF!,#REF!,,,,,#REF!,,#REF!,,,,,,,,,,,,,DDR_XM2_B6DMI,,,,,,,,,,,,,DDR_2CD_DMI1,#REF!,#REF!
DDR_XM2_B6WCK_P,#REF!,unused_DDR_XM2_B6WCK_P,#REF!,#REF!,#REF!,#REF!,#REF!,#REF!,#REF!,#REF!,#REF!,#REF!,,,,,,#REF!,#REF!,#REF!,#REF!,,,,,#REF!,,#REF!,,,,,,,,,,,,,DDR_XM2_B6WCK_P,,,,,,,,,,,,,DDR_2CD_WCK1_P,#REF!,#REF!
DDR_XM2_B6WCK_N,#REF!,unused_DDR_XM2_B6WCK_N,#REF!,#REF!,#REF!,#REF!,#REF!,#REF!,#REF!,#REF!,#REF!,#REF!,,,,,,#REF!,#REF!,#REF!,#REF!,,,,,#REF!,,#REF!,,,,,,,,,,,,,DDR_XM2_B6WCK_N,,,,,,,,,,,,,DDR_2CD_WCK1_N,#REF!,#REF!
DDR_XM2_B6RDQS_P,#REF!,unused_DDR_XM2_B6RDQS_P,#REF!,#REF!,#REF!,#REF!,#REF!,#REF!,#REF!,#REF!,#REF!,#REF!,,,,,,#REF!,#REF!,#REF!,#REF!,,,,,#REF!,,#REF!,,,,,,,,,,,,,DDR_XM2_B6RDQS_P,,,,,,,,,,,,,DDR_2CD_RDQS1_P,#REF!,#REF!
DDR_XM2_B6RDQS_N,#REF!,unused_DDR_XM2_B6RDQS_N,#REF!,#REF!,#REF!,#REF!,#REF!,#REF!,#REF!,#REF!,#REF!,#REF!,,,,,,#REF!,#REF!,#REF!,#REF!,,,,,#REF!,,#REF!,,,,,,,,,,,,,DDR_XM2_B6RDQS_N,,,,,,,,,,,,,DDR_2CD_RDQS1_N,#REF!,#REF!
DDR_XM2_B7A_CA0,#REF!,unused_DDR_XM2_B7A_CA0,#REF!,#REF!,#REF!,#REF!,#REF!,#REF!,#REF!,#REF!,#REF!,#REF!,,,,,,#REF!,#REF!,#REF!,#REF!,,,,,#REF!,,#REF!,,,,,,,,,,,,,DDR_XM2_B7A_CA[0],,,,,,,,,,,,,DDR_2C_CA0,#REF!,#REF!
DDR_XM2_B7A_CA1,#REF!,unused_DDR_XM2_B7A_CA1,#REF!,#REF!,#REF!,#REF!,#REF!,#REF!,#REF!,#REF!,#REF!,#REF!,,,,,,#REF!,#REF!,#REF!,#REF!,,,,,#REF!,,#REF!,,,,,,,,,,,,,DDR_XM2_B7A_CA[1],,,,,,,,,,,,,DDR_2C_CA1,#REF!,#REF!
DDR_XM2_B7A_CA2,#REF!,unused_DDR_XM2_B7A_CA2,#REF!,#REF!,#REF!,#REF!,#REF!,#REF!,#REF!,#REF!,#REF!,#REF!,,,,,,#REF!,#REF!,#REF!,#REF!,,,,,#REF!,,#REF!,,,,,,,,,,,,,DDR_XM2_B7A_CA[2],,,,,,,,,,,,,DDR_2C_CA2,#REF!,#REF!
DDR_XM2_B7A_CA3,#REF!,unused_DDR_XM2_B7A_CA3,#REF!,#REF!,#REF!,#REF!,#REF!,#REF!,#REF!,#REF!,#REF!,#REF!,,,,,,#REF!,#REF!,#REF!,#REF!,,,,,#REF!,,#REF!,,,,,,,,,,,,,DDR_XM2_B7A_CA[3],,,,,,,,,,,,,DDR_2C_CA3,#REF!,#REF!
DDR_XM2_B7A_CA4,#REF!,unused_DDR_XM2_B7A_CA4,#REF!,#REF!,#REF!,#REF!,#REF!,#REF!,#REF!,#REF!,#REF!,#REF!,,,,,,#REF!,#REF!,#REF!,#REF!,,,,,#REF!,,#REF!,,,,,,,,,,,,,DDR_XM2_B7A_CA[4],,,,,,,,,,,,,DDR_2C_CA4,#REF!,#REF!
DDR_XM2_B7A_CA5,#REF!,unused_DDR_XM2_B7A_CA5,#REF!,#REF!,#REF!,#REF!,#REF!,#REF!,#REF!,#REF!,#REF!,#REF!,,,,,,#REF!,#REF!,#REF!,#REF!,,,,,#REF!,,#REF!,,,,,,,,,,,,,DDR_XM2_B7A_CA[5],,,,,,,,,,,,,DDR_2C_CA5,#REF!,#REF!
DDR_XM2_B7A_CA6,#REF!,unused_DDR_XM2_B7A_CA6,#REF!,#REF!,#REF!,#REF!,#REF!,#REF!,#REF!,#REF!,#REF!,#REF!,,,,,,#REF!,#REF!,#REF!,#REF!,,,,,#REF!,,#REF!,,,,,,,,,,,,,DDR_XM2_B7A_CA[6],,,,,,,,,,,,,DDR_2C_CA6,#REF!,#REF!
DDR_XM2_B7B_CA0,#REF!,unused_DDR_XM2_B7B_CA0,#REF!,#REF!,#REF!,#REF!,#REF!,#REF!,#REF!,#REF!,#REF!,#REF!,,,,,,#REF!,#REF!,#REF!,#REF!,,,,,#REF!,,#REF!,,,,,,,,,,,,,DDR_XM2_B7B_CA[0],,,,,,,,,,,,,DDR_2D_CA0,#REF!,#REF!
DDR_XM2_B7B_CA1,#REF!,unused_DDR_XM2_B7B_CA1,#REF!,#REF!,#REF!,#REF!,#REF!,#REF!,#REF!,#REF!,#REF!,#REF!,,,,,,#REF!,#REF!,#REF!,#REF!,,,,,#REF!,,#REF!,,,,,,,,,,,,,DDR_XM2_B7B_CA[1],,,,,,,,,,,,,DDR_2D_CA1,#REF!,#REF!
DDR_XM2_B7B_CA2,#REF!,unused_DDR_XM2_B7B_CA2,#REF!,#REF!,#REF!,#REF!,#REF!,#REF!,#REF!,#REF!,#REF!,#REF!,,,,,,#REF!,#REF!,#REF!,#REF!,,,,,#REF!,,#REF!,,,,,,,,,,,,,DDR_XM2_B7B_CA[2],,,,,,,,,,,,,DDR_2D_CA2,#REF!,#REF!
DDR_XM2_B7B_CA3,#REF!,unused_DDR_XM2_B7B_CA3,#REF!,#REF!,#REF!,#REF!,#REF!,#REF!,#REF!,#REF!,#REF!,#REF!,,,,,,#REF!,#REF!,#REF!,#REF!,,,,,#REF!,,#REF!,,,,,,,,,,,,,DDR_XM2_B7B_CA[3],,,,,,,,,,,,,DDR_2D_CA3,#REF!,#REF!
DDR_XM2_B7B_CA4,#REF!,unused_DDR_XM2_B7B_CA4,#REF!,#REF!,#REF!,#REF!,#REF!,#REF!,#REF!,#REF!,#REF!,#REF!,,,,,,#REF!,#REF!,#REF!,#REF!,,,,,#REF!,,#REF!,,,,,,,,,,,,,DDR_XM2_B7B_CA[4],,,,,,,,,,,,,DDR_2D_CA4,#REF!,#REF!
DDR_XM2_B7B_CA5,#REF!,unused_DDR_XM2_B7B_CA5,#REF!,#REF!,#REF!,#REF!,#REF!,#REF!,#REF!,#REF!,#REF!,#REF!,,,,,,#REF!,#REF!,#REF!,#REF!,,,,,#REF!,,#REF!,,,,,,,,,,,,,DDR_XM2_B7B_CA[5],,,,,,,,,,,,,DDR_2D_CA5,#REF!,#REF!
DDR_XM2_B7B_CA6,#REF!,unused_DDR_XM2_B7B_CA6,#REF!,#REF!,#REF!,#REF!,#REF!,#REF!,#REF!,#REF!,#REF!,#REF!,,,,,,#REF!,#REF!,#REF!,#REF!,,,,,#REF!,,#REF!,,,,,,,,,,,,,DDR_XM2_B7B_CA[6],,,,,,,,,,,,,DDR_2D_CA6,#REF!,#REF!
DDR_XM2_B7A_CS_CKE0,#REF!,unused_DDR_XM2_B7A_CS_CKE0,#REF!,#REF!,#REF!,#REF!,#REF!,#REF!,#REF!,#REF!,#REF!,#REF!,,,,,,#REF!,#REF!,#REF!,#REF!,,,,,#REF!,,#REF!,,,,,,,,,,,,,DDR_XM2_B7A_CS_CKE0,,,,,,,,,,,,,DDR_2C_CS0,#REF!,#REF!
DDR_XM2_B7A_CS_CKE1,#REF!,unused_DDR_XM2_B7A_CS_CKE1,#REF!,#REF!,#REF!,#REF!,#REF!,#REF!,#REF!,#REF!,#REF!,#REF!,,,,,,#REF!,#REF!,#REF!,#REF!,,,,,#REF!,,#REF!,,,,,,,,,,,,,DDR_XM2_B7A_CS_CKE1,,,,,,,,,,,,,DDR_2C_CS1,#REF!,#REF!
DDR_XM2_B7B_CS_CKE0,#REF!,unused_DDR_XM2_B7B_CS_CKE0,#REF!,#REF!,#REF!,#REF!,#REF!,#REF!,#REF!,#REF!,#REF!,#REF!,,,,,,#REF!,#REF!,#REF!,#REF!,,,,,#REF!,,#REF!,,,,,,,,,,,,,DDR_XM2_B7B_CS_CKE0,,,,,,,,,,,,,DDR_2D_CS0,#REF!,#REF!
DDR_XM2_B7B_CS_CKE1,#REF!,unused_DDR_XM2_B7B_CS_CKE1,#REF!,#REF!,#REF!,#REF!,#REF!,#REF!,#REF!,#REF!,#REF!,#REF!,,,,,,#REF!,#REF!,#REF!,#REF!,,,,,#REF!,,#REF!,,,,,,,,,,,,,DDR_XM2_B7B_CS_CKE1,,,,,,,,,,,,,DDR_2D_CS1,#REF!,#REF!
DDR_XM2_B7A_CLK_P,#REF!,unused_DDR_XM2_B7A_CLK_P,#REF!,#REF!,#REF!,#REF!,#REF!,#REF!,#REF!,#REF!,#REF!,#REF!,,,,,,#REF!,#REF!,#REF!,#REF!,,,,,#REF!,,#REF!,,,,,,,,,,,,,DDR_XM2_B7A_CLK_P,,,,,,,,,,,,,DDR_2C_CLK_P,#REF!,#REF!
DDR_XM2_B7A_CLK_N,#REF!,unused_DDR_XM2_B7A_CLK_N,#REF!,#REF!,#REF!,#REF!,#REF!,#REF!,#REF!,#REF!,#REF!,#REF!,,,,,,#REF!,#REF!,#REF!,#REF!,,,,,#REF!,,#REF!,,,,,,,,,,,,,DDR_XM2_B7A_CLK_N,,,,,,,,,,,,,DDR_2C_CLK_N,#REF!,#REF!
DDR_XM2_B7B_CLK_P,#REF!,unused_DDR_XM2_B7B_CLK_P,#REF!,#REF!,#REF!,#REF!,#REF!,#REF!,#REF!,#REF!,#REF!,#REF!,,,,,,#REF!,#REF!,#REF!,#REF!,,,,,#REF!,,#REF!,,,,,,,,,,,,,DDR_XM2_B7B_CLK_P,,,,,,,,,,,,,DDR_2D_CLK_P,#REF!,#REF!
DDR_XM2_B7B_CLK_N,#REF!,unused_DDR_XM2_B7B_CLK_N,#REF!,#REF!,#REF!,#REF!,#REF!,#REF!,#REF!,#REF!,#REF!,#REF!,,,,,,#REF!,#REF!,#REF!,#REF!,,,,,#REF!,,#REF!,,,,,,,,,,,,,DDR_XM2_B7B_CLK_N,,,,,,,,,,,,,DDR_2D_CLK_N,#REF!,#REF!
DDR_XM2_B8D0,#REF!,unused_DDR_XM2_B8D0,#REF!,#REF!,#REF!,#REF!,#REF!,#REF!,#REF!,#REF!,#REF!,#REF!,,,,,,#REF!,#REF!,#REF!,#REF!,,,,,#REF!,,#REF!,,,,,,,,,,,,,DDR_XM2_B8D[0],,,,,,,,,,,,,DDR_2CD_DQ16,#REF!,#REF!
DDR_XM2_B8D1,#REF!,unused_DDR_XM2_B8D1,#REF!,#REF!,#REF!,#REF!,#REF!,#REF!,#REF!,#REF!,#REF!,#REF!,,,,,,#REF!,#REF!,#REF!,#REF!,,,,,#REF!,,#REF!,,,,,,,,,,,,,DDR_XM2_B8D[1],,,,,,,,,,,,,DDR_2CD_DQ17,#REF!,#REF!
DDR_XM2_B8D2,#REF!,unused_DDR_XM2_B8D2,#REF!,#REF!,#REF!,#REF!,#REF!,#REF!,#REF!,#REF!,#REF!,#REF!,,,,,,#REF!,#REF!,#REF!,#REF!,,,,,#REF!,,#REF!,,,,,,,,,,,,,DDR_XM2_B8D[2],,,,,,,,,,,,,DDR_2CD_DQ18,#REF!,#REF!
DDR_XM2_B8D3,#REF!,unused_DDR_XM2_B8D3,#REF!,#REF!,#REF!,#REF!,#REF!,#REF!,#REF!,#REF!,#REF!,#REF!,,,,,,#REF!,#REF!,#REF!,#REF!,,,,,#REF!,,#REF!,,,,,,,,,,,,,DDR_XM2_B8D[3],,,,,,,,,,,,,DDR_2CD_DQ19,#REF!,#REF!
DDR_XM2_B8D4,#REF!,unused_DDR_XM2_B8D4,#REF!,#REF!,#REF!,#REF!,#REF!,#REF!,#REF!,#REF!,#REF!,#REF!,,,,,,#REF!,#REF!,#REF!,#REF!,,,,,#REF!,,#REF!,,,,,,,,,,,,,DDR_XM2_B8D[4],,,,,,,,,,,,,DDR_2CD_DQ20,#REF!,#REF!
DDR_XM2_B8D5,#REF!,unused_DDR_XM2_B8D5,#REF!,#REF!,#REF!,#REF!,#REF!,#REF!,#REF!,#REF!,#REF!,#REF!,,,,,,#REF!,#REF!,#REF!,#REF!,,,,,#REF!,,#REF!,,,,,,,,,,,,,DDR_XM2_B8D[5],,,,,,,,,,,,,DDR_2CD_DQ21,#REF!,#REF!
DDR_XM2_B8D6,#REF!,unused_DDR_XM2_B8D6,#REF!,#REF!,#REF!,#REF!,#REF!,#REF!,#REF!,#REF!,#REF!,#REF!,,,,,,#REF!,#REF!,#REF!,#REF!,,,,,#REF!,,#REF!,,,,,,,,,,,,,DDR_XM2_B8D[6],,,,,,,,,,,,,DDR_2CD_DQ22,#REF!,#REF!
DDR_XM2_B8D7,#REF!,unused_DDR_XM2_B8D7,#REF!,#REF!,#REF!,#REF!,#REF!,#REF!,#REF!,#REF!,#REF!,#REF!,,,,,,#REF!,#REF!,#REF!,#REF!,,,,,#REF!,,#REF!,,,,,,,,,,,,,DDR_XM2_B8D[7],,,,,,,,,,,,,DDR_2CD_DQ23,#REF!,#REF!
DDR_XM2_B8DMI,#REF!,unused_DDR_XM2_B8DMI,#REF!,#REF!,#REF!,#REF!,#REF!,#REF!,#REF!,#REF!,#REF!,#REF!,,,,,,#REF!,#REF!,#REF!,#REF!,,,,,#REF!,,#REF!,,,,,,,,,,,,,DDR_XM2_B8DMI,,,,,,,,,,,,,DDR_2CD_DMI2,#REF!,#REF!
DDR_XM2_B8WCK_P,#REF!,unused_DDR_XM2_B8WCK_P,#REF!,#REF!,#REF!,#REF!,#REF!,#REF!,#REF!,#REF!,#REF!,#REF!,,,,,,#REF!,#REF!,#REF!,#REF!,,,,,#REF!,,#REF!,,,,,,,,,,,,,DDR_XM2_B8WCK_P,,,,,,,,,,,,,DDR_2CD_WCK2_P,#REF!,#REF!
DDR_XM2_B8WCK_N,#REF!,unused_DDR_XM2_B8WCK_N,#REF!,#REF!,#REF!,#REF!,#REF!,#REF!,#REF!,#REF!,#REF!,#REF!,,,,,,#REF!,#REF!,#REF!,#REF!,,,,,#REF!,,#REF!,,,,,,,,,,,,,DDR_XM2_B8WCK_N,,,,,,,,,,,,,DDR_2CD_WCK2_N,#REF!,#REF!
DDR_XM2_B8RDQS_P,#REF!,unused_DDR_XM2_B8RDQS_P,#REF!,#REF!,#REF!,#REF!,#REF!,#REF!,#REF!,#REF!,#REF!,#REF!,,,,,,#REF!,#REF!,#REF!,#REF!,,,,,#REF!,,#REF!,,,,,,,,,,,,,DDR_XM2_B8RDQS_P,,,,,,,,,,,,,DDR_2CD_RDQS2_P,#REF!,#REF!
DDR_XM2_B8RDQS_N,#REF!,unused_DDR_XM2_B8RDQS_N,#REF!,#REF!,#REF!,#REF!,#REF!,#REF!,#REF!,#REF!,#REF!,#REF!,,,,,,#REF!,#REF!,#REF!,#REF!,,,,,#REF!,,#REF!,,,,,,,,,,,,,DDR_XM2_B8RDQS_N,,,,,,,,,,,,,DDR_2CD_RDQS2_N,#REF!,#REF!
DDR_XM2_B9D0,#REF!,unused_DDR_XM2_B9D0,#REF!,#REF!,#REF!,#REF!,#REF!,#REF!,#REF!,#REF!,#REF!,#REF!,,,,,,#REF!,#REF!,#REF!,#REF!,,,,,#REF!,,#REF!,,,,,,,,,,,,,DDR_XM2_B9D[0],,,,,,,,,,,,,DDR_2CD_DQ24,#REF!,#REF!
DDR_XM2_B9D1,#REF!,unused_DDR_XM2_B9D1,#REF!,#REF!,#REF!,#REF!,#REF!,#REF!,#REF!,#REF!,#REF!,#REF!,,,,,,#REF!,#REF!,#REF!,#REF!,,,,,#REF!,,#REF!,,,,,,,,,,,,,DDR_XM2_B9D[1],,,,,,,,,,,,,DDR_2CD_DQ25,#REF!,#REF!
DDR_XM2_B9D2,#REF!,unused_DDR_XM2_B9D2,#REF!,#REF!,#REF!,#REF!,#REF!,#REF!,#REF!,#REF!,#REF!,#REF!,,,,,,#REF!,#REF!,#REF!,#REF!,,,,,#REF!,,#REF!,,,,,,,,,,,,,DDR_XM2_B9D[2],,,,,,,,,,,,,DDR_2CD_DQ26,#REF!,#REF!
DDR_XM2_B9D3,#REF!,unused_DDR_XM2_B9D3,#REF!,#REF!,#REF!,#REF!,#REF!,#REF!,#REF!,#REF!,#REF!,#REF!,,,,,,#REF!,#REF!,#REF!,#REF!,,,,,#REF!,,#REF!,,,,,,,,,,,,,DDR_XM2_B9D[3],,,,,,,,,,,,,DDR_2CD_DQ27,#REF!,#REF!
DDR_XM2_B9D4,#REF!,unused_DDR_XM2_B9D4,#REF!,#REF!,#REF!,#REF!,#REF!,#REF!,#REF!,#REF!,#REF!,#REF!,,,,,,#REF!,#REF!,#REF!,#REF!,,,,,#REF!,,#REF!,,,,,,,,,,,,,DDR_XM2_B9D[4],,,,,,,,,,,,,DDR_2CD_DQ28,#REF!,#REF!
DDR_XM2_B9D5,#REF!,unused_DDR_XM2_B9D5,#REF!,#REF!,#REF!,#REF!,#REF!,#REF!,#REF!,#REF!,#REF!,#REF!,,,,,,#REF!,#REF!,#REF!,#REF!,,,,,#REF!,,#REF!,,,,,,,,,,,,,DDR_XM2_B9D[5],,,,,,,,,,,,,DDR_2CD_DQ29,#REF!,#REF!
DDR_XM2_B9D6,#REF!,unused_DDR_XM2_B9D6,#REF!,#REF!,#REF!,#REF!,#REF!,#REF!,#REF!,#REF!,#REF!,#REF!,,,,,,#REF!,#REF!,#REF!,#REF!,,,,,#REF!,,#REF!,,,,,,,,,,,,,DDR_XM2_B9D[6],,,,,,,,,,,,,DDR_2CD_DQ30,#REF!,#REF!
DDR_XM2_B9D7,#REF!,unused_DDR_XM2_B9D7,#REF!,#REF!,#REF!,#REF!,#REF!,#REF!,#REF!,#REF!,#REF!,#REF!,,,,,,#REF!,#REF!,#REF!,#REF!,,,,,#REF!,,#REF!,,,,,,,,,,,,,DDR_XM2_B9D[7],,,,,,,,,,,,,DDR_2CD_DQ31,#REF!,#REF!
DDR_XM2_B9DMI,#REF!,unused_DDR_XM2_B9DMI,#REF!,#REF!,#REF!,#REF!,#REF!,#REF!,#REF!,#REF!,#REF!,#REF!,,,,,,#REF!,#REF!,#REF!,#REF!,,,,,#REF!,,#REF!,,,,,,,,,,,,,DDR_XM2_B9DMI,,,,,,,,,,,,,DDR_2CD_DMI3,#REF!,#REF!
DDR_XM2_B9WCK_P,#REF!,unused_DDR_XM2_B9WCK_P,#REF!,#REF!,#REF!,#REF!,#REF!,#REF!,#REF!,#REF!,#REF!,#REF!,,,,,,#REF!,#REF!,#REF!,#REF!,,,,,#REF!,,#REF!,,,,,,,,,,,,,DDR_XM2_B9WCK_P,,,,,,,,,,,,,DDR_2CD_WCK3_P,#REF!,#REF!
DDR_XM2_B9WCK_N,#REF!,unused_DDR_XM2_B9WCK_N,#REF!,#REF!,#REF!,#REF!,#REF!,#REF!,#REF!,#REF!,#REF!,#REF!,,,,,,#REF!,#REF!,#REF!,#REF!,,,,,#REF!,,#REF!,,,,,,,,,,,,,DDR_XM2_B9WCK_N,,,,,,,,,,,,,DDR_2CD_WCK3_N,#REF!,#REF!
DDR_XM2_B9RDQS_P,#REF!,unused_DDR_XM2_B9RDQS_P,#REF!,#REF!,#REF!,#REF!,#REF!,#REF!,#REF!,#REF!,#REF!,#REF!,,,,,,#REF!,#REF!,#REF!,#REF!,,,,,#REF!,,#REF!,,,,,,,,,,,,,DDR_XM2_B9RDQS_P,,,,,,,,,,,,,DDR_2CD_RDQS3_P,#REF!,#REF!
DDR_XM2_B9RDQS_N,#REF!,unused_DDR_XM2_B9RDQS_N,#REF!,#REF!,#REF!,#REF!,#REF!,#REF!,#REF!,#REF!,#REF!,#REF!,,,,,,#REF!,#REF!,#REF!,#REF!,,,,,#REF!,,#REF!,,,,,,,,,,,,,DDR_XM2_B9RDQS_N,,,,,,,,,,,,,DDR_2CD_RDQS3_N,#REF!,#REF!
DDR_XM2_COMP_PU_HV,#REF!,unused_DDR_XM2_COMP_PU_HV,#REF!,#REF!,#REF!,#REF!,#REF!,#REF!,#REF!,#REF!,#REF!,#REF!,,,,,,#REF!,#REF!,#REF!,#REF!,,,,,#REF!,,#REF!,,,,,,,,,,,,,DDR_XM2_COMP_PU_HV,,,,,,,,40.2 1%,,,,,DDR_2_COMP_PU_HV,#REF!,#REF!
DDR_XM2_COMP_PU_LV,#REF!,unused_DDR_XM2_COMP_PU_LV,#REF!,#REF!,#REF!,#REF!,#REF!,#REF!,#REF!,#REF!,#REF!,#REF!,,,,,,#REF!,#REF!,#REF!,#REF!,,,,,#REF!,,#REF!,,,,,,,,,,,,,DDR_XM2_COMP_PU_LV,,,,,,,,40.2 1%,,,,,DDR_2_COMP_PU_LV,#REF!,#REF!
DDR_XM2_COMP_PD_RESCAL,#REF!,unused_DDR_XM2_COMP_PD_RESCAL,#REF!,DDR_XM2_COMP_PD_CAL,#REF!,#REF!,#REF!,#REF!,#REF!,#REF!,#REF!,#REF!,,,,,,#REF!,#REF!,#REF!,#REF!,,,,,#REF!,,#REF!,,,,,,,,,,,,,DDR_XM2_COMP_PD_CAL,,,,,,,,,200 1%,,,,DDR_2_COMP_PD_RESCAL,#REF!,#REF!
DDR3,DDR,,,,,,,,,,,,,,,,,,,,,,,,,,,,,,,,,,,,,,,,,,,,,,,,,,,0.6V,,DDR3,DDR,
DDR_XM3_B0D0,#REF!,unused_DDR_XM3_B0D0,#REF!,#REF!,#REF!,#REF!,#REF!,#REF!,#REF!,#REF!,#REF!,#REF!,,,,,,#REF!,#REF!,#REF!,#REF!,,,,,#REF!,,#REF!,,,,,,,,,,,,,DDR_XM3_B0D[0],,,,,,,,,,,,,DDR_3AB_DQ0,#REF!,#REF!
DDR_XM3_B0D1,#REF!,unused_DDR_XM3_B0D1,#REF!,#REF!,#REF!,#REF!,#REF!,#REF!,#REF!,#REF!,#REF!,#REF!,,,,,,#REF!,#REF!,#REF!,#REF!,,,,,#REF!,,#REF!,,,,,,,,,,,,,DDR_XM3_B0D[1],,,,,,,,,,,,,DDR_3AB_DQ1,#REF!,#REF!
DDR_XM3_B0D2,#REF!,unused_DDR_XM3_B0D2,#REF!,#REF!,#REF!,#REF!,#REF!,#REF!,#REF!,#REF!,#REF!,#REF!,,,,,,#REF!,#REF!,#REF!,#REF!,,,,,#REF!,,#REF!,,,,,,,,,,,,,DDR_XM3_B0D[2],,,,,,,,,,,,,DDR_3AB_DQ2,#REF!,#REF!
DDR_XM3_B0D3,#REF!,unused_DDR_XM3_B0D3,#REF!,#REF!,#REF!,#REF!,#REF!,#REF!,#REF!,#REF!,#REF!,#REF!,,,,,,#REF!,#REF!,#REF!,#REF!,,,,,#REF!,,#REF!,,,,,,,,,,,,,DDR_XM3_B0D[3],,,,,,,,,,,,,DDR_3AB_DQ3,#REF!,#REF!
DDR_XM3_B0D4,#REF!,unused_DDR_XM3_B0D4,#REF!,#REF!,#REF!,#REF!,#REF!,#REF!,#REF!,#REF!,#REF!,#REF!,,,,,,#REF!,#REF!,#REF!,#REF!,,,,,#REF!,,#REF!,,,,,,,,,,,,,DDR_XM3_B0D[4],,,,,,,,,,,,,DDR_3AB_DQ4,#REF!,#REF!
DDR_XM3_B0D5,#REF!,unused_DDR_XM3_B0D5,#REF!,#REF!,#REF!,#REF!,#REF!,#REF!,#REF!,#REF!,#REF!,#REF!,,,,,,#REF!,#REF!,#REF!,#REF!,,,,,#REF!,,#REF!,,,,,,,,,,,,,DDR_XM3_B0D[5],,,,,,,,,,,,,DDR_3AB_DQ5,#REF!,#REF!
DDR_XM3_B0D6,#REF!,unused_DDR_XM3_B0D6,#REF!,#REF!,#REF!,#REF!,#REF!,#REF!,#REF!,#REF!,#REF!,#REF!,,,,,,#REF!,#REF!,#REF!,#REF!,,,,,#REF!,,#REF!,,,,,,,,,,,,,DDR_XM3_B0D[6],,,,,,,,,,,,,DDR_3AB_DQ6,#REF!,#REF!
DDR_XM3_B0D7,#REF!,unused_DDR_XM3_B0D7,#REF!,#REF!,#REF!,#REF!,#REF!,#REF!,#REF!,#REF!,#REF!,#REF!,,,,,,#REF!,#REF!,#REF!,#REF!,,,,,#REF!,,#REF!,,,,,,,,,,,,,DDR_XM3_B0D[7],,,,,,,,,,,,,DDR_3AB_DQ7,#REF!,#REF!
DDR_XM3_B0DMI,#REF!,unused_DDR_XM3_B0DMI,#REF!,#REF!,#REF!,#REF!,#REF!,#REF!,#REF!,#REF!,#REF!,#REF!,,,,,,#REF!,#REF!,#REF!,#REF!,,,,,#REF!,,#REF!,,,,,,,,,,,,,DDR_XM3_B0DMI,,,,,,,,,,,,,DDR_3AB_DMI0,#REF!,#REF!
DDR_XM3_B0WCK_P,#REF!,unused_DDR_XM3_B0WCK_P,#REF!,#REF!,#REF!,#REF!,#REF!,#REF!,#REF!,#REF!,#REF!,#REF!,,,,,,#REF!,#REF!,#REF!,#REF!,,,,,#REF!,,#REF!,,,,,,,,,,,,,DDR_XM3_B0WCK_P,,,,,,,,,,,,,DDR_3AB_WCK0_P,#REF!,#REF!
DDR_XM3_B0WCK_N,#REF!,unused_DDR_XM3_B0WCK_N,#REF!,#REF!,#REF!,#REF!,#REF!,#REF!,#REF!,#REF!,#REF!,#REF!,,,,,,#REF!,#REF!,#REF!,#REF!,,,,,#REF!,,#REF!,,,,,,,,,,,,,DDR_XM3_B0WCK_N,,,,,,,,,,,,,DDR_3AB_WCK0_N,#REF!,#REF!
DDR_XM3_B0RDQS_P,#REF!,unused_DDR_XM3_B0RDQS_P,#REF!,#REF!,#REF!,#REF!,#REF!,#REF!,#REF!,#REF!,#REF!,#REF!,,,,,,#REF!,#REF!,#REF!,#REF!,,,,,#REF!,,#REF!,,,,,,,,,,,,,DDR_XM3_B0RDQS_P,,,,,,,,,,,,,DDR_3AB_RDQS0_P,#REF!,#REF!
DDR_XM3_B0RDQS_N,#REF!,unused_DDR_XM3_B0RDQS_N,#REF!,#REF!,#REF!,#REF!,#REF!,#REF!,#REF!,#REF!,#REF!,#REF!,,,,,,#REF!,#REF!,#REF!,#REF!,,,,,#REF!,,#REF!,,,,,,,,,,,,,DDR_XM3_B0RDQS_N,,,,,,,,,,,,,DDR_3AB_RDQS0_N,#REF!,#REF!
DDR_XM3_B1D0,#REF!,unused_DDR_XM3_B1D0,#REF!,#REF!,#REF!,#REF!,#REF!,#REF!,#REF!,#REF!,#REF!,#REF!,,,,,,#REF!,#REF!,#REF!,#REF!,,,,,#REF!,,#REF!,,,,,,,,,,,,,DDR_XM3_B1D[0],,,,,,,,,,,,,DDR_3AB_DQ8,#REF!,#REF!
DDR_XM3_B1D1,#REF!,unused_DDR_XM3_B1D1,#REF!,#REF!,#REF!,#REF!,#REF!,#REF!,#REF!,#REF!,#REF!,#REF!,,,,,,#REF!,#REF!,#REF!,#REF!,,,,,#REF!,,#REF!,,,,,,,,,,,,,DDR_XM3_B1D[1],,,,,,,,,,,,,DDR_3AB_DQ9,#REF!,#REF!
DDR_XM3_B1D2,#REF!,unused_DDR_XM3_B1D2,#REF!,#REF!,#REF!,#REF!,#REF!,#REF!,#REF!,#REF!,#REF!,#REF!,,,,,,#REF!,#REF!,#REF!,#REF!,,,,,#REF!,,#REF!,,,,,,,,,,,,,DDR_XM3_B1D[2],,,,,,,,,,,,,DDR_3AB_DQ10,#REF!,#REF!
DDR_XM3_B1D3,#REF!,unused_DDR_XM3_B1D3,#REF!,#REF!,#REF!,#REF!,#REF!,#REF!,#REF!,#REF!,#REF!,#REF!,,,,,,#REF!,#REF!,#REF!,#REF!,,,,,#REF!,,#REF!,,,,,,,,,,,,,DDR_XM3_B1D[3],,,,,,,,,,,,,DDR_3AB_DQ11,#REF!,#REF!
DDR_XM3_B1D4,#REF!,unused_DDR_XM3_B1D4,#REF!,#REF!,#REF!,#REF!,#REF!,#REF!,#REF!,#REF!,#REF!,#REF!,,,,,,#REF!,#REF!,#REF!,#REF!,,,,,#REF!,,#REF!,,,,,,,,,,,,,DDR_XM3_B1D[4],,,,,,,,,,,,,DDR_3AB_DQ12,#REF!,#REF!
DDR_XM3_B1D5,#REF!,unused_DDR_XM3_B1D5,#REF!,#REF!,#REF!,#REF!,#REF!,#REF!,#REF!,#REF!,#REF!,#REF!,,,,,,#REF!,#REF!,#REF!,#REF!,,,,,#REF!,,#REF!,,,,,,,,,,,,,DDR_XM3_B1D[5],,,,,,,,,,,,,DDR_3AB_DQ13,#REF!,#REF!
DDR_XM3_B1D6,#REF!,unused_DDR_XM3_B1D6,#REF!,#REF!,#REF!,#REF!,#REF!,#REF!,#REF!,#REF!,#REF!,#REF!,,,,,,#REF!,#REF!,#REF!,#REF!,,,,,#REF!,,#REF!,,,,,,,,,,,,,DDR_XM3_B1D[6],,,,,,,,,,,,,DDR_3AB_DQ14,#REF!,#REF!
DDR_XM3_B1D7,#REF!,unused_DDR_XM3_B1D7,#REF!,#REF!,#REF!,#REF!,#REF!,#REF!,#REF!,#REF!,#REF!,#REF!,,,,,,#REF!,#REF!,#REF!,#REF!,,,,,#REF!,,#REF!,,,,,,,,,,,,,DDR_XM3_B1D[7],,,,,,,,,,,,,DDR_3AB_DQ15,#REF!,#REF!
DDR_XM3_B1DMI,#REF!,unused_DDR_XM3_B1DMI,#REF!,#REF!,#REF!,#REF!,#REF!,#REF!,#REF!,#REF!,#REF!,#REF!,,,,,,#REF!,#REF!,#REF!,#REF!,,,,,#REF!,,#REF!,,,,,,,,,,,,,DDR_XM3_B1DMI,,,,,,,,,,,,,DDR_3AB_DMI1,#REF!,#REF!
DDR_XM3_B1WCK_P,#REF!,unused_DDR_XM3_B1WCK_P,#REF!,#REF!,#REF!,#REF!,#REF!,#REF!,#REF!,#REF!,#REF!,#REF!,,,,,,#REF!,#REF!,#REF!,#REF!,,,,,#REF!,,#REF!,,,,,,,,,,,,,DDR_XM3_B1WCK_P,,,,,,,,,,,,,DDR_3AB_WCK1_P,#REF!,#REF!
DDR_XM3_B1WCK_N,#REF!,unused_DDR_XM3_B1WCK_N,#REF!,#REF!,#REF!,#REF!,#REF!,#REF!,#REF!,#REF!,#REF!,#REF!,,,,,,#REF!,#REF!,#REF!,#REF!,,,,,#REF!,,#REF!,,,,,,,,,,,,,DDR_XM3_B1WCK_N,,,,,,,,,,,,,DDR_3AB_WCK1_N,#REF!,#REF!
DDR_XM3_B1RDQS_P,#REF!,unused_DDR_XM3_B1RDQS_P,#REF!,#REF!,#REF!,#REF!,#REF!,#REF!,#REF!,#REF!,#REF!,#REF!,,,,,,#REF!,#REF!,#REF!,#REF!,,,,,#REF!,,#REF!,,,,,,,,,,,,,DDR_XM3_B1RDQS_P,,,,,,,,,,,,,DDR_3AB_RDQS1_P,#REF!,#REF!
DDR_XM3_B1RDQS_N,#REF!,unused_DDR_XM3_B1RDQS_N,#REF!,#REF!,#REF!,#REF!,#REF!,#REF!,#REF!,#REF!,#REF!,#REF!,,,,,,#REF!,#REF!,#REF!,#REF!,,,,,#REF!,,#REF!,,,,,,,,,,,,,DDR_XM3_B1RDQS_N,,,,,,,,,,,,,DDR_3AB_RDQS1_N,#REF!,#REF!
DDR_XM3_B2A_CA0,#REF!,unused_DDR_XM3_B2A_CA0,#REF!,#REF!,#REF!,#REF!,#REF!,#REF!,#REF!,#REF!,#REF!,#REF!,,,,,,#REF!,#REF!,#REF!,#REF!,,,,,#REF!,,#REF!,,,,,,,,,,,,,DDR_XM3_B2A_CA[0],,,,,,,,,,,,,DDR_3A_CA0,#REF!,#REF!
DDR_XM3_B2A_CA1,#REF!,unused_DDR_XM3_B2A_CA1,#REF!,#REF!,#REF!,#REF!,#REF!,#REF!,#REF!,#REF!,#REF!,#REF!,,,,,,#REF!,#REF!,#REF!,#REF!,,,,,#REF!,,#REF!,,,,,,,,,,,,,DDR_XM3_B2A_CA[1],,,,,,,,,,,,,DDR_3A_CA1,#REF!,#REF!
DDR_XM3_B2A_CA2,#REF!,unused_DDR_XM3_B2A_CA2,#REF!,#REF!,#REF!,#REF!,#REF!,#REF!,#REF!,#REF!,#REF!,#REF!,,,,,,#REF!,#REF!,#REF!,#REF!,,,,,#REF!,,#REF!,,,,,,,,,,,,,DDR_XM3_B2A_CA[2],,,,,,,,,,,,,DDR_3A_CA2,#REF!,#REF!
DDR_XM3_B2A_CA3,#REF!,unused_DDR_XM3_B2A_CA3,#REF!,#REF!,#REF!,#REF!,#REF!,#REF!,#REF!,#REF!,#REF!,#REF!,,,,,,#REF!,#REF!,#REF!,#REF!,,,,,#REF!,,#REF!,,,,,,,,,,,,,DDR_XM3_B2A_CA[3],,,,,,,,,,,,,DDR_3A_CA3,#REF!,#REF!
DDR_XM3_B2A_CA4,#REF!,unused_DDR_XM3_B2A_CA4,#REF!,#REF!,#REF!,#REF!,#REF!,#REF!,#REF!,#REF!,#REF!,#REF!,,,,,,#REF!,#REF!,#REF!,#REF!,,,,,#REF!,,#REF!,,,,,,,,,,,,,DDR_XM3_B2A_CA[4],,,,,,,,,,,,,DDR_3A_CA4,#REF!,#REF!
DDR_XM3_B2A_CA5,#REF!,unused_DDR_XM3_B2A_CA5,#REF!,#REF!,#REF!,#REF!,#REF!,#REF!,#REF!,#REF!,#REF!,#REF!,,,,,,#REF!,#REF!,#REF!,#REF!,,,,,#REF!,,#REF!,,,,,,,,,,,,,DDR_XM3_B2A_CA[5],,,,,,,,,,,,,DDR_3A_CA5,#REF!,#REF!
DDR_XM3_B2A_CA6,#REF!,unused_DDR_XM3_B2A_CA6,#REF!,#REF!,#REF!,#REF!,#REF!,#REF!,#REF!,#REF!,#REF!,#REF!,,,,,,#REF!,#REF!,#REF!,#REF!,,,,,#REF!,,#REF!,,,,,,,,,,,,,DDR_XM3_B2A_CA[6],,,,,,,,,,,,,DDR_3A_CA6,#REF!,#REF!
DDR_XM3_B2B_CA0,#REF!,unused_DDR_XM3_B2B_CA0,#REF!,#REF!,#REF!,#REF!,#REF!,#REF!,#REF!,#REF!,#REF!,#REF!,,,,,,#REF!,#REF!,#REF!,#REF!,,,,,#REF!,,#REF!,,,,,,,,,,,,,DDR_XM3_B2B_CA[0],,,,,,,,,,,,,DDR_3B_CA0,#REF!,#REF!
DDR_XM3_B2B_CA1,#REF!,unused_DDR_XM3_B2B_CA1,#REF!,#REF!,#REF!,#REF!,#REF!,#REF!,#REF!,#REF!,#REF!,#REF!,,,,,,#REF!,#REF!,#REF!,#REF!,,,,,#REF!,,#REF!,,,,,,,,,,,,,DDR_XM3_B2B_CA[1],,,,,,,,,,,,,DDR_3B_CA1,#REF!,#REF!
DDR_XM3_B2B_CA2,#REF!,unused_DDR_XM3_B2B_CA2,#REF!,#REF!,#REF!,#REF!,#REF!,#REF!,#REF!,#REF!,#REF!,#REF!,,,,,,#REF!,#REF!,#REF!,#REF!,,,,,#REF!,,#REF!,,,,,,,,,,,,,DDR_XM3_B2B_CA[2],,,,,,,,,,,,,DDR_3B_CA2,#REF!,#REF!
DDR_XM3_B2B_CA3,#REF!,unused_DDR_XM3_B2B_CA3,#REF!,#REF!,#REF!,#REF!,#REF!,#REF!,#REF!,#REF!,#REF!,#REF!,,,,,,#REF!,#REF!,#REF!,#REF!,,,,,#REF!,,#REF!,,,,,,,,,,,,,DDR_XM3_B2B_CA[3],,,,,,,,,,,,,DDR_3B_CA3,#REF!,#REF!
DDR_XM3_B2B_CA4,#REF!,unused_DDR_XM3_B2B_CA4,#REF!,#REF!,#REF!,#REF!,#REF!,#REF!,#REF!,#REF!,#REF!,#REF!,,,,,,#REF!,#REF!,#REF!,#REF!,,,,,#REF!,,#REF!,,,,,,,,,,,,,DDR_XM3_B2B_CA[4],,,,,,,,,,,,,DDR_3B_CA4,#REF!,#REF!
DDR_XM3_B2B_CA5,#REF!,unused_DDR_XM3_B2B_CA5,#REF!,#REF!,#REF!,#REF!,#REF!,#REF!,#REF!,#REF!,#REF!,#REF!,,,,,,#REF!,#REF!,#REF!,#REF!,,,,,#REF!,,#REF!,,,,,,,,,,,,,DDR_XM3_B2B_CA[5],,,,,,,,,,,,,DDR_3B_CA5,#REF!,#REF!
DDR_XM3_B2B_CA6,#REF!,unused_DDR_XM3_B2B_CA6,#REF!,#REF!,#REF!,#REF!,#REF!,#REF!,#REF!,#REF!,#REF!,#REF!,,,,,,#REF!,#REF!,#REF!,#REF!,,,,,#REF!,,#REF!,,,,,,,,,,,,,DDR_XM3_B2B_CA[6],,,,,,,,,,,,,DDR_3B_CA6,#REF!,#REF!
DDR_XM3_B2A_CS_CKE0,#REF!,unused_DDR_XM3_B2A_CS_CKE0,#REF!,#REF!,#REF!,#REF!,#REF!,#REF!,#REF!,#REF!,#REF!,#REF!,,,,,,#REF!,#REF!,#REF!,#REF!,,,,,#REF!,,#REF!,,,,,,,,,,,,,DDR_XM3_B2A_CS_CKE0,,,,,,,,,,,,,DDR_3A_CS0,#REF!,#REF!
DDR_XM3_B2A_CS_CKE1,#REF!,unused_DDR_XM3_B2A_CS_CKE1,#REF!,#REF!,#REF!,#REF!,#REF!,#REF!,#REF!,#REF!,#REF!,#REF!,,,,,,#REF!,#REF!,#REF!,#REF!,,,,,#REF!,,#REF!,,,,,,,,,,,,,DDR_XM3_B2A_CS_CKE1,,,,,,,,,,,,,DDR_3A_CS1,#REF!,#REF!
DDR_XM3_B2B_CS_CKE0,#REF!,unused_DDR_XM3_B2B_CS_CKE0,#REF!,#REF!,#REF!,#REF!,#REF!,#REF!,#REF!,#REF!,#REF!,#REF!,,,,,,#REF!,#REF!,#REF!,#REF!,,,,,#REF!,,#REF!,,,,,,,,,,,,,DDR_XM3_B2B_CS_CKE0,,,,,,,,,,,,,DDR_3B_CS0,#REF!,#REF!
DDR_XM3_B2B_CS_CKE1,#REF!,unused_DDR_XM3_B2B_CS_CKE1,#REF!,#REF!,#REF!,#REF!,#REF!,#REF!,#REF!,#REF!,#REF!,#REF!,,,,,,#REF!,#REF!,#REF!,#REF!,,,,,#REF!,,#REF!,,,,,,,,,,,,,DDR_XM3_B2B_CS_CKE1,,,,,,,,,,,,,DDR_3B_CS1,#REF!,#REF!
DDR_XM3_B2A_CLK_P,#REF!,unused_DDR_XM3_B2A_CLK_P,#REF!,#REF!,#REF!,#REF!,#REF!,#REF!,#REF!,#REF!,#REF!,#REF!,,,,,,#REF!,#REF!,#REF!,#REF!,,,,,#REF!,,#REF!,,,,,,,,,,,,,DDR_XM3_B2A_CLK_P,,,,,,,,,,,,,DDR_3A_CLK_P,#REF!,#REF!
DDR_XM3_B2A_CLK_N,#REF!,unused_DDR_XM3_B2A_CLK_N,#REF!,#REF!,#REF!,#REF!,#REF!,#REF!,#REF!,#REF!,#REF!,#REF!,,,,,,#REF!,#REF!,#REF!,#REF!,,,,,#REF!,,#REF!,,,,,,,,,,,,,DDR_XM3_B2A_CLK_N,,,,,,,,,,,,,DDR_3A_CLK_N,#REF!,#REF!
DDR_XM3_B2B_CLK_P,#REF!,unused_DDR_XM3_B2B_CLK_P,#REF!,#REF!,#REF!,#REF!,#REF!,#REF!,#REF!,#REF!,#REF!,#REF!,,,,,,#REF!,#REF!,#REF!,#REF!,,,,,#REF!,,#REF!,,,,,,,,,,,,,DDR_XM3_B2B_CLK_P,,,,,,,,,,,,,DDR_3B_CLK_P,#REF!,#REF!
DDR_XM3_B2B_CLK_N,#REF!,unused_DDR_XM3_B2B_CLK_N,#REF!,#REF!,#REF!,#REF!,#REF!,#REF!,#REF!,#REF!,#REF!,#REF!,,,,,,#REF!,#REF!,#REF!,#REF!,,,,,#REF!,,#REF!,,,,,,,,,,,,,DDR_XM3_B2B_CLK_N,,,,,,,,,,,,,DDR_3B_CLK_N,#REF!,#REF!
DDR_XM3_B3D0,#REF!,unused_DDR_XM3_B3D0,#REF!,#REF!,#REF!,#REF!,#REF!,#REF!,#REF!,#REF!,#REF!,#REF!,,,,,,#REF!,#REF!,#REF!,#REF!,,,,,#REF!,,#REF!,,,,,,,,,,,,,DDR_XM3_B3D[0],,,,,,,,,,,,,DDR_3AB_DQ16,#REF!,#REF!
DDR_XM3_B3D1,#REF!,unused_DDR_XM3_B3D1,#REF!,#REF!,#REF!,#REF!,#REF!,#REF!,#REF!,#REF!,#REF!,#REF!,,,,,,#REF!,#REF!,#REF!,#REF!,,,,,#REF!,,#REF!,,,,,,,,,,,,,DDR_XM3_B3D[1],,,,,,,,,,,,,DDR_3AB_DQ17,#REF!,#REF!
DDR_XM3_B3D2,#REF!,unused_DDR_XM3_B3D2,#REF!,#REF!,#REF!,#REF!,#REF!,#REF!,#REF!,#REF!,#REF!,#REF!,,,,,,#REF!,#REF!,#REF!,#REF!,,,,,#REF!,,#REF!,,,,,,,,,,,,,DDR_XM3_B3D[2],,,,,,,,,,,,,DDR_3AB_DQ18,#REF!,#REF!
DDR_XM3_B3D3,#REF!,unused_DDR_XM3_B3D3,#REF!,#REF!,#REF!,#REF!,#REF!,#REF!,#REF!,#REF!,#REF!,#REF!,,,,,,#REF!,#REF!,#REF!,#REF!,,,,,#REF!,,#REF!,,,,,,,,,,,,,DDR_XM3_B3D[3],,,,,,,,,,,,,DDR_3AB_DQ19,#REF!,#REF!
DDR_XM3_B3D4,#REF!,unused_DDR_XM3_B3D4,#REF!,#REF!,#REF!,#REF!,#REF!,#REF!,#REF!,#REF!,#REF!,#REF!,,,,,,#REF!,#REF!,#REF!,#REF!,,,,,#REF!,,#REF!,,,,,,,,,,,,,DDR_XM3_B3D[4],,,,,,,,,,,,,DDR_3AB_DQ20,#REF!,#REF!
DDR_XM3_B3D5,#REF!,unused_DDR_XM3_B3D5,#REF!,#REF!,#REF!,#REF!,#REF!,#REF!,#REF!,#REF!,#REF!,#REF!,,,,,,#REF!,#REF!,#REF!,#REF!,,,,,#REF!,,#REF!,,,,,,,,,,,,,DDR_XM3_B3D[5],,,,,,,,,,,,,DDR_3AB_DQ21,#REF!,#REF!
DDR_XM3_B3D6,#REF!,unused_DDR_XM3_B3D6,#REF!,#REF!,#REF!,#REF!,#REF!,#REF!,#REF!,#REF!,#REF!,#REF!,,,,,,#REF!,#REF!,#REF!,#REF!,,,,,#REF!,,#REF!,,,,,,,,,,,,,DDR_XM3_B3D[6],,,,,,,,,,,,,DDR_3AB_DQ22,#REF!,#REF!
DDR_XM3_B3D7,#REF!,unused_DDR_XM3_B3D7,#REF!,#REF!,#REF!,#REF!,#REF!,#REF!,#REF!,#REF!,#REF!,#REF!,,,,,,#REF!,#REF!,#REF!,#REF!,,,,,#REF!,,#REF!,,,,,,,,,,,,,DDR_XM3_B3D[7],,,,,,,,,,,,,DDR_3AB_DQ23,#REF!,#REF!
DDR_XM3_B3DMI,#REF!,unused_DDR_XM3_B3DMI,#REF!,#REF!,#REF!,#REF!,#REF!,#REF!,#REF!,#REF!,#REF!,#REF!,,,,,,#REF!,#REF!,#REF!,#REF!,,,,,#REF!,,#REF!,,,,,,,,,,,,,DDR_XM3_B3DMI,,,,,,,,,,,,,DDR_3AB_DMI2,#REF!,#REF!
DDR_XM3_B3WCK_P,#REF!,unused_DDR_XM3_B3WCK_P,#REF!,#REF!,#REF!,#REF!,#REF!,#REF!,#REF!,#REF!,#REF!,#REF!,,,,,,#REF!,#REF!,#REF!,#REF!,,,,,#REF!,,#REF!,,,,,,,,,,,,,DDR_XM3_B3WCK_P,,,,,,,,,,,,,DDR_3AB_WCK2_P,#REF!,#REF!
DDR_XM3_B3WCK_N,#REF!,unused_DDR_XM3_B3WCK_N,#REF!,#REF!,#REF!,#REF!,#REF!,#REF!,#REF!,#REF!,#REF!,#REF!,,,,,,#REF!,#REF!,#REF!,#REF!,,,,,#REF!,,#REF!,,,,,,,,,,,,,DDR_XM3_B3WCK_N,,,,,,,,,,,,,DDR_3AB_WCK2_N,#REF!,#REF!
DDR_XM3_B3RDQS_P,#REF!,unused_DDR_XM3_B3RDQS_P,#REF!,#REF!,#REF!,#REF!,#REF!,#REF!,#REF!,#REF!,#REF!,#REF!,,,,,,#REF!,#REF!,#REF!,#REF!,,,,,#REF!,,#REF!,,,,,,,,,,,,,DDR_XM3_B3RDQS_P,,,,,,,,,,,,,DDR_3AB_RDQS2_P,#REF!,#REF!
DDR_XM3_B3RDQS_N,#REF!,unused_DDR_XM3_B3RDQS_N,#REF!,#REF!,#REF!,#REF!,#REF!,#REF!,#REF!,#REF!,#REF!,#REF!,,,,,,#REF!,#REF!,#REF!,#REF!,,,,,#REF!,,#REF!,,,,,,,,,,,,,DDR_XM3_B3RDQS_N,,,,,,,,,,,,,DDR_3AB_RDQS2_N,#REF!,#REF!
DDR_XM3_B4D0,#REF!,unused_DDR_XM3_B4D0,#REF!,#REF!,#REF!,#REF!,#REF!,#REF!,#REF!,#REF!,#REF!,#REF!,,,,,,#REF!,#REF!,#REF!,#REF!,,,,,#REF!,,#REF!,,,,,,,,,,,,,DDR_XM3_B4D[0],,,,,,,,,,,,,DDR_3AB_DQ24,#REF!,#REF!
DDR_XM3_B4D1,#REF!,unused_DDR_XM3_B4D1,#REF!,#REF!,#REF!,#REF!,#REF!,#REF!,#REF!,#REF!,#REF!,#REF!,,,,,,#REF!,#REF!,#REF!,#REF!,,,,,#REF!,,#REF!,,,,,,,,,,,,,DDR_XM3_B4D[1],,,,,,,,,,,,,DDR_3AB_DQ25,#REF!,#REF!
DDR_XM3_B4D2,#REF!,unused_DDR_XM3_B4D2,#REF!,#REF!,#REF!,#REF!,#REF!,#REF!,#REF!,#REF!,#REF!,#REF!,,,,,,#REF!,#REF!,#REF!,#REF!,,,,,#REF!,,#REF!,,,,,,,,,,,,,DDR_XM3_B4D[2],,,,,,,,,,,,,DDR_3AB_DQ26,#REF!,#REF!
DDR_XM3_B4D3,#REF!,unused_DDR_XM3_B4D3,#REF!,#REF!,#REF!,#REF!,#REF!,#REF!,#REF!,#REF!,#REF!,#REF!,,,,,,#REF!,#REF!,#REF!,#REF!,,,,,#REF!,,#REF!,,,,,,,,,,,,,DDR_XM3_B4D[3],,,,,,,,,,,,,DDR_3AB_DQ27,#REF!,#REF!
DDR_XM3_B4D4,#REF!,unused_DDR_XM3_B4D4,#REF!,#REF!,#REF!,#REF!,#REF!,#REF!,#REF!,#REF!,#REF!,#REF!,,,,,,#REF!,#REF!,#REF!,#REF!,,,,,#REF!,,#REF!,,,,,,,,,,,,,DDR_XM3_B4D[4],,,,,,,,,,,,,DDR_3AB_DQ28,#REF!,#REF!
DDR_XM3_B4D5,#REF!,unused_DDR_XM3_B4D5,#REF!,#REF!,#REF!,#REF!,#REF!,#REF!,#REF!,#REF!,#REF!,#REF!,,,,,,#REF!,#REF!,#REF!,#REF!,,,,,#REF!,,#REF!,,,,,,,,,,,,,DDR_XM3_B4D[5],,,,,,,,,,,,,DDR_3AB_DQ29,#REF!,#REF!
DDR_XM3_B4D6,#REF!,unused_DDR_XM3_B4D6,#REF!,#REF!,#REF!,#REF!,#REF!,#REF!,#REF!,#REF!,#REF!,#REF!,,,,,,#REF!,#REF!,#REF!,#REF!,,,,,#REF!,,#REF!,,,,,,,,,,,,,DDR_XM3_B4D[6],,,,,,,,,,,,,DDR_3AB_DQ30,#REF!,#REF!
DDR_XM3_B4D7,#REF!,unused_DDR_XM3_B4D7,#REF!,#REF!,#REF!,#REF!,#REF!,#REF!,#REF!,#REF!,#REF!,#REF!,,,,,,#REF!,#REF!,#REF!,#REF!,,,,,#REF!,,#REF!,,,,,,,,,,,,,DDR_XM3_B4D[7],,,,,,,,,,,,,DDR_3AB_DQ31,#REF!,#REF!
DDR_XM3_B4DMI,#REF!,unused_DDR_XM3_B4DMI,#REF!,#REF!,#REF!,#REF!,#REF!,#REF!,#REF!,#REF!,#REF!,#REF!,,,,,,#REF!,#REF!,#REF!,#REF!,,,,,#REF!,,#REF!,,,,,,,,,,,,,DDR_XM3_B4DMI,,,,,,,,,,,,,DDR_3AB_DMI3,#REF!,#REF!
DDR_XM3_B4WCK_P,#REF!,unused_DDR_XM3_B4WCK_P,#REF!,#REF!,#REF!,#REF!,#REF!,#REF!,#REF!,#REF!,#REF!,#REF!,,,,,,#REF!,#REF!,#REF!,#REF!,,,,,#REF!,,#REF!,,,,,,,,,,,,,DDR_XM3_B4WCK_P,,,,,,,,,,,,,DDR_3AB_WCK3_P,#REF!,#REF!
DDR_XM3_B4WCK_N,#REF!,unused_DDR_XM3_B4WCK_N,#REF!,#REF!,#REF!,#REF!,#REF!,#REF!,#REF!,#REF!,#REF!,#REF!,,,,,,#REF!,#REF!,#REF!,#REF!,,,,,#REF!,,#REF!,,,,,,,,,,,,,DDR_XM3_B4WCK_N,,,,,,,,,,,,,DDR_3AB_WCK3_N,#REF!,#REF!
DDR_XM3_B4RDQS_P,#REF!,unused_DDR_XM3_B4RDQS_P,#REF!,#REF!,#REF!,#REF!,#REF!,#REF!,#REF!,#REF!,#REF!,#REF!,,,,,,#REF!,#REF!,#REF!,#REF!,,,,,#REF!,,#REF!,,,,,,,,,,,,,DDR_XM3_B4RDQS_P,,,,,,,,,,,,,DDR_3AB_RDQS3_P,#REF!,#REF!
DDR_XM3_B4RDQS_N,#REF!,unused_DDR_XM3_B4RDQS_N,#REF!,#REF!,#REF!,#REF!,#REF!,#REF!,#REF!,#REF!,#REF!,#REF!,,,,,,#REF!,#REF!,#REF!,#REF!,,,,,#REF!,,#REF!,,,,,,,,,,,,,DDR_XM3_B4RDQS_N,,,,,,,,,,,,,DDR_3AB_RDQS3_N,#REF!,#REF!
DDR_XM3_B5D0,#REF!,unused_DDR_XM3_B5D0,#REF!,#REF!,#REF!,#REF!,#REF!,#REF!,#REF!,#REF!,#REF!,#REF!,,,,,,#REF!,#REF!,#REF!,#REF!,,,,,#REF!,,#REF!,,,,,,,,,,,,,DDR_XM3_B5D[0],,,,,,,,,,,,,DDR_3CD_DQ0,#REF!,#REF!
DDR_XM3_B5D1,#REF!,unused_DDR_XM3_B5D1,#REF!,#REF!,#REF!,#REF!,#REF!,#REF!,#REF!,#REF!,#REF!,#REF!,,,,,,#REF!,#REF!,#REF!,#REF!,,,,,#REF!,,#REF!,,,,,,,,,,,,,DDR_XM3_B5D[1],,,,,,,,,,,,,DDR_3CD_DQ1,#REF!,#REF!
DDR_XM3_B5D2,#REF!,unused_DDR_XM3_B5D2,#REF!,#REF!,#REF!,#REF!,#REF!,#REF!,#REF!,#REF!,#REF!,#REF!,,,,,,#REF!,#REF!,#REF!,#REF!,,,,,#REF!,,#REF!,,,,,,,,,,,,,DDR_XM3_B5D[2],,,,,,,,,,,,,DDR_3CD_DQ2,#REF!,#REF!
DDR_XM3_B5D3,#REF!,unused_DDR_XM3_B5D3,#REF!,#REF!,#REF!,#REF!,#REF!,#REF!,#REF!,#REF!,#REF!,#REF!,,,,,,#REF!,#REF!,#REF!,#REF!,,,,,#REF!,,#REF!,,,,,,,,,,,,,DDR_XM3_B5D[3],,,,,,,,,,,,,DDR_3CD_DQ3,#REF!,#REF!
DDR_XM3_B5D4,#REF!,unused_DDR_XM3_B5D4,#REF!,#REF!,#REF!,#REF!,#REF!,#REF!,#REF!,#REF!,#REF!,#REF!,,,,,,#REF!,#REF!,#REF!,#REF!,,,,,#REF!,,#REF!,,,,,,,,,,,,,DDR_XM3_B5D[4],,,,,,,,,,,,,DDR_3CD_DQ4,#REF!,#REF!
DDR_XM3_B5D5,#REF!,unused_DDR_XM3_B5D5,#REF!,#REF!,#REF!,#REF!,#REF!,#REF!,#REF!,#REF!,#REF!,#REF!,,,,,,#REF!,#REF!,#REF!,#REF!,,,,,#REF!,,#REF!,,,,,,,,,,,,,DDR_XM3_B5D[5],,,,,,,,,,,,,DDR_3CD_DQ5,#REF!,#REF!
DDR_XM3_B5D6,#REF!,unused_DDR_XM3_B5D6,#REF!,#REF!,#REF!,#REF!,#REF!,#REF!,#REF!,#REF!,#REF!,#REF!,,,,,,#REF!,#REF!,#REF!,#REF!,,,,,#REF!,,#REF!,,,,,,,,,,,,,DDR_XM3_B5D[6],,,,,,,,,,,,,DDR_3CD_DQ6,#REF!,#REF!
DDR_XM3_B5D7,#REF!,unused_DDR_XM3_B5D7,#REF!,#REF!,#REF!,#REF!,#REF!,#REF!,#REF!,#REF!,#REF!,#REF!,,,,,,#REF!,#REF!,#REF!,#REF!,,,,,#REF!,,#REF!,,,,,,,,,,,,,DDR_XM3_B5D[7],,,,,,,,,,,,,DDR_3CD_DQ7,#REF!,#REF!
DDR_XM3_B5DMI,#REF!,unused_DDR_XM3_B5DMI,#REF!,#REF!,#REF!,#REF!,#REF!,#REF!,#REF!,#REF!,#REF!,#REF!,,,,,,#REF!,#REF!,#REF!,#REF!,,,,,#REF!,,#REF!,,,,,,,,,,,,,DDR_XM3_B5DMI,,,,,,,,,,,,,DDR_3CD_DMI0,#REF!,#REF!
DDR_XM3_B5WCK_P,#REF!,unused_DDR_XM3_B5WCK_P,#REF!,#REF!,#REF!,#REF!,#REF!,#REF!,#REF!,#REF!,#REF!,#REF!,,,,,,#REF!,#REF!,#REF!,#REF!,,,,,#REF!,,#REF!,,,,,,,,,,,,,DDR_XM3_B5WCK_P,,,,,,,,,,,,,DDR_3CD_WCK0_P,#REF!,#REF!
DDR_XM3_B5WCK_N,#REF!,unused_DDR_XM3_B5WCK_N,#REF!,#REF!,#REF!,#REF!,#REF!,#REF!,#REF!,#REF!,#REF!,#REF!,,,,,,#REF!,#REF!,#REF!,#REF!,,,,,#REF!,,#REF!,,,,,,,,,,,,,DDR_XM3_B5WCK_N,,,,,,,,,,,,,DDR_3CD_WCK0_N,#REF!,#REF!
DDR_XM3_B5RDQS_P,#REF!,unused_DDR_XM3_B5RDQS_P,#REF!,#REF!,#REF!,#REF!,#REF!,#REF!,#REF!,#REF!,#REF!,#REF!,,,,,,#REF!,#REF!,#REF!,#REF!,,,,,#REF!,,#REF!,,,,,,,,,,,,,DDR_XM3_B5RDQS_P,,,,,,,,,,,,,DDR_3CD_RDQS0_P,#REF!,#REF!
DDR_XM3_B5RDQS_N,#REF!,unused_DDR_XM3_B5RDQS_N,#REF!,#REF!,#REF!,#REF!,#REF!,#REF!,#REF!,#REF!,#REF!,#REF!,,,,,,#REF!,#REF!,#REF!,#REF!,,,,,#REF!,,#REF!,,,,,,,,,,,,,DDR_XM3_B5RDQS_N,,,,,,,,,,,,,DDR_3CD_RDQS0_N,#REF!,#REF!
DDR_XM3_B6D0,#REF!,unused_DDR_XM3_B6D0,#REF!,#REF!,#REF!,#REF!,#REF!,#REF!,#REF!,#REF!,#REF!,#REF!,,,,,,#REF!,#REF!,#REF!,#REF!,,,,,#REF!,,#REF!,,,,,,,,,,,,,DDR_XM3_B6D[0],,,,,,,,,,,,,DDR_3CD_DQ8,#REF!,#REF!
DDR_XM3_B6D1,#REF!,unused_DDR_XM3_B6D1,#REF!,#REF!,#REF!,#REF!,#REF!,#REF!,#REF!,#REF!,#REF!,#REF!,,,,,,#REF!,#REF!,#REF!,#REF!,,,,,#REF!,,#REF!,,,,,,,,,,,,,DDR_XM3_B6D[1],,,,,,,,,,,,,DDR_3CD_DQ9,#REF!,#REF!
DDR_XM3_B6D2,#REF!,unused_DDR_XM3_B6D2,#REF!,#REF!,#REF!,#REF!,#REF!,#REF!,#REF!,#REF!,#REF!,#REF!,,,,,,#REF!,#REF!,#REF!,#REF!,,,,,#REF!,,#REF!,,,,,,,,,,,,,DDR_XM3_B6D[2],,,,,,,,,,,,,DDR_3CD_DQ10,#REF!,#REF!
DDR_XM3_B6D3,#REF!,unused_DDR_XM3_B6D3,#REF!,#REF!,#REF!,#REF!,#REF!,#REF!,#REF!,#REF!,#REF!,#REF!,,,,,,#REF!,#REF!,#REF!,#REF!,,,,,#REF!,,#REF!,,,,,,,,,,,,,DDR_XM3_B6D[3],,,,,,,,,,,,,DDR_3CD_DQ11,#REF!,#REF!
DDR_XM3_B6D4,#REF!,unused_DDR_XM3_B6D4,#REF!,#REF!,#REF!,#REF!,#REF!,#REF!,#REF!,#REF!,#REF!,#REF!,,,,,,#REF!,#REF!,#REF!,#REF!,,,,,#REF!,,#REF!,,,,,,,,,,,,,DDR_XM3_B6D[4],,,,,,,,,,,,,DDR_3CD_DQ12,#REF!,#REF!
DDR_XM3_B6D5,#REF!,unused_DDR_XM3_B6D5,#REF!,#REF!,#REF!,#REF!,#REF!,#REF!,#REF!,#REF!,#REF!,#REF!,,,,,,#REF!,#REF!,#REF!,#REF!,,,,,#REF!,,#REF!,,,,,,,,,,,,,DDR_XM3_B6D[5],,,,,,,,,,,,,DDR_3CD_DQ13,#REF!,#REF!
DDR_XM3_B6D6,#REF!,unused_DDR_XM3_B6D6,#REF!,#REF!,#REF!,#REF!,#REF!,#REF!,#REF!,#REF!,#REF!,#REF!,,,,,,#REF!,#REF!,#REF!,#REF!,,,,,#REF!,,#REF!,,,,,,,,,,,,,DDR_XM3_B6D[6],,,,,,,,,,,,,DDR_3CD_DQ14,#REF!,#REF!
DDR_XM3_B6D7,#REF!,unused_DDR_XM3_B6D7,#REF!,#REF!,#REF!,#REF!,#REF!,#REF!,#REF!,#REF!,#REF!,#REF!,,,,,,#REF!,#REF!,#REF!,#REF!,,,,,#REF!,,#REF!,,,,,,,,,,,,,DDR_XM3_B6D[7],,,,,,,,,,,,,DDR_3CD_DQ15,#REF!,#REF!
DDR_XM3_B6DMI,#REF!,unused_DDR_XM3_B6DMI,#REF!,#REF!,#REF!,#REF!,#REF!,#REF!,#REF!,#REF!,#REF!,#REF!,,,,,,#REF!,#REF!,#REF!,#REF!,,,,,#REF!,,#REF!,,,,,,,,,,,,,DDR_XM3_B6DMI,,,,,,,,,,,,,DDR_3CD_DMI1,#REF!,#REF!
DDR_XM3_B6WCK_P,#REF!,unused_DDR_XM3_B6WCK_P,#REF!,#REF!,#REF!,#REF!,#REF!,#REF!,#REF!,#REF!,#REF!,#REF!,,,,,,#REF!,#REF!,#REF!,#REF!,,,,,#REF!,,#REF!,,,,,,,,,,,,,DDR_XM3_B6WCK_P,,,,,,,,,,,,,DDR_3CD_WCK1_P,#REF!,#REF!
DDR_XM3_B6WCK_N,#REF!,unused_DDR_XM3_B6WCK_N,#REF!,#REF!,#REF!,#REF!,#REF!,#REF!,#REF!,#REF!,#REF!,#REF!,,,,,,#REF!,#REF!,#REF!,#REF!,,,,,#REF!,,#REF!,,,,,,,,,,,,,DDR_XM3_B6WCK_N,,,,,,,,,,,,,DDR_3CD_WCK1_N,#REF!,#REF!
DDR_XM3_B6RDQS_P,#REF!,unused_DDR_XM3_B6RDQS_P,#REF!,#REF!,#REF!,#REF!,#REF!,#REF!,#REF!,#REF!,#REF!,#REF!,,,,,,#REF!,#REF!,#REF!,#REF!,,,,,#REF!,,#REF!,,,,,,,,,,,,,DDR_XM3_B6RDQS_P,,,,,,,,,,,,,DDR_3CD_RDQS1_P,#REF!,#REF!
DDR_XM3_B6RDQS_N,#REF!,unused_DDR_XM3_B6RDQS_N,#REF!,#REF!,#REF!,#REF!,#REF!,#REF!,#REF!,#REF!,#REF!,#REF!,,,,,,#REF!,#REF!,#REF!,#REF!,,,,,#REF!,,#REF!,,,,,,,,,,,,,DDR_XM3_B6RDQS_N,,,,,,,,,,,,,DDR_3CD_RDQS1_N,#REF!,#REF!
DDR_XM3_B7A_CA0,#REF!,unused_DDR_XM3_B7A_CA0,#REF!,#REF!,#REF!,#REF!,#REF!,#REF!,#REF!,#REF!,#REF!,#REF!,,,,,,#REF!,#REF!,#REF!,#REF!,,,,,#REF!,,#REF!,,,,,,,,,,,,,DDR_XM3_B7A_CA[0],,,,,,,,,,,,,DDR_3C_CA0,#REF!,#REF!
DDR_XM3_B7A_CA1,#REF!,unused_DDR_XM3_B7A_CA1,#REF!,#REF!,#REF!,#REF!,#REF!,#REF!,#REF!,#REF!,#REF!,#REF!,,,,,,#REF!,#REF!,#REF!,#REF!,,,,,#REF!,,#REF!,,,,,,,,,,,,,DDR_XM3_B7A_CA[1],,,,,,,,,,,,,DDR_3C_CA1,#REF!,#REF!
DDR_XM3_B7A_CA2,#REF!,unused_DDR_XM3_B7A_CA2,#REF!,#REF!,#REF!,#REF!,#REF!,#REF!,#REF!,#REF!,#REF!,#REF!,,,,,,#REF!,#REF!,#REF!,#REF!,,,,,#REF!,,#REF!,,,,,,,,,,,,,DDR_XM3_B7A_CA[2],,,,,,,,,,,,,DDR_3C_CA2,#REF!,#REF!
DDR_XM3_B7A_CA3,#REF!,unused_DDR_XM3_B7A_CA3,#REF!,#REF!,#REF!,#REF!,#REF!,#REF!,#REF!,#REF!,#REF!,#REF!,,,,,,#REF!,#REF!,#REF!,#REF!,,,,,#REF!,,#REF!,,,,,,,,,,,,,DDR_XM3_B7A_CA[3],,,,,,,,,,,,,DDR_3C_CA3,#REF!,#REF!
DDR_XM3_B7A_CA4,#REF!,unused_DDR_XM3_B7A_CA4,#REF!,#REF!,#REF!,#REF!,#REF!,#REF!,#REF!,#REF!,#REF!,#REF!,,,,,,#REF!,#REF!,#REF!,#REF!,,,,,#REF!,,#REF!,,,,,,,,,,,,,DDR_XM3_B7A_CA[4],,,,,,,,,,,,,DDR_3C_CA4,#REF!,#REF!
DDR_XM3_B7A_CA5,#REF!,unused_DDR_XM3_B7A_CA5,#REF!,#REF!,#REF!,#REF!,#REF!,#REF!,#REF!,#REF!,#REF!,#REF!,,,,,,#REF!,#REF!,#REF!,#REF!,,,,,#REF!,,#REF!,,,,,,,,,,,,,DDR_XM3_B7A_CA[5],,,,,,,,,,,,,DDR_3C_CA5,#REF!,#REF!
DDR_XM3_B7A_CA6,#REF!,unused_DDR_XM3_B7A_CA6,#REF!,#REF!,#REF!,#REF!,#REF!,#REF!,#REF!,#REF!,#REF!,#REF!,,,,,,#REF!,#REF!,#REF!,#REF!,,,,,#REF!,,#REF!,,,,,,,,,,,,,DDR_XM3_B7A_CA[6],,,,,,,,,,,,,DDR_3C_CA6,#REF!,#REF!
DDR_XM3_B7B_CA0,#REF!,unused_DDR_XM3_B7B_CA0,#REF!,#REF!,#REF!,#REF!,#REF!,#REF!,#REF!,#REF!,#REF!,#REF!,,,,,,#REF!,#REF!,#REF!,#REF!,,,,,#REF!,,#REF!,,,,,,,,,,,,,DDR_XM3_B7B_CA[0],,,,,,,,,,,,,DDR_3D_CA0,#REF!,#REF!
DDR_XM3_B7B_CA1,#REF!,unused_DDR_XM3_B7B_CA1,#REF!,#REF!,#REF!,#REF!,#REF!,#REF!,#REF!,#REF!,#REF!,#REF!,,,,,,#REF!,#REF!,#REF!,#REF!,,,,,#REF!,,#REF!,,,,,,,,,,,,,DDR_XM3_B7B_CA[1],,,,,,,,,,,,,DDR_3D_CA1,#REF!,#REF!
DDR_XM3_B7B_CA2,#REF!,unused_DDR_XM3_B7B_CA2,#REF!,#REF!,#REF!,#REF!,#REF!,#REF!,#REF!,#REF!,#REF!,#REF!,,,,,,#REF!,#REF!,#REF!,#REF!,,,,,#REF!,,#REF!,,,,,,,,,,,,,DDR_XM3_B7B_CA[2],,,,,,,,,,,,,DDR_3D_CA2,#REF!,#REF!
DDR_XM3_B7B_CA3,#REF!,unused_DDR_XM3_B7B_CA3,#REF!,#REF!,#REF!,#REF!,#REF!,#REF!,#REF!,#REF!,#REF!,#REF!,,,,,,#REF!,#REF!,#REF!,#REF!,,,,,#REF!,,#REF!,,,,,,,,,,,,,DDR_XM3_B7B_CA[3],,,,,,,,,,,,,DDR_3D_CA3,#REF!,#REF!
DDR_XM3_B7B_CA4,#REF!,unused_DDR_XM3_B7B_CA4,#REF!,#REF!,#REF!,#REF!,#REF!,#REF!,#REF!,#REF!,#REF!,#REF!,,,,,,#REF!,#REF!,#REF!,#REF!,,,,,#REF!,,#REF!,,,,,,,,,,,,,DDR_XM3_B7B_CA[4],,,,,,,,,,,,,DDR_3D_CA4,#REF!,#REF!
DDR_XM3_B7B_CA5,#REF!,unused_DDR_XM3_B7B_CA5,#REF!,#REF!,#REF!,#REF!,#REF!,#REF!,#REF!,#REF!,#REF!,#REF!,,,,,,#REF!,#REF!,#REF!,#REF!,,,,,#REF!,,#REF!,,,,,,,,,,,,,DDR_XM3_B7B_CA[5],,,,,,,,,,,,,DDR_3D_CA5,#REF!,#REF!
DDR_XM3_B7B_CA6,#REF!,unused_DDR_XM3_B7B_CA6,#REF!,#REF!,#REF!,#REF!,#REF!,#REF!,#REF!,#REF!,#REF!,#REF!,,,,,,#REF!,#REF!,#REF!,#REF!,,,,,#REF!,,#REF!,,,,,,,,,,,,,DDR_XM3_B7B_CA[6],,,,,,,,,,,,,DDR_3D_CA6,#REF!,#REF!
DDR_XM3_B7A_CS_CKE0,#REF!,unused_DDR_XM3_B7A_CS_CKE0,#REF!,#REF!,#REF!,#REF!,#REF!,#REF!,#REF!,#REF!,#REF!,#REF!,,,,,,#REF!,#REF!,#REF!,#REF!,,,,,#REF!,,#REF!,,,,,,,,,,,,,DDR_XM3_B7A_CS_CKE0,,,,,,,,,,,,,DDR_3C_CS0,#REF!,#REF!
DDR_XM3_B7A_CS_CKE1,#REF!,unused_DDR_XM3_B7A_CS_CKE1,#REF!,#REF!,#REF!,#REF!,#REF!,#REF!,#REF!,#REF!,#REF!,#REF!,,,,,,#REF!,#REF!,#REF!,#REF!,,,,,#REF!,,#REF!,,,,,,,,,,,,,DDR_XM3_B7A_CS_CKE1,,,,,,,,,,,,,DDR_3C_CS1,#REF!,#REF!
DDR_XM3_B7B_CS_CKE0,#REF!,unused_DDR_XM3_B7B_CS_CKE0,#REF!,#REF!,#REF!,#REF!,#REF!,#REF!,#REF!,#REF!,#REF!,#REF!,,,,,,#REF!,#REF!,#REF!,#REF!,,,,,#REF!,,#REF!,,,,,,,,,,,,,DDR_XM3_B7B_CS_CKE0,,,,,,,,,,,,,DDR_3D_CS0,#REF!,#REF!
DDR_XM3_B7B_CS_CKE1,#REF!,unused_DDR_XM3_B7B_CS_CKE1,#REF!,#REF!,#REF!,#REF!,#REF!,#REF!,#REF!,#REF!,#REF!,#REF!,,,,,,#REF!,#REF!,#REF!,#REF!,,,,,#REF!,,#REF!,,,,,,,,,,,,,DDR_XM3_B7B_CS_CKE1,,,,,,,,,,,,,DDR_3D_CS1,#REF!,#REF!
DDR_XM3_B7A_CLK_P,#REF!,unused_DDR_XM3_B7A_CLK_P,#REF!,#REF!,#REF!,#REF!,#REF!,#REF!,#REF!,#REF!,#REF!,#REF!,,,,,,#REF!,#REF!,#REF!,#REF!,,,,,#REF!,,#REF!,,,,,,,,,,,,,DDR_XM3_B7A_CLK_P,,,,,,,,,,,,,DDR_3C_CLK_P,#REF!,#REF!
DDR_XM3_B7A_CLK_N,#REF!,unused_DDR_XM3_B7A_CLK_N,#REF!,#REF!,#REF!,#REF!,#REF!,#REF!,#REF!,#REF!,#REF!,#REF!,,,,,,#REF!,#REF!,#REF!,#REF!,,,,,#REF!,,#REF!,,,,,,,,,,,,,DDR_XM3_B7A_CLK_N,,,,,,,,,,,,,DDR_3C_CLK_N,#REF!,#REF!
DDR_XM3_B7B_CLK_P,#REF!,unused_DDR_XM3_B7B_CLK_P,#REF!,#REF!,#REF!,#REF!,#REF!,#REF!,#REF!,#REF!,#REF!,#REF!,,,,,,#REF!,#REF!,#REF!,#REF!,,,,,#REF!,,#REF!,,,,,,,,,,,,,DDR_XM3_B7B_CLK_P,,,,,,,,,,,,,DDR_3D_CLK_P,#REF!,#REF!
DDR_XM3_B7B_CLK_N,#REF!,unused_DDR_XM3_B7B_CLK_N,#REF!,#REF!,#REF!,#REF!,#REF!,#REF!,#REF!,#REF!,#REF!,#REF!,,,,,,#REF!,#REF!,#REF!,#REF!,,,,,#REF!,,#REF!,,,,,,,,,,,,,DDR_XM3_B7B_CLK_N,,,,,,,,,,,,,DDR_3D_CLK_N,#REF!,#REF!
DDR_XM3_B8D0,#REF!,unused_DDR_XM3_B8D0,#REF!,#REF!,#REF!,#REF!,#REF!,#REF!,#REF!,#REF!,#REF!,#REF!,,,,,,#REF!,#REF!,#REF!,#REF!,,,,,#REF!,,#REF!,,,,,,,,,,,,,DDR_XM3_B8D[0],,,,,,,,,,,,,DDR_3CD_DQ16,#REF!,#REF!
DDR_XM3_B8D1,#REF!,unused_DDR_XM3_B8D1,#REF!,#REF!,#REF!,#REF!,#REF!,#REF!,#REF!,#REF!,#REF!,#REF!,,,,,,#REF!,#REF!,#REF!,#REF!,,,,,#REF!,,#REF!,,,,,,,,,,,,,DDR_XM3_B8D[1],,,,,,,,,,,,,DDR_3CD_DQ17,#REF!,#REF!
DDR_XM3_B8D2,#REF!,unused_DDR_XM3_B8D2,#REF!,#REF!,#REF!,#REF!,#REF!,#REF!,#REF!,#REF!,#REF!,#REF!,,,,,,#REF!,#REF!,#REF!,#REF!,,,,,#REF!,,#REF!,,,,,,,,,,,,,DDR_XM3_B8D[2],,,,,,,,,,,,,DDR_3CD_DQ18,#REF!,#REF!
DDR_XM3_B8D3,#REF!,unused_DDR_XM3_B8D3,#REF!,#REF!,#REF!,#REF!,#REF!,#REF!,#REF!,#REF!,#REF!,#REF!,,,,,,#REF!,#REF!,#REF!,#REF!,,,,,#REF!,,#REF!,,,,,,,,,,,,,DDR_XM3_B8D[3],,,,,,,,,,,,,DDR_3CD_DQ19,#REF!,#REF!
DDR_XM3_B8D4,#REF!,unused_DDR_XM3_B8D4,#REF!,#REF!,#REF!,#REF!,#REF!,#REF!,#REF!,#REF!,#REF!,#REF!,,,,,,#REF!,#REF!,#REF!,#REF!,,,,,#REF!,,#REF!,,,,,,,,,,,,,DDR_XM3_B8D[4],,,,,,,,,,,,,DDR_3CD_DQ20,#REF!,#REF!
DDR_XM3_B8D5,#REF!,unused_DDR_XM3_B8D5,#REF!,#REF!,#REF!,#REF!,#REF!,#REF!,#REF!,#REF!,#REF!,#REF!,,,,,,#REF!,#REF!,#REF!,#REF!,,,,,#REF!,,#REF!,,,,,,,,,,,,,DDR_XM3_B8D[5],,,,,,,,,,,,,DDR_3CD_DQ21,#REF!,#REF!
DDR_XM3_B8D6,#REF!,unused_DDR_XM3_B8D6,#REF!,#REF!,#REF!,#REF!,#REF!,#REF!,#REF!,#REF!,#REF!,#REF!,,,,,,#REF!,#REF!,#REF!,#REF!,,,,,#REF!,,#REF!,,,,,,,,,,,,,DDR_XM3_B8D[6],,,,,,,,,,,,,DDR_3CD_DQ22,#REF!,#REF!
DDR_XM3_B8D7,#REF!,unused_DDR_XM3_B8D7,#REF!,#REF!,#REF!,#REF!,#REF!,#REF!,#REF!,#REF!,#REF!,#REF!,,,,,,#REF!,#REF!,#REF!,#REF!,,,,,#REF!,,#REF!,,,,,,,,,,,,,DDR_XM3_B8D[7],,,,,,,,,,,,,DDR_3CD_DQ23,#REF!,#REF!
DDR_XM3_B8DMI,#REF!,unused_DDR_XM3_B8DMI,#REF!,#REF!,#REF!,#REF!,#REF!,#REF!,#REF!,#REF!,#REF!,#REF!,,,,,,#REF!,#REF!,#REF!,#REF!,,,,,#REF!,,#REF!,,,,,,,,,,,,,DDR_XM3_B8DMI,,,,,,,,,,,,,DDR_3CD_DMI2,#REF!,#REF!
DDR_XM3_B8WCK_P,#REF!,unused_DDR_XM3_B8WCK_P,#REF!,#REF!,#REF!,#REF!,#REF!,#REF!,#REF!,#REF!,#REF!,#REF!,,,,,,#REF!,#REF!,#REF!,#REF!,,,,,#REF!,,#REF!,,,,,,,,,,,,,DDR_XM3_B8WCK_P,,,,,,,,,,,,,DDR_3CD_WCK2_P,#REF!,#REF!
DDR_XM3_B8WCK_N,#REF!,unused_DDR_XM3_B8WCK_N,#REF!,#REF!,#REF!,#REF!,#REF!,#REF!,#REF!,#REF!,#REF!,#REF!,,,,,,#REF!,#REF!,#REF!,#REF!,,,,,#REF!,,#REF!,,,,,,,,,,,,,DDR_XM3_B8WCK_N,,,,,,,,,,,,,DDR_3CD_WCK2_N,#REF!,#REF!
DDR_XM3_B8RDQS_P,#REF!,unused_DDR_XM3_B8RDQS_P,#REF!,#REF!,#REF!,#REF!,#REF!,#REF!,#REF!,#REF!,#REF!,#REF!,,,,,,#REF!,#REF!,#REF!,#REF!,,,,,#REF!,,#REF!,,,,,,,,,,,,,DDR_XM3_B8RDQS_P,,,,,,,,,,,,,DDR_3CD_RDQS2_P,#REF!,#REF!
DDR_XM3_B8RDQS_N,#REF!,unused_DDR_XM3_B8RDQS_N,#REF!,#REF!,#REF!,#REF!,#REF!,#REF!,#REF!,#REF!,#REF!,#REF!,,,,,,#REF!,#REF!,#REF!,#REF!,,,,,#REF!,,#REF!,,,,,,,,,,,,,DDR_XM3_B8RDQS_N,,,,,,,,,,,,,DDR_3CD_RDQS2_N,#REF!,#REF!
DDR_XM3_B9D0,#REF!,unused_DDR_XM3_B9D0,#REF!,#REF!,#REF!,#REF!,#REF!,#REF!,#REF!,#REF!,#REF!,#REF!,,,,,,#REF!,#REF!,#REF!,#REF!,,,,,#REF!,,#REF!,,,,,,,,,,,,,DDR_XM3_B9D[0],,,,,,,,,,,,,DDR_3CD_DQ24,#REF!,#REF!
DDR_XM3_B9D1,#REF!,unused_DDR_XM3_B9D1,#REF!,#REF!,#REF!,#REF!,#REF!,#REF!,#REF!,#REF!,#REF!,#REF!,,,,,,#REF!,#REF!,#REF!,#REF!,,,,,#REF!,,#REF!,,,,,,,,,,,,,DDR_XM3_B9D[1],,,,,,,,,,,,,DDR_3CD_DQ25,#REF!,#REF!
DDR_XM3_B9D2,#REF!,unused_DDR_XM3_B9D2,#REF!,#REF!,#REF!,#REF!,#REF!,#REF!,#REF!,#REF!,#REF!,#REF!,,,,,,#REF!,#REF!,#REF!,#REF!,,,,,#REF!,,#REF!,,,,,,,,,,,,,DDR_XM3_B9D[2],,,,,,,,,,,,,DDR_3CD_DQ26,#REF!,#REF!
DDR_XM3_B9D3,#REF!,unused_DDR_XM3_B9D3,#REF!,#REF!,#REF!,#REF!,#REF!,#REF!,#REF!,#REF!,#REF!,#REF!,,,,,,#REF!,#REF!,#REF!,#REF!,,,,,#REF!,,#REF!,,,,,,,,,,,,,DDR_XM3_B9D[3],,,,,,,,,,,,,DDR_3CD_DQ27,#REF!,#REF!
DDR_XM3_B9D4,#REF!,unused_DDR_XM3_B9D4,#REF!,#REF!,#REF!,#REF!,#REF!,#REF!,#REF!,#REF!,#REF!,#REF!,,,,,,#REF!,#REF!,#REF!,#REF!,,,,,#REF!,,#REF!,,,,,,,,,,,,,DDR_XM3_B9D[4],,,,,,,,,,,,,DDR_3CD_DQ28,#REF!,#REF!
DDR_XM3_B9D5,#REF!,unused_DDR_XM3_B9D5,#REF!,#REF!,#REF!,#REF!,#REF!,#REF!,#REF!,#REF!,#REF!,#REF!,,,,,,#REF!,#REF!,#REF!,#REF!,,,,,#REF!,,#REF!,,,,,,,,,,,,,DDR_XM3_B9D[5],,,,,,,,,,,,,DDR_3CD_DQ29,#REF!,#REF!
DDR_XM3_B9D6,#REF!,unused_DDR_XM3_B9D6,#REF!,#REF!,#REF!,#REF!,#REF!,#REF!,#REF!,#REF!,#REF!,#REF!,,,,,,#REF!,#REF!,#REF!,#REF!,,,,,#REF!,,#REF!,,,,,,,,,,,,,DDR_XM3_B9D[6],,,,,,,,,,,,,DDR_3CD_DQ30,#REF!,#REF!
DDR_XM3_B9D7,#REF!,unused_DDR_XM3_B9D7,#REF!,#REF!,#REF!,#REF!,#REF!,#REF!,#REF!,#REF!,#REF!,#REF!,,,,,,#REF!,#REF!,#REF!,#REF!,,,,,#REF!,,#REF!,,,,,,,,,,,,,DDR_XM3_B9D[7],,,,,,,,,,,,,DDR_3CD_DQ31,#REF!,#REF!
DDR_XM3_B9DMI,#REF!,unused_DDR_XM3_B9DMI,#REF!,#REF!,#REF!,#REF!,#REF!,#REF!,#REF!,#REF!,#REF!,#REF!,,,,,,#REF!,#REF!,#REF!,#REF!,,,,,#REF!,,#REF!,,,,,,,,,,,,,DDR_XM3_B9DMI,,,,,,,,,,,,,DDR_3CD_DMI3,#REF!,#REF!
DDR_XM3_B9WCK_P,#REF!,unused_DDR_XM3_B9WCK_P,#REF!,#REF!,#REF!,#REF!,#REF!,#REF!,#REF!,#REF!,#REF!,#REF!,,,,,,#REF!,#REF!,#REF!,#REF!,,,,,#REF!,,#REF!,,,,,,,,,,,,,DDR_XM3_B9WCK_P,,,,,,,,,,,,,DDR_3CD_WCK3_P,#REF!,#REF!
DDR_XM3_B9WCK_N,#REF!,unused_DDR_XM3_B9WCK_N,#REF!,#REF!,#REF!,#REF!,#REF!,#REF!,#REF!,#REF!,#REF!,#REF!,,,,,,#REF!,#REF!,#REF!,#REF!,,,,,#REF!,,#REF!,,,,,,,,,,,,,DDR_XM3_B9WCK_N,,,,,,,,,,,,,DDR_3CD_WCK3_N,#REF!,#REF!
DDR_XM3_B9RDQS_P,#REF!,unused_DDR_XM3_B9RDQS_P,#REF!,#REF!,#REF!,#REF!,#REF!,#REF!,#REF!,#REF!,#REF!,#REF!,,,,,,#REF!,#REF!,#REF!,#REF!,,,,,#REF!,,#REF!,,,,,,,,,,,,,DDR_XM3_B9RDQS_P,,,,,,,,,,,,,DDR_3CD_RDQS3_P,#REF!,#REF!
DDR_XM3_B9RDQS_N,#REF!,unused_DDR_XM3_B9RDQS_N,#REF!,#REF!,#REF!,#REF!,#REF!,#REF!,#REF!,#REF!,#REF!,#REF!,,,,,,#REF!,#REF!,#REF!,#REF!,,,,,#REF!,,#REF!,,,,,,,,,,,,,DDR_XM3_B9RDQS_N,,,,,,,,,,,,,DDR_3CD_RDQS3_N,#REF!,#REF!
VDDIO_DDR_VDD2_AON,VDD2_AON,,,,,,,,,,,,,,,,,,,,,,,,,,,,,,,,,,,,,,,,,,,,,,,,,,,0.6V,,,VDD2_AON,
DDR_RESET0_N,#REF!,unused_DDR_RESET0_N,#REF!,#REF!,#REF!,#REF!,#REF!,#REF!,#REF!,#REF!,#REF!,#REF!,,,,,,#REF!,#REF!,#REF!,#REF!,,,,,#REF!,,#REF!,,,,,,,,,,,,,DDR_REST0,,,,,,,,,,,,,DDR0/1_RESET,#REF!,#REF!
DDR_RESET1_N,#REF!,unused_DDR_RESET1_N,#REF!,#REF!,#REF!,#REF!,#REF!,#REF!,#REF!,#REF!,#REF!,#REF!,,,,,,#REF!,#REF!,#REF!,#REF!,,,,,#REF!,,#REF!,,,,,,,,,,,,,DDR_REST1,,,,,,,,,,,,,DDR2/3_RESET,#REF!,#REF!
OSC,VDDIO_OSC,,,,,,,,,,,,,,,,,,,,,,,,,,,,,,,,,,,,,,,,,,,,,,,,,,,1.8V,,OSC,VDDIO_OSC,
XTAL_IN,#REF!,unused_XTAL_IN,#REF!,#REF!,#REF!,#REF!,#REF!,#REF!,#REF!,#REF!,#REF!,#REF!,,,,,,#REF!,#REF!,#REF!,#REF!,,,,,#REF!,,#REF!,,,,,,,,,,,,,OSCFI,,,,,,,,,,,,38.4 MHz System Clock,OSC_IN,#REF!,#REF!
XTAL_OUT,#REF!,unused_XTAL_OUT,#REF!,#REF!,#REF!,#REF!,#REF!,#REF!,#REF!,#REF!,#REF!,#REF!,,,,,,#REF!,#REF!,#REF!,#REF!,,,,,#REF!,,#REF!,,,,,,,,,,,,,OSCFO,,,,,,,,,,,,38.4 MHz System Clock,OSC_OUT,#REF!,#REF!
FSI_OSC,VDDIO_FSI_OSC,,,,,,,,,,,,,,,,,,,,,,,,,,,,,,,,,,,,,,,,,,,,,,,,,,,1.8V,,FSI_OSC,VDDIO_FSI_OSC,
FSI_XTAL_IN,#REF!,unused_FSI_XTAL_IN,#REF!,#REF!,#REF!,#REF!,#REF!,#REF!,#REF!,#REF!,#REF!,#REF!,,,,,,#REF!,#REF!,#REF!,#REF!,,,,,#REF!,,#REF!,,,,,,,,,,,,,OSCFI,,,,,,,,,,,,40 MHz FSI Clock,FSI_OSC_IN,#REF!,#REF!
FSI_XTAL_OUT,#REF!,unused_FSI_XTAL_OUT,#REF!,#REF!,#REF!,#REF!,#REF!,#REF!,#REF!,#REF!,#REF!,#REF!,,,,,,#REF!,#REF!,#REF!,#REF!,,,,,#REF!,,#REF!,,,,,,,,,,,,,OSCFO,,,,,,,,,,,,40 MHz FSI Clock,FSI_OSC_OUT,#REF!,#REF!
,,,,,,,,,,,,,,,,,,,,,,,,,,,,,,,,ENABLE,,,,,,,,,,,,,,,,,,,,,,,,
,,,,,,,,,,,,,,,,,,,,,,,,,,,,,,,,,,,,,,,,,,,,,,,,,,,,,Voltage Configuration,,,
,,,,,,,,,,,,,,,,,,,,,,,,,,,,,,,,,,,,,,,,,,,,,,,,,,,,,Voltage Rail,Voltage Setting,,
,,,,,,,,,,,,,,,,,,,,,,,,,,,,,,,,,,,,,,,,,,,,,,,,,,,,,SDMMC1_HV,1.8V/3.3V_default_1.8V,,
,,,,,,,,,,,,,,,,,,,,,,,,,,,,,,,,,,,,,,,,,,,,,,,,,,,,,EQOS,1.8V,,
,,,,,,,,,,,,,,,,,,,,,,,,,,,,,,,,,,,,,,,,,,,,,,,,,,,,,QSPI,1.8V,,
,,,,,,,,,,,,,,,,,,,,,,,,,,,,,,,,,,,,,,,,,,,,,,,,,,,,,G2,1.8V,,
,,,,,,,,,,,,,,,,,,,,,,,,,,,,,,,,,,,,,,,,,,,,,,,,,,,,,AO_HV,3.3V,,
,,,,,,,,,,,,,,,,,,,,,,,,,,,,,,,,,,,,,,,,,,,,,,,,,,,,,G9,3.3V,,
,,,,,,,,,,,,,,,,,,,,,,,,,,,,,,,,,,,,,,,,,,,,,,,,,,,,,UFS,1.2V,,
