solid starship_ship
  facet normal -0.999048 -0.000000 -0.043619
    outer loop
      vertex 4.500000 35.000000 0.000000
      vertex 4.500000 4.000000 0.000000
      vertex 4.482876 4.000000 0.392201
    endloop
  endfacet
  facet normal -0.999048 0.000000 -0.043619
    outer loop
      vertex 4.500000 35.000000 0.000000
      vertex 4.482876 4.000000 0.392201
      vertex 4.482876 35.000000 0.392201
    endloop
  endfacet
  facet normal -0.991445 -0.000000 -0.130526
    outer loop
      vertex 4.482876 35.000000 0.392201
      vertex 4.482876 4.000000 0.392201
      vertex 4.431635 4.000000 0.781417
    endloop
  endfacet
  facet normal -0.991445 0.000000 -0.130526
    outer loop
      vertex 4.482876 35.000000 0.392201
      vertex 4.431635 4.000000 0.781417
      vertex 4.431635 35.000000 0.781417
    endloop
  endfacet
  facet normal -0.976296 -0.000000 -0.216440
    outer loop
      vertex 4.431635 35.000000 0.781417
      vertex 4.431635 4.000000 0.781417
      vertex 4.346666 4.000000 1.164686
    endloop
  endfacet
  facet normal -0.976296 0.000000 -0.216440
    outer loop
      vertex 4.431635 35.000000 0.781417
      vertex 4.346666 4.000000 1.164686
      vertex 4.346666 35.000000 1.164686
    endloop
  endfacet
  facet normal -0.953717 -0.000000 -0.300706
    outer loop
      vertex 4.346666 35.000000 1.164686
      vertex 4.346666 4.000000 1.164686
      vertex 4.228617 4.000000 1.539091
    endloop
  endfacet
  facet normal -0.953717 0.000000 -0.300706
    outer loop
      vertex 4.346666 35.000000 1.164686
      vertex 4.228617 4.000000 1.539091
      vertex 4.228617 35.000000 1.539091
    endloop
  endfacet
  facet normal -0.923880 -0.000000 -0.382683
    outer loop
      vertex 4.228617 35.000000 1.539091
      vertex 4.228617 4.000000 1.539091
      vertex 4.078385 4.000000 1.901782
    endloop
  endfacet
  facet normal -0.923880 0.000000 -0.382683
    outer loop
      vertex 4.228617 35.000000 1.539091
      vertex 4.078385 4.000000 1.901782
      vertex 4.078385 35.000000 1.901782
    endloop
  endfacet
  facet normal -0.887011 -0.000000 -0.461749
    outer loop
      vertex 4.078385 35.000000 1.901782
      vertex 4.078385 4.000000 1.901782
      vertex 3.897114 4.000000 2.250000
    endloop
  endfacet
  facet normal -0.887011 0.000000 -0.461749
    outer loop
      vertex 4.078385 35.000000 1.901782
      vertex 3.897114 4.000000 2.250000
      vertex 3.897114 35.000000 2.250000
    endloop
  endfacet
  facet normal -0.843391 -0.000000 -0.537300
    outer loop
      vertex 3.897114 35.000000 2.250000
      vertex 3.897114 4.000000 2.250000
      vertex 3.686184 4.000000 2.581094
    endloop
  endfacet
  facet normal -0.843391 0.000000 -0.537300
    outer loop
      vertex 3.897114 35.000000 2.250000
      vertex 3.686184 4.000000 2.581094
      vertex 3.686184 35.000000 2.581094
    endloop
  endfacet
  facet normal -0.793353 -0.000000 -0.608761
    outer loop
      vertex 3.686184 35.000000 2.581094
      vertex 3.686184 4.000000 2.581094
      vertex 3.447200 4.000000 2.892544
    endloop
  endfacet
  facet normal -0.793353 0.000000 -0.608761
    outer loop
      vertex 3.686184 35.000000 2.581094
      vertex 3.447200 4.000000 2.892544
      vertex 3.447200 35.000000 2.892544
    endloop
  endfacet
  facet normal -0.737277 -0.000000 -0.675590
    outer loop
      vertex 3.447200 35.000000 2.892544
      vertex 3.447200 4.000000 2.892544
      vertex 3.181981 4.000000 3.181981
    endloop
  endfacet
  facet normal -0.737277 0.000000 -0.675590
    outer loop
      vertex 3.447200 35.000000 2.892544
      vertex 3.181981 4.000000 3.181981
      vertex 3.181981 35.000000 3.181981
    endloop
  endfacet
  facet normal -0.675590 -0.000000 -0.737277
    outer loop
      vertex 3.181981 35.000000 3.181981
      vertex 3.181981 4.000000 3.181981
      vertex 2.892544 4.000000 3.447200
    endloop
  endfacet
  facet normal -0.675590 0.000000 -0.737277
    outer loop
      vertex 3.181981 35.000000 3.181981
      vertex 2.892544 4.000000 3.447200
      vertex 2.892544 35.000000 3.447200
    endloop
  endfacet
  facet normal -0.608761 -0.000000 -0.793353
    outer loop
      vertex 2.892544 35.000000 3.447200
      vertex 2.892544 4.000000 3.447200
      vertex 2.581094 4.000000 3.686184
    endloop
  endfacet
  facet normal -0.608761 0.000000 -0.793353
    outer loop
      vertex 2.892544 35.000000 3.447200
      vertex 2.581094 4.000000 3.686184
      vertex 2.581094 35.000000 3.686184
    endloop
  endfacet
  facet normal -0.537300 -0.000000 -0.843391
    outer loop
      vertex 2.581094 35.000000 3.686184
      vertex 2.581094 4.000000 3.686184
      vertex 2.250000 4.000000 3.897114
    endloop
  endfacet
  facet normal -0.537300 0.000000 -0.843391
    outer loop
      vertex 2.581094 35.000000 3.686184
      vertex 2.250000 4.000000 3.897114
      vertex 2.250000 35.000000 3.897114
    endloop
  endfacet
  facet normal -0.461749 -0.000000 -0.887011
    outer loop
      vertex 2.250000 35.000000 3.897114
      vertex 2.250000 4.000000 3.897114
      vertex 1.901782 4.000000 4.078385
    endloop
  endfacet
  facet normal -0.461749 0.000000 -0.887011
    outer loop
      vertex 2.250000 35.000000 3.897114
      vertex 1.901782 4.000000 4.078385
      vertex 1.901782 35.000000 4.078385
    endloop
  endfacet
  facet normal -0.382683 -0.000000 -0.923880
    outer loop
      vertex 1.901782 35.000000 4.078385
      vertex 1.901782 4.000000 4.078385
      vertex 1.539091 4.000000 4.228617
    endloop
  endfacet
  facet normal -0.382683 0.000000 -0.923880
    outer loop
      vertex 1.901782 35.000000 4.078385
      vertex 1.539091 4.000000 4.228617
      vertex 1.539091 35.000000 4.228617
    endloop
  endfacet
  facet normal -0.300706 -0.000000 -0.953717
    outer loop
      vertex 1.539091 35.000000 4.228617
      vertex 1.539091 4.000000 4.228617
      vertex 1.164686 4.000000 4.346666
    endloop
  endfacet
  facet normal -0.300706 0.000000 -0.953717
    outer loop
      vertex 1.539091 35.000000 4.228617
      vertex 1.164686 4.000000 4.346666
      vertex 1.164686 35.000000 4.346666
    endloop
  endfacet
  facet normal -0.216440 -0.000000 -0.976296
    outer loop
      vertex 1.164686 35.000000 4.346666
      vertex 1.164686 4.000000 4.346666
      vertex 0.781417 4.000000 4.431635
    endloop
  endfacet
  facet normal -0.216440 0.000000 -0.976296
    outer loop
      vertex 1.164686 35.000000 4.346666
      vertex 0.781417 4.000000 4.431635
      vertex 0.781417 35.000000 4.431635
    endloop
  endfacet
  facet normal -0.130526 -0.000000 -0.991445
    outer loop
      vertex 0.781417 35.000000 4.431635
      vertex 0.781417 4.000000 4.431635
      vertex 0.392201 4.000000 4.482876
    endloop
  endfacet
  facet normal -0.130526 0.000000 -0.991445
    outer loop
      vertex 0.781417 35.000000 4.431635
      vertex 0.392201 4.000000 4.482876
      vertex 0.392201 35.000000 4.482876
    endloop
  endfacet
  facet normal -0.043619 -0.000000 -0.999048
    outer loop
      vertex 0.392201 35.000000 4.482876
      vertex 0.392201 4.000000 4.482876
      vertex 0.000000 4.000000 4.500000
    endloop
  endfacet
  facet normal -0.043619 0.000000 -0.999048
    outer loop
      vertex 0.392201 35.000000 4.482876
      vertex 0.000000 4.000000 4.500000
      vertex 0.000000 35.000000 4.500000
    endloop
  endfacet
  facet normal 0.043619 0.000000 -0.999048
    outer loop
      vertex 0.000000 35.000000 4.500000
      vertex 0.000000 4.000000 4.500000
      vertex -0.392201 4.000000 4.482876
    endloop
  endfacet
  facet normal 0.043619 0.000000 -0.999048
    outer loop
      vertex 0.000000 35.000000 4.500000
      vertex -0.392201 4.000000 4.482876
      vertex -0.392201 35.000000 4.482876
    endloop
  endfacet
  facet normal 0.130526 0.000000 -0.991445
    outer loop
      vertex -0.392201 35.000000 4.482876
      vertex -0.392201 4.000000 4.482876
      vertex -0.781417 4.000000 4.431635
    endloop
  endfacet
  facet normal 0.130526 0.000000 -0.991445
    outer loop
      vertex -0.392201 35.000000 4.482876
      vertex -0.781417 4.000000 4.431635
      vertex -0.781417 35.000000 4.431635
    endloop
  endfacet
  facet normal 0.216440 0.000000 -0.976296
    outer loop
      vertex -0.781417 35.000000 4.431635
      vertex -0.781417 4.000000 4.431635
      vertex -1.164686 4.000000 4.346666
    endloop
  endfacet
  facet normal 0.216440 0.000000 -0.976296
    outer loop
      vertex -0.781417 35.000000 4.431635
      vertex -1.164686 4.000000 4.346666
      vertex -1.164686 35.000000 4.346666
    endloop
  endfacet
  facet normal 0.300706 0.000000 -0.953717
    outer loop
      vertex -1.164686 35.000000 4.346666
      vertex -1.164686 4.000000 4.346666
      vertex -1.539091 4.000000 4.228617
    endloop
  endfacet
  facet normal 0.300706 0.000000 -0.953717
    outer loop
      vertex -1.164686 35.000000 4.346666
      vertex -1.539091 4.000000 4.228617
      vertex -1.539091 35.000000 4.228617
    endloop
  endfacet
  facet normal 0.382683 0.000000 -0.923880
    outer loop
      vertex -1.539091 35.000000 4.228617
      vertex -1.539091 4.000000 4.228617
      vertex -1.901782 4.000000 4.078385
    endloop
  endfacet
  facet normal 0.382683 0.000000 -0.923880
    outer loop
      vertex -1.539091 35.000000 4.228617
      vertex -1.901782 4.000000 4.078385
      vertex -1.901782 35.000000 4.078385
    endloop
  endfacet
  facet normal 0.461749 0.000000 -0.887011
    outer loop
      vertex -1.901782 35.000000 4.078385
      vertex -1.901782 4.000000 4.078385
      vertex -2.250000 4.000000 3.897114
    endloop
  endfacet
  facet normal 0.461749 0.000000 -0.887011
    outer loop
      vertex -1.901782 35.000000 4.078385
      vertex -2.250000 4.000000 3.897114
      vertex -2.250000 35.000000 3.897114
    endloop
  endfacet
  facet normal 0.537300 0.000000 -0.843391
    outer loop
      vertex -2.250000 35.000000 3.897114
      vertex -2.250000 4.000000 3.897114
      vertex -2.581094 4.000000 3.686184
    endloop
  endfacet
  facet normal 0.537300 0.000000 -0.843391
    outer loop
      vertex -2.250000 35.000000 3.897114
      vertex -2.581094 4.000000 3.686184
      vertex -2.581094 35.000000 3.686184
    endloop
  endfacet
  facet normal 0.608761 0.000000 -0.793353
    outer loop
      vertex -2.581094 35.000000 3.686184
      vertex -2.581094 4.000000 3.686184
      vertex -2.892544 4.000000 3.447200
    endloop
  endfacet
  facet normal 0.608761 0.000000 -0.793353
    outer loop
      vertex -2.581094 35.000000 3.686184
      vertex -2.892544 4.000000 3.447200
      vertex -2.892544 35.000000 3.447200
    endloop
  endfacet
  facet normal 0.675590 0.000000 -0.737277
    outer loop
      vertex -2.892544 35.000000 3.447200
      vertex -2.892544 4.000000 3.447200
      vertex -3.181981 4.000000 3.181981
    endloop
  endfacet
  facet normal 0.675590 0.000000 -0.737277
    outer loop
      vertex -2.892544 35.000000 3.447200
      vertex -3.181981 4.000000 3.181981
      vertex -3.181981 35.000000 3.181981
    endloop
  endfacet
  facet normal 0.737277 0.000000 -0.675590
    outer loop
      vertex -3.181981 35.000000 3.181981
      vertex -3.181981 4.000000 3.181981
      vertex -3.447200 4.000000 2.892544
    endloop
  endfacet
  facet normal 0.737277 0.000000 -0.675590
    outer loop
      vertex -3.181981 35.000000 3.181981
      vertex -3.447200 4.000000 2.892544
      vertex -3.447200 35.000000 2.892544
    endloop
  endfacet
  facet normal 0.793353 0.000000 -0.608761
    outer loop
      vertex -3.447200 35.000000 2.892544
      vertex -3.447200 4.000000 2.892544
      vertex -3.686184 4.000000 2.581094
    endloop
  endfacet
  facet normal 0.793353 0.000000 -0.608761
    outer loop
      vertex -3.447200 35.000000 2.892544
      vertex -3.686184 4.000000 2.581094
      vertex -3.686184 35.000000 2.581094
    endloop
  endfacet
  facet normal 0.843391 0.000000 -0.537300
    outer loop
      vertex -3.686184 35.000000 2.581094
      vertex -3.686184 4.000000 2.581094
      vertex -3.897114 4.000000 2.250000
    endloop
  endfacet
  facet normal 0.843391 0.000000 -0.537300
    outer loop
      vertex -3.686184 35.000000 2.581094
      vertex -3.897114 4.000000 2.250000
      vertex -3.897114 35.000000 2.250000
    endloop
  endfacet
  facet normal 0.887011 0.000000 -0.461749
    outer loop
      vertex -3.897114 35.000000 2.250000
      vertex -3.897114 4.000000 2.250000
      vertex -4.078385 4.000000 1.901782
    endloop
  endfacet
  facet normal 0.887011 0.000000 -0.461749
    outer loop
      vertex -3.897114 35.000000 2.250000
      vertex -4.078385 4.000000 1.901782
      vertex -4.078385 35.000000 1.901782
    endloop
  endfacet
  facet normal 0.923880 0.000000 -0.382683
    outer loop
      vertex -4.078385 35.000000 1.901782
      vertex -4.078385 4.000000 1.901782
      vertex -4.228617 4.000000 1.539091
    endloop
  endfacet
  facet normal 0.923880 0.000000 -0.382683
    outer loop
      vertex -4.078385 35.000000 1.901782
      vertex -4.228617 4.000000 1.539091
      vertex -4.228617 35.000000 1.539091
    endloop
  endfacet
  facet normal 0.953717 0.000000 -0.300706
    outer loop
      vertex -4.228617 35.000000 1.539091
      vertex -4.228617 4.000000 1.539091
      vertex -4.346666 4.000000 1.164686
    endloop
  endfacet
  facet normal 0.953717 0.000000 -0.300706
    outer loop
      vertex -4.228617 35.000000 1.539091
      vertex -4.346666 4.000000 1.164686
      vertex -4.346666 35.000000 1.164686
    endloop
  endfacet
  facet normal 0.976296 0.000000 -0.216440
    outer loop
      vertex -4.346666 35.000000 1.164686
      vertex -4.346666 4.000000 1.164686
      vertex -4.431635 4.000000 0.781417
    endloop
  endfacet
  facet normal 0.976296 0.000000 -0.216440
    outer loop
      vertex -4.346666 35.000000 1.164686
      vertex -4.431635 4.000000 0.781417
      vertex -4.431635 35.000000 0.781417
    endloop
  endfacet
  facet normal 0.991445 0.000000 -0.130526
    outer loop
      vertex -4.431635 35.000000 0.781417
      vertex -4.431635 4.000000 0.781417
      vertex -4.482876 4.000000 0.392201
    endloop
  endfacet
  facet normal 0.991445 0.000000 -0.130526
    outer loop
      vertex -4.431635 35.000000 0.781417
      vertex -4.482876 4.000000 0.392201
      vertex -4.482876 35.000000 0.392201
    endloop
  endfacet
  facet normal 0.999048 0.000000 -0.043619
    outer loop
      vertex -4.482876 35.000000 0.392201
      vertex -4.482876 4.000000 0.392201
      vertex -4.500000 4.000000 0.000000
    endloop
  endfacet
  facet normal 0.999048 0.000000 -0.043619
    outer loop
      vertex -4.482876 35.000000 0.392201
      vertex -4.500000 4.000000 0.000000
      vertex -4.500000 35.000000 0.000000
    endloop
  endfacet
  facet normal 0.999048 0.000000 0.043619
    outer loop
      vertex -4.500000 35.000000 0.000000
      vertex -4.500000 4.000000 0.000000
      vertex -4.482876 4.000000 -0.392201
    endloop
  endfacet
  facet normal 0.999048 0.000000 0.043619
    outer loop
      vertex -4.500000 35.000000 0.000000
      vertex -4.482876 4.000000 -0.392201
      vertex -4.482876 35.000000 -0.392201
    endloop
  endfacet
  facet normal 0.991445 0.000000 0.130526
    outer loop
      vertex -4.482876 35.000000 -0.392201
      vertex -4.482876 4.000000 -0.392201
      vertex -4.431635 4.000000 -0.781417
    endloop
  endfacet
  facet normal 0.991445 0.000000 0.130526
    outer loop
      vertex -4.482876 35.000000 -0.392201
      vertex -4.431635 4.000000 -0.781417
      vertex -4.431635 35.000000 -0.781417
    endloop
  endfacet
  facet normal 0.976296 0.000000 0.216440
    outer loop
      vertex -4.431635 35.000000 -0.781417
      vertex -4.431635 4.000000 -0.781417
      vertex -4.346666 4.000000 -1.164686
    endloop
  endfacet
  facet normal 0.976296 0.000000 0.216440
    outer loop
      vertex -4.431635 35.000000 -0.781417
      vertex -4.346666 4.000000 -1.164686
      vertex -4.346666 35.000000 -1.164686
    endloop
  endfacet
  facet normal 0.953717 0.000000 0.300706
    outer loop
      vertex -4.346666 35.000000 -1.164686
      vertex -4.346666 4.000000 -1.164686
      vertex -4.228617 4.000000 -1.539091
    endloop
  endfacet
  facet normal 0.953717 0.000000 0.300706
    outer loop
      vertex -4.346666 35.000000 -1.164686
      vertex -4.228617 4.000000 -1.539091
      vertex -4.228617 35.000000 -1.539091
    endloop
  endfacet
  facet normal 0.923880 0.000000 0.382683
    outer loop
      vertex -4.228617 35.000000 -1.539091
      vertex -4.228617 4.000000 -1.539091
      vertex -4.078385 4.000000 -1.901782
    endloop
  endfacet
  facet normal 0.923880 0.000000 0.382683
    outer loop
      vertex -4.228617 35.000000 -1.539091
      vertex -4.078385 4.000000 -1.901782
      vertex -4.078385 35.000000 -1.901782
    endloop
  endfacet
  facet normal 0.887011 0.000000 0.461749
    outer loop
      vertex -4.078385 35.000000 -1.901782
      vertex -4.078385 4.000000 -1.901782
      vertex -3.897114 4.000000 -2.250000
    endloop
  endfacet
  facet normal 0.887011 0.000000 0.461749
    outer loop
      vertex -4.078385 35.000000 -1.901782
      vertex -3.897114 4.000000 -2.250000
      vertex -3.897114 35.000000 -2.250000
    endloop
  endfacet
  facet normal 0.843391 0.000000 0.537300
    outer loop
      vertex -3.897114 35.000000 -2.250000
      vertex -3.897114 4.000000 -2.250000
      vertex -3.686184 4.000000 -2.581094
    endloop
  endfacet
  facet normal 0.843391 0.000000 0.537300
    outer loop
      vertex -3.897114 35.000000 -2.250000
      vertex -3.686184 4.000000 -2.581094
      vertex -3.686184 35.000000 -2.581094
    endloop
  endfacet
  facet normal 0.793353 0.000000 0.608761
    outer loop
      vertex -3.686184 35.000000 -2.581094
      vertex -3.686184 4.000000 -2.581094
      vertex -3.447200 4.000000 -2.892544
    endloop
  endfacet
  facet normal 0.793353 0.000000 0.608761
    outer loop
      vertex -3.686184 35.000000 -2.581094
      vertex -3.447200 4.000000 -2.892544
      vertex -3.447200 35.000000 -2.892544
    endloop
  endfacet
  facet normal 0.737277 0.000000 0.675590
    outer loop
      vertex -3.447200 35.000000 -2.892544
      vertex -3.447200 4.000000 -2.892544
      vertex -3.181981 4.000000 -3.181981
    endloop
  endfacet
  facet normal 0.737277 0.000000 0.675590
    outer loop
      vertex -3.447200 35.000000 -2.892544
      vertex -3.181981 4.000000 -3.181981
      vertex -3.181981 35.000000 -3.181981
    endloop
  endfacet
  facet normal 0.675590 0.000000 0.737277
    outer loop
      vertex -3.181981 35.000000 -3.181981
      vertex -3.181981 4.000000 -3.181981
      vertex -2.892544 4.000000 -3.447200
    endloop
  endfacet
  facet normal 0.675590 0.000000 0.737277
    outer loop
      vertex -3.181981 35.000000 -3.181981
      vertex -2.892544 4.000000 -3.447200
      vertex -2.892544 35.000000 -3.447200
    endloop
  endfacet
  facet normal 0.608761 0.000000 0.793353
    outer loop
      vertex -2.892544 35.000000 -3.447200
      vertex -2.892544 4.000000 -3.447200
      vertex -2.581094 4.000000 -3.686184
    endloop
  endfacet
  facet normal 0.608761 0.000000 0.793353
    outer loop
      vertex -2.892544 35.000000 -3.447200
      vertex -2.581094 4.000000 -3.686184
      vertex -2.581094 35.000000 -3.686184
    endloop
  endfacet
  facet normal 0.537300 0.000000 0.843391
    outer loop
      vertex -2.581094 35.000000 -3.686184
      vertex -2.581094 4.000000 -3.686184
      vertex -2.250000 4.000000 -3.897114
    endloop
  endfacet
  facet normal 0.537300 0.000000 0.843391
    outer loop
      vertex -2.581094 35.000000 -3.686184
      vertex -2.250000 4.000000 -3.897114
      vertex -2.250000 35.000000 -3.897114
    endloop
  endfacet
  facet normal 0.461749 0.000000 0.887011
    outer loop
      vertex -2.250000 35.000000 -3.897114
      vertex -2.250000 4.000000 -3.897114
      vertex -1.901782 4.000000 -4.078385
    endloop
  endfacet
  facet normal 0.461749 0.000000 0.887011
    outer loop
      vertex -2.250000 35.000000 -3.897114
      vertex -1.901782 4.000000 -4.078385
      vertex -1.901782 35.000000 -4.078385
    endloop
  endfacet
  facet normal 0.382683 0.000000 0.923880
    outer loop
      vertex -1.901782 35.000000 -4.078385
      vertex -1.901782 4.000000 -4.078385
      vertex -1.539091 4.000000 -4.228617
    endloop
  endfacet
  facet normal 0.382683 0.000000 0.923880
    outer loop
      vertex -1.901782 35.000000 -4.078385
      vertex -1.539091 4.000000 -4.228617
      vertex -1.539091 35.000000 -4.228617
    endloop
  endfacet
  facet normal 0.300706 0.000000 0.953717
    outer loop
      vertex -1.539091 35.000000 -4.228617
      vertex -1.539091 4.000000 -4.228617
      vertex -1.164686 4.000000 -4.346666
    endloop
  endfacet
  facet normal 0.300706 0.000000 0.953717
    outer loop
      vertex -1.539091 35.000000 -4.228617
      vertex -1.164686 4.000000 -4.346666
      vertex -1.164686 35.000000 -4.346666
    endloop
  endfacet
  facet normal 0.216440 0.000000 0.976296
    outer loop
      vertex -1.164686 35.000000 -4.346666
      vertex -1.164686 4.000000 -4.346666
      vertex -0.781417 4.000000 -4.431635
    endloop
  endfacet
  facet normal 0.216440 0.000000 0.976296
    outer loop
      vertex -1.164686 35.000000 -4.346666
      vertex -0.781417 4.000000 -4.431635
      vertex -0.781417 35.000000 -4.431635
    endloop
  endfacet
  facet normal 0.130526 0.000000 0.991445
    outer loop
      vertex -0.781417 35.000000 -4.431635
      vertex -0.781417 4.000000 -4.431635
      vertex -0.392201 4.000000 -4.482876
    endloop
  endfacet
  facet normal 0.130526 0.000000 0.991445
    outer loop
      vertex -0.781417 35.000000 -4.431635
      vertex -0.392201 4.000000 -4.482876
      vertex -0.392201 35.000000 -4.482876
    endloop
  endfacet
  facet normal 0.043619 0.000000 0.999048
    outer loop
      vertex -0.392201 35.000000 -4.482876
      vertex -0.392201 4.000000 -4.482876
      vertex -0.000000 4.000000 -4.500000
    endloop
  endfacet
  facet normal 0.043619 0.000000 0.999048
    outer loop
      vertex -0.392201 35.000000 -4.482876
      vertex -0.000000 4.000000 -4.500000
      vertex -0.000000 35.000000 -4.500000
    endloop
  endfacet
  facet normal -0.043619 0.000000 0.999048
    outer loop
      vertex -0.000000 35.000000 -4.500000
      vertex -0.000000 4.000000 -4.500000
      vertex 0.392201 4.000000 -4.482876
    endloop
  endfacet
  facet normal -0.043619 0.000000 0.999048
    outer loop
      vertex -0.000000 35.000000 -4.500000
      vertex 0.392201 4.000000 -4.482876
      vertex 0.392201 35.000000 -4.482876
    endloop
  endfacet
  facet normal -0.130526 0.000000 0.991445
    outer loop
      vertex 0.392201 35.000000 -4.482876
      vertex 0.392201 4.000000 -4.482876
      vertex 0.781417 4.000000 -4.431635
    endloop
  endfacet
  facet normal -0.130526 0.000000 0.991445
    outer loop
      vertex 0.392201 35.000000 -4.482876
      vertex 0.781417 4.000000 -4.431635
      vertex 0.781417 35.000000 -4.431635
    endloop
  endfacet
  facet normal -0.216440 0.000000 0.976296
    outer loop
      vertex 0.781417 35.000000 -4.431635
      vertex 0.781417 4.000000 -4.431635
      vertex 1.164686 4.000000 -4.346666
    endloop
  endfacet
  facet normal -0.216440 0.000000 0.976296
    outer loop
      vertex 0.781417 35.000000 -4.431635
      vertex 1.164686 4.000000 -4.346666
      vertex 1.164686 35.000000 -4.346666
    endloop
  endfacet
  facet normal -0.300706 0.000000 0.953717
    outer loop
      vertex 1.164686 35.000000 -4.346666
      vertex 1.164686 4.000000 -4.346666
      vertex 1.539091 4.000000 -4.228617
    endloop
  endfacet
  facet normal -0.300706 0.000000 0.953717
    outer loop
      vertex 1.164686 35.000000 -4.346666
      vertex 1.539091 4.000000 -4.228617
      vertex 1.539091 35.000000 -4.228617
    endloop
  endfacet
  facet normal -0.382683 0.000000 0.923880
    outer loop
      vertex 1.539091 35.000000 -4.228617
      vertex 1.539091 4.000000 -4.228617
      vertex 1.901782 4.000000 -4.078385
    endloop
  endfacet
  facet normal -0.382683 0.000000 0.923880
    outer loop
      vertex 1.539091 35.000000 -4.228617
      vertex 1.901782 4.000000 -4.078385
      vertex 1.901782 35.000000 -4.078385
    endloop
  endfacet
  facet normal -0.461749 0.000000 0.887011
    outer loop
      vertex 1.901782 35.000000 -4.078385
      vertex 1.901782 4.000000 -4.078385
      vertex 2.250000 4.000000 -3.897114
    endloop
  endfacet
  facet normal -0.461749 0.000000 0.887011
    outer loop
      vertex 1.901782 35.000000 -4.078385
      vertex 2.250000 4.000000 -3.897114
      vertex 2.250000 35.000000 -3.897114
    endloop
  endfacet
  facet normal -0.537300 0.000000 0.843391
    outer loop
      vertex 2.250000 35.000000 -3.897114
      vertex 2.250000 4.000000 -3.897114
      vertex 2.581094 4.000000 -3.686184
    endloop
  endfacet
  facet normal -0.537300 0.000000 0.843391
    outer loop
      vertex 2.250000 35.000000 -3.897114
      vertex 2.581094 4.000000 -3.686184
      vertex 2.581094 35.000000 -3.686184
    endloop
  endfacet
  facet normal -0.608761 0.000000 0.793353
    outer loop
      vertex 2.581094 35.000000 -3.686184
      vertex 2.581094 4.000000 -3.686184
      vertex 2.892544 4.000000 -3.447200
    endloop
  endfacet
  facet normal -0.608761 0.000000 0.793353
    outer loop
      vertex 2.581094 35.000000 -3.686184
      vertex 2.892544 4.000000 -3.447200
      vertex 2.892544 35.000000 -3.447200
    endloop
  endfacet
  facet normal -0.675590 0.000000 0.737277
    outer loop
      vertex 2.892544 35.000000 -3.447200
      vertex 2.892544 4.000000 -3.447200
      vertex 3.181981 4.000000 -3.181981
    endloop
  endfacet
  facet normal -0.675590 0.000000 0.737277
    outer loop
      vertex 2.892544 35.000000 -3.447200
      vertex 3.181981 4.000000 -3.181981
      vertex 3.181981 35.000000 -3.181981
    endloop
  endfacet
  facet normal -0.737277 0.000000 0.675590
    outer loop
      vertex 3.181981 35.000000 -3.181981
      vertex 3.181981 4.000000 -3.181981
      vertex 3.447200 4.000000 -2.892544
    endloop
  endfacet
  facet normal -0.737277 0.000000 0.675590
    outer loop
      vertex 3.181981 35.000000 -3.181981
      vertex 3.447200 4.000000 -2.892544
      vertex 3.447200 35.000000 -2.892544
    endloop
  endfacet
  facet normal -0.793353 0.000000 0.608761
    outer loop
      vertex 3.447200 35.000000 -2.892544
      vertex 3.447200 4.000000 -2.892544
      vertex 3.686184 4.000000 -2.581094
    endloop
  endfacet
  facet normal -0.793353 0.000000 0.608761
    outer loop
      vertex 3.447200 35.000000 -2.892544
      vertex 3.686184 4.000000 -2.581094
      vertex 3.686184 35.000000 -2.581094
    endloop
  endfacet
  facet normal -0.843391 0.000000 0.537300
    outer loop
      vertex 3.686184 35.000000 -2.581094
      vertex 3.686184 4.000000 -2.581094
      vertex 3.897114 4.000000 -2.250000
    endloop
  endfacet
  facet normal -0.843391 0.000000 0.537300
    outer loop
      vertex 3.686184 35.000000 -2.581094
      vertex 3.897114 4.000000 -2.250000
      vertex 3.897114 35.000000 -2.250000
    endloop
  endfacet
  facet normal -0.887011 0.000000 0.461749
    outer loop
      vertex 3.897114 35.000000 -2.250000
      vertex 3.897114 4.000000 -2.250000
      vertex 4.078385 4.000000 -1.901782
    endloop
  endfacet
  facet normal -0.887011 0.000000 0.461749
    outer loop
      vertex 3.897114 35.000000 -2.250000
      vertex 4.078385 4.000000 -1.901782
      vertex 4.078385 35.000000 -1.901782
    endloop
  endfacet
  facet normal -0.923880 0.000000 0.382683
    outer loop
      vertex 4.078385 35.000000 -1.901782
      vertex 4.078385 4.000000 -1.901782
      vertex 4.228617 4.000000 -1.539091
    endloop
  endfacet
  facet normal -0.923880 0.000000 0.382683
    outer loop
      vertex 4.078385 35.000000 -1.901782
      vertex 4.228617 4.000000 -1.539091
      vertex 4.228617 35.000000 -1.539091
    endloop
  endfacet
  facet normal -0.953717 0.000000 0.300706
    outer loop
      vertex 4.228617 35.000000 -1.539091
      vertex 4.228617 4.000000 -1.539091
      vertex 4.346666 4.000000 -1.164686
    endloop
  endfacet
  facet normal -0.953717 0.000000 0.300706
    outer loop
      vertex 4.228617 35.000000 -1.539091
      vertex 4.346666 4.000000 -1.164686
      vertex 4.346666 35.000000 -1.164686
    endloop
  endfacet
  facet normal -0.976296 0.000000 0.216440
    outer loop
      vertex 4.346666 35.000000 -1.164686
      vertex 4.346666 4.000000 -1.164686
      vertex 4.431635 4.000000 -0.781417
    endloop
  endfacet
  facet normal -0.976296 0.000000 0.216440
    outer loop
      vertex 4.346666 35.000000 -1.164686
      vertex 4.431635 4.000000 -0.781417
      vertex 4.431635 35.000000 -0.781417
    endloop
  endfacet
  facet normal -0.991445 0.000000 0.130526
    outer loop
      vertex 4.431635 35.000000 -0.781417
      vertex 4.431635 4.000000 -0.781417
      vertex 4.482876 4.000000 -0.392201
    endloop
  endfacet
  facet normal -0.991445 0.000000 0.130526
    outer loop
      vertex 4.431635 35.000000 -0.781417
      vertex 4.482876 4.000000 -0.392201
      vertex 4.482876 35.000000 -0.392201
    endloop
  endfacet
  facet normal -0.999048 0.000000 0.043619
    outer loop
      vertex 4.482876 35.000000 -0.392201
      vertex 4.482876 4.000000 -0.392201
      vertex 4.500000 4.000000 0.000000
    endloop
  endfacet
  facet normal -0.999048 0.000000 0.043619
    outer loop
      vertex 4.482876 35.000000 -0.392201
      vertex 4.500000 4.000000 0.000000
      vertex 4.500000 35.000000 0.000000
    endloop
  endfacet
  facet normal -0.991348 -0.123918 -0.043283
    outer loop
      vertex 4.500000 4.000000 0.000000
      vertex 5.000000 0.000000 0.000000
      vertex 4.980973 0.000000 0.435779
    endloop
  endfacet
  facet normal -0.991348 -0.123918 -0.043283
    outer loop
      vertex 4.500000 4.000000 0.000000
      vertex 4.980973 0.000000 0.435779
      vertex 4.482876 4.000000 0.392201
    endloop
  endfacet
  facet normal 0.000000 1.000000 0.000000
    outer loop
      vertex 0.000000 4.000000 0.000000
      vertex 4.482876 4.000000 0.392201
      vertex 4.500000 4.000000 0.000000
    endloop
  endfacet
  facet normal 0.000000 -1.000000 0.000000
    outer loop
      vertex 0.000000 0.000000 0.000000
      vertex 5.000000 0.000000 0.000000
      vertex 4.980973 0.000000 0.435779
    endloop
  endfacet
  facet normal -0.983803 -0.123918 -0.129520
    outer loop
      vertex 4.482876 4.000000 0.392201
      vertex 4.980973 0.000000 0.435779
      vertex 4.924039 0.000000 0.868241
    endloop
  endfacet
  facet normal -0.983803 -0.123918 -0.129520
    outer loop
      vertex 4.482876 4.000000 0.392201
      vertex 4.924039 0.000000 0.868241
      vertex 4.431635 4.000000 0.781417
    endloop
  endfacet
  facet normal 0.000000 1.000000 0.000000
    outer loop
      vertex 0.000000 4.000000 0.000000
      vertex 4.431635 4.000000 0.781417
      vertex 4.482876 4.000000 0.392201
    endloop
  endfacet
  facet normal 0.000000 -1.000000 0.000000
    outer loop
      vertex 0.000000 0.000000 0.000000
      vertex 4.980973 0.000000 0.435779
      vertex 4.924039 0.000000 0.868241
    endloop
  endfacet
  facet normal -0.968771 -0.123918 -0.214771
    outer loop
      vertex 4.431635 4.000000 0.781417
      vertex 4.924039 0.000000 0.868241
      vertex 4.829629 0.000000 1.294095
    endloop
  endfacet
  facet normal -0.968771 -0.123918 -0.214771
    outer loop
      vertex 4.431635 4.000000 0.781417
      vertex 4.829629 0.000000 1.294095
      vertex 4.346666 4.000000 1.164686
    endloop
  endfacet
  facet normal 0.000000 1.000000 0.000000
    outer loop
      vertex 0.000000 4.000000 0.000000
      vertex 4.346666 4.000000 1.164686
      vertex 4.431635 4.000000 0.781417
    endloop
  endfacet
  facet normal 0.000000 -1.000000 0.000000
    outer loop
      vertex 0.000000 0.000000 0.000000
      vertex 4.924039 0.000000 0.868241
      vertex 4.829629 0.000000 1.294095
    endloop
  endfacet
  facet normal -0.946366 -0.123918 -0.298388
    outer loop
      vertex 4.346666 4.000000 1.164686
      vertex 4.829629 0.000000 1.294095
      vertex 4.698463 0.000000 1.710101
    endloop
  endfacet
  facet normal -0.946366 -0.123918 -0.298388
    outer loop
      vertex 4.346666 4.000000 1.164686
      vertex 4.698463 0.000000 1.710101
      vertex 4.228617 4.000000 1.539091
    endloop
  endfacet
  facet normal 0.000000 1.000000 0.000000
    outer loop
      vertex 0.000000 4.000000 0.000000
      vertex 4.228617 4.000000 1.539091
      vertex 4.346666 4.000000 1.164686
    endloop
  endfacet
  facet normal 0.000000 -1.000000 0.000000
    outer loop
      vertex 0.000000 0.000000 0.000000
      vertex 4.829629 0.000000 1.294095
      vertex 4.698463 0.000000 1.710101
    endloop
  endfacet
  facet normal -0.916759 -0.123918 -0.379734
    outer loop
      vertex 4.228617 4.000000 1.539091
      vertex 4.698463 0.000000 1.710101
      vertex 4.531539 0.000000 2.113091
    endloop
  endfacet
  facet normal -0.916759 -0.123918 -0.379734
    outer loop
      vertex 4.228617 4.000000 1.539091
      vertex 4.531539 0.000000 2.113091
      vertex 4.078385 4.000000 1.901782
    endloop
  endfacet
  facet normal 0.000000 1.000000 0.000000
    outer loop
      vertex 0.000000 4.000000 0.000000
      vertex 4.078385 4.000000 1.901782
      vertex 4.228617 4.000000 1.539091
    endloop
  endfacet
  facet normal 0.000000 -1.000000 0.000000
    outer loop
      vertex 0.000000 0.000000 0.000000
      vertex 4.698463 0.000000 1.710101
      vertex 4.531539 0.000000 2.113091
    endloop
  endfacet
  facet normal -0.880174 -0.123918 -0.458190
    outer loop
      vertex 4.078385 4.000000 1.901782
      vertex 4.531539 0.000000 2.113091
      vertex 4.330127 0.000000 2.500000
    endloop
  endfacet
  facet normal -0.880174 -0.123918 -0.458190
    outer loop
      vertex 4.078385 4.000000 1.901782
      vertex 4.330127 0.000000 2.500000
      vertex 3.897114 4.000000 2.250000
    endloop
  endfacet
  facet normal 0.000000 1.000000 0.000000
    outer loop
      vertex 0.000000 4.000000 0.000000
      vertex 3.897114 4.000000 2.250000
      vertex 4.078385 4.000000 1.901782
    endloop
  endfacet
  facet normal 0.000000 -1.000000 0.000000
    outer loop
      vertex 0.000000 0.000000 0.000000
      vertex 4.531539 0.000000 2.113091
      vertex 4.330127 0.000000 2.500000
    endloop
  endfacet
  facet normal -0.836891 -0.123918 -0.533158
    outer loop
      vertex 3.897114 4.000000 2.250000
      vertex 4.330127 0.000000 2.500000
      vertex 4.095760 0.000000 2.867882
    endloop
  endfacet
  facet normal -0.836891 -0.123918 -0.533158
    outer loop
      vertex 3.897114 4.000000 2.250000
      vertex 4.095760 0.000000 2.867882
      vertex 3.686184 4.000000 2.581094
    endloop
  endfacet
  facet normal 0.000000 1.000000 0.000000
    outer loop
      vertex 0.000000 4.000000 0.000000
      vertex 3.686184 4.000000 2.581094
      vertex 3.897114 4.000000 2.250000
    endloop
  endfacet
  facet normal 0.000000 -1.000000 0.000000
    outer loop
      vertex 0.000000 0.000000 0.000000
      vertex 4.330127 0.000000 2.500000
      vertex 4.095760 0.000000 2.867882
    endloop
  endfacet
  facet normal -0.787238 -0.123918 -0.604069
    outer loop
      vertex 3.686184 4.000000 2.581094
      vertex 4.095760 0.000000 2.867882
      vertex 3.830222 0.000000 3.213938
    endloop
  endfacet
  facet normal -0.787238 -0.123918 -0.604069
    outer loop
      vertex 3.686184 4.000000 2.581094
      vertex 3.830222 0.000000 3.213938
      vertex 3.447200 4.000000 2.892544
    endloop
  endfacet
  facet normal 0.000000 1.000000 0.000000
    outer loop
      vertex 0.000000 4.000000 0.000000
      vertex 3.447200 4.000000 2.892544
      vertex 3.686184 4.000000 2.581094
    endloop
  endfacet
  facet normal 0.000000 -1.000000 0.000000
    outer loop
      vertex 0.000000 0.000000 0.000000
      vertex 4.095760 0.000000 2.867882
      vertex 3.830222 0.000000 3.213938
    endloop
  endfacet
  facet normal -0.731595 -0.123918 -0.670383
    outer loop
      vertex 3.447200 4.000000 2.892544
      vertex 3.830222 0.000000 3.213938
      vertex 3.535534 0.000000 3.535534
    endloop
  endfacet
  facet normal -0.731595 -0.123918 -0.670383
    outer loop
      vertex 3.447200 4.000000 2.892544
      vertex 3.535534 0.000000 3.535534
      vertex 3.181981 4.000000 3.181981
    endloop
  endfacet
  facet normal 0.000000 1.000000 0.000000
    outer loop
      vertex 0.000000 4.000000 0.000000
      vertex 3.181981 4.000000 3.181981
      vertex 3.447200 4.000000 2.892544
    endloop
  endfacet
  facet normal 0.000000 -1.000000 0.000000
    outer loop
      vertex 0.000000 0.000000 0.000000
      vertex 3.830222 0.000000 3.213938
      vertex 3.535534 0.000000 3.535534
    endloop
  endfacet
  facet normal -0.670383 -0.123918 -0.731595
    outer loop
      vertex 3.181981 4.000000 3.181981
      vertex 3.535534 0.000000 3.535534
      vertex 3.213938 0.000000 3.830222
    endloop
  endfacet
  facet normal -0.670383 -0.123918 -0.731595
    outer loop
      vertex 3.181981 4.000000 3.181981
      vertex 3.213938 0.000000 3.830222
      vertex 2.892544 4.000000 3.447200
    endloop
  endfacet
  facet normal 0.000000 1.000000 0.000000
    outer loop
      vertex 0.000000 4.000000 0.000000
      vertex 2.892544 4.000000 3.447200
      vertex 3.181981 4.000000 3.181981
    endloop
  endfacet
  facet normal 0.000000 -1.000000 0.000000
    outer loop
      vertex 0.000000 0.000000 0.000000
      vertex 3.535534 0.000000 3.535534
      vertex 3.213938 0.000000 3.830222
    endloop
  endfacet
  facet normal -0.604069 -0.123918 -0.787238
    outer loop
      vertex 2.892544 4.000000 3.447200
      vertex 3.213938 0.000000 3.830222
      vertex 2.867882 0.000000 4.095760
    endloop
  endfacet
  facet normal -0.604069 -0.123918 -0.787238
    outer loop
      vertex 2.892544 4.000000 3.447200
      vertex 2.867882 0.000000 4.095760
      vertex 2.581094 4.000000 3.686184
    endloop
  endfacet
  facet normal 0.000000 1.000000 0.000000
    outer loop
      vertex 0.000000 4.000000 0.000000
      vertex 2.581094 4.000000 3.686184
      vertex 2.892544 4.000000 3.447200
    endloop
  endfacet
  facet normal 0.000000 -1.000000 0.000000
    outer loop
      vertex 0.000000 0.000000 0.000000
      vertex 3.213938 0.000000 3.830222
      vertex 2.867882 0.000000 4.095760
    endloop
  endfacet
  facet normal -0.533158 -0.123918 -0.836891
    outer loop
      vertex 2.581094 4.000000 3.686184
      vertex 2.867882 0.000000 4.095760
      vertex 2.500000 0.000000 4.330127
    endloop
  endfacet
  facet normal -0.533158 -0.123918 -0.836891
    outer loop
      vertex 2.581094 4.000000 3.686184
      vertex 2.500000 0.000000 4.330127
      vertex 2.250000 4.000000 3.897114
    endloop
  endfacet
  facet normal 0.000000 1.000000 0.000000
    outer loop
      vertex 0.000000 4.000000 0.000000
      vertex 2.250000 4.000000 3.897114
      vertex 2.581094 4.000000 3.686184
    endloop
  endfacet
  facet normal 0.000000 -1.000000 0.000000
    outer loop
      vertex 0.000000 0.000000 0.000000
      vertex 2.867882 0.000000 4.095760
      vertex 2.500000 0.000000 4.330127
    endloop
  endfacet
  facet normal -0.458190 -0.123918 -0.880174
    outer loop
      vertex 2.250000 4.000000 3.897114
      vertex 2.500000 0.000000 4.330127
      vertex 2.113091 0.000000 4.531539
    endloop
  endfacet
  facet normal -0.458190 -0.123918 -0.880174
    outer loop
      vertex 2.250000 4.000000 3.897114
      vertex 2.113091 0.000000 4.531539
      vertex 1.901782 4.000000 4.078385
    endloop
  endfacet
  facet normal 0.000000 1.000000 0.000000
    outer loop
      vertex 0.000000 4.000000 0.000000
      vertex 1.901782 4.000000 4.078385
      vertex 2.250000 4.000000 3.897114
    endloop
  endfacet
  facet normal 0.000000 -1.000000 0.000000
    outer loop
      vertex 0.000000 0.000000 0.000000
      vertex 2.500000 0.000000 4.330127
      vertex 2.113091 0.000000 4.531539
    endloop
  endfacet
  facet normal -0.379734 -0.123918 -0.916759
    outer loop
      vertex 1.901782 4.000000 4.078385
      vertex 2.113091 0.000000 4.531539
      vertex 1.710101 0.000000 4.698463
    endloop
  endfacet
  facet normal -0.379734 -0.123918 -0.916759
    outer loop
      vertex 1.901782 4.000000 4.078385
      vertex 1.710101 0.000000 4.698463
      vertex 1.539091 4.000000 4.228617
    endloop
  endfacet
  facet normal 0.000000 1.000000 0.000000
    outer loop
      vertex 0.000000 4.000000 0.000000
      vertex 1.539091 4.000000 4.228617
      vertex 1.901782 4.000000 4.078385
    endloop
  endfacet
  facet normal 0.000000 -1.000000 0.000000
    outer loop
      vertex 0.000000 0.000000 0.000000
      vertex 2.113091 0.000000 4.531539
      vertex 1.710101 0.000000 4.698463
    endloop
  endfacet
  facet normal -0.298388 -0.123918 -0.946366
    outer loop
      vertex 1.539091 4.000000 4.228617
      vertex 1.710101 0.000000 4.698463
      vertex 1.294095 0.000000 4.829629
    endloop
  endfacet
  facet normal -0.298388 -0.123918 -0.946366
    outer loop
      vertex 1.539091 4.000000 4.228617
      vertex 1.294095 0.000000 4.829629
      vertex 1.164686 4.000000 4.346666
    endloop
  endfacet
  facet normal 0.000000 1.000000 0.000000
    outer loop
      vertex 0.000000 4.000000 0.000000
      vertex 1.164686 4.000000 4.346666
      vertex 1.539091 4.000000 4.228617
    endloop
  endfacet
  facet normal 0.000000 -1.000000 0.000000
    outer loop
      vertex 0.000000 0.000000 0.000000
      vertex 1.710101 0.000000 4.698463
      vertex 1.294095 0.000000 4.829629
    endloop
  endfacet
  facet normal -0.214771 -0.123918 -0.968771
    outer loop
      vertex 1.164686 4.000000 4.346666
      vertex 1.294095 0.000000 4.829629
      vertex 0.868241 0.000000 4.924039
    endloop
  endfacet
  facet normal -0.214771 -0.123918 -0.968771
    outer loop
      vertex 1.164686 4.000000 4.346666
      vertex 0.868241 0.000000 4.924039
      vertex 0.781417 4.000000 4.431635
    endloop
  endfacet
  facet normal 0.000000 1.000000 0.000000
    outer loop
      vertex 0.000000 4.000000 0.000000
      vertex 0.781417 4.000000 4.431635
      vertex 1.164686 4.000000 4.346666
    endloop
  endfacet
  facet normal 0.000000 -1.000000 0.000000
    outer loop
      vertex 0.000000 0.000000 0.000000
      vertex 1.294095 0.000000 4.829629
      vertex 0.868241 0.000000 4.924039
    endloop
  endfacet
  facet normal -0.129520 -0.123918 -0.983803
    outer loop
      vertex 0.781417 4.000000 4.431635
      vertex 0.868241 0.000000 4.924039
      vertex 0.435779 0.000000 4.980973
    endloop
  endfacet
  facet normal -0.129520 -0.123918 -0.983803
    outer loop
      vertex 0.781417 4.000000 4.431635
      vertex 0.435779 0.000000 4.980973
      vertex 0.392201 4.000000 4.482876
    endloop
  endfacet
  facet normal 0.000000 1.000000 0.000000
    outer loop
      vertex 0.000000 4.000000 0.000000
      vertex 0.392201 4.000000 4.482876
      vertex 0.781417 4.000000 4.431635
    endloop
  endfacet
  facet normal 0.000000 -1.000000 0.000000
    outer loop
      vertex 0.000000 0.000000 0.000000
      vertex 0.868241 0.000000 4.924039
      vertex 0.435779 0.000000 4.980973
    endloop
  endfacet
  facet normal -0.043283 -0.123918 -0.991348
    outer loop
      vertex 0.392201 4.000000 4.482876
      vertex 0.435779 0.000000 4.980973
      vertex 0.000000 0.000000 5.000000
    endloop
  endfacet
  facet normal -0.043283 -0.123918 -0.991348
    outer loop
      vertex 0.392201 4.000000 4.482876
      vertex 0.000000 0.000000 5.000000
      vertex 0.000000 4.000000 4.500000
    endloop
  endfacet
  facet normal 0.000000 1.000000 0.000000
    outer loop
      vertex 0.000000 4.000000 0.000000
      vertex 0.000000 4.000000 4.500000
      vertex 0.392201 4.000000 4.482876
    endloop
  endfacet
  facet normal 0.000000 -1.000000 0.000000
    outer loop
      vertex 0.000000 0.000000 0.000000
      vertex 0.435779 0.000000 4.980973
      vertex 0.000000 0.000000 5.000000
    endloop
  endfacet
  facet normal 0.043283 -0.123918 -0.991348
    outer loop
      vertex 0.000000 4.000000 4.500000
      vertex 0.000000 0.000000 5.000000
      vertex -0.435779 0.000000 4.980973
    endloop
  endfacet
  facet normal 0.043283 -0.123918 -0.991348
    outer loop
      vertex 0.000000 4.000000 4.500000
      vertex -0.435779 0.000000 4.980973
      vertex -0.392201 4.000000 4.482876
    endloop
  endfacet
  facet normal 0.000000 1.000000 -0.000000
    outer loop
      vertex 0.000000 4.000000 0.000000
      vertex -0.392201 4.000000 4.482876
      vertex 0.000000 4.000000 4.500000
    endloop
  endfacet
  facet normal 0.000000 -1.000000 0.000000
    outer loop
      vertex 0.000000 0.000000 0.000000
      vertex 0.000000 0.000000 5.000000
      vertex -0.435779 0.000000 4.980973
    endloop
  endfacet
  facet normal 0.129520 -0.123918 -0.983803
    outer loop
      vertex -0.392201 4.000000 4.482876
      vertex -0.435779 0.000000 4.980973
      vertex -0.868241 0.000000 4.924039
    endloop
  endfacet
  facet normal 0.129520 -0.123918 -0.983803
    outer loop
      vertex -0.392201 4.000000 4.482876
      vertex -0.868241 0.000000 4.924039
      vertex -0.781417 4.000000 4.431635
    endloop
  endfacet
  facet normal 0.000000 1.000000 0.000000
    outer loop
      vertex 0.000000 4.000000 0.000000
      vertex -0.781417 4.000000 4.431635
      vertex -0.392201 4.000000 4.482876
    endloop
  endfacet
  facet normal 0.000000 -1.000000 0.000000
    outer loop
      vertex 0.000000 0.000000 0.000000
      vertex -0.435779 0.000000 4.980973
      vertex -0.868241 0.000000 4.924039
    endloop
  endfacet
  facet normal 0.214771 -0.123918 -0.968771
    outer loop
      vertex -0.781417 4.000000 4.431635
      vertex -0.868241 0.000000 4.924039
      vertex -1.294095 0.000000 4.829629
    endloop
  endfacet
  facet normal 0.214771 -0.123918 -0.968771
    outer loop
      vertex -0.781417 4.000000 4.431635
      vertex -1.294095 0.000000 4.829629
      vertex -1.164686 4.000000 4.346666
    endloop
  endfacet
  facet normal 0.000000 1.000000 0.000000
    outer loop
      vertex 0.000000 4.000000 0.000000
      vertex -1.164686 4.000000 4.346666
      vertex -0.781417 4.000000 4.431635
    endloop
  endfacet
  facet normal 0.000000 -1.000000 0.000000
    outer loop
      vertex 0.000000 0.000000 0.000000
      vertex -0.868241 0.000000 4.924039
      vertex -1.294095 0.000000 4.829629
    endloop
  endfacet
  facet normal 0.298388 -0.123918 -0.946366
    outer loop
      vertex -1.164686 4.000000 4.346666
      vertex -1.294095 0.000000 4.829629
      vertex -1.710101 0.000000 4.698463
    endloop
  endfacet
  facet normal 0.298388 -0.123918 -0.946366
    outer loop
      vertex -1.164686 4.000000 4.346666
      vertex -1.710101 0.000000 4.698463
      vertex -1.539091 4.000000 4.228617
    endloop
  endfacet
  facet normal 0.000000 1.000000 0.000000
    outer loop
      vertex 0.000000 4.000000 0.000000
      vertex -1.539091 4.000000 4.228617
      vertex -1.164686 4.000000 4.346666
    endloop
  endfacet
  facet normal 0.000000 -1.000000 0.000000
    outer loop
      vertex 0.000000 0.000000 0.000000
      vertex -1.294095 0.000000 4.829629
      vertex -1.710101 0.000000 4.698463
    endloop
  endfacet
  facet normal 0.379734 -0.123918 -0.916759
    outer loop
      vertex -1.539091 4.000000 4.228617
      vertex -1.710101 0.000000 4.698463
      vertex -2.113091 0.000000 4.531539
    endloop
  endfacet
  facet normal 0.379734 -0.123918 -0.916759
    outer loop
      vertex -1.539091 4.000000 4.228617
      vertex -2.113091 0.000000 4.531539
      vertex -1.901782 4.000000 4.078385
    endloop
  endfacet
  facet normal 0.000000 1.000000 0.000000
    outer loop
      vertex 0.000000 4.000000 0.000000
      vertex -1.901782 4.000000 4.078385
      vertex -1.539091 4.000000 4.228617
    endloop
  endfacet
  facet normal 0.000000 -1.000000 0.000000
    outer loop
      vertex 0.000000 0.000000 0.000000
      vertex -1.710101 0.000000 4.698463
      vertex -2.113091 0.000000 4.531539
    endloop
  endfacet
  facet normal 0.458190 -0.123918 -0.880174
    outer loop
      vertex -1.901782 4.000000 4.078385
      vertex -2.113091 0.000000 4.531539
      vertex -2.500000 0.000000 4.330127
    endloop
  endfacet
  facet normal 0.458190 -0.123918 -0.880174
    outer loop
      vertex -1.901782 4.000000 4.078385
      vertex -2.500000 0.000000 4.330127
      vertex -2.250000 4.000000 3.897114
    endloop
  endfacet
  facet normal 0.000000 1.000000 0.000000
    outer loop
      vertex 0.000000 4.000000 0.000000
      vertex -2.250000 4.000000 3.897114
      vertex -1.901782 4.000000 4.078385
    endloop
  endfacet
  facet normal 0.000000 -1.000000 0.000000
    outer loop
      vertex 0.000000 0.000000 0.000000
      vertex -2.113091 0.000000 4.531539
      vertex -2.500000 0.000000 4.330127
    endloop
  endfacet
  facet normal 0.533158 -0.123918 -0.836891
    outer loop
      vertex -2.250000 4.000000 3.897114
      vertex -2.500000 0.000000 4.330127
      vertex -2.867882 0.000000 4.095760
    endloop
  endfacet
  facet normal 0.533158 -0.123918 -0.836891
    outer loop
      vertex -2.250000 4.000000 3.897114
      vertex -2.867882 0.000000 4.095760
      vertex -2.581094 4.000000 3.686184
    endloop
  endfacet
  facet normal 0.000000 1.000000 0.000000
    outer loop
      vertex 0.000000 4.000000 0.000000
      vertex -2.581094 4.000000 3.686184
      vertex -2.250000 4.000000 3.897114
    endloop
  endfacet
  facet normal 0.000000 -1.000000 0.000000
    outer loop
      vertex 0.000000 0.000000 0.000000
      vertex -2.500000 0.000000 4.330127
      vertex -2.867882 0.000000 4.095760
    endloop
  endfacet
  facet normal 0.604069 -0.123918 -0.787238
    outer loop
      vertex -2.581094 4.000000 3.686184
      vertex -2.867882 0.000000 4.095760
      vertex -3.213938 0.000000 3.830222
    endloop
  endfacet
  facet normal 0.604069 -0.123918 -0.787238
    outer loop
      vertex -2.581094 4.000000 3.686184
      vertex -3.213938 0.000000 3.830222
      vertex -2.892544 4.000000 3.447200
    endloop
  endfacet
  facet normal 0.000000 1.000000 0.000000
    outer loop
      vertex 0.000000 4.000000 0.000000
      vertex -2.892544 4.000000 3.447200
      vertex -2.581094 4.000000 3.686184
    endloop
  endfacet
  facet normal 0.000000 -1.000000 0.000000
    outer loop
      vertex 0.000000 0.000000 0.000000
      vertex -2.867882 0.000000 4.095760
      vertex -3.213938 0.000000 3.830222
    endloop
  endfacet
  facet normal 0.670383 -0.123918 -0.731595
    outer loop
      vertex -2.892544 4.000000 3.447200
      vertex -3.213938 0.000000 3.830222
      vertex -3.535534 0.000000 3.535534
    endloop
  endfacet
  facet normal 0.670383 -0.123918 -0.731595
    outer loop
      vertex -2.892544 4.000000 3.447200
      vertex -3.535534 0.000000 3.535534
      vertex -3.181981 4.000000 3.181981
    endloop
  endfacet
  facet normal 0.000000 1.000000 0.000000
    outer loop
      vertex 0.000000 4.000000 0.000000
      vertex -3.181981 4.000000 3.181981
      vertex -2.892544 4.000000 3.447200
    endloop
  endfacet
  facet normal 0.000000 -1.000000 0.000000
    outer loop
      vertex 0.000000 0.000000 0.000000
      vertex -3.213938 0.000000 3.830222
      vertex -3.535534 0.000000 3.535534
    endloop
  endfacet
  facet normal 0.731595 -0.123918 -0.670383
    outer loop
      vertex -3.181981 4.000000 3.181981
      vertex -3.535534 0.000000 3.535534
      vertex -3.830222 0.000000 3.213938
    endloop
  endfacet
  facet normal 0.731595 -0.123918 -0.670383
    outer loop
      vertex -3.181981 4.000000 3.181981
      vertex -3.830222 0.000000 3.213938
      vertex -3.447200 4.000000 2.892544
    endloop
  endfacet
  facet normal 0.000000 1.000000 0.000000
    outer loop
      vertex 0.000000 4.000000 0.000000
      vertex -3.447200 4.000000 2.892544
      vertex -3.181981 4.000000 3.181981
    endloop
  endfacet
  facet normal 0.000000 -1.000000 0.000000
    outer loop
      vertex 0.000000 0.000000 0.000000
      vertex -3.535534 0.000000 3.535534
      vertex -3.830222 0.000000 3.213938
    endloop
  endfacet
  facet normal 0.787238 -0.123918 -0.604069
    outer loop
      vertex -3.447200 4.000000 2.892544
      vertex -3.830222 0.000000 3.213938
      vertex -4.095760 0.000000 2.867882
    endloop
  endfacet
  facet normal 0.787238 -0.123918 -0.604069
    outer loop
      vertex -3.447200 4.000000 2.892544
      vertex -4.095760 0.000000 2.867882
      vertex -3.686184 4.000000 2.581094
    endloop
  endfacet
  facet normal 0.000000 1.000000 0.000000
    outer loop
      vertex 0.000000 4.000000 0.000000
      vertex -3.686184 4.000000 2.581094
      vertex -3.447200 4.000000 2.892544
    endloop
  endfacet
  facet normal 0.000000 -1.000000 0.000000
    outer loop
      vertex 0.000000 0.000000 0.000000
      vertex -3.830222 0.000000 3.213938
      vertex -4.095760 0.000000 2.867882
    endloop
  endfacet
  facet normal 0.836891 -0.123918 -0.533158
    outer loop
      vertex -3.686184 4.000000 2.581094
      vertex -4.095760 0.000000 2.867882
      vertex -4.330127 0.000000 2.500000
    endloop
  endfacet
  facet normal 0.836891 -0.123918 -0.533158
    outer loop
      vertex -3.686184 4.000000 2.581094
      vertex -4.330127 0.000000 2.500000
      vertex -3.897114 4.000000 2.250000
    endloop
  endfacet
  facet normal 0.000000 1.000000 0.000000
    outer loop
      vertex 0.000000 4.000000 0.000000
      vertex -3.897114 4.000000 2.250000
      vertex -3.686184 4.000000 2.581094
    endloop
  endfacet
  facet normal 0.000000 -1.000000 0.000000
    outer loop
      vertex 0.000000 0.000000 0.000000
      vertex -4.095760 0.000000 2.867882
      vertex -4.330127 0.000000 2.500000
    endloop
  endfacet
  facet normal 0.880174 -0.123918 -0.458190
    outer loop
      vertex -3.897114 4.000000 2.250000
      vertex -4.330127 0.000000 2.500000
      vertex -4.531539 0.000000 2.113091
    endloop
  endfacet
  facet normal 0.880174 -0.123918 -0.458190
    outer loop
      vertex -3.897114 4.000000 2.250000
      vertex -4.531539 0.000000 2.113091
      vertex -4.078385 4.000000 1.901782
    endloop
  endfacet
  facet normal 0.000000 1.000000 0.000000
    outer loop
      vertex 0.000000 4.000000 0.000000
      vertex -4.078385 4.000000 1.901782
      vertex -3.897114 4.000000 2.250000
    endloop
  endfacet
  facet normal 0.000000 -1.000000 0.000000
    outer loop
      vertex 0.000000 0.000000 0.000000
      vertex -4.330127 0.000000 2.500000
      vertex -4.531539 0.000000 2.113091
    endloop
  endfacet
  facet normal 0.916759 -0.123918 -0.379734
    outer loop
      vertex -4.078385 4.000000 1.901782
      vertex -4.531539 0.000000 2.113091
      vertex -4.698463 0.000000 1.710101
    endloop
  endfacet
  facet normal 0.916759 -0.123918 -0.379734
    outer loop
      vertex -4.078385 4.000000 1.901782
      vertex -4.698463 0.000000 1.710101
      vertex -4.228617 4.000000 1.539091
    endloop
  endfacet
  facet normal 0.000000 1.000000 0.000000
    outer loop
      vertex 0.000000 4.000000 0.000000
      vertex -4.228617 4.000000 1.539091
      vertex -4.078385 4.000000 1.901782
    endloop
  endfacet
  facet normal 0.000000 -1.000000 0.000000
    outer loop
      vertex 0.000000 0.000000 0.000000
      vertex -4.531539 0.000000 2.113091
      vertex -4.698463 0.000000 1.710101
    endloop
  endfacet
  facet normal 0.946366 -0.123918 -0.298388
    outer loop
      vertex -4.228617 4.000000 1.539091
      vertex -4.698463 0.000000 1.710101
      vertex -4.829629 0.000000 1.294095
    endloop
  endfacet
  facet normal 0.946366 -0.123918 -0.298388
    outer loop
      vertex -4.228617 4.000000 1.539091
      vertex -4.829629 0.000000 1.294095
      vertex -4.346666 4.000000 1.164686
    endloop
  endfacet
  facet normal 0.000000 1.000000 0.000000
    outer loop
      vertex 0.000000 4.000000 0.000000
      vertex -4.346666 4.000000 1.164686
      vertex -4.228617 4.000000 1.539091
    endloop
  endfacet
  facet normal 0.000000 -1.000000 0.000000
    outer loop
      vertex 0.000000 0.000000 0.000000
      vertex -4.698463 0.000000 1.710101
      vertex -4.829629 0.000000 1.294095
    endloop
  endfacet
  facet normal 0.968771 -0.123918 -0.214771
    outer loop
      vertex -4.346666 4.000000 1.164686
      vertex -4.829629 0.000000 1.294095
      vertex -4.924039 0.000000 0.868241
    endloop
  endfacet
  facet normal 0.968771 -0.123918 -0.214771
    outer loop
      vertex -4.346666 4.000000 1.164686
      vertex -4.924039 0.000000 0.868241
      vertex -4.431635 4.000000 0.781417
    endloop
  endfacet
  facet normal 0.000000 1.000000 0.000000
    outer loop
      vertex 0.000000 4.000000 0.000000
      vertex -4.431635 4.000000 0.781417
      vertex -4.346666 4.000000 1.164686
    endloop
  endfacet
  facet normal 0.000000 -1.000000 0.000000
    outer loop
      vertex 0.000000 0.000000 0.000000
      vertex -4.829629 0.000000 1.294095
      vertex -4.924039 0.000000 0.868241
    endloop
  endfacet
  facet normal 0.983803 -0.123918 -0.129520
    outer loop
      vertex -4.431635 4.000000 0.781417
      vertex -4.924039 0.000000 0.868241
      vertex -4.980973 0.000000 0.435779
    endloop
  endfacet
  facet normal 0.983803 -0.123918 -0.129520
    outer loop
      vertex -4.431635 4.000000 0.781417
      vertex -4.980973 0.000000 0.435779
      vertex -4.482876 4.000000 0.392201
    endloop
  endfacet
  facet normal 0.000000 1.000000 0.000000
    outer loop
      vertex 0.000000 4.000000 0.000000
      vertex -4.482876 4.000000 0.392201
      vertex -4.431635 4.000000 0.781417
    endloop
  endfacet
  facet normal 0.000000 -1.000000 0.000000
    outer loop
      vertex 0.000000 0.000000 0.000000
      vertex -4.924039 0.000000 0.868241
      vertex -4.980973 0.000000 0.435779
    endloop
  endfacet
  facet normal 0.991348 -0.123918 -0.043283
    outer loop
      vertex -4.482876 4.000000 0.392201
      vertex -4.980973 0.000000 0.435779
      vertex -5.000000 0.000000 0.000000
    endloop
  endfacet
  facet normal 0.991348 -0.123918 -0.043283
    outer loop
      vertex -4.482876 4.000000 0.392201
      vertex -5.000000 0.000000 0.000000
      vertex -4.500000 4.000000 0.000000
    endloop
  endfacet
  facet normal 0.000000 1.000000 0.000000
    outer loop
      vertex 0.000000 4.000000 0.000000
      vertex -4.500000 4.000000 0.000000
      vertex -4.482876 4.000000 0.392201
    endloop
  endfacet
  facet normal 0.000000 -1.000000 0.000000
    outer loop
      vertex 0.000000 0.000000 0.000000
      vertex -4.980973 0.000000 0.435779
      vertex -5.000000 0.000000 0.000000
    endloop
  endfacet
  facet normal 0.991348 -0.123918 0.043283
    outer loop
      vertex -4.500000 4.000000 0.000000
      vertex -5.000000 0.000000 0.000000
      vertex -4.980973 0.000000 -0.435779
    endloop
  endfacet
  facet normal 0.991348 -0.123918 0.043283
    outer loop
      vertex -4.500000 4.000000 0.000000
      vertex -4.980973 0.000000 -0.435779
      vertex -4.482876 4.000000 -0.392201
    endloop
  endfacet
  facet normal 0.000000 1.000000 0.000000
    outer loop
      vertex 0.000000 4.000000 0.000000
      vertex -4.482876 4.000000 -0.392201
      vertex -4.500000 4.000000 0.000000
    endloop
  endfacet
  facet normal -0.000000 -1.000000 0.000000
    outer loop
      vertex 0.000000 0.000000 0.000000
      vertex -5.000000 0.000000 0.000000
      vertex -4.980973 0.000000 -0.435779
    endloop
  endfacet
  facet normal 0.983803 -0.123918 0.129520
    outer loop
      vertex -4.482876 4.000000 -0.392201
      vertex -4.980973 0.000000 -0.435779
      vertex -4.924039 0.000000 -0.868241
    endloop
  endfacet
  facet normal 0.983803 -0.123918 0.129520
    outer loop
      vertex -4.482876 4.000000 -0.392201
      vertex -4.924039 0.000000 -0.868241
      vertex -4.431635 4.000000 -0.781417
    endloop
  endfacet
  facet normal 0.000000 1.000000 0.000000
    outer loop
      vertex 0.000000 4.000000 0.000000
      vertex -4.431635 4.000000 -0.781417
      vertex -4.482876 4.000000 -0.392201
    endloop
  endfacet
  facet normal 0.000000 -1.000000 0.000000
    outer loop
      vertex 0.000000 0.000000 0.000000
      vertex -4.980973 0.000000 -0.435779
      vertex -4.924039 0.000000 -0.868241
    endloop
  endfacet
  facet normal 0.968771 -0.123918 0.214771
    outer loop
      vertex -4.431635 4.000000 -0.781417
      vertex -4.924039 0.000000 -0.868241
      vertex -4.829629 0.000000 -1.294095
    endloop
  endfacet
  facet normal 0.968771 -0.123918 0.214771
    outer loop
      vertex -4.431635 4.000000 -0.781417
      vertex -4.829629 0.000000 -1.294095
      vertex -4.346666 4.000000 -1.164686
    endloop
  endfacet
  facet normal 0.000000 1.000000 0.000000
    outer loop
      vertex 0.000000 4.000000 0.000000
      vertex -4.346666 4.000000 -1.164686
      vertex -4.431635 4.000000 -0.781417
    endloop
  endfacet
  facet normal 0.000000 -1.000000 0.000000
    outer loop
      vertex 0.000000 0.000000 0.000000
      vertex -4.924039 0.000000 -0.868241
      vertex -4.829629 0.000000 -1.294095
    endloop
  endfacet
  facet normal 0.946366 -0.123918 0.298388
    outer loop
      vertex -4.346666 4.000000 -1.164686
      vertex -4.829629 0.000000 -1.294095
      vertex -4.698463 0.000000 -1.710101
    endloop
  endfacet
  facet normal 0.946366 -0.123918 0.298388
    outer loop
      vertex -4.346666 4.000000 -1.164686
      vertex -4.698463 0.000000 -1.710101
      vertex -4.228617 4.000000 -1.539091
    endloop
  endfacet
  facet normal 0.000000 1.000000 0.000000
    outer loop
      vertex 0.000000 4.000000 0.000000
      vertex -4.228617 4.000000 -1.539091
      vertex -4.346666 4.000000 -1.164686
    endloop
  endfacet
  facet normal 0.000000 -1.000000 0.000000
    outer loop
      vertex 0.000000 0.000000 0.000000
      vertex -4.829629 0.000000 -1.294095
      vertex -4.698463 0.000000 -1.710101
    endloop
  endfacet
  facet normal 0.916759 -0.123918 0.379734
    outer loop
      vertex -4.228617 4.000000 -1.539091
      vertex -4.698463 0.000000 -1.710101
      vertex -4.531539 0.000000 -2.113091
    endloop
  endfacet
  facet normal 0.916759 -0.123918 0.379734
    outer loop
      vertex -4.228617 4.000000 -1.539091
      vertex -4.531539 0.000000 -2.113091
      vertex -4.078385 4.000000 -1.901782
    endloop
  endfacet
  facet normal 0.000000 1.000000 0.000000
    outer loop
      vertex 0.000000 4.000000 0.000000
      vertex -4.078385 4.000000 -1.901782
      vertex -4.228617 4.000000 -1.539091
    endloop
  endfacet
  facet normal 0.000000 -1.000000 0.000000
    outer loop
      vertex 0.000000 0.000000 0.000000
      vertex -4.698463 0.000000 -1.710101
      vertex -4.531539 0.000000 -2.113091
    endloop
  endfacet
  facet normal 0.880174 -0.123918 0.458190
    outer loop
      vertex -4.078385 4.000000 -1.901782
      vertex -4.531539 0.000000 -2.113091
      vertex -4.330127 0.000000 -2.500000
    endloop
  endfacet
  facet normal 0.880174 -0.123918 0.458190
    outer loop
      vertex -4.078385 4.000000 -1.901782
      vertex -4.330127 0.000000 -2.500000
      vertex -3.897114 4.000000 -2.250000
    endloop
  endfacet
  facet normal 0.000000 1.000000 0.000000
    outer loop
      vertex 0.000000 4.000000 0.000000
      vertex -3.897114 4.000000 -2.250000
      vertex -4.078385 4.000000 -1.901782
    endloop
  endfacet
  facet normal 0.000000 -1.000000 0.000000
    outer loop
      vertex 0.000000 0.000000 0.000000
      vertex -4.531539 0.000000 -2.113091
      vertex -4.330127 0.000000 -2.500000
    endloop
  endfacet
  facet normal 0.836891 -0.123918 0.533158
    outer loop
      vertex -3.897114 4.000000 -2.250000
      vertex -4.330127 0.000000 -2.500000
      vertex -4.095760 0.000000 -2.867882
    endloop
  endfacet
  facet normal 0.836891 -0.123918 0.533158
    outer loop
      vertex -3.897114 4.000000 -2.250000
      vertex -4.095760 0.000000 -2.867882
      vertex -3.686184 4.000000 -2.581094
    endloop
  endfacet
  facet normal 0.000000 1.000000 0.000000
    outer loop
      vertex 0.000000 4.000000 0.000000
      vertex -3.686184 4.000000 -2.581094
      vertex -3.897114 4.000000 -2.250000
    endloop
  endfacet
  facet normal 0.000000 -1.000000 0.000000
    outer loop
      vertex 0.000000 0.000000 0.000000
      vertex -4.330127 0.000000 -2.500000
      vertex -4.095760 0.000000 -2.867882
    endloop
  endfacet
  facet normal 0.787238 -0.123918 0.604069
    outer loop
      vertex -3.686184 4.000000 -2.581094
      vertex -4.095760 0.000000 -2.867882
      vertex -3.830222 0.000000 -3.213938
    endloop
  endfacet
  facet normal 0.787238 -0.123918 0.604069
    outer loop
      vertex -3.686184 4.000000 -2.581094
      vertex -3.830222 0.000000 -3.213938
      vertex -3.447200 4.000000 -2.892544
    endloop
  endfacet
  facet normal 0.000000 1.000000 0.000000
    outer loop
      vertex 0.000000 4.000000 0.000000
      vertex -3.447200 4.000000 -2.892544
      vertex -3.686184 4.000000 -2.581094
    endloop
  endfacet
  facet normal 0.000000 -1.000000 0.000000
    outer loop
      vertex 0.000000 0.000000 0.000000
      vertex -4.095760 0.000000 -2.867882
      vertex -3.830222 0.000000 -3.213938
    endloop
  endfacet
  facet normal 0.731595 -0.123918 0.670383
    outer loop
      vertex -3.447200 4.000000 -2.892544
      vertex -3.830222 0.000000 -3.213938
      vertex -3.535534 0.000000 -3.535534
    endloop
  endfacet
  facet normal 0.731595 -0.123918 0.670383
    outer loop
      vertex -3.447200 4.000000 -2.892544
      vertex -3.535534 0.000000 -3.535534
      vertex -3.181981 4.000000 -3.181981
    endloop
  endfacet
  facet normal 0.000000 1.000000 0.000000
    outer loop
      vertex 0.000000 4.000000 0.000000
      vertex -3.181981 4.000000 -3.181981
      vertex -3.447200 4.000000 -2.892544
    endloop
  endfacet
  facet normal 0.000000 -1.000000 0.000000
    outer loop
      vertex 0.000000 0.000000 0.000000
      vertex -3.830222 0.000000 -3.213938
      vertex -3.535534 0.000000 -3.535534
    endloop
  endfacet
  facet normal 0.670383 -0.123918 0.731595
    outer loop
      vertex -3.181981 4.000000 -3.181981
      vertex -3.535534 0.000000 -3.535534
      vertex -3.213938 0.000000 -3.830222
    endloop
  endfacet
  facet normal 0.670383 -0.123918 0.731595
    outer loop
      vertex -3.181981 4.000000 -3.181981
      vertex -3.213938 0.000000 -3.830222
      vertex -2.892544 4.000000 -3.447200
    endloop
  endfacet
  facet normal 0.000000 1.000000 0.000000
    outer loop
      vertex 0.000000 4.000000 0.000000
      vertex -2.892544 4.000000 -3.447200
      vertex -3.181981 4.000000 -3.181981
    endloop
  endfacet
  facet normal 0.000000 -1.000000 0.000000
    outer loop
      vertex 0.000000 0.000000 0.000000
      vertex -3.535534 0.000000 -3.535534
      vertex -3.213938 0.000000 -3.830222
    endloop
  endfacet
  facet normal 0.604069 -0.123918 0.787238
    outer loop
      vertex -2.892544 4.000000 -3.447200
      vertex -3.213938 0.000000 -3.830222
      vertex -2.867882 0.000000 -4.095760
    endloop
  endfacet
  facet normal 0.604069 -0.123918 0.787238
    outer loop
      vertex -2.892544 4.000000 -3.447200
      vertex -2.867882 0.000000 -4.095760
      vertex -2.581094 4.000000 -3.686184
    endloop
  endfacet
  facet normal 0.000000 1.000000 0.000000
    outer loop
      vertex 0.000000 4.000000 0.000000
      vertex -2.581094 4.000000 -3.686184
      vertex -2.892544 4.000000 -3.447200
    endloop
  endfacet
  facet normal 0.000000 -1.000000 0.000000
    outer loop
      vertex 0.000000 0.000000 0.000000
      vertex -3.213938 0.000000 -3.830222
      vertex -2.867882 0.000000 -4.095760
    endloop
  endfacet
  facet normal 0.533158 -0.123918 0.836891
    outer loop
      vertex -2.581094 4.000000 -3.686184
      vertex -2.867882 0.000000 -4.095760
      vertex -2.500000 0.000000 -4.330127
    endloop
  endfacet
  facet normal 0.533158 -0.123918 0.836891
    outer loop
      vertex -2.581094 4.000000 -3.686184
      vertex -2.500000 0.000000 -4.330127
      vertex -2.250000 4.000000 -3.897114
    endloop
  endfacet
  facet normal 0.000000 1.000000 0.000000
    outer loop
      vertex 0.000000 4.000000 0.000000
      vertex -2.250000 4.000000 -3.897114
      vertex -2.581094 4.000000 -3.686184
    endloop
  endfacet
  facet normal 0.000000 -1.000000 0.000000
    outer loop
      vertex 0.000000 0.000000 0.000000
      vertex -2.867882 0.000000 -4.095760
      vertex -2.500000 0.000000 -4.330127
    endloop
  endfacet
  facet normal 0.458190 -0.123918 0.880174
    outer loop
      vertex -2.250000 4.000000 -3.897114
      vertex -2.500000 0.000000 -4.330127
      vertex -2.113091 0.000000 -4.531539
    endloop
  endfacet
  facet normal 0.458190 -0.123918 0.880174
    outer loop
      vertex -2.250000 4.000000 -3.897114
      vertex -2.113091 0.000000 -4.531539
      vertex -1.901782 4.000000 -4.078385
    endloop
  endfacet
  facet normal 0.000000 1.000000 0.000000
    outer loop
      vertex 0.000000 4.000000 0.000000
      vertex -1.901782 4.000000 -4.078385
      vertex -2.250000 4.000000 -3.897114
    endloop
  endfacet
  facet normal 0.000000 -1.000000 0.000000
    outer loop
      vertex 0.000000 0.000000 0.000000
      vertex -2.500000 0.000000 -4.330127
      vertex -2.113091 0.000000 -4.531539
    endloop
  endfacet
  facet normal 0.379734 -0.123918 0.916759
    outer loop
      vertex -1.901782 4.000000 -4.078385
      vertex -2.113091 0.000000 -4.531539
      vertex -1.710101 0.000000 -4.698463
    endloop
  endfacet
  facet normal 0.379734 -0.123918 0.916759
    outer loop
      vertex -1.901782 4.000000 -4.078385
      vertex -1.710101 0.000000 -4.698463
      vertex -1.539091 4.000000 -4.228617
    endloop
  endfacet
  facet normal 0.000000 1.000000 0.000000
    outer loop
      vertex 0.000000 4.000000 0.000000
      vertex -1.539091 4.000000 -4.228617
      vertex -1.901782 4.000000 -4.078385
    endloop
  endfacet
  facet normal 0.000000 -1.000000 0.000000
    outer loop
      vertex 0.000000 0.000000 0.000000
      vertex -2.113091 0.000000 -4.531539
      vertex -1.710101 0.000000 -4.698463
    endloop
  endfacet
  facet normal 0.298388 -0.123918 0.946366
    outer loop
      vertex -1.539091 4.000000 -4.228617
      vertex -1.710101 0.000000 -4.698463
      vertex -1.294095 0.000000 -4.829629
    endloop
  endfacet
  facet normal 0.298388 -0.123918 0.946366
    outer loop
      vertex -1.539091 4.000000 -4.228617
      vertex -1.294095 0.000000 -4.829629
      vertex -1.164686 4.000000 -4.346666
    endloop
  endfacet
  facet normal 0.000000 1.000000 0.000000
    outer loop
      vertex 0.000000 4.000000 0.000000
      vertex -1.164686 4.000000 -4.346666
      vertex -1.539091 4.000000 -4.228617
    endloop
  endfacet
  facet normal 0.000000 -1.000000 0.000000
    outer loop
      vertex 0.000000 0.000000 0.000000
      vertex -1.710101 0.000000 -4.698463
      vertex -1.294095 0.000000 -4.829629
    endloop
  endfacet
  facet normal 0.214771 -0.123918 0.968771
    outer loop
      vertex -1.164686 4.000000 -4.346666
      vertex -1.294095 0.000000 -4.829629
      vertex -0.868241 0.000000 -4.924039
    endloop
  endfacet
  facet normal 0.214771 -0.123918 0.968771
    outer loop
      vertex -1.164686 4.000000 -4.346666
      vertex -0.868241 0.000000 -4.924039
      vertex -0.781417 4.000000 -4.431635
    endloop
  endfacet
  facet normal 0.000000 1.000000 0.000000
    outer loop
      vertex 0.000000 4.000000 0.000000
      vertex -0.781417 4.000000 -4.431635
      vertex -1.164686 4.000000 -4.346666
    endloop
  endfacet
  facet normal 0.000000 -1.000000 0.000000
    outer loop
      vertex 0.000000 0.000000 0.000000
      vertex -1.294095 0.000000 -4.829629
      vertex -0.868241 0.000000 -4.924039
    endloop
  endfacet
  facet normal 0.129520 -0.123918 0.983803
    outer loop
      vertex -0.781417 4.000000 -4.431635
      vertex -0.868241 0.000000 -4.924039
      vertex -0.435779 0.000000 -4.980973
    endloop
  endfacet
  facet normal 0.129520 -0.123918 0.983803
    outer loop
      vertex -0.781417 4.000000 -4.431635
      vertex -0.435779 0.000000 -4.980973
      vertex -0.392201 4.000000 -4.482876
    endloop
  endfacet
  facet normal 0.000000 1.000000 0.000000
    outer loop
      vertex 0.000000 4.000000 0.000000
      vertex -0.392201 4.000000 -4.482876
      vertex -0.781417 4.000000 -4.431635
    endloop
  endfacet
  facet normal 0.000000 -1.000000 0.000000
    outer loop
      vertex 0.000000 0.000000 0.000000
      vertex -0.868241 0.000000 -4.924039
      vertex -0.435779 0.000000 -4.980973
    endloop
  endfacet
  facet normal 0.043283 -0.123918 0.991348
    outer loop
      vertex -0.392201 4.000000 -4.482876
      vertex -0.435779 0.000000 -4.980973
      vertex -0.000000 0.000000 -5.000000
    endloop
  endfacet
  facet normal 0.043283 -0.123918 0.991348
    outer loop
      vertex -0.392201 4.000000 -4.482876
      vertex -0.000000 0.000000 -5.000000
      vertex -0.000000 4.000000 -4.500000
    endloop
  endfacet
  facet normal 0.000000 1.000000 0.000000
    outer loop
      vertex 0.000000 4.000000 0.000000
      vertex -0.000000 4.000000 -4.500000
      vertex -0.392201 4.000000 -4.482876
    endloop
  endfacet
  facet normal 0.000000 -1.000000 0.000000
    outer loop
      vertex 0.000000 0.000000 0.000000
      vertex -0.435779 0.000000 -4.980973
      vertex -0.000000 0.000000 -5.000000
    endloop
  endfacet
  facet normal -0.043283 -0.123918 0.991348
    outer loop
      vertex -0.000000 4.000000 -4.500000
      vertex -0.000000 0.000000 -5.000000
      vertex 0.435779 0.000000 -4.980973
    endloop
  endfacet
  facet normal -0.043283 -0.123918 0.991348
    outer loop
      vertex -0.000000 4.000000 -4.500000
      vertex 0.435779 0.000000 -4.980973
      vertex 0.392201 4.000000 -4.482876
    endloop
  endfacet
  facet normal 0.000000 1.000000 0.000000
    outer loop
      vertex 0.000000 4.000000 0.000000
      vertex 0.392201 4.000000 -4.482876
      vertex -0.000000 4.000000 -4.500000
    endloop
  endfacet
  facet normal 0.000000 -1.000000 -0.000000
    outer loop
      vertex 0.000000 0.000000 0.000000
      vertex -0.000000 0.000000 -5.000000
      vertex 0.435779 0.000000 -4.980973
    endloop
  endfacet
  facet normal -0.129520 -0.123918 0.983803
    outer loop
      vertex 0.392201 4.000000 -4.482876
      vertex 0.435779 0.000000 -4.980973
      vertex 0.868241 0.000000 -4.924039
    endloop
  endfacet
  facet normal -0.129520 -0.123918 0.983803
    outer loop
      vertex 0.392201 4.000000 -4.482876
      vertex 0.868241 0.000000 -4.924039
      vertex 0.781417 4.000000 -4.431635
    endloop
  endfacet
  facet normal 0.000000 1.000000 0.000000
    outer loop
      vertex 0.000000 4.000000 0.000000
      vertex 0.781417 4.000000 -4.431635
      vertex 0.392201 4.000000 -4.482876
    endloop
  endfacet
  facet normal 0.000000 -1.000000 0.000000
    outer loop
      vertex 0.000000 0.000000 0.000000
      vertex 0.435779 0.000000 -4.980973
      vertex 0.868241 0.000000 -4.924039
    endloop
  endfacet
  facet normal -0.214771 -0.123918 0.968771
    outer loop
      vertex 0.781417 4.000000 -4.431635
      vertex 0.868241 0.000000 -4.924039
      vertex 1.294095 0.000000 -4.829629
    endloop
  endfacet
  facet normal -0.214771 -0.123918 0.968771
    outer loop
      vertex 0.781417 4.000000 -4.431635
      vertex 1.294095 0.000000 -4.829629
      vertex 1.164686 4.000000 -4.346666
    endloop
  endfacet
  facet normal 0.000000 1.000000 0.000000
    outer loop
      vertex 0.000000 4.000000 0.000000
      vertex 1.164686 4.000000 -4.346666
      vertex 0.781417 4.000000 -4.431635
    endloop
  endfacet
  facet normal 0.000000 -1.000000 0.000000
    outer loop
      vertex 0.000000 0.000000 0.000000
      vertex 0.868241 0.000000 -4.924039
      vertex 1.294095 0.000000 -4.829629
    endloop
  endfacet
  facet normal -0.298388 -0.123918 0.946366
    outer loop
      vertex 1.164686 4.000000 -4.346666
      vertex 1.294095 0.000000 -4.829629
      vertex 1.710101 0.000000 -4.698463
    endloop
  endfacet
  facet normal -0.298388 -0.123918 0.946366
    outer loop
      vertex 1.164686 4.000000 -4.346666
      vertex 1.710101 0.000000 -4.698463
      vertex 1.539091 4.000000 -4.228617
    endloop
  endfacet
  facet normal 0.000000 1.000000 0.000000
    outer loop
      vertex 0.000000 4.000000 0.000000
      vertex 1.539091 4.000000 -4.228617
      vertex 1.164686 4.000000 -4.346666
    endloop
  endfacet
  facet normal 0.000000 -1.000000 0.000000
    outer loop
      vertex 0.000000 0.000000 0.000000
      vertex 1.294095 0.000000 -4.829629
      vertex 1.710101 0.000000 -4.698463
    endloop
  endfacet
  facet normal -0.379734 -0.123918 0.916759
    outer loop
      vertex 1.539091 4.000000 -4.228617
      vertex 1.710101 0.000000 -4.698463
      vertex 2.113091 0.000000 -4.531539
    endloop
  endfacet
  facet normal -0.379734 -0.123918 0.916759
    outer loop
      vertex 1.539091 4.000000 -4.228617
      vertex 2.113091 0.000000 -4.531539
      vertex 1.901782 4.000000 -4.078385
    endloop
  endfacet
  facet normal 0.000000 1.000000 0.000000
    outer loop
      vertex 0.000000 4.000000 0.000000
      vertex 1.901782 4.000000 -4.078385
      vertex 1.539091 4.000000 -4.228617
    endloop
  endfacet
  facet normal 0.000000 -1.000000 0.000000
    outer loop
      vertex 0.000000 0.000000 0.000000
      vertex 1.710101 0.000000 -4.698463
      vertex 2.113091 0.000000 -4.531539
    endloop
  endfacet
  facet normal -0.458190 -0.123918 0.880174
    outer loop
      vertex 1.901782 4.000000 -4.078385
      vertex 2.113091 0.000000 -4.531539
      vertex 2.500000 0.000000 -4.330127
    endloop
  endfacet
  facet normal -0.458190 -0.123918 0.880174
    outer loop
      vertex 1.901782 4.000000 -4.078385
      vertex 2.500000 0.000000 -4.330127
      vertex 2.250000 4.000000 -3.897114
    endloop
  endfacet
  facet normal 0.000000 1.000000 0.000000
    outer loop
      vertex 0.000000 4.000000 0.000000
      vertex 2.250000 4.000000 -3.897114
      vertex 1.901782 4.000000 -4.078385
    endloop
  endfacet
  facet normal 0.000000 -1.000000 0.000000
    outer loop
      vertex 0.000000 0.000000 0.000000
      vertex 2.113091 0.000000 -4.531539
      vertex 2.500000 0.000000 -4.330127
    endloop
  endfacet
  facet normal -0.533158 -0.123918 0.836891
    outer loop
      vertex 2.250000 4.000000 -3.897114
      vertex 2.500000 0.000000 -4.330127
      vertex 2.867882 0.000000 -4.095760
    endloop
  endfacet
  facet normal -0.533158 -0.123918 0.836891
    outer loop
      vertex 2.250000 4.000000 -3.897114
      vertex 2.867882 0.000000 -4.095760
      vertex 2.581094 4.000000 -3.686184
    endloop
  endfacet
  facet normal 0.000000 1.000000 0.000000
    outer loop
      vertex 0.000000 4.000000 0.000000
      vertex 2.581094 4.000000 -3.686184
      vertex 2.250000 4.000000 -3.897114
    endloop
  endfacet
  facet normal 0.000000 -1.000000 0.000000
    outer loop
      vertex 0.000000 0.000000 0.000000
      vertex 2.500000 0.000000 -4.330127
      vertex 2.867882 0.000000 -4.095760
    endloop
  endfacet
  facet normal -0.604069 -0.123918 0.787238
    outer loop
      vertex 2.581094 4.000000 -3.686184
      vertex 2.867882 0.000000 -4.095760
      vertex 3.213938 0.000000 -3.830222
    endloop
  endfacet
  facet normal -0.604069 -0.123918 0.787238
    outer loop
      vertex 2.581094 4.000000 -3.686184
      vertex 3.213938 0.000000 -3.830222
      vertex 2.892544 4.000000 -3.447200
    endloop
  endfacet
  facet normal 0.000000 1.000000 0.000000
    outer loop
      vertex 0.000000 4.000000 0.000000
      vertex 2.892544 4.000000 -3.447200
      vertex 2.581094 4.000000 -3.686184
    endloop
  endfacet
  facet normal 0.000000 -1.000000 0.000000
    outer loop
      vertex 0.000000 0.000000 0.000000
      vertex 2.867882 0.000000 -4.095760
      vertex 3.213938 0.000000 -3.830222
    endloop
  endfacet
  facet normal -0.670383 -0.123918 0.731595
    outer loop
      vertex 2.892544 4.000000 -3.447200
      vertex 3.213938 0.000000 -3.830222
      vertex 3.535534 0.000000 -3.535534
    endloop
  endfacet
  facet normal -0.670383 -0.123918 0.731595
    outer loop
      vertex 2.892544 4.000000 -3.447200
      vertex 3.535534 0.000000 -3.535534
      vertex 3.181981 4.000000 -3.181981
    endloop
  endfacet
  facet normal 0.000000 1.000000 0.000000
    outer loop
      vertex 0.000000 4.000000 0.000000
      vertex 3.181981 4.000000 -3.181981
      vertex 2.892544 4.000000 -3.447200
    endloop
  endfacet
  facet normal 0.000000 -1.000000 0.000000
    outer loop
      vertex 0.000000 0.000000 0.000000
      vertex 3.213938 0.000000 -3.830222
      vertex 3.535534 0.000000 -3.535534
    endloop
  endfacet
  facet normal -0.731595 -0.123918 0.670383
    outer loop
      vertex 3.181981 4.000000 -3.181981
      vertex 3.535534 0.000000 -3.535534
      vertex 3.830222 0.000000 -3.213938
    endloop
  endfacet
  facet normal -0.731595 -0.123918 0.670383
    outer loop
      vertex 3.181981 4.000000 -3.181981
      vertex 3.830222 0.000000 -3.213938
      vertex 3.447200 4.000000 -2.892544
    endloop
  endfacet
  facet normal 0.000000 1.000000 0.000000
    outer loop
      vertex 0.000000 4.000000 0.000000
      vertex 3.447200 4.000000 -2.892544
      vertex 3.181981 4.000000 -3.181981
    endloop
  endfacet
  facet normal 0.000000 -1.000000 0.000000
    outer loop
      vertex 0.000000 0.000000 0.000000
      vertex 3.535534 0.000000 -3.535534
      vertex 3.830222 0.000000 -3.213938
    endloop
  endfacet
  facet normal -0.787238 -0.123918 0.604069
    outer loop
      vertex 3.447200 4.000000 -2.892544
      vertex 3.830222 0.000000 -3.213938
      vertex 4.095760 0.000000 -2.867882
    endloop
  endfacet
  facet normal -0.787238 -0.123918 0.604069
    outer loop
      vertex 3.447200 4.000000 -2.892544
      vertex 4.095760 0.000000 -2.867882
      vertex 3.686184 4.000000 -2.581094
    endloop
  endfacet
  facet normal 0.000000 1.000000 0.000000
    outer loop
      vertex 0.000000 4.000000 0.000000
      vertex 3.686184 4.000000 -2.581094
      vertex 3.447200 4.000000 -2.892544
    endloop
  endfacet
  facet normal 0.000000 -1.000000 0.000000
    outer loop
      vertex 0.000000 0.000000 0.000000
      vertex 3.830222 0.000000 -3.213938
      vertex 4.095760 0.000000 -2.867882
    endloop
  endfacet
  facet normal -0.836891 -0.123918 0.533158
    outer loop
      vertex 3.686184 4.000000 -2.581094
      vertex 4.095760 0.000000 -2.867882
      vertex 4.330127 0.000000 -2.500000
    endloop
  endfacet
  facet normal -0.836891 -0.123918 0.533158
    outer loop
      vertex 3.686184 4.000000 -2.581094
      vertex 4.330127 0.000000 -2.500000
      vertex 3.897114 4.000000 -2.250000
    endloop
  endfacet
  facet normal 0.000000 1.000000 0.000000
    outer loop
      vertex 0.000000 4.000000 0.000000
      vertex 3.897114 4.000000 -2.250000
      vertex 3.686184 4.000000 -2.581094
    endloop
  endfacet
  facet normal 0.000000 -1.000000 0.000000
    outer loop
      vertex 0.000000 0.000000 0.000000
      vertex 4.095760 0.000000 -2.867882
      vertex 4.330127 0.000000 -2.500000
    endloop
  endfacet
  facet normal -0.880174 -0.123918 0.458190
    outer loop
      vertex 3.897114 4.000000 -2.250000
      vertex 4.330127 0.000000 -2.500000
      vertex 4.531539 0.000000 -2.113091
    endloop
  endfacet
  facet normal -0.880174 -0.123918 0.458190
    outer loop
      vertex 3.897114 4.000000 -2.250000
      vertex 4.531539 0.000000 -2.113091
      vertex 4.078385 4.000000 -1.901782
    endloop
  endfacet
  facet normal 0.000000 1.000000 0.000000
    outer loop
      vertex 0.000000 4.000000 0.000000
      vertex 4.078385 4.000000 -1.901782
      vertex 3.897114 4.000000 -2.250000
    endloop
  endfacet
  facet normal 0.000000 -1.000000 0.000000
    outer loop
      vertex 0.000000 0.000000 0.000000
      vertex 4.330127 0.000000 -2.500000
      vertex 4.531539 0.000000 -2.113091
    endloop
  endfacet
  facet normal -0.916759 -0.123918 0.379734
    outer loop
      vertex 4.078385 4.000000 -1.901782
      vertex 4.531539 0.000000 -2.113091
      vertex 4.698463 0.000000 -1.710101
    endloop
  endfacet
  facet normal -0.916759 -0.123918 0.379734
    outer loop
      vertex 4.078385 4.000000 -1.901782
      vertex 4.698463 0.000000 -1.710101
      vertex 4.228617 4.000000 -1.539091
    endloop
  endfacet
  facet normal 0.000000 1.000000 0.000000
    outer loop
      vertex 0.000000 4.000000 0.000000
      vertex 4.228617 4.000000 -1.539091
      vertex 4.078385 4.000000 -1.901782
    endloop
  endfacet
  facet normal 0.000000 -1.000000 0.000000
    outer loop
      vertex 0.000000 0.000000 0.000000
      vertex 4.531539 0.000000 -2.113091
      vertex 4.698463 0.000000 -1.710101
    endloop
  endfacet
  facet normal -0.946366 -0.123918 0.298388
    outer loop
      vertex 4.228617 4.000000 -1.539091
      vertex 4.698463 0.000000 -1.710101
      vertex 4.829629 0.000000 -1.294095
    endloop
  endfacet
  facet normal -0.946366 -0.123918 0.298388
    outer loop
      vertex 4.228617 4.000000 -1.539091
      vertex 4.829629 0.000000 -1.294095
      vertex 4.346666 4.000000 -1.164686
    endloop
  endfacet
  facet normal 0.000000 1.000000 0.000000
    outer loop
      vertex 0.000000 4.000000 0.000000
      vertex 4.346666 4.000000 -1.164686
      vertex 4.228617 4.000000 -1.539091
    endloop
  endfacet
  facet normal 0.000000 -1.000000 0.000000
    outer loop
      vertex 0.000000 0.000000 0.000000
      vertex 4.698463 0.000000 -1.710101
      vertex 4.829629 0.000000 -1.294095
    endloop
  endfacet
  facet normal -0.968771 -0.123918 0.214771
    outer loop
      vertex 4.346666 4.000000 -1.164686
      vertex 4.829629 0.000000 -1.294095
      vertex 4.924039 0.000000 -0.868241
    endloop
  endfacet
  facet normal -0.968771 -0.123918 0.214771
    outer loop
      vertex 4.346666 4.000000 -1.164686
      vertex 4.924039 0.000000 -0.868241
      vertex 4.431635 4.000000 -0.781417
    endloop
  endfacet
  facet normal 0.000000 1.000000 0.000000
    outer loop
      vertex 0.000000 4.000000 0.000000
      vertex 4.431635 4.000000 -0.781417
      vertex 4.346666 4.000000 -1.164686
    endloop
  endfacet
  facet normal 0.000000 -1.000000 0.000000
    outer loop
      vertex 0.000000 0.000000 0.000000
      vertex 4.829629 0.000000 -1.294095
      vertex 4.924039 0.000000 -0.868241
    endloop
  endfacet
  facet normal -0.983803 -0.123918 0.129520
    outer loop
      vertex 4.431635 4.000000 -0.781417
      vertex 4.924039 0.000000 -0.868241
      vertex 4.980973 0.000000 -0.435779
    endloop
  endfacet
  facet normal -0.983803 -0.123918 0.129520
    outer loop
      vertex 4.431635 4.000000 -0.781417
      vertex 4.980973 0.000000 -0.435779
      vertex 4.482876 4.000000 -0.392201
    endloop
  endfacet
  facet normal 0.000000 1.000000 0.000000
    outer loop
      vertex 0.000000 4.000000 0.000000
      vertex 4.482876 4.000000 -0.392201
      vertex 4.431635 4.000000 -0.781417
    endloop
  endfacet
  facet normal 0.000000 -1.000000 0.000000
    outer loop
      vertex 0.000000 0.000000 0.000000
      vertex 4.924039 0.000000 -0.868241
      vertex 4.980973 0.000000 -0.435779
    endloop
  endfacet
  facet normal -0.991348 -0.123918 0.043283
    outer loop
      vertex 4.482876 4.000000 -0.392201
      vertex 4.980973 0.000000 -0.435779
      vertex 5.000000 0.000000 0.000000
    endloop
  endfacet
  facet normal -0.991348 -0.123918 0.043283
    outer loop
      vertex 4.482876 4.000000 -0.392201
      vertex 5.000000 0.000000 0.000000
      vertex 4.500000 4.000000 0.000000
    endloop
  endfacet
  facet normal -0.000000 1.000000 0.000000
    outer loop
      vertex 0.000000 4.000000 0.000000
      vertex 4.500000 4.000000 0.000000
      vertex 4.482876 4.000000 -0.392201
    endloop
  endfacet
  facet normal 0.000000 -1.000000 0.000000
    outer loop
      vertex 0.000000 0.000000 0.000000
      vertex 4.980973 0.000000 -0.435779
      vertex 5.000000 0.000000 0.000000
    endloop
  endfacet
  facet normal -0.999048 -0.000000 -0.043619
    outer loop
      vertex 4.500000 37.000000 0.000000
      vertex 4.500000 35.000000 0.000000
      vertex 4.482876 35.000000 0.392201
    endloop
  endfacet
  facet normal -0.999048 0.000000 -0.043619
    outer loop
      vertex 4.500000 37.000000 0.000000
      vertex 4.482876 35.000000 0.392201
      vertex 4.482876 37.000000 0.392201
    endloop
  endfacet
  facet normal -0.991445 -0.000000 -0.130526
    outer loop
      vertex 4.482876 37.000000 0.392201
      vertex 4.482876 35.000000 0.392201
      vertex 4.431635 35.000000 0.781417
    endloop
  endfacet
  facet normal -0.991445 0.000000 -0.130526
    outer loop
      vertex 4.482876 37.000000 0.392201
      vertex 4.431635 35.000000 0.781417
      vertex 4.431635 37.000000 0.781417
    endloop
  endfacet
  facet normal -0.976296 -0.000000 -0.216440
    outer loop
      vertex 4.431635 37.000000 0.781417
      vertex 4.431635 35.000000 0.781417
      vertex 4.346666 35.000000 1.164686
    endloop
  endfacet
  facet normal -0.976296 0.000000 -0.216440
    outer loop
      vertex 4.431635 37.000000 0.781417
      vertex 4.346666 35.000000 1.164686
      vertex 4.346666 37.000000 1.164686
    endloop
  endfacet
  facet normal -0.953717 -0.000000 -0.300706
    outer loop
      vertex 4.346666 37.000000 1.164686
      vertex 4.346666 35.000000 1.164686
      vertex 4.228617 35.000000 1.539091
    endloop
  endfacet
  facet normal -0.953717 0.000000 -0.300706
    outer loop
      vertex 4.346666 37.000000 1.164686
      vertex 4.228617 35.000000 1.539091
      vertex 4.228617 37.000000 1.539091
    endloop
  endfacet
  facet normal -0.923880 -0.000000 -0.382683
    outer loop
      vertex 4.228617 37.000000 1.539091
      vertex 4.228617 35.000000 1.539091
      vertex 4.078385 35.000000 1.901782
    endloop
  endfacet
  facet normal -0.923880 0.000000 -0.382683
    outer loop
      vertex 4.228617 37.000000 1.539091
      vertex 4.078385 35.000000 1.901782
      vertex 4.078385 37.000000 1.901782
    endloop
  endfacet
  facet normal -0.887011 -0.000000 -0.461749
    outer loop
      vertex 4.078385 37.000000 1.901782
      vertex 4.078385 35.000000 1.901782
      vertex 3.897114 35.000000 2.250000
    endloop
  endfacet
  facet normal -0.887011 0.000000 -0.461749
    outer loop
      vertex 4.078385 37.000000 1.901782
      vertex 3.897114 35.000000 2.250000
      vertex 3.897114 37.000000 2.250000
    endloop
  endfacet
  facet normal -0.843391 -0.000000 -0.537300
    outer loop
      vertex 3.897114 37.000000 2.250000
      vertex 3.897114 35.000000 2.250000
      vertex 3.686184 35.000000 2.581094
    endloop
  endfacet
  facet normal -0.843391 0.000000 -0.537300
    outer loop
      vertex 3.897114 37.000000 2.250000
      vertex 3.686184 35.000000 2.581094
      vertex 3.686184 37.000000 2.581094
    endloop
  endfacet
  facet normal -0.793353 -0.000000 -0.608761
    outer loop
      vertex 3.686184 37.000000 2.581094
      vertex 3.686184 35.000000 2.581094
      vertex 3.447200 35.000000 2.892544
    endloop
  endfacet
  facet normal -0.793353 0.000000 -0.608761
    outer loop
      vertex 3.686184 37.000000 2.581094
      vertex 3.447200 35.000000 2.892544
      vertex 3.447200 37.000000 2.892544
    endloop
  endfacet
  facet normal -0.737277 -0.000000 -0.675590
    outer loop
      vertex 3.447200 37.000000 2.892544
      vertex 3.447200 35.000000 2.892544
      vertex 3.181981 35.000000 3.181981
    endloop
  endfacet
  facet normal -0.737277 0.000000 -0.675590
    outer loop
      vertex 3.447200 37.000000 2.892544
      vertex 3.181981 35.000000 3.181981
      vertex 3.181981 37.000000 3.181981
    endloop
  endfacet
  facet normal -0.675590 -0.000000 -0.737277
    outer loop
      vertex 3.181981 37.000000 3.181981
      vertex 3.181981 35.000000 3.181981
      vertex 2.892544 35.000000 3.447200
    endloop
  endfacet
  facet normal -0.675590 0.000000 -0.737277
    outer loop
      vertex 3.181981 37.000000 3.181981
      vertex 2.892544 35.000000 3.447200
      vertex 2.892544 37.000000 3.447200
    endloop
  endfacet
  facet normal -0.608761 -0.000000 -0.793353
    outer loop
      vertex 2.892544 37.000000 3.447200
      vertex 2.892544 35.000000 3.447200
      vertex 2.581094 35.000000 3.686184
    endloop
  endfacet
  facet normal -0.608761 0.000000 -0.793353
    outer loop
      vertex 2.892544 37.000000 3.447200
      vertex 2.581094 35.000000 3.686184
      vertex 2.581094 37.000000 3.686184
    endloop
  endfacet
  facet normal -0.537300 -0.000000 -0.843391
    outer loop
      vertex 2.581094 37.000000 3.686184
      vertex 2.581094 35.000000 3.686184
      vertex 2.250000 35.000000 3.897114
    endloop
  endfacet
  facet normal -0.537300 0.000000 -0.843391
    outer loop
      vertex 2.581094 37.000000 3.686184
      vertex 2.250000 35.000000 3.897114
      vertex 2.250000 37.000000 3.897114
    endloop
  endfacet
  facet normal -0.461749 -0.000000 -0.887011
    outer loop
      vertex 2.250000 37.000000 3.897114
      vertex 2.250000 35.000000 3.897114
      vertex 1.901782 35.000000 4.078385
    endloop
  endfacet
  facet normal -0.461749 0.000000 -0.887011
    outer loop
      vertex 2.250000 37.000000 3.897114
      vertex 1.901782 35.000000 4.078385
      vertex 1.901782 37.000000 4.078385
    endloop
  endfacet
  facet normal -0.382683 -0.000000 -0.923880
    outer loop
      vertex 1.901782 37.000000 4.078385
      vertex 1.901782 35.000000 4.078385
      vertex 1.539091 35.000000 4.228617
    endloop
  endfacet
  facet normal -0.382683 0.000000 -0.923880
    outer loop
      vertex 1.901782 37.000000 4.078385
      vertex 1.539091 35.000000 4.228617
      vertex 1.539091 37.000000 4.228617
    endloop
  endfacet
  facet normal -0.300706 -0.000000 -0.953717
    outer loop
      vertex 1.539091 37.000000 4.228617
      vertex 1.539091 35.000000 4.228617
      vertex 1.164686 35.000000 4.346666
    endloop
  endfacet
  facet normal -0.300706 0.000000 -0.953717
    outer loop
      vertex 1.539091 37.000000 4.228617
      vertex 1.164686 35.000000 4.346666
      vertex 1.164686 37.000000 4.346666
    endloop
  endfacet
  facet normal -0.216440 -0.000000 -0.976296
    outer loop
      vertex 1.164686 37.000000 4.346666
      vertex 1.164686 35.000000 4.346666
      vertex 0.781417 35.000000 4.431635
    endloop
  endfacet
  facet normal -0.216440 0.000000 -0.976296
    outer loop
      vertex 1.164686 37.000000 4.346666
      vertex 0.781417 35.000000 4.431635
      vertex 0.781417 37.000000 4.431635
    endloop
  endfacet
  facet normal -0.130526 -0.000000 -0.991445
    outer loop
      vertex 0.781417 37.000000 4.431635
      vertex 0.781417 35.000000 4.431635
      vertex 0.392201 35.000000 4.482876
    endloop
  endfacet
  facet normal -0.130526 0.000000 -0.991445
    outer loop
      vertex 0.781417 37.000000 4.431635
      vertex 0.392201 35.000000 4.482876
      vertex 0.392201 37.000000 4.482876
    endloop
  endfacet
  facet normal -0.043619 -0.000000 -0.999048
    outer loop
      vertex 0.392201 37.000000 4.482876
      vertex 0.392201 35.000000 4.482876
      vertex 0.000000 35.000000 4.500000
    endloop
  endfacet
  facet normal -0.043619 0.000000 -0.999048
    outer loop
      vertex 0.392201 37.000000 4.482876
      vertex 0.000000 35.000000 4.500000
      vertex 0.000000 37.000000 4.500000
    endloop
  endfacet
  facet normal 0.043619 0.000000 -0.999048
    outer loop
      vertex 0.000000 37.000000 4.500000
      vertex 0.000000 35.000000 4.500000
      vertex -0.392201 35.000000 4.482876
    endloop
  endfacet
  facet normal 0.043619 0.000000 -0.999048
    outer loop
      vertex 0.000000 37.000000 4.500000
      vertex -0.392201 35.000000 4.482876
      vertex -0.392201 37.000000 4.482876
    endloop
  endfacet
  facet normal 0.130526 0.000000 -0.991445
    outer loop
      vertex -0.392201 37.000000 4.482876
      vertex -0.392201 35.000000 4.482876
      vertex -0.781417 35.000000 4.431635
    endloop
  endfacet
  facet normal 0.130526 0.000000 -0.991445
    outer loop
      vertex -0.392201 37.000000 4.482876
      vertex -0.781417 35.000000 4.431635
      vertex -0.781417 37.000000 4.431635
    endloop
  endfacet
  facet normal 0.216440 0.000000 -0.976296
    outer loop
      vertex -0.781417 37.000000 4.431635
      vertex -0.781417 35.000000 4.431635
      vertex -1.164686 35.000000 4.346666
    endloop
  endfacet
  facet normal 0.216440 0.000000 -0.976296
    outer loop
      vertex -0.781417 37.000000 4.431635
      vertex -1.164686 35.000000 4.346666
      vertex -1.164686 37.000000 4.346666
    endloop
  endfacet
  facet normal 0.300706 0.000000 -0.953717
    outer loop
      vertex -1.164686 37.000000 4.346666
      vertex -1.164686 35.000000 4.346666
      vertex -1.539091 35.000000 4.228617
    endloop
  endfacet
  facet normal 0.300706 0.000000 -0.953717
    outer loop
      vertex -1.164686 37.000000 4.346666
      vertex -1.539091 35.000000 4.228617
      vertex -1.539091 37.000000 4.228617
    endloop
  endfacet
  facet normal 0.382683 0.000000 -0.923880
    outer loop
      vertex -1.539091 37.000000 4.228617
      vertex -1.539091 35.000000 4.228617
      vertex -1.901782 35.000000 4.078385
    endloop
  endfacet
  facet normal 0.382683 0.000000 -0.923880
    outer loop
      vertex -1.539091 37.000000 4.228617
      vertex -1.901782 35.000000 4.078385
      vertex -1.901782 37.000000 4.078385
    endloop
  endfacet
  facet normal 0.461749 0.000000 -0.887011
    outer loop
      vertex -1.901782 37.000000 4.078385
      vertex -1.901782 35.000000 4.078385
      vertex -2.250000 35.000000 3.897114
    endloop
  endfacet
  facet normal 0.461749 0.000000 -0.887011
    outer loop
      vertex -1.901782 37.000000 4.078385
      vertex -2.250000 35.000000 3.897114
      vertex -2.250000 37.000000 3.897114
    endloop
  endfacet
  facet normal 0.537300 0.000000 -0.843391
    outer loop
      vertex -2.250000 37.000000 3.897114
      vertex -2.250000 35.000000 3.897114
      vertex -2.581094 35.000000 3.686184
    endloop
  endfacet
  facet normal 0.537300 0.000000 -0.843391
    outer loop
      vertex -2.250000 37.000000 3.897114
      vertex -2.581094 35.000000 3.686184
      vertex -2.581094 37.000000 3.686184
    endloop
  endfacet
  facet normal 0.608761 0.000000 -0.793353
    outer loop
      vertex -2.581094 37.000000 3.686184
      vertex -2.581094 35.000000 3.686184
      vertex -2.892544 35.000000 3.447200
    endloop
  endfacet
  facet normal 0.608761 0.000000 -0.793353
    outer loop
      vertex -2.581094 37.000000 3.686184
      vertex -2.892544 35.000000 3.447200
      vertex -2.892544 37.000000 3.447200
    endloop
  endfacet
  facet normal 0.675590 0.000000 -0.737277
    outer loop
      vertex -2.892544 37.000000 3.447200
      vertex -2.892544 35.000000 3.447200
      vertex -3.181981 35.000000 3.181981
    endloop
  endfacet
  facet normal 0.675590 0.000000 -0.737277
    outer loop
      vertex -2.892544 37.000000 3.447200
      vertex -3.181981 35.000000 3.181981
      vertex -3.181981 37.000000 3.181981
    endloop
  endfacet
  facet normal 0.737277 0.000000 -0.675590
    outer loop
      vertex -3.181981 37.000000 3.181981
      vertex -3.181981 35.000000 3.181981
      vertex -3.447200 35.000000 2.892544
    endloop
  endfacet
  facet normal 0.737277 0.000000 -0.675590
    outer loop
      vertex -3.181981 37.000000 3.181981
      vertex -3.447200 35.000000 2.892544
      vertex -3.447200 37.000000 2.892544
    endloop
  endfacet
  facet normal 0.793353 0.000000 -0.608761
    outer loop
      vertex -3.447200 37.000000 2.892544
      vertex -3.447200 35.000000 2.892544
      vertex -3.686184 35.000000 2.581094
    endloop
  endfacet
  facet normal 0.793353 0.000000 -0.608761
    outer loop
      vertex -3.447200 37.000000 2.892544
      vertex -3.686184 35.000000 2.581094
      vertex -3.686184 37.000000 2.581094
    endloop
  endfacet
  facet normal 0.843391 0.000000 -0.537300
    outer loop
      vertex -3.686184 37.000000 2.581094
      vertex -3.686184 35.000000 2.581094
      vertex -3.897114 35.000000 2.250000
    endloop
  endfacet
  facet normal 0.843391 0.000000 -0.537300
    outer loop
      vertex -3.686184 37.000000 2.581094
      vertex -3.897114 35.000000 2.250000
      vertex -3.897114 37.000000 2.250000
    endloop
  endfacet
  facet normal 0.887011 0.000000 -0.461749
    outer loop
      vertex -3.897114 37.000000 2.250000
      vertex -3.897114 35.000000 2.250000
      vertex -4.078385 35.000000 1.901782
    endloop
  endfacet
  facet normal 0.887011 0.000000 -0.461749
    outer loop
      vertex -3.897114 37.000000 2.250000
      vertex -4.078385 35.000000 1.901782
      vertex -4.078385 37.000000 1.901782
    endloop
  endfacet
  facet normal 0.923880 0.000000 -0.382683
    outer loop
      vertex -4.078385 37.000000 1.901782
      vertex -4.078385 35.000000 1.901782
      vertex -4.228617 35.000000 1.539091
    endloop
  endfacet
  facet normal 0.923880 0.000000 -0.382683
    outer loop
      vertex -4.078385 37.000000 1.901782
      vertex -4.228617 35.000000 1.539091
      vertex -4.228617 37.000000 1.539091
    endloop
  endfacet
  facet normal 0.953717 0.000000 -0.300706
    outer loop
      vertex -4.228617 37.000000 1.539091
      vertex -4.228617 35.000000 1.539091
      vertex -4.346666 35.000000 1.164686
    endloop
  endfacet
  facet normal 0.953717 0.000000 -0.300706
    outer loop
      vertex -4.228617 37.000000 1.539091
      vertex -4.346666 35.000000 1.164686
      vertex -4.346666 37.000000 1.164686
    endloop
  endfacet
  facet normal 0.976296 0.000000 -0.216440
    outer loop
      vertex -4.346666 37.000000 1.164686
      vertex -4.346666 35.000000 1.164686
      vertex -4.431635 35.000000 0.781417
    endloop
  endfacet
  facet normal 0.976296 0.000000 -0.216440
    outer loop
      vertex -4.346666 37.000000 1.164686
      vertex -4.431635 35.000000 0.781417
      vertex -4.431635 37.000000 0.781417
    endloop
  endfacet
  facet normal 0.991445 0.000000 -0.130526
    outer loop
      vertex -4.431635 37.000000 0.781417
      vertex -4.431635 35.000000 0.781417
      vertex -4.482876 35.000000 0.392201
    endloop
  endfacet
  facet normal 0.991445 0.000000 -0.130526
    outer loop
      vertex -4.431635 37.000000 0.781417
      vertex -4.482876 35.000000 0.392201
      vertex -4.482876 37.000000 0.392201
    endloop
  endfacet
  facet normal 0.999048 0.000000 -0.043619
    outer loop
      vertex -4.482876 37.000000 0.392201
      vertex -4.482876 35.000000 0.392201
      vertex -4.500000 35.000000 0.000000
    endloop
  endfacet
  facet normal 0.999048 0.000000 -0.043619
    outer loop
      vertex -4.482876 37.000000 0.392201
      vertex -4.500000 35.000000 0.000000
      vertex -4.500000 37.000000 0.000000
    endloop
  endfacet
  facet normal 0.999048 0.000000 0.043619
    outer loop
      vertex -4.500000 37.000000 0.000000
      vertex -4.500000 35.000000 0.000000
      vertex -4.482876 35.000000 -0.392201
    endloop
  endfacet
  facet normal 0.999048 0.000000 0.043619
    outer loop
      vertex -4.500000 37.000000 0.000000
      vertex -4.482876 35.000000 -0.392201
      vertex -4.482876 37.000000 -0.392201
    endloop
  endfacet
  facet normal 0.991445 0.000000 0.130526
    outer loop
      vertex -4.482876 37.000000 -0.392201
      vertex -4.482876 35.000000 -0.392201
      vertex -4.431635 35.000000 -0.781417
    endloop
  endfacet
  facet normal 0.991445 0.000000 0.130526
    outer loop
      vertex -4.482876 37.000000 -0.392201
      vertex -4.431635 35.000000 -0.781417
      vertex -4.431635 37.000000 -0.781417
    endloop
  endfacet
  facet normal 0.976296 0.000000 0.216440
    outer loop
      vertex -4.431635 37.000000 -0.781417
      vertex -4.431635 35.000000 -0.781417
      vertex -4.346666 35.000000 -1.164686
    endloop
  endfacet
  facet normal 0.976296 0.000000 0.216440
    outer loop
      vertex -4.431635 37.000000 -0.781417
      vertex -4.346666 35.000000 -1.164686
      vertex -4.346666 37.000000 -1.164686
    endloop
  endfacet
  facet normal 0.953717 0.000000 0.300706
    outer loop
      vertex -4.346666 37.000000 -1.164686
      vertex -4.346666 35.000000 -1.164686
      vertex -4.228617 35.000000 -1.539091
    endloop
  endfacet
  facet normal 0.953717 0.000000 0.300706
    outer loop
      vertex -4.346666 37.000000 -1.164686
      vertex -4.228617 35.000000 -1.539091
      vertex -4.228617 37.000000 -1.539091
    endloop
  endfacet
  facet normal 0.923880 0.000000 0.382683
    outer loop
      vertex -4.228617 37.000000 -1.539091
      vertex -4.228617 35.000000 -1.539091
      vertex -4.078385 35.000000 -1.901782
    endloop
  endfacet
  facet normal 0.923880 0.000000 0.382683
    outer loop
      vertex -4.228617 37.000000 -1.539091
      vertex -4.078385 35.000000 -1.901782
      vertex -4.078385 37.000000 -1.901782
    endloop
  endfacet
  facet normal 0.887011 0.000000 0.461749
    outer loop
      vertex -4.078385 37.000000 -1.901782
      vertex -4.078385 35.000000 -1.901782
      vertex -3.897114 35.000000 -2.250000
    endloop
  endfacet
  facet normal 0.887011 0.000000 0.461749
    outer loop
      vertex -4.078385 37.000000 -1.901782
      vertex -3.897114 35.000000 -2.250000
      vertex -3.897114 37.000000 -2.250000
    endloop
  endfacet
  facet normal 0.843391 0.000000 0.537300
    outer loop
      vertex -3.897114 37.000000 -2.250000
      vertex -3.897114 35.000000 -2.250000
      vertex -3.686184 35.000000 -2.581094
    endloop
  endfacet
  facet normal 0.843391 0.000000 0.537300
    outer loop
      vertex -3.897114 37.000000 -2.250000
      vertex -3.686184 35.000000 -2.581094
      vertex -3.686184 37.000000 -2.581094
    endloop
  endfacet
  facet normal 0.793353 0.000000 0.608761
    outer loop
      vertex -3.686184 37.000000 -2.581094
      vertex -3.686184 35.000000 -2.581094
      vertex -3.447200 35.000000 -2.892544
    endloop
  endfacet
  facet normal 0.793353 0.000000 0.608761
    outer loop
      vertex -3.686184 37.000000 -2.581094
      vertex -3.447200 35.000000 -2.892544
      vertex -3.447200 37.000000 -2.892544
    endloop
  endfacet
  facet normal 0.737277 0.000000 0.675590
    outer loop
      vertex -3.447200 37.000000 -2.892544
      vertex -3.447200 35.000000 -2.892544
      vertex -3.181981 35.000000 -3.181981
    endloop
  endfacet
  facet normal 0.737277 0.000000 0.675590
    outer loop
      vertex -3.447200 37.000000 -2.892544
      vertex -3.181981 35.000000 -3.181981
      vertex -3.181981 37.000000 -3.181981
    endloop
  endfacet
  facet normal 0.675590 0.000000 0.737277
    outer loop
      vertex -3.181981 37.000000 -3.181981
      vertex -3.181981 35.000000 -3.181981
      vertex -2.892544 35.000000 -3.447200
    endloop
  endfacet
  facet normal 0.675590 0.000000 0.737277
    outer loop
      vertex -3.181981 37.000000 -3.181981
      vertex -2.892544 35.000000 -3.447200
      vertex -2.892544 37.000000 -3.447200
    endloop
  endfacet
  facet normal 0.608761 0.000000 0.793353
    outer loop
      vertex -2.892544 37.000000 -3.447200
      vertex -2.892544 35.000000 -3.447200
      vertex -2.581094 35.000000 -3.686184
    endloop
  endfacet
  facet normal 0.608761 0.000000 0.793353
    outer loop
      vertex -2.892544 37.000000 -3.447200
      vertex -2.581094 35.000000 -3.686184
      vertex -2.581094 37.000000 -3.686184
    endloop
  endfacet
  facet normal 0.537300 0.000000 0.843391
    outer loop
      vertex -2.581094 37.000000 -3.686184
      vertex -2.581094 35.000000 -3.686184
      vertex -2.250000 35.000000 -3.897114
    endloop
  endfacet
  facet normal 0.537300 0.000000 0.843391
    outer loop
      vertex -2.581094 37.000000 -3.686184
      vertex -2.250000 35.000000 -3.897114
      vertex -2.250000 37.000000 -3.897114
    endloop
  endfacet
  facet normal 0.461749 0.000000 0.887011
    outer loop
      vertex -2.250000 37.000000 -3.897114
      vertex -2.250000 35.000000 -3.897114
      vertex -1.901782 35.000000 -4.078385
    endloop
  endfacet
  facet normal 0.461749 0.000000 0.887011
    outer loop
      vertex -2.250000 37.000000 -3.897114
      vertex -1.901782 35.000000 -4.078385
      vertex -1.901782 37.000000 -4.078385
    endloop
  endfacet
  facet normal 0.382683 0.000000 0.923880
    outer loop
      vertex -1.901782 37.000000 -4.078385
      vertex -1.901782 35.000000 -4.078385
      vertex -1.539091 35.000000 -4.228617
    endloop
  endfacet
  facet normal 0.382683 0.000000 0.923880
    outer loop
      vertex -1.901782 37.000000 -4.078385
      vertex -1.539091 35.000000 -4.228617
      vertex -1.539091 37.000000 -4.228617
    endloop
  endfacet
  facet normal 0.300706 0.000000 0.953717
    outer loop
      vertex -1.539091 37.000000 -4.228617
      vertex -1.539091 35.000000 -4.228617
      vertex -1.164686 35.000000 -4.346666
    endloop
  endfacet
  facet normal 0.300706 0.000000 0.953717
    outer loop
      vertex -1.539091 37.000000 -4.228617
      vertex -1.164686 35.000000 -4.346666
      vertex -1.164686 37.000000 -4.346666
    endloop
  endfacet
  facet normal 0.216440 0.000000 0.976296
    outer loop
      vertex -1.164686 37.000000 -4.346666
      vertex -1.164686 35.000000 -4.346666
      vertex -0.781417 35.000000 -4.431635
    endloop
  endfacet
  facet normal 0.216440 0.000000 0.976296
    outer loop
      vertex -1.164686 37.000000 -4.346666
      vertex -0.781417 35.000000 -4.431635
      vertex -0.781417 37.000000 -4.431635
    endloop
  endfacet
  facet normal 0.130526 0.000000 0.991445
    outer loop
      vertex -0.781417 37.000000 -4.431635
      vertex -0.781417 35.000000 -4.431635
      vertex -0.392201 35.000000 -4.482876
    endloop
  endfacet
  facet normal 0.130526 0.000000 0.991445
    outer loop
      vertex -0.781417 37.000000 -4.431635
      vertex -0.392201 35.000000 -4.482876
      vertex -0.392201 37.000000 -4.482876
    endloop
  endfacet
  facet normal 0.043619 0.000000 0.999048
    outer loop
      vertex -0.392201 37.000000 -4.482876
      vertex -0.392201 35.000000 -4.482876
      vertex -0.000000 35.000000 -4.500000
    endloop
  endfacet
  facet normal 0.043619 0.000000 0.999048
    outer loop
      vertex -0.392201 37.000000 -4.482876
      vertex -0.000000 35.000000 -4.500000
      vertex -0.000000 37.000000 -4.500000
    endloop
  endfacet
  facet normal -0.043619 0.000000 0.999048
    outer loop
      vertex -0.000000 37.000000 -4.500000
      vertex -0.000000 35.000000 -4.500000
      vertex 0.392201 35.000000 -4.482876
    endloop
  endfacet
  facet normal -0.043619 0.000000 0.999048
    outer loop
      vertex -0.000000 37.000000 -4.500000
      vertex 0.392201 35.000000 -4.482876
      vertex 0.392201 37.000000 -4.482876
    endloop
  endfacet
  facet normal -0.130526 0.000000 0.991445
    outer loop
      vertex 0.392201 37.000000 -4.482876
      vertex 0.392201 35.000000 -4.482876
      vertex 0.781417 35.000000 -4.431635
    endloop
  endfacet
  facet normal -0.130526 0.000000 0.991445
    outer loop
      vertex 0.392201 37.000000 -4.482876
      vertex 0.781417 35.000000 -4.431635
      vertex 0.781417 37.000000 -4.431635
    endloop
  endfacet
  facet normal -0.216440 0.000000 0.976296
    outer loop
      vertex 0.781417 37.000000 -4.431635
      vertex 0.781417 35.000000 -4.431635
      vertex 1.164686 35.000000 -4.346666
    endloop
  endfacet
  facet normal -0.216440 0.000000 0.976296
    outer loop
      vertex 0.781417 37.000000 -4.431635
      vertex 1.164686 35.000000 -4.346666
      vertex 1.164686 37.000000 -4.346666
    endloop
  endfacet
  facet normal -0.300706 0.000000 0.953717
    outer loop
      vertex 1.164686 37.000000 -4.346666
      vertex 1.164686 35.000000 -4.346666
      vertex 1.539091 35.000000 -4.228617
    endloop
  endfacet
  facet normal -0.300706 0.000000 0.953717
    outer loop
      vertex 1.164686 37.000000 -4.346666
      vertex 1.539091 35.000000 -4.228617
      vertex 1.539091 37.000000 -4.228617
    endloop
  endfacet
  facet normal -0.382683 0.000000 0.923880
    outer loop
      vertex 1.539091 37.000000 -4.228617
      vertex 1.539091 35.000000 -4.228617
      vertex 1.901782 35.000000 -4.078385
    endloop
  endfacet
  facet normal -0.382683 0.000000 0.923880
    outer loop
      vertex 1.539091 37.000000 -4.228617
      vertex 1.901782 35.000000 -4.078385
      vertex 1.901782 37.000000 -4.078385
    endloop
  endfacet
  facet normal -0.461749 0.000000 0.887011
    outer loop
      vertex 1.901782 37.000000 -4.078385
      vertex 1.901782 35.000000 -4.078385
      vertex 2.250000 35.000000 -3.897114
    endloop
  endfacet
  facet normal -0.461749 0.000000 0.887011
    outer loop
      vertex 1.901782 37.000000 -4.078385
      vertex 2.250000 35.000000 -3.897114
      vertex 2.250000 37.000000 -3.897114
    endloop
  endfacet
  facet normal -0.537300 0.000000 0.843391
    outer loop
      vertex 2.250000 37.000000 -3.897114
      vertex 2.250000 35.000000 -3.897114
      vertex 2.581094 35.000000 -3.686184
    endloop
  endfacet
  facet normal -0.537300 0.000000 0.843391
    outer loop
      vertex 2.250000 37.000000 -3.897114
      vertex 2.581094 35.000000 -3.686184
      vertex 2.581094 37.000000 -3.686184
    endloop
  endfacet
  facet normal -0.608761 0.000000 0.793353
    outer loop
      vertex 2.581094 37.000000 -3.686184
      vertex 2.581094 35.000000 -3.686184
      vertex 2.892544 35.000000 -3.447200
    endloop
  endfacet
  facet normal -0.608761 0.000000 0.793353
    outer loop
      vertex 2.581094 37.000000 -3.686184
      vertex 2.892544 35.000000 -3.447200
      vertex 2.892544 37.000000 -3.447200
    endloop
  endfacet
  facet normal -0.675590 0.000000 0.737277
    outer loop
      vertex 2.892544 37.000000 -3.447200
      vertex 2.892544 35.000000 -3.447200
      vertex 3.181981 35.000000 -3.181981
    endloop
  endfacet
  facet normal -0.675590 0.000000 0.737277
    outer loop
      vertex 2.892544 37.000000 -3.447200
      vertex 3.181981 35.000000 -3.181981
      vertex 3.181981 37.000000 -3.181981
    endloop
  endfacet
  facet normal -0.737277 0.000000 0.675590
    outer loop
      vertex 3.181981 37.000000 -3.181981
      vertex 3.181981 35.000000 -3.181981
      vertex 3.447200 35.000000 -2.892544
    endloop
  endfacet
  facet normal -0.737277 0.000000 0.675590
    outer loop
      vertex 3.181981 37.000000 -3.181981
      vertex 3.447200 35.000000 -2.892544
      vertex 3.447200 37.000000 -2.892544
    endloop
  endfacet
  facet normal -0.793353 0.000000 0.608761
    outer loop
      vertex 3.447200 37.000000 -2.892544
      vertex 3.447200 35.000000 -2.892544
      vertex 3.686184 35.000000 -2.581094
    endloop
  endfacet
  facet normal -0.793353 0.000000 0.608761
    outer loop
      vertex 3.447200 37.000000 -2.892544
      vertex 3.686184 35.000000 -2.581094
      vertex 3.686184 37.000000 -2.581094
    endloop
  endfacet
  facet normal -0.843391 0.000000 0.537300
    outer loop
      vertex 3.686184 37.000000 -2.581094
      vertex 3.686184 35.000000 -2.581094
      vertex 3.897114 35.000000 -2.250000
    endloop
  endfacet
  facet normal -0.843391 0.000000 0.537300
    outer loop
      vertex 3.686184 37.000000 -2.581094
      vertex 3.897114 35.000000 -2.250000
      vertex 3.897114 37.000000 -2.250000
    endloop
  endfacet
  facet normal -0.887011 0.000000 0.461749
    outer loop
      vertex 3.897114 37.000000 -2.250000
      vertex 3.897114 35.000000 -2.250000
      vertex 4.078385 35.000000 -1.901782
    endloop
  endfacet
  facet normal -0.887011 0.000000 0.461749
    outer loop
      vertex 3.897114 37.000000 -2.250000
      vertex 4.078385 35.000000 -1.901782
      vertex 4.078385 37.000000 -1.901782
    endloop
  endfacet
  facet normal -0.923880 0.000000 0.382683
    outer loop
      vertex 4.078385 37.000000 -1.901782
      vertex 4.078385 35.000000 -1.901782
      vertex 4.228617 35.000000 -1.539091
    endloop
  endfacet
  facet normal -0.923880 0.000000 0.382683
    outer loop
      vertex 4.078385 37.000000 -1.901782
      vertex 4.228617 35.000000 -1.539091
      vertex 4.228617 37.000000 -1.539091
    endloop
  endfacet
  facet normal -0.953717 0.000000 0.300706
    outer loop
      vertex 4.228617 37.000000 -1.539091
      vertex 4.228617 35.000000 -1.539091
      vertex 4.346666 35.000000 -1.164686
    endloop
  endfacet
  facet normal -0.953717 0.000000 0.300706
    outer loop
      vertex 4.228617 37.000000 -1.539091
      vertex 4.346666 35.000000 -1.164686
      vertex 4.346666 37.000000 -1.164686
    endloop
  endfacet
  facet normal -0.976296 0.000000 0.216440
    outer loop
      vertex 4.346666 37.000000 -1.164686
      vertex 4.346666 35.000000 -1.164686
      vertex 4.431635 35.000000 -0.781417
    endloop
  endfacet
  facet normal -0.976296 0.000000 0.216440
    outer loop
      vertex 4.346666 37.000000 -1.164686
      vertex 4.431635 35.000000 -0.781417
      vertex 4.431635 37.000000 -0.781417
    endloop
  endfacet
  facet normal -0.991445 0.000000 0.130526
    outer loop
      vertex 4.431635 37.000000 -0.781417
      vertex 4.431635 35.000000 -0.781417
      vertex 4.482876 35.000000 -0.392201
    endloop
  endfacet
  facet normal -0.991445 0.000000 0.130526
    outer loop
      vertex 4.431635 37.000000 -0.781417
      vertex 4.482876 35.000000 -0.392201
      vertex 4.482876 37.000000 -0.392201
    endloop
  endfacet
  facet normal -0.999048 0.000000 0.043619
    outer loop
      vertex 4.482876 37.000000 -0.392201
      vertex 4.482876 35.000000 -0.392201
      vertex 4.500000 35.000000 0.000000
    endloop
  endfacet
  facet normal -0.999048 0.000000 0.043619
    outer loop
      vertex 4.482876 37.000000 -0.392201
      vertex 4.500000 35.000000 0.000000
      vertex 4.500000 37.000000 0.000000
    endloop
  endfacet
  facet normal -0.796516 0.603616 -0.034777
    outer loop
      vertex 0.001000 37.000000 0.000000
      vertex 0.000996 37.000000 0.000087
      vertex 0.427700 37.565217 0.037419
    endloop
  endfacet
  facet normal -0.796516 0.603616 -0.034777
    outer loop
      vertex 0.001000 37.000000 0.000000
      vertex 0.427700 37.565217 0.037419
      vertex 0.429333 37.565217 0.000000
    endloop
  endfacet
  facet normal -0.790454 0.603616 -0.104065
    outer loop
      vertex 0.000996 37.000000 0.000087
      vertex 0.000985 37.000000 0.000174
      vertex 0.422811 37.565217 0.074553
    endloop
  endfacet
  facet normal -0.790454 0.603616 -0.104065
    outer loop
      vertex 0.000996 37.000000 0.000087
      vertex 0.422811 37.565217 0.074553
      vertex 0.427700 37.565217 0.037419
    endloop
  endfacet
  facet normal -0.778376 0.603616 -0.172562
    outer loop
      vertex 0.000985 37.000000 0.000174
      vertex 0.000966 37.000000 0.000259
      vertex 0.414704 37.565217 0.111120
    endloop
  endfacet
  facet normal -0.778376 0.603616 -0.172562
    outer loop
      vertex 0.000985 37.000000 0.000174
      vertex 0.414704 37.565217 0.111120
      vertex 0.422811 37.565217 0.074553
    endloop
  endfacet
  facet normal -0.760375 0.603616 -0.239745
    outer loop
      vertex 0.000966 37.000000 0.000259
      vertex 0.000940 37.000000 0.000342
      vertex 0.403441 37.565217 0.146841
    endloop
  endfacet
  facet normal -0.760375 0.603616 -0.239745
    outer loop
      vertex 0.000966 37.000000 0.000259
      vertex 0.403441 37.565217 0.146841
      vertex 0.414704 37.565217 0.111120
    endloop
  endfacet
  facet normal -0.736586 0.603616 -0.305104
    outer loop
      vertex 0.000940 37.000000 0.000342
      vertex 0.000906 37.000000 0.000423
      vertex 0.389108 37.565217 0.181444
    endloop
  endfacet
  facet normal -0.736586 0.603616 -0.305104
    outer loop
      vertex 0.000940 37.000000 0.000342
      vertex 0.389108 37.565217 0.181444
      vertex 0.403441 37.565217 0.146841
    endloop
  endfacet
  facet normal -0.707191 0.603616 -0.368141
    outer loop
      vertex 0.000906 37.000000 0.000423
      vertex 0.000866 37.000000 0.000500
      vertex 0.371814 37.565217 0.214667
    endloop
  endfacet
  facet normal -0.707191 0.603616 -0.368141
    outer loop
      vertex 0.000906 37.000000 0.000423
      vertex 0.371814 37.565217 0.214667
      vertex 0.389108 37.565217 0.181444
    endloop
  endfacet
  facet normal -0.672415 0.603616 -0.428376
    outer loop
      vertex 0.000866 37.000000 0.000500
      vertex 0.000819 37.000000 0.000574
      vertex 0.351689 37.565217 0.246256
    endloop
  endfacet
  facet normal -0.672415 0.603616 -0.428376
    outer loop
      vertex 0.000866 37.000000 0.000500
      vertex 0.351689 37.565217 0.246256
      vertex 0.371814 37.565217 0.214667
    endloop
  endfacet
  facet normal -0.632521 0.603616 -0.485350
    outer loop
      vertex 0.000819 37.000000 0.000574
      vertex 0.000766 37.000000 0.000643
      vertex 0.328888 37.565217 0.275970
    endloop
  endfacet
  facet normal -0.632521 0.603616 -0.485350
    outer loop
      vertex 0.000819 37.000000 0.000574
      vertex 0.328888 37.565217 0.275970
      vertex 0.351689 37.565217 0.246256
    endloop
  endfacet
  facet normal -0.587813 0.603616 -0.538631
    outer loop
      vertex 0.000766 37.000000 0.000643
      vertex 0.000707 37.000000 0.000707
      vertex 0.303585 37.565217 0.303585
    endloop
  endfacet
  facet normal -0.587813 0.603616 -0.538631
    outer loop
      vertex 0.000766 37.000000 0.000643
      vertex 0.303585 37.565217 0.303585
      vertex 0.328888 37.565217 0.275970
    endloop
  endfacet
  facet normal -0.538631 0.603616 -0.587813
    outer loop
      vertex 0.000707 37.000000 0.000707
      vertex 0.000643 37.000000 0.000766
      vertex 0.275970 37.565217 0.328888
    endloop
  endfacet
  facet normal -0.538631 0.603616 -0.587813
    outer loop
      vertex 0.000707 37.000000 0.000707
      vertex 0.275970 37.565217 0.328888
      vertex 0.303585 37.565217 0.303585
    endloop
  endfacet
  facet normal -0.485350 0.603616 -0.632521
    outer loop
      vertex 0.000643 37.000000 0.000766
      vertex 0.000574 37.000000 0.000819
      vertex 0.246256 37.565217 0.351689
    endloop
  endfacet
  facet normal -0.485350 0.603616 -0.632521
    outer loop
      vertex 0.000643 37.000000 0.000766
      vertex 0.246256 37.565217 0.351689
      vertex 0.275970 37.565217 0.328888
    endloop
  endfacet
  facet normal -0.428376 0.603616 -0.672415
    outer loop
      vertex 0.000574 37.000000 0.000819
      vertex 0.000500 37.000000 0.000866
      vertex 0.214667 37.565217 0.371814
    endloop
  endfacet
  facet normal -0.428376 0.603616 -0.672415
    outer loop
      vertex 0.000574 37.000000 0.000819
      vertex 0.214667 37.565217 0.371814
      vertex 0.246256 37.565217 0.351689
    endloop
  endfacet
  facet normal -0.368141 0.603616 -0.707191
    outer loop
      vertex 0.000500 37.000000 0.000866
      vertex 0.000423 37.000000 0.000906
      vertex 0.181444 37.565217 0.389108
    endloop
  endfacet
  facet normal -0.368141 0.603616 -0.707191
    outer loop
      vertex 0.000500 37.000000 0.000866
      vertex 0.181444 37.565217 0.389108
      vertex 0.214667 37.565217 0.371814
    endloop
  endfacet
  facet normal -0.305104 0.603616 -0.736586
    outer loop
      vertex 0.000423 37.000000 0.000906
      vertex 0.000342 37.000000 0.000940
      vertex 0.146841 37.565217 0.403441
    endloop
  endfacet
  facet normal -0.305104 0.603616 -0.736586
    outer loop
      vertex 0.000423 37.000000 0.000906
      vertex 0.146841 37.565217 0.403441
      vertex 0.181444 37.565217 0.389108
    endloop
  endfacet
  facet normal -0.239745 0.603616 -0.760375
    outer loop
      vertex 0.000342 37.000000 0.000940
      vertex 0.000259 37.000000 0.000966
      vertex 0.111120 37.565217 0.414704
    endloop
  endfacet
  facet normal -0.239745 0.603616 -0.760375
    outer loop
      vertex 0.000342 37.000000 0.000940
      vertex 0.111120 37.565217 0.414704
      vertex 0.146841 37.565217 0.403441
    endloop
  endfacet
  facet normal -0.172562 0.603616 -0.778376
    outer loop
      vertex 0.000259 37.000000 0.000966
      vertex 0.000174 37.000000 0.000985
      vertex 0.074553 37.565217 0.422811
    endloop
  endfacet
  facet normal -0.172562 0.603616 -0.778376
    outer loop
      vertex 0.000259 37.000000 0.000966
      vertex 0.074553 37.565217 0.422811
      vertex 0.111120 37.565217 0.414704
    endloop
  endfacet
  facet normal -0.104065 0.603616 -0.790454
    outer loop
      vertex 0.000174 37.000000 0.000985
      vertex 0.000087 37.000000 0.000996
      vertex 0.037419 37.565217 0.427700
    endloop
  endfacet
  facet normal -0.104065 0.603616 -0.790454
    outer loop
      vertex 0.000174 37.000000 0.000985
      vertex 0.037419 37.565217 0.427700
      vertex 0.074553 37.565217 0.422811
    endloop
  endfacet
  facet normal -0.034777 0.603616 -0.796516
    outer loop
      vertex 0.000087 37.000000 0.000996
      vertex 0.000000 37.000000 0.001000
      vertex 0.000000 37.565217 0.429333
    endloop
  endfacet
  facet normal -0.034777 0.603616 -0.796516
    outer loop
      vertex 0.000087 37.000000 0.000996
      vertex 0.000000 37.565217 0.429333
      vertex 0.037419 37.565217 0.427700
    endloop
  endfacet
  facet normal 0.034777 0.603616 -0.796516
    outer loop
      vertex 0.000000 37.000000 0.001000
      vertex -0.000087 37.000000 0.000996
      vertex -0.037419 37.565217 0.427700
    endloop
  endfacet
  facet normal 0.034777 0.603616 -0.796516
    outer loop
      vertex 0.000000 37.000000 0.001000
      vertex -0.037419 37.565217 0.427700
      vertex 0.000000 37.565217 0.429333
    endloop
  endfacet
  facet normal 0.104065 0.603616 -0.790454
    outer loop
      vertex -0.000087 37.000000 0.000996
      vertex -0.000174 37.000000 0.000985
      vertex -0.074553 37.565217 0.422811
    endloop
  endfacet
  facet normal 0.104065 0.603616 -0.790454
    outer loop
      vertex -0.000087 37.000000 0.000996
      vertex -0.074553 37.565217 0.422811
      vertex -0.037419 37.565217 0.427700
    endloop
  endfacet
  facet normal 0.172562 0.603616 -0.778376
    outer loop
      vertex -0.000174 37.000000 0.000985
      vertex -0.000259 37.000000 0.000966
      vertex -0.111120 37.565217 0.414704
    endloop
  endfacet
  facet normal 0.172562 0.603616 -0.778376
    outer loop
      vertex -0.000174 37.000000 0.000985
      vertex -0.111120 37.565217 0.414704
      vertex -0.074553 37.565217 0.422811
    endloop
  endfacet
  facet normal 0.239745 0.603616 -0.760375
    outer loop
      vertex -0.000259 37.000000 0.000966
      vertex -0.000342 37.000000 0.000940
      vertex -0.146841 37.565217 0.403441
    endloop
  endfacet
  facet normal 0.239745 0.603616 -0.760375
    outer loop
      vertex -0.000259 37.000000 0.000966
      vertex -0.146841 37.565217 0.403441
      vertex -0.111120 37.565217 0.414704
    endloop
  endfacet
  facet normal 0.305104 0.603616 -0.736586
    outer loop
      vertex -0.000342 37.000000 0.000940
      vertex -0.000423 37.000000 0.000906
      vertex -0.181444 37.565217 0.389108
    endloop
  endfacet
  facet normal 0.305104 0.603616 -0.736586
    outer loop
      vertex -0.000342 37.000000 0.000940
      vertex -0.181444 37.565217 0.389108
      vertex -0.146841 37.565217 0.403441
    endloop
  endfacet
  facet normal 0.368141 0.603616 -0.707191
    outer loop
      vertex -0.000423 37.000000 0.000906
      vertex -0.000500 37.000000 0.000866
      vertex -0.214667 37.565217 0.371814
    endloop
  endfacet
  facet normal 0.368141 0.603616 -0.707191
    outer loop
      vertex -0.000423 37.000000 0.000906
      vertex -0.214667 37.565217 0.371814
      vertex -0.181444 37.565217 0.389108
    endloop
  endfacet
  facet normal 0.428376 0.603616 -0.672415
    outer loop
      vertex -0.000500 37.000000 0.000866
      vertex -0.000574 37.000000 0.000819
      vertex -0.246256 37.565217 0.351689
    endloop
  endfacet
  facet normal 0.428376 0.603616 -0.672415
    outer loop
      vertex -0.000500 37.000000 0.000866
      vertex -0.246256 37.565217 0.351689
      vertex -0.214667 37.565217 0.371814
    endloop
  endfacet
  facet normal 0.485350 0.603616 -0.632521
    outer loop
      vertex -0.000574 37.000000 0.000819
      vertex -0.000643 37.000000 0.000766
      vertex -0.275970 37.565217 0.328888
    endloop
  endfacet
  facet normal 0.485350 0.603616 -0.632521
    outer loop
      vertex -0.000574 37.000000 0.000819
      vertex -0.275970 37.565217 0.328888
      vertex -0.246256 37.565217 0.351689
    endloop
  endfacet
  facet normal 0.538631 0.603616 -0.587813
    outer loop
      vertex -0.000643 37.000000 0.000766
      vertex -0.000707 37.000000 0.000707
      vertex -0.303585 37.565217 0.303585
    endloop
  endfacet
  facet normal 0.538631 0.603616 -0.587813
    outer loop
      vertex -0.000643 37.000000 0.000766
      vertex -0.303585 37.565217 0.303585
      vertex -0.275970 37.565217 0.328888
    endloop
  endfacet
  facet normal 0.587813 0.603616 -0.538631
    outer loop
      vertex -0.000707 37.000000 0.000707
      vertex -0.000766 37.000000 0.000643
      vertex -0.328888 37.565217 0.275970
    endloop
  endfacet
  facet normal 0.587813 0.603616 -0.538631
    outer loop
      vertex -0.000707 37.000000 0.000707
      vertex -0.328888 37.565217 0.275970
      vertex -0.303585 37.565217 0.303585
    endloop
  endfacet
  facet normal 0.632521 0.603616 -0.485350
    outer loop
      vertex -0.000766 37.000000 0.000643
      vertex -0.000819 37.000000 0.000574
      vertex -0.351689 37.565217 0.246256
    endloop
  endfacet
  facet normal 0.632521 0.603616 -0.485350
    outer loop
      vertex -0.000766 37.000000 0.000643
      vertex -0.351689 37.565217 0.246256
      vertex -0.328888 37.565217 0.275970
    endloop
  endfacet
  facet normal 0.672415 0.603616 -0.428376
    outer loop
      vertex -0.000819 37.000000 0.000574
      vertex -0.000866 37.000000 0.000500
      vertex -0.371814 37.565217 0.214667
    endloop
  endfacet
  facet normal 0.672415 0.603616 -0.428376
    outer loop
      vertex -0.000819 37.000000 0.000574
      vertex -0.371814 37.565217 0.214667
      vertex -0.351689 37.565217 0.246256
    endloop
  endfacet
  facet normal 0.707191 0.603616 -0.368141
    outer loop
      vertex -0.000866 37.000000 0.000500
      vertex -0.000906 37.000000 0.000423
      vertex -0.389108 37.565217 0.181444
    endloop
  endfacet
  facet normal 0.707191 0.603616 -0.368141
    outer loop
      vertex -0.000866 37.000000 0.000500
      vertex -0.389108 37.565217 0.181444
      vertex -0.371814 37.565217 0.214667
    endloop
  endfacet
  facet normal 0.736586 0.603616 -0.305104
    outer loop
      vertex -0.000906 37.000000 0.000423
      vertex -0.000940 37.000000 0.000342
      vertex -0.403441 37.565217 0.146841
    endloop
  endfacet
  facet normal 0.736586 0.603616 -0.305104
    outer loop
      vertex -0.000906 37.000000 0.000423
      vertex -0.403441 37.565217 0.146841
      vertex -0.389108 37.565217 0.181444
    endloop
  endfacet
  facet normal 0.760375 0.603616 -0.239745
    outer loop
      vertex -0.000940 37.000000 0.000342
      vertex -0.000966 37.000000 0.000259
      vertex -0.414704 37.565217 0.111120
    endloop
  endfacet
  facet normal 0.760375 0.603616 -0.239745
    outer loop
      vertex -0.000940 37.000000 0.000342
      vertex -0.414704 37.565217 0.111120
      vertex -0.403441 37.565217 0.146841
    endloop
  endfacet
  facet normal 0.778376 0.603616 -0.172562
    outer loop
      vertex -0.000966 37.000000 0.000259
      vertex -0.000985 37.000000 0.000174
      vertex -0.422811 37.565217 0.074553
    endloop
  endfacet
  facet normal 0.778376 0.603616 -0.172562
    outer loop
      vertex -0.000966 37.000000 0.000259
      vertex -0.422811 37.565217 0.074553
      vertex -0.414704 37.565217 0.111120
    endloop
  endfacet
  facet normal 0.790454 0.603616 -0.104065
    outer loop
      vertex -0.000985 37.000000 0.000174
      vertex -0.000996 37.000000 0.000087
      vertex -0.427700 37.565217 0.037419
    endloop
  endfacet
  facet normal 0.790454 0.603616 -0.104065
    outer loop
      vertex -0.000985 37.000000 0.000174
      vertex -0.427700 37.565217 0.037419
      vertex -0.422811 37.565217 0.074553
    endloop
  endfacet
  facet normal 0.796516 0.603616 -0.034777
    outer loop
      vertex -0.000996 37.000000 0.000087
      vertex -0.001000 37.000000 0.000000
      vertex -0.429333 37.565217 0.000000
    endloop
  endfacet
  facet normal 0.796516 0.603616 -0.034777
    outer loop
      vertex -0.000996 37.000000 0.000087
      vertex -0.429333 37.565217 0.000000
      vertex -0.427700 37.565217 0.037419
    endloop
  endfacet
  facet normal 0.796516 0.603616 0.034777
    outer loop
      vertex -0.001000 37.000000 0.000000
      vertex -0.000996 37.000000 -0.000087
      vertex -0.427700 37.565217 -0.037419
    endloop
  endfacet
  facet normal 0.796516 0.603616 0.034777
    outer loop
      vertex -0.001000 37.000000 0.000000
      vertex -0.427700 37.565217 -0.037419
      vertex -0.429333 37.565217 0.000000
    endloop
  endfacet
  facet normal 0.790454 0.603616 0.104065
    outer loop
      vertex -0.000996 37.000000 -0.000087
      vertex -0.000985 37.000000 -0.000174
      vertex -0.422811 37.565217 -0.074553
    endloop
  endfacet
  facet normal 0.790454 0.603616 0.104065
    outer loop
      vertex -0.000996 37.000000 -0.000087
      vertex -0.422811 37.565217 -0.074553
      vertex -0.427700 37.565217 -0.037419
    endloop
  endfacet
  facet normal 0.778376 0.603616 0.172562
    outer loop
      vertex -0.000985 37.000000 -0.000174
      vertex -0.000966 37.000000 -0.000259
      vertex -0.414704 37.565217 -0.111120
    endloop
  endfacet
  facet normal 0.778376 0.603616 0.172562
    outer loop
      vertex -0.000985 37.000000 -0.000174
      vertex -0.414704 37.565217 -0.111120
      vertex -0.422811 37.565217 -0.074553
    endloop
  endfacet
  facet normal 0.760375 0.603616 0.239745
    outer loop
      vertex -0.000966 37.000000 -0.000259
      vertex -0.000940 37.000000 -0.000342
      vertex -0.403441 37.565217 -0.146841
    endloop
  endfacet
  facet normal 0.760375 0.603616 0.239745
    outer loop
      vertex -0.000966 37.000000 -0.000259
      vertex -0.403441 37.565217 -0.146841
      vertex -0.414704 37.565217 -0.111120
    endloop
  endfacet
  facet normal 0.736586 0.603616 0.305104
    outer loop
      vertex -0.000940 37.000000 -0.000342
      vertex -0.000906 37.000000 -0.000423
      vertex -0.389108 37.565217 -0.181444
    endloop
  endfacet
  facet normal 0.736586 0.603616 0.305104
    outer loop
      vertex -0.000940 37.000000 -0.000342
      vertex -0.389108 37.565217 -0.181444
      vertex -0.403441 37.565217 -0.146841
    endloop
  endfacet
  facet normal 0.707191 0.603616 0.368141
    outer loop
      vertex -0.000906 37.000000 -0.000423
      vertex -0.000866 37.000000 -0.000500
      vertex -0.371814 37.565217 -0.214667
    endloop
  endfacet
  facet normal 0.707191 0.603616 0.368141
    outer loop
      vertex -0.000906 37.000000 -0.000423
      vertex -0.371814 37.565217 -0.214667
      vertex -0.389108 37.565217 -0.181444
    endloop
  endfacet
  facet normal 0.672415 0.603616 0.428376
    outer loop
      vertex -0.000866 37.000000 -0.000500
      vertex -0.000819 37.000000 -0.000574
      vertex -0.351689 37.565217 -0.246256
    endloop
  endfacet
  facet normal 0.672415 0.603616 0.428376
    outer loop
      vertex -0.000866 37.000000 -0.000500
      vertex -0.351689 37.565217 -0.246256
      vertex -0.371814 37.565217 -0.214667
    endloop
  endfacet
  facet normal 0.632521 0.603616 0.485350
    outer loop
      vertex -0.000819 37.000000 -0.000574
      vertex -0.000766 37.000000 -0.000643
      vertex -0.328888 37.565217 -0.275970
    endloop
  endfacet
  facet normal 0.632521 0.603616 0.485350
    outer loop
      vertex -0.000819 37.000000 -0.000574
      vertex -0.328888 37.565217 -0.275970
      vertex -0.351689 37.565217 -0.246256
    endloop
  endfacet
  facet normal 0.587813 0.603616 0.538631
    outer loop
      vertex -0.000766 37.000000 -0.000643
      vertex -0.000707 37.000000 -0.000707
      vertex -0.303585 37.565217 -0.303585
    endloop
  endfacet
  facet normal 0.587813 0.603616 0.538631
    outer loop
      vertex -0.000766 37.000000 -0.000643
      vertex -0.303585 37.565217 -0.303585
      vertex -0.328888 37.565217 -0.275970
    endloop
  endfacet
  facet normal 0.538631 0.603616 0.587813
    outer loop
      vertex -0.000707 37.000000 -0.000707
      vertex -0.000643 37.000000 -0.000766
      vertex -0.275970 37.565217 -0.328888
    endloop
  endfacet
  facet normal 0.538631 0.603616 0.587813
    outer loop
      vertex -0.000707 37.000000 -0.000707
      vertex -0.275970 37.565217 -0.328888
      vertex -0.303585 37.565217 -0.303585
    endloop
  endfacet
  facet normal 0.485350 0.603616 0.632521
    outer loop
      vertex -0.000643 37.000000 -0.000766
      vertex -0.000574 37.000000 -0.000819
      vertex -0.246256 37.565217 -0.351689
    endloop
  endfacet
  facet normal 0.485350 0.603616 0.632521
    outer loop
      vertex -0.000643 37.000000 -0.000766
      vertex -0.246256 37.565217 -0.351689
      vertex -0.275970 37.565217 -0.328888
    endloop
  endfacet
  facet normal 0.428376 0.603616 0.672415
    outer loop
      vertex -0.000574 37.000000 -0.000819
      vertex -0.000500 37.000000 -0.000866
      vertex -0.214667 37.565217 -0.371814
    endloop
  endfacet
  facet normal 0.428376 0.603616 0.672415
    outer loop
      vertex -0.000574 37.000000 -0.000819
      vertex -0.214667 37.565217 -0.371814
      vertex -0.246256 37.565217 -0.351689
    endloop
  endfacet
  facet normal 0.368141 0.603616 0.707191
    outer loop
      vertex -0.000500 37.000000 -0.000866
      vertex -0.000423 37.000000 -0.000906
      vertex -0.181444 37.565217 -0.389108
    endloop
  endfacet
  facet normal 0.368141 0.603616 0.707191
    outer loop
      vertex -0.000500 37.000000 -0.000866
      vertex -0.181444 37.565217 -0.389108
      vertex -0.214667 37.565217 -0.371814
    endloop
  endfacet
  facet normal 0.305104 0.603616 0.736586
    outer loop
      vertex -0.000423 37.000000 -0.000906
      vertex -0.000342 37.000000 -0.000940
      vertex -0.146841 37.565217 -0.403441
    endloop
  endfacet
  facet normal 0.305104 0.603616 0.736586
    outer loop
      vertex -0.000423 37.000000 -0.000906
      vertex -0.146841 37.565217 -0.403441
      vertex -0.181444 37.565217 -0.389108
    endloop
  endfacet
  facet normal 0.239745 0.603616 0.760375
    outer loop
      vertex -0.000342 37.000000 -0.000940
      vertex -0.000259 37.000000 -0.000966
      vertex -0.111120 37.565217 -0.414704
    endloop
  endfacet
  facet normal 0.239745 0.603616 0.760375
    outer loop
      vertex -0.000342 37.000000 -0.000940
      vertex -0.111120 37.565217 -0.414704
      vertex -0.146841 37.565217 -0.403441
    endloop
  endfacet
  facet normal 0.172562 0.603616 0.778376
    outer loop
      vertex -0.000259 37.000000 -0.000966
      vertex -0.000174 37.000000 -0.000985
      vertex -0.074553 37.565217 -0.422811
    endloop
  endfacet
  facet normal 0.172562 0.603616 0.778376
    outer loop
      vertex -0.000259 37.000000 -0.000966
      vertex -0.074553 37.565217 -0.422811
      vertex -0.111120 37.565217 -0.414704
    endloop
  endfacet
  facet normal 0.104065 0.603616 0.790454
    outer loop
      vertex -0.000174 37.000000 -0.000985
      vertex -0.000087 37.000000 -0.000996
      vertex -0.037419 37.565217 -0.427700
    endloop
  endfacet
  facet normal 0.104065 0.603616 0.790454
    outer loop
      vertex -0.000174 37.000000 -0.000985
      vertex -0.037419 37.565217 -0.427700
      vertex -0.074553 37.565217 -0.422811
    endloop
  endfacet
  facet normal 0.034777 0.603616 0.796516
    outer loop
      vertex -0.000087 37.000000 -0.000996
      vertex -0.000000 37.000000 -0.001000
      vertex -0.000000 37.565217 -0.429333
    endloop
  endfacet
  facet normal 0.034777 0.603616 0.796516
    outer loop
      vertex -0.000087 37.000000 -0.000996
      vertex -0.000000 37.565217 -0.429333
      vertex -0.037419 37.565217 -0.427700
    endloop
  endfacet
  facet normal -0.034777 0.603616 0.796516
    outer loop
      vertex -0.000000 37.000000 -0.001000
      vertex 0.000087 37.000000 -0.000996
      vertex 0.037419 37.565217 -0.427700
    endloop
  endfacet
  facet normal -0.034777 0.603616 0.796516
    outer loop
      vertex -0.000000 37.000000 -0.001000
      vertex 0.037419 37.565217 -0.427700
      vertex -0.000000 37.565217 -0.429333
    endloop
  endfacet
  facet normal -0.104065 0.603616 0.790454
    outer loop
      vertex 0.000087 37.000000 -0.000996
      vertex 0.000174 37.000000 -0.000985
      vertex 0.074553 37.565217 -0.422811
    endloop
  endfacet
  facet normal -0.104065 0.603616 0.790454
    outer loop
      vertex 0.000087 37.000000 -0.000996
      vertex 0.074553 37.565217 -0.422811
      vertex 0.037419 37.565217 -0.427700
    endloop
  endfacet
  facet normal -0.172562 0.603616 0.778376
    outer loop
      vertex 0.000174 37.000000 -0.000985
      vertex 0.000259 37.000000 -0.000966
      vertex 0.111120 37.565217 -0.414704
    endloop
  endfacet
  facet normal -0.172562 0.603616 0.778376
    outer loop
      vertex 0.000174 37.000000 -0.000985
      vertex 0.111120 37.565217 -0.414704
      vertex 0.074553 37.565217 -0.422811
    endloop
  endfacet
  facet normal -0.239745 0.603616 0.760375
    outer loop
      vertex 0.000259 37.000000 -0.000966
      vertex 0.000342 37.000000 -0.000940
      vertex 0.146841 37.565217 -0.403441
    endloop
  endfacet
  facet normal -0.239745 0.603616 0.760375
    outer loop
      vertex 0.000259 37.000000 -0.000966
      vertex 0.146841 37.565217 -0.403441
      vertex 0.111120 37.565217 -0.414704
    endloop
  endfacet
  facet normal -0.305104 0.603616 0.736586
    outer loop
      vertex 0.000342 37.000000 -0.000940
      vertex 0.000423 37.000000 -0.000906
      vertex 0.181444 37.565217 -0.389108
    endloop
  endfacet
  facet normal -0.305104 0.603616 0.736586
    outer loop
      vertex 0.000342 37.000000 -0.000940
      vertex 0.181444 37.565217 -0.389108
      vertex 0.146841 37.565217 -0.403441
    endloop
  endfacet
  facet normal -0.368141 0.603616 0.707191
    outer loop
      vertex 0.000423 37.000000 -0.000906
      vertex 0.000500 37.000000 -0.000866
      vertex 0.214667 37.565217 -0.371814
    endloop
  endfacet
  facet normal -0.368141 0.603616 0.707191
    outer loop
      vertex 0.000423 37.000000 -0.000906
      vertex 0.214667 37.565217 -0.371814
      vertex 0.181444 37.565217 -0.389108
    endloop
  endfacet
  facet normal -0.428376 0.603616 0.672415
    outer loop
      vertex 0.000500 37.000000 -0.000866
      vertex 0.000574 37.000000 -0.000819
      vertex 0.246256 37.565217 -0.351689
    endloop
  endfacet
  facet normal -0.428376 0.603616 0.672415
    outer loop
      vertex 0.000500 37.000000 -0.000866
      vertex 0.246256 37.565217 -0.351689
      vertex 0.214667 37.565217 -0.371814
    endloop
  endfacet
  facet normal -0.485350 0.603616 0.632521
    outer loop
      vertex 0.000574 37.000000 -0.000819
      vertex 0.000643 37.000000 -0.000766
      vertex 0.275970 37.565217 -0.328888
    endloop
  endfacet
  facet normal -0.485350 0.603616 0.632521
    outer loop
      vertex 0.000574 37.000000 -0.000819
      vertex 0.275970 37.565217 -0.328888
      vertex 0.246256 37.565217 -0.351689
    endloop
  endfacet
  facet normal -0.538631 0.603616 0.587813
    outer loop
      vertex 0.000643 37.000000 -0.000766
      vertex 0.000707 37.000000 -0.000707
      vertex 0.303585 37.565217 -0.303585
    endloop
  endfacet
  facet normal -0.538631 0.603616 0.587813
    outer loop
      vertex 0.000643 37.000000 -0.000766
      vertex 0.303585 37.565217 -0.303585
      vertex 0.275970 37.565217 -0.328888
    endloop
  endfacet
  facet normal -0.587813 0.603616 0.538631
    outer loop
      vertex 0.000707 37.000000 -0.000707
      vertex 0.000766 37.000000 -0.000643
      vertex 0.328888 37.565217 -0.275970
    endloop
  endfacet
  facet normal -0.587813 0.603616 0.538631
    outer loop
      vertex 0.000707 37.000000 -0.000707
      vertex 0.328888 37.565217 -0.275970
      vertex 0.303585 37.565217 -0.303585
    endloop
  endfacet
  facet normal -0.632521 0.603616 0.485350
    outer loop
      vertex 0.000766 37.000000 -0.000643
      vertex 0.000819 37.000000 -0.000574
      vertex 0.351689 37.565217 -0.246256
    endloop
  endfacet
  facet normal -0.632521 0.603616 0.485350
    outer loop
      vertex 0.000766 37.000000 -0.000643
      vertex 0.351689 37.565217 -0.246256
      vertex 0.328888 37.565217 -0.275970
    endloop
  endfacet
  facet normal -0.672415 0.603616 0.428376
    outer loop
      vertex 0.000819 37.000000 -0.000574
      vertex 0.000866 37.000000 -0.000500
      vertex 0.371814 37.565217 -0.214667
    endloop
  endfacet
  facet normal -0.672415 0.603616 0.428376
    outer loop
      vertex 0.000819 37.000000 -0.000574
      vertex 0.371814 37.565217 -0.214667
      vertex 0.351689 37.565217 -0.246256
    endloop
  endfacet
  facet normal -0.707191 0.603616 0.368141
    outer loop
      vertex 0.000866 37.000000 -0.000500
      vertex 0.000906 37.000000 -0.000423
      vertex 0.389108 37.565217 -0.181444
    endloop
  endfacet
  facet normal -0.707191 0.603616 0.368141
    outer loop
      vertex 0.000866 37.000000 -0.000500
      vertex 0.389108 37.565217 -0.181444
      vertex 0.371814 37.565217 -0.214667
    endloop
  endfacet
  facet normal -0.736586 0.603616 0.305104
    outer loop
      vertex 0.000906 37.000000 -0.000423
      vertex 0.000940 37.000000 -0.000342
      vertex 0.403441 37.565217 -0.146841
    endloop
  endfacet
  facet normal -0.736586 0.603616 0.305104
    outer loop
      vertex 0.000906 37.000000 -0.000423
      vertex 0.403441 37.565217 -0.146841
      vertex 0.389108 37.565217 -0.181444
    endloop
  endfacet
  facet normal -0.760375 0.603616 0.239745
    outer loop
      vertex 0.000940 37.000000 -0.000342
      vertex 0.000966 37.000000 -0.000259
      vertex 0.414704 37.565217 -0.111120
    endloop
  endfacet
  facet normal -0.760375 0.603616 0.239745
    outer loop
      vertex 0.000940 37.000000 -0.000342
      vertex 0.414704 37.565217 -0.111120
      vertex 0.403441 37.565217 -0.146841
    endloop
  endfacet
  facet normal -0.778376 0.603616 0.172562
    outer loop
      vertex 0.000966 37.000000 -0.000259
      vertex 0.000985 37.000000 -0.000174
      vertex 0.422811 37.565217 -0.074553
    endloop
  endfacet
  facet normal -0.778376 0.603616 0.172562
    outer loop
      vertex 0.000966 37.000000 -0.000259
      vertex 0.422811 37.565217 -0.074553
      vertex 0.414704 37.565217 -0.111120
    endloop
  endfacet
  facet normal -0.790454 0.603616 0.104065
    outer loop
      vertex 0.000985 37.000000 -0.000174
      vertex 0.000996 37.000000 -0.000087
      vertex 0.427700 37.565217 -0.037419
    endloop
  endfacet
  facet normal -0.790454 0.603616 0.104065
    outer loop
      vertex 0.000985 37.000000 -0.000174
      vertex 0.427700 37.565217 -0.037419
      vertex 0.422811 37.565217 -0.074553
    endloop
  endfacet
  facet normal -0.796516 0.603616 0.034777
    outer loop
      vertex 0.000996 37.000000 -0.000087
      vertex 0.001000 37.000000 0.000000
      vertex 0.429333 37.565217 0.000000
    endloop
  endfacet
  facet normal -0.796516 0.603616 0.034777
    outer loop
      vertex 0.000996 37.000000 -0.000087
      vertex 0.429333 37.565217 0.000000
      vertex 0.427700 37.565217 -0.037419
    endloop
  endfacet
  facet normal -0.815527 0.577622 -0.035607
    outer loop
      vertex 0.429333 37.565217 0.000000
      vertex 0.427700 37.565217 0.037419
      vertex 0.826509 38.130435 0.072310
    endloop
  endfacet
  facet normal -0.815527 0.577622 -0.035607
    outer loop
      vertex 0.429333 37.565217 0.000000
      vertex 0.826509 38.130435 0.072310
      vertex 0.829666 38.130435 0.000000
    endloop
  endfacet
  facet normal -0.809320 0.577622 -0.106549
    outer loop
      vertex 0.427700 37.565217 0.037419
      vertex 0.422811 37.565217 0.074553
      vertex 0.817062 38.130435 0.144070
    endloop
  endfacet
  facet normal -0.809320 0.577622 -0.106549
    outer loop
      vertex 0.427700 37.565217 0.037419
      vertex 0.817062 38.130435 0.144070
      vertex 0.826509 38.130435 0.072310
    endloop
  endfacet
  facet normal -0.796954 0.577622 -0.176681
    outer loop
      vertex 0.422811 37.565217 0.074553
      vertex 0.414704 37.565217 0.111120
      vertex 0.801396 38.130435 0.214733
    endloop
  endfacet
  facet normal -0.796954 0.577622 -0.176681
    outer loop
      vertex 0.422811 37.565217 0.074553
      vertex 0.801396 38.130435 0.214733
      vertex 0.817062 38.130435 0.144070
    endloop
  endfacet
  facet normal -0.778523 0.577622 -0.245467
    outer loop
      vertex 0.414704 37.565217 0.111120
      vertex 0.403441 37.565217 0.146841
      vertex 0.779631 38.130435 0.283763
    endloop
  endfacet
  facet normal -0.778523 0.577622 -0.245467
    outer loop
      vertex 0.414704 37.565217 0.111120
      vertex 0.779631 38.130435 0.283763
      vertex 0.801396 38.130435 0.214733
    endloop
  endfacet
  facet normal -0.754167 0.577622 -0.312386
    outer loop
      vertex 0.403441 37.565217 0.146841
      vertex 0.389108 37.565217 0.181444
      vertex 0.751933 38.130435 0.350632
    endloop
  endfacet
  facet normal -0.754167 0.577622 -0.312386
    outer loop
      vertex 0.403441 37.565217 0.146841
      vertex 0.751933 38.130435 0.350632
      vertex 0.779631 38.130435 0.283763
    endloop
  endfacet
  facet normal -0.724071 0.577622 -0.376927
    outer loop
      vertex 0.389108 37.565217 0.181444
      vertex 0.371814 37.565217 0.214667
      vertex 0.718512 38.130435 0.414833
    endloop
  endfacet
  facet normal -0.724071 0.577622 -0.376927
    outer loop
      vertex 0.389108 37.565217 0.181444
      vertex 0.718512 38.130435 0.414833
      vertex 0.751933 38.130435 0.350632
    endloop
  endfacet
  facet normal -0.688464 0.577622 -0.438600
    outer loop
      vertex 0.371814 37.565217 0.214667
      vertex 0.351689 37.565217 0.246256
      vertex 0.679623 38.130435 0.475877
    endloop
  endfacet
  facet normal -0.688464 0.577622 -0.438600
    outer loop
      vertex 0.371814 37.565217 0.214667
      vertex 0.679623 38.130435 0.475877
      vertex 0.718512 38.130435 0.414833
    endloop
  endfacet
  facet normal -0.647618 0.577622 -0.496934
    outer loop
      vertex 0.351689 37.565217 0.246256
      vertex 0.328888 37.565217 0.275970
      vertex 0.635561 38.130435 0.533299
    endloop
  endfacet
  facet normal -0.647618 0.577622 -0.496934
    outer loop
      vertex 0.351689 37.565217 0.246256
      vertex 0.635561 38.130435 0.533299
      vertex 0.679623 38.130435 0.475877
    endloop
  endfacet
  facet normal -0.601843 0.577622 -0.551487
    outer loop
      vertex 0.328888 37.565217 0.275970
      vertex 0.303585 37.565217 0.303585
      vertex 0.586663 38.130435 0.586663
    endloop
  endfacet
  facet normal -0.601843 0.577622 -0.551487
    outer loop
      vertex 0.328888 37.565217 0.275970
      vertex 0.586663 38.130435 0.586663
      vertex 0.635561 38.130435 0.533299
    endloop
  endfacet
  facet normal -0.551487 0.577622 -0.601843
    outer loop
      vertex 0.303585 37.565217 0.303585
      vertex 0.275970 37.565217 0.328888
      vertex 0.533299 38.130435 0.635561
    endloop
  endfacet
  facet normal -0.551487 0.577622 -0.601843
    outer loop
      vertex 0.303585 37.565217 0.303585
      vertex 0.533299 38.130435 0.635561
      vertex 0.586663 38.130435 0.586663
    endloop
  endfacet
  facet normal -0.496934 0.577622 -0.647618
    outer loop
      vertex 0.275970 37.565217 0.328888
      vertex 0.246256 37.565217 0.351689
      vertex 0.475877 38.130435 0.679623
    endloop
  endfacet
  facet normal -0.496934 0.577622 -0.647618
    outer loop
      vertex 0.275970 37.565217 0.328888
      vertex 0.475877 38.130435 0.679623
      vertex 0.533299 38.130435 0.635561
    endloop
  endfacet
  facet normal -0.438600 0.577622 -0.688464
    outer loop
      vertex 0.246256 37.565217 0.351689
      vertex 0.214667 37.565217 0.371814
      vertex 0.414833 38.130435 0.718512
    endloop
  endfacet
  facet normal -0.438600 0.577622 -0.688464
    outer loop
      vertex 0.246256 37.565217 0.351689
      vertex 0.414833 38.130435 0.718512
      vertex 0.475877 38.130435 0.679623
    endloop
  endfacet
  facet normal -0.376927 0.577622 -0.724071
    outer loop
      vertex 0.214667 37.565217 0.371814
      vertex 0.181444 37.565217 0.389108
      vertex 0.350632 38.130435 0.751933
    endloop
  endfacet
  facet normal -0.376927 0.577622 -0.724071
    outer loop
      vertex 0.214667 37.565217 0.371814
      vertex 0.350632 38.130435 0.751933
      vertex 0.414833 38.130435 0.718512
    endloop
  endfacet
  facet normal -0.312386 0.577622 -0.754167
    outer loop
      vertex 0.181444 37.565217 0.389108
      vertex 0.146841 37.565217 0.403441
      vertex 0.283763 38.130435 0.779631
    endloop
  endfacet
  facet normal -0.312386 0.577622 -0.754167
    outer loop
      vertex 0.181444 37.565217 0.389108
      vertex 0.283763 38.130435 0.779631
      vertex 0.350632 38.130435 0.751933
    endloop
  endfacet
  facet normal -0.245467 0.577622 -0.778523
    outer loop
      vertex 0.146841 37.565217 0.403441
      vertex 0.111120 37.565217 0.414704
      vertex 0.214733 38.130435 0.801396
    endloop
  endfacet
  facet normal -0.245467 0.577622 -0.778523
    outer loop
      vertex 0.146841 37.565217 0.403441
      vertex 0.214733 38.130435 0.801396
      vertex 0.283763 38.130435 0.779631
    endloop
  endfacet
  facet normal -0.176681 0.577622 -0.796954
    outer loop
      vertex 0.111120 37.565217 0.414704
      vertex 0.074553 37.565217 0.422811
      vertex 0.144070 38.130435 0.817062
    endloop
  endfacet
  facet normal -0.176681 0.577622 -0.796954
    outer loop
      vertex 0.111120 37.565217 0.414704
      vertex 0.144070 38.130435 0.817062
      vertex 0.214733 38.130435 0.801396
    endloop
  endfacet
  facet normal -0.106549 0.577622 -0.809320
    outer loop
      vertex 0.074553 37.565217 0.422811
      vertex 0.037419 37.565217 0.427700
      vertex 0.072310 38.130435 0.826509
    endloop
  endfacet
  facet normal -0.106549 0.577622 -0.809320
    outer loop
      vertex 0.074553 37.565217 0.422811
      vertex 0.072310 38.130435 0.826509
      vertex 0.144070 38.130435 0.817062
    endloop
  endfacet
  facet normal -0.035607 0.577622 -0.815527
    outer loop
      vertex 0.037419 37.565217 0.427700
      vertex 0.000000 37.565217 0.429333
      vertex 0.000000 38.130435 0.829666
    endloop
  endfacet
  facet normal -0.035607 0.577622 -0.815527
    outer loop
      vertex 0.037419 37.565217 0.427700
      vertex 0.000000 38.130435 0.829666
      vertex 0.072310 38.130435 0.826509
    endloop
  endfacet
  facet normal 0.035607 0.577622 -0.815527
    outer loop
      vertex 0.000000 37.565217 0.429333
      vertex -0.037419 37.565217 0.427700
      vertex -0.072310 38.130435 0.826509
    endloop
  endfacet
  facet normal 0.035607 0.577622 -0.815527
    outer loop
      vertex 0.000000 37.565217 0.429333
      vertex -0.072310 38.130435 0.826509
      vertex 0.000000 38.130435 0.829666
    endloop
  endfacet
  facet normal 0.106549 0.577622 -0.809320
    outer loop
      vertex -0.037419 37.565217 0.427700
      vertex -0.074553 37.565217 0.422811
      vertex -0.144070 38.130435 0.817062
    endloop
  endfacet
  facet normal 0.106549 0.577622 -0.809320
    outer loop
      vertex -0.037419 37.565217 0.427700
      vertex -0.144070 38.130435 0.817062
      vertex -0.072310 38.130435 0.826509
    endloop
  endfacet
  facet normal 0.176681 0.577622 -0.796954
    outer loop
      vertex -0.074553 37.565217 0.422811
      vertex -0.111120 37.565217 0.414704
      vertex -0.214733 38.130435 0.801396
    endloop
  endfacet
  facet normal 0.176681 0.577622 -0.796954
    outer loop
      vertex -0.074553 37.565217 0.422811
      vertex -0.214733 38.130435 0.801396
      vertex -0.144070 38.130435 0.817062
    endloop
  endfacet
  facet normal 0.245467 0.577622 -0.778523
    outer loop
      vertex -0.111120 37.565217 0.414704
      vertex -0.146841 37.565217 0.403441
      vertex -0.283763 38.130435 0.779631
    endloop
  endfacet
  facet normal 0.245467 0.577622 -0.778523
    outer loop
      vertex -0.111120 37.565217 0.414704
      vertex -0.283763 38.130435 0.779631
      vertex -0.214733 38.130435 0.801396
    endloop
  endfacet
  facet normal 0.312386 0.577622 -0.754167
    outer loop
      vertex -0.146841 37.565217 0.403441
      vertex -0.181444 37.565217 0.389108
      vertex -0.350632 38.130435 0.751933
    endloop
  endfacet
  facet normal 0.312386 0.577622 -0.754167
    outer loop
      vertex -0.146841 37.565217 0.403441
      vertex -0.350632 38.130435 0.751933
      vertex -0.283763 38.130435 0.779631
    endloop
  endfacet
  facet normal 0.376927 0.577622 -0.724071
    outer loop
      vertex -0.181444 37.565217 0.389108
      vertex -0.214667 37.565217 0.371814
      vertex -0.414833 38.130435 0.718512
    endloop
  endfacet
  facet normal 0.376927 0.577622 -0.724071
    outer loop
      vertex -0.181444 37.565217 0.389108
      vertex -0.414833 38.130435 0.718512
      vertex -0.350632 38.130435 0.751933
    endloop
  endfacet
  facet normal 0.438600 0.577622 -0.688464
    outer loop
      vertex -0.214667 37.565217 0.371814
      vertex -0.246256 37.565217 0.351689
      vertex -0.475877 38.130435 0.679623
    endloop
  endfacet
  facet normal 0.438600 0.577622 -0.688464
    outer loop
      vertex -0.214667 37.565217 0.371814
      vertex -0.475877 38.130435 0.679623
      vertex -0.414833 38.130435 0.718512
    endloop
  endfacet
  facet normal 0.496934 0.577622 -0.647618
    outer loop
      vertex -0.246256 37.565217 0.351689
      vertex -0.275970 37.565217 0.328888
      vertex -0.533299 38.130435 0.635561
    endloop
  endfacet
  facet normal 0.496934 0.577622 -0.647618
    outer loop
      vertex -0.246256 37.565217 0.351689
      vertex -0.533299 38.130435 0.635561
      vertex -0.475877 38.130435 0.679623
    endloop
  endfacet
  facet normal 0.551487 0.577622 -0.601843
    outer loop
      vertex -0.275970 37.565217 0.328888
      vertex -0.303585 37.565217 0.303585
      vertex -0.586663 38.130435 0.586663
    endloop
  endfacet
  facet normal 0.551487 0.577622 -0.601843
    outer loop
      vertex -0.275970 37.565217 0.328888
      vertex -0.586663 38.130435 0.586663
      vertex -0.533299 38.130435 0.635561
    endloop
  endfacet
  facet normal 0.601843 0.577622 -0.551487
    outer loop
      vertex -0.303585 37.565217 0.303585
      vertex -0.328888 37.565217 0.275970
      vertex -0.635561 38.130435 0.533299
    endloop
  endfacet
  facet normal 0.601843 0.577622 -0.551487
    outer loop
      vertex -0.303585 37.565217 0.303585
      vertex -0.635561 38.130435 0.533299
      vertex -0.586663 38.130435 0.586663
    endloop
  endfacet
  facet normal 0.647618 0.577622 -0.496934
    outer loop
      vertex -0.328888 37.565217 0.275970
      vertex -0.351689 37.565217 0.246256
      vertex -0.679623 38.130435 0.475877
    endloop
  endfacet
  facet normal 0.647618 0.577622 -0.496934
    outer loop
      vertex -0.328888 37.565217 0.275970
      vertex -0.679623 38.130435 0.475877
      vertex -0.635561 38.130435 0.533299
    endloop
  endfacet
  facet normal 0.688464 0.577622 -0.438600
    outer loop
      vertex -0.351689 37.565217 0.246256
      vertex -0.371814 37.565217 0.214667
      vertex -0.718512 38.130435 0.414833
    endloop
  endfacet
  facet normal 0.688464 0.577622 -0.438600
    outer loop
      vertex -0.351689 37.565217 0.246256
      vertex -0.718512 38.130435 0.414833
      vertex -0.679623 38.130435 0.475877
    endloop
  endfacet
  facet normal 0.724071 0.577622 -0.376927
    outer loop
      vertex -0.371814 37.565217 0.214667
      vertex -0.389108 37.565217 0.181444
      vertex -0.751933 38.130435 0.350632
    endloop
  endfacet
  facet normal 0.724071 0.577622 -0.376927
    outer loop
      vertex -0.371814 37.565217 0.214667
      vertex -0.751933 38.130435 0.350632
      vertex -0.718512 38.130435 0.414833
    endloop
  endfacet
  facet normal 0.754167 0.577622 -0.312386
    outer loop
      vertex -0.389108 37.565217 0.181444
      vertex -0.403441 37.565217 0.146841
      vertex -0.779631 38.130435 0.283763
    endloop
  endfacet
  facet normal 0.754167 0.577622 -0.312386
    outer loop
      vertex -0.389108 37.565217 0.181444
      vertex -0.779631 38.130435 0.283763
      vertex -0.751933 38.130435 0.350632
    endloop
  endfacet
  facet normal 0.778523 0.577622 -0.245467
    outer loop
      vertex -0.403441 37.565217 0.146841
      vertex -0.414704 37.565217 0.111120
      vertex -0.801396 38.130435 0.214733
    endloop
  endfacet
  facet normal 0.778523 0.577622 -0.245467
    outer loop
      vertex -0.403441 37.565217 0.146841
      vertex -0.801396 38.130435 0.214733
      vertex -0.779631 38.130435 0.283763
    endloop
  endfacet
  facet normal 0.796954 0.577622 -0.176681
    outer loop
      vertex -0.414704 37.565217 0.111120
      vertex -0.422811 37.565217 0.074553
      vertex -0.817062 38.130435 0.144070
    endloop
  endfacet
  facet normal 0.796954 0.577622 -0.176681
    outer loop
      vertex -0.414704 37.565217 0.111120
      vertex -0.817062 38.130435 0.144070
      vertex -0.801396 38.130435 0.214733
    endloop
  endfacet
  facet normal 0.809320 0.577622 -0.106549
    outer loop
      vertex -0.422811 37.565217 0.074553
      vertex -0.427700 37.565217 0.037419
      vertex -0.826509 38.130435 0.072310
    endloop
  endfacet
  facet normal 0.809320 0.577622 -0.106549
    outer loop
      vertex -0.422811 37.565217 0.074553
      vertex -0.826509 38.130435 0.072310
      vertex -0.817062 38.130435 0.144070
    endloop
  endfacet
  facet normal 0.815527 0.577622 -0.035607
    outer loop
      vertex -0.427700 37.565217 0.037419
      vertex -0.429333 37.565217 0.000000
      vertex -0.829666 38.130435 0.000000
    endloop
  endfacet
  facet normal 0.815527 0.577622 -0.035607
    outer loop
      vertex -0.427700 37.565217 0.037419
      vertex -0.829666 38.130435 0.000000
      vertex -0.826509 38.130435 0.072310
    endloop
  endfacet
  facet normal 0.815527 0.577622 0.035607
    outer loop
      vertex -0.429333 37.565217 0.000000
      vertex -0.427700 37.565217 -0.037419
      vertex -0.826509 38.130435 -0.072310
    endloop
  endfacet
  facet normal 0.815527 0.577622 0.035607
    outer loop
      vertex -0.429333 37.565217 0.000000
      vertex -0.826509 38.130435 -0.072310
      vertex -0.829666 38.130435 0.000000
    endloop
  endfacet
  facet normal 0.809320 0.577622 0.106549
    outer loop
      vertex -0.427700 37.565217 -0.037419
      vertex -0.422811 37.565217 -0.074553
      vertex -0.817062 38.130435 -0.144070
    endloop
  endfacet
  facet normal 0.809320 0.577622 0.106549
    outer loop
      vertex -0.427700 37.565217 -0.037419
      vertex -0.817062 38.130435 -0.144070
      vertex -0.826509 38.130435 -0.072310
    endloop
  endfacet
  facet normal 0.796954 0.577622 0.176681
    outer loop
      vertex -0.422811 37.565217 -0.074553
      vertex -0.414704 37.565217 -0.111120
      vertex -0.801396 38.130435 -0.214733
    endloop
  endfacet
  facet normal 0.796954 0.577622 0.176681
    outer loop
      vertex -0.422811 37.565217 -0.074553
      vertex -0.801396 38.130435 -0.214733
      vertex -0.817062 38.130435 -0.144070
    endloop
  endfacet
  facet normal 0.778523 0.577622 0.245467
    outer loop
      vertex -0.414704 37.565217 -0.111120
      vertex -0.403441 37.565217 -0.146841
      vertex -0.779631 38.130435 -0.283763
    endloop
  endfacet
  facet normal 0.778523 0.577622 0.245467
    outer loop
      vertex -0.414704 37.565217 -0.111120
      vertex -0.779631 38.130435 -0.283763
      vertex -0.801396 38.130435 -0.214733
    endloop
  endfacet
  facet normal 0.754167 0.577622 0.312386
    outer loop
      vertex -0.403441 37.565217 -0.146841
      vertex -0.389108 37.565217 -0.181444
      vertex -0.751933 38.130435 -0.350632
    endloop
  endfacet
  facet normal 0.754167 0.577622 0.312386
    outer loop
      vertex -0.403441 37.565217 -0.146841
      vertex -0.751933 38.130435 -0.350632
      vertex -0.779631 38.130435 -0.283763
    endloop
  endfacet
  facet normal 0.724071 0.577622 0.376927
    outer loop
      vertex -0.389108 37.565217 -0.181444
      vertex -0.371814 37.565217 -0.214667
      vertex -0.718512 38.130435 -0.414833
    endloop
  endfacet
  facet normal 0.724071 0.577622 0.376927
    outer loop
      vertex -0.389108 37.565217 -0.181444
      vertex -0.718512 38.130435 -0.414833
      vertex -0.751933 38.130435 -0.350632
    endloop
  endfacet
  facet normal 0.688464 0.577622 0.438600
    outer loop
      vertex -0.371814 37.565217 -0.214667
      vertex -0.351689 37.565217 -0.246256
      vertex -0.679623 38.130435 -0.475877
    endloop
  endfacet
  facet normal 0.688464 0.577622 0.438600
    outer loop
      vertex -0.371814 37.565217 -0.214667
      vertex -0.679623 38.130435 -0.475877
      vertex -0.718512 38.130435 -0.414833
    endloop
  endfacet
  facet normal 0.647618 0.577622 0.496934
    outer loop
      vertex -0.351689 37.565217 -0.246256
      vertex -0.328888 37.565217 -0.275970
      vertex -0.635561 38.130435 -0.533299
    endloop
  endfacet
  facet normal 0.647618 0.577622 0.496934
    outer loop
      vertex -0.351689 37.565217 -0.246256
      vertex -0.635561 38.130435 -0.533299
      vertex -0.679623 38.130435 -0.475877
    endloop
  endfacet
  facet normal 0.601843 0.577622 0.551487
    outer loop
      vertex -0.328888 37.565217 -0.275970
      vertex -0.303585 37.565217 -0.303585
      vertex -0.586663 38.130435 -0.586663
    endloop
  endfacet
  facet normal 0.601843 0.577622 0.551487
    outer loop
      vertex -0.328888 37.565217 -0.275970
      vertex -0.586663 38.130435 -0.586663
      vertex -0.635561 38.130435 -0.533299
    endloop
  endfacet
  facet normal 0.551487 0.577622 0.601843
    outer loop
      vertex -0.303585 37.565217 -0.303585
      vertex -0.275970 37.565217 -0.328888
      vertex -0.533299 38.130435 -0.635561
    endloop
  endfacet
  facet normal 0.551487 0.577622 0.601843
    outer loop
      vertex -0.303585 37.565217 -0.303585
      vertex -0.533299 38.130435 -0.635561
      vertex -0.586663 38.130435 -0.586663
    endloop
  endfacet
  facet normal 0.496934 0.577622 0.647618
    outer loop
      vertex -0.275970 37.565217 -0.328888
      vertex -0.246256 37.565217 -0.351689
      vertex -0.475877 38.130435 -0.679623
    endloop
  endfacet
  facet normal 0.496934 0.577622 0.647618
    outer loop
      vertex -0.275970 37.565217 -0.328888
      vertex -0.475877 38.130435 -0.679623
      vertex -0.533299 38.130435 -0.635561
    endloop
  endfacet
  facet normal 0.438600 0.577622 0.688464
    outer loop
      vertex -0.246256 37.565217 -0.351689
      vertex -0.214667 37.565217 -0.371814
      vertex -0.414833 38.130435 -0.718512
    endloop
  endfacet
  facet normal 0.438600 0.577622 0.688464
    outer loop
      vertex -0.246256 37.565217 -0.351689
      vertex -0.414833 38.130435 -0.718512
      vertex -0.475877 38.130435 -0.679623
    endloop
  endfacet
  facet normal 0.376927 0.577622 0.724071
    outer loop
      vertex -0.214667 37.565217 -0.371814
      vertex -0.181444 37.565217 -0.389108
      vertex -0.350632 38.130435 -0.751933
    endloop
  endfacet
  facet normal 0.376927 0.577622 0.724071
    outer loop
      vertex -0.214667 37.565217 -0.371814
      vertex -0.350632 38.130435 -0.751933
      vertex -0.414833 38.130435 -0.718512
    endloop
  endfacet
  facet normal 0.312386 0.577622 0.754167
    outer loop
      vertex -0.181444 37.565217 -0.389108
      vertex -0.146841 37.565217 -0.403441
      vertex -0.283763 38.130435 -0.779631
    endloop
  endfacet
  facet normal 0.312386 0.577622 0.754167
    outer loop
      vertex -0.181444 37.565217 -0.389108
      vertex -0.283763 38.130435 -0.779631
      vertex -0.350632 38.130435 -0.751933
    endloop
  endfacet
  facet normal 0.245467 0.577622 0.778523
    outer loop
      vertex -0.146841 37.565217 -0.403441
      vertex -0.111120 37.565217 -0.414704
      vertex -0.214733 38.130435 -0.801396
    endloop
  endfacet
  facet normal 0.245467 0.577622 0.778523
    outer loop
      vertex -0.146841 37.565217 -0.403441
      vertex -0.214733 38.130435 -0.801396
      vertex -0.283763 38.130435 -0.779631
    endloop
  endfacet
  facet normal 0.176681 0.577622 0.796954
    outer loop
      vertex -0.111120 37.565217 -0.414704
      vertex -0.074553 37.565217 -0.422811
      vertex -0.144070 38.130435 -0.817062
    endloop
  endfacet
  facet normal 0.176681 0.577622 0.796954
    outer loop
      vertex -0.111120 37.565217 -0.414704
      vertex -0.144070 38.130435 -0.817062
      vertex -0.214733 38.130435 -0.801396
    endloop
  endfacet
  facet normal 0.106549 0.577622 0.809320
    outer loop
      vertex -0.074553 37.565217 -0.422811
      vertex -0.037419 37.565217 -0.427700
      vertex -0.072310 38.130435 -0.826509
    endloop
  endfacet
  facet normal 0.106549 0.577622 0.809320
    outer loop
      vertex -0.074553 37.565217 -0.422811
      vertex -0.072310 38.130435 -0.826509
      vertex -0.144070 38.130435 -0.817062
    endloop
  endfacet
  facet normal 0.035607 0.577622 0.815527
    outer loop
      vertex -0.037419 37.565217 -0.427700
      vertex -0.000000 37.565217 -0.429333
      vertex -0.000000 38.130435 -0.829666
    endloop
  endfacet
  facet normal 0.035607 0.577622 0.815527
    outer loop
      vertex -0.037419 37.565217 -0.427700
      vertex -0.000000 38.130435 -0.829666
      vertex -0.072310 38.130435 -0.826509
    endloop
  endfacet
  facet normal -0.035607 0.577622 0.815527
    outer loop
      vertex -0.000000 37.565217 -0.429333
      vertex 0.037419 37.565217 -0.427700
      vertex 0.072310 38.130435 -0.826509
    endloop
  endfacet
  facet normal -0.035607 0.577622 0.815527
    outer loop
      vertex -0.000000 37.565217 -0.429333
      vertex 0.072310 38.130435 -0.826509
      vertex -0.000000 38.130435 -0.829666
    endloop
  endfacet
  facet normal -0.106549 0.577622 0.809320
    outer loop
      vertex 0.037419 37.565217 -0.427700
      vertex 0.074553 37.565217 -0.422811
      vertex 0.144070 38.130435 -0.817062
    endloop
  endfacet
  facet normal -0.106549 0.577622 0.809320
    outer loop
      vertex 0.037419 37.565217 -0.427700
      vertex 0.144070 38.130435 -0.817062
      vertex 0.072310 38.130435 -0.826509
    endloop
  endfacet
  facet normal -0.176681 0.577622 0.796954
    outer loop
      vertex 0.074553 37.565217 -0.422811
      vertex 0.111120 37.565217 -0.414704
      vertex 0.214733 38.130435 -0.801396
    endloop
  endfacet
  facet normal -0.176681 0.577622 0.796954
    outer loop
      vertex 0.074553 37.565217 -0.422811
      vertex 0.214733 38.130435 -0.801396
      vertex 0.144070 38.130435 -0.817062
    endloop
  endfacet
  facet normal -0.245467 0.577622 0.778523
    outer loop
      vertex 0.111120 37.565217 -0.414704
      vertex 0.146841 37.565217 -0.403441
      vertex 0.283763 38.130435 -0.779631
    endloop
  endfacet
  facet normal -0.245467 0.577622 0.778523
    outer loop
      vertex 0.111120 37.565217 -0.414704
      vertex 0.283763 38.130435 -0.779631
      vertex 0.214733 38.130435 -0.801396
    endloop
  endfacet
  facet normal -0.312386 0.577622 0.754167
    outer loop
      vertex 0.146841 37.565217 -0.403441
      vertex 0.181444 37.565217 -0.389108
      vertex 0.350632 38.130435 -0.751933
    endloop
  endfacet
  facet normal -0.312386 0.577622 0.754167
    outer loop
      vertex 0.146841 37.565217 -0.403441
      vertex 0.350632 38.130435 -0.751933
      vertex 0.283763 38.130435 -0.779631
    endloop
  endfacet
  facet normal -0.376927 0.577622 0.724071
    outer loop
      vertex 0.181444 37.565217 -0.389108
      vertex 0.214667 37.565217 -0.371814
      vertex 0.414833 38.130435 -0.718512
    endloop
  endfacet
  facet normal -0.376927 0.577622 0.724071
    outer loop
      vertex 0.181444 37.565217 -0.389108
      vertex 0.414833 38.130435 -0.718512
      vertex 0.350632 38.130435 -0.751933
    endloop
  endfacet
  facet normal -0.438600 0.577622 0.688464
    outer loop
      vertex 0.214667 37.565217 -0.371814
      vertex 0.246256 37.565217 -0.351689
      vertex 0.475877 38.130435 -0.679623
    endloop
  endfacet
  facet normal -0.438600 0.577622 0.688464
    outer loop
      vertex 0.214667 37.565217 -0.371814
      vertex 0.475877 38.130435 -0.679623
      vertex 0.414833 38.130435 -0.718512
    endloop
  endfacet
  facet normal -0.496934 0.577622 0.647618
    outer loop
      vertex 0.246256 37.565217 -0.351689
      vertex 0.275970 37.565217 -0.328888
      vertex 0.533299 38.130435 -0.635561
    endloop
  endfacet
  facet normal -0.496934 0.577622 0.647618
    outer loop
      vertex 0.246256 37.565217 -0.351689
      vertex 0.533299 38.130435 -0.635561
      vertex 0.475877 38.130435 -0.679623
    endloop
  endfacet
  facet normal -0.551487 0.577622 0.601843
    outer loop
      vertex 0.275970 37.565217 -0.328888
      vertex 0.303585 37.565217 -0.303585
      vertex 0.586663 38.130435 -0.586663
    endloop
  endfacet
  facet normal -0.551487 0.577622 0.601843
    outer loop
      vertex 0.275970 37.565217 -0.328888
      vertex 0.586663 38.130435 -0.586663
      vertex 0.533299 38.130435 -0.635561
    endloop
  endfacet
  facet normal -0.601843 0.577622 0.551487
    outer loop
      vertex 0.303585 37.565217 -0.303585
      vertex 0.328888 37.565217 -0.275970
      vertex 0.635561 38.130435 -0.533299
    endloop
  endfacet
  facet normal -0.601843 0.577622 0.551487
    outer loop
      vertex 0.303585 37.565217 -0.303585
      vertex 0.635561 38.130435 -0.533299
      vertex 0.586663 38.130435 -0.586663
    endloop
  endfacet
  facet normal -0.647618 0.577622 0.496934
    outer loop
      vertex 0.328888 37.565217 -0.275970
      vertex 0.351689 37.565217 -0.246256
      vertex 0.679623 38.130435 -0.475877
    endloop
  endfacet
  facet normal -0.647618 0.577622 0.496934
    outer loop
      vertex 0.328888 37.565217 -0.275970
      vertex 0.679623 38.130435 -0.475877
      vertex 0.635561 38.130435 -0.533299
    endloop
  endfacet
  facet normal -0.688464 0.577622 0.438600
    outer loop
      vertex 0.351689 37.565217 -0.246256
      vertex 0.371814 37.565217 -0.214667
      vertex 0.718512 38.130435 -0.414833
    endloop
  endfacet
  facet normal -0.688464 0.577622 0.438600
    outer loop
      vertex 0.351689 37.565217 -0.246256
      vertex 0.718512 38.130435 -0.414833
      vertex 0.679623 38.130435 -0.475877
    endloop
  endfacet
  facet normal -0.724071 0.577622 0.376927
    outer loop
      vertex 0.371814 37.565217 -0.214667
      vertex 0.389108 37.565217 -0.181444
      vertex 0.751933 38.130435 -0.350632
    endloop
  endfacet
  facet normal -0.724071 0.577622 0.376927
    outer loop
      vertex 0.371814 37.565217 -0.214667
      vertex 0.751933 38.130435 -0.350632
      vertex 0.718512 38.130435 -0.414833
    endloop
  endfacet
  facet normal -0.754167 0.577622 0.312386
    outer loop
      vertex 0.389108 37.565217 -0.181444
      vertex 0.403441 37.565217 -0.146841
      vertex 0.779631 38.130435 -0.283763
    endloop
  endfacet
  facet normal -0.754167 0.577622 0.312386
    outer loop
      vertex 0.389108 37.565217 -0.181444
      vertex 0.779631 38.130435 -0.283763
      vertex 0.751933 38.130435 -0.350632
    endloop
  endfacet
  facet normal -0.778523 0.577622 0.245467
    outer loop
      vertex 0.403441 37.565217 -0.146841
      vertex 0.414704 37.565217 -0.111120
      vertex 0.801396 38.130435 -0.214733
    endloop
  endfacet
  facet normal -0.778523 0.577622 0.245467
    outer loop
      vertex 0.403441 37.565217 -0.146841
      vertex 0.801396 38.130435 -0.214733
      vertex 0.779631 38.130435 -0.283763
    endloop
  endfacet
  facet normal -0.796954 0.577622 0.176681
    outer loop
      vertex 0.414704 37.565217 -0.111120
      vertex 0.422811 37.565217 -0.074553
      vertex 0.817062 38.130435 -0.144070
    endloop
  endfacet
  facet normal -0.796954 0.577622 0.176681
    outer loop
      vertex 0.414704 37.565217 -0.111120
      vertex 0.817062 38.130435 -0.144070
      vertex 0.801396 38.130435 -0.214733
    endloop
  endfacet
  facet normal -0.809320 0.577622 0.106549
    outer loop
      vertex 0.422811 37.565217 -0.074553
      vertex 0.427700 37.565217 -0.037419
      vertex 0.826509 38.130435 -0.072310
    endloop
  endfacet
  facet normal -0.809320 0.577622 0.106549
    outer loop
      vertex 0.422811 37.565217 -0.074553
      vertex 0.826509 38.130435 -0.072310
      vertex 0.817062 38.130435 -0.144070
    endloop
  endfacet
  facet normal -0.815527 0.577622 0.035607
    outer loop
      vertex 0.427700 37.565217 -0.037419
      vertex 0.429333 37.565217 0.000000
      vertex 0.829666 38.130435 0.000000
    endloop
  endfacet
  facet normal -0.815527 0.577622 0.035607
    outer loop
      vertex 0.427700 37.565217 -0.037419
      vertex 0.829666 38.130435 0.000000
      vertex 0.826509 38.130435 -0.072310
    endloop
  endfacet
  facet normal -0.833884 0.550737 -0.036408
    outer loop
      vertex 0.829666 38.130435 0.000000
      vertex 0.826509 38.130435 0.072310
      vertex 1.198385 38.695652 0.104845
    endloop
  endfacet
  facet normal -0.833884 0.550737 -0.036408
    outer loop
      vertex 0.829666 38.130435 0.000000
      vertex 1.198385 38.695652 0.104845
      vertex 1.202963 38.695652 0.000000
    endloop
  endfacet
  facet normal -0.827538 0.550737 -0.108947
    outer loop
      vertex 0.826509 38.130435 0.072310
      vertex 0.817062 38.130435 0.144070
      vertex 1.184687 38.695652 0.208892
    endloop
  endfacet
  facet normal -0.827538 0.550737 -0.108947
    outer loop
      vertex 0.826509 38.130435 0.072310
      vertex 1.184687 38.695652 0.208892
      vertex 1.198385 38.695652 0.104845
    endloop
  endfacet
  facet normal -0.814894 0.550737 -0.180658
    outer loop
      vertex 0.817062 38.130435 0.144070
      vertex 0.801396 38.130435 0.214733
      vertex 1.161973 38.695652 0.311350
    endloop
  endfacet
  facet normal -0.814894 0.550737 -0.180658
    outer loop
      vertex 0.817062 38.130435 0.144070
      vertex 1.161973 38.695652 0.311350
      vertex 1.184687 38.695652 0.208892
    endloop
  endfacet
  facet normal -0.796047 0.550737 -0.250993
    outer loop
      vertex 0.801396 38.130435 0.214733
      vertex 0.779631 38.130435 0.283763
      vertex 1.130415 38.695652 0.411437
    endloop
  endfacet
  facet normal -0.796047 0.550737 -0.250993
    outer loop
      vertex 0.801396 38.130435 0.214733
      vertex 1.130415 38.695652 0.411437
      vertex 1.161973 38.695652 0.311350
    endloop
  endfacet
  facet normal -0.771143 0.550737 -0.319418
    outer loop
      vertex 0.779631 38.130435 0.283763
      vertex 0.751933 38.130435 0.350632
      vertex 1.090254 38.695652 0.508394
    endloop
  endfacet
  facet normal -0.771143 0.550737 -0.319418
    outer loop
      vertex 0.779631 38.130435 0.283763
      vertex 1.090254 38.695652 0.508394
      vertex 1.130415 38.695652 0.411437
    endloop
  endfacet
  facet normal -0.740369 0.550737 -0.385412
    outer loop
      vertex 0.751933 38.130435 0.350632
      vertex 0.718512 38.130435 0.414833
      vertex 1.041796 38.695652 0.601481
    endloop
  endfacet
  facet normal -0.740369 0.550737 -0.385412
    outer loop
      vertex 0.751933 38.130435 0.350632
      vertex 1.041796 38.695652 0.601481
      vertex 1.090254 38.695652 0.508394
    endloop
  endfacet
  facet normal -0.703961 0.550737 -0.448473
    outer loop
      vertex 0.718512 38.130435 0.414833
      vertex 0.679623 38.130435 0.475877
      vertex 0.985409 38.695652 0.689991
    endloop
  endfacet
  facet normal -0.703961 0.550737 -0.448473
    outer loop
      vertex 0.718512 38.130435 0.414833
      vertex 0.985409 38.695652 0.689991
      vertex 1.041796 38.695652 0.601481
    endloop
  endfacet
  facet normal -0.662195 0.550737 -0.508120
    outer loop
      vertex 0.679623 38.130435 0.475877
      vertex 0.635561 38.130435 0.533299
      vertex 0.921523 38.695652 0.773250
    endloop
  endfacet
  facet normal -0.662195 0.550737 -0.508120
    outer loop
      vertex 0.679623 38.130435 0.475877
      vertex 0.921523 38.695652 0.773250
      vertex 0.985409 38.695652 0.689991
    endloop
  endfacet
  facet normal -0.615390 0.550737 -0.563901
    outer loop
      vertex 0.635561 38.130435 0.533299
      vertex 0.586663 38.130435 0.586663
      vertex 0.850623 38.695652 0.850623
    endloop
  endfacet
  facet normal -0.615390 0.550737 -0.563901
    outer loop
      vertex 0.635561 38.130435 0.533299
      vertex 0.850623 38.695652 0.850623
      vertex 0.921523 38.695652 0.773250
    endloop
  endfacet
  facet normal -0.563901 0.550737 -0.615390
    outer loop
      vertex 0.586663 38.130435 0.586663
      vertex 0.533299 38.130435 0.635561
      vertex 0.773250 38.695652 0.921523
    endloop
  endfacet
  facet normal -0.563901 0.550737 -0.615390
    outer loop
      vertex 0.586663 38.130435 0.586663
      vertex 0.773250 38.695652 0.921523
      vertex 0.850623 38.695652 0.850623
    endloop
  endfacet
  facet normal -0.508120 0.550737 -0.662195
    outer loop
      vertex 0.533299 38.130435 0.635561
      vertex 0.475877 38.130435 0.679623
      vertex 0.689991 38.695652 0.985409
    endloop
  endfacet
  facet normal -0.508120 0.550737 -0.662195
    outer loop
      vertex 0.533299 38.130435 0.635561
      vertex 0.689991 38.695652 0.985409
      vertex 0.773250 38.695652 0.921523
    endloop
  endfacet
  facet normal -0.448473 0.550737 -0.703961
    outer loop
      vertex 0.475877 38.130435 0.679623
      vertex 0.414833 38.130435 0.718512
      vertex 0.601481 38.695652 1.041796
    endloop
  endfacet
  facet normal -0.448473 0.550737 -0.703961
    outer loop
      vertex 0.475877 38.130435 0.679623
      vertex 0.601481 38.695652 1.041796
      vertex 0.689991 38.695652 0.985409
    endloop
  endfacet
  facet normal -0.385412 0.550737 -0.740369
    outer loop
      vertex 0.414833 38.130435 0.718512
      vertex 0.350632 38.130435 0.751933
      vertex 0.508394 38.695652 1.090254
    endloop
  endfacet
  facet normal -0.385412 0.550737 -0.740369
    outer loop
      vertex 0.414833 38.130435 0.718512
      vertex 0.508394 38.695652 1.090254
      vertex 0.601481 38.695652 1.041796
    endloop
  endfacet
  facet normal -0.319418 0.550737 -0.771143
    outer loop
      vertex 0.350632 38.130435 0.751933
      vertex 0.283763 38.130435 0.779631
      vertex 0.411437 38.695652 1.130415
    endloop
  endfacet
  facet normal -0.319418 0.550737 -0.771143
    outer loop
      vertex 0.350632 38.130435 0.751933
      vertex 0.411437 38.695652 1.130415
      vertex 0.508394 38.695652 1.090254
    endloop
  endfacet
  facet normal -0.250993 0.550737 -0.796047
    outer loop
      vertex 0.283763 38.130435 0.779631
      vertex 0.214733 38.130435 0.801396
      vertex 0.311350 38.695652 1.161973
    endloop
  endfacet
  facet normal -0.250993 0.550737 -0.796047
    outer loop
      vertex 0.283763 38.130435 0.779631
      vertex 0.311350 38.695652 1.161973
      vertex 0.411437 38.695652 1.130415
    endloop
  endfacet
  facet normal -0.180658 0.550737 -0.814894
    outer loop
      vertex 0.214733 38.130435 0.801396
      vertex 0.144070 38.130435 0.817062
      vertex 0.208892 38.695652 1.184687
    endloop
  endfacet
  facet normal -0.180658 0.550737 -0.814894
    outer loop
      vertex 0.214733 38.130435 0.801396
      vertex 0.208892 38.695652 1.184687
      vertex 0.311350 38.695652 1.161973
    endloop
  endfacet
  facet normal -0.108947 0.550737 -0.827538
    outer loop
      vertex 0.144070 38.130435 0.817062
      vertex 0.072310 38.130435 0.826509
      vertex 0.104845 38.695652 1.198385
    endloop
  endfacet
  facet normal -0.108947 0.550737 -0.827538
    outer loop
      vertex 0.144070 38.130435 0.817062
      vertex 0.104845 38.695652 1.198385
      vertex 0.208892 38.695652 1.184687
    endloop
  endfacet
  facet normal -0.036408 0.550737 -0.833884
    outer loop
      vertex 0.072310 38.130435 0.826509
      vertex 0.000000 38.130435 0.829666
      vertex 0.000000 38.695652 1.202963
    endloop
  endfacet
  facet normal -0.036408 0.550737 -0.833884
    outer loop
      vertex 0.072310 38.130435 0.826509
      vertex 0.000000 38.695652 1.202963
      vertex 0.104845 38.695652 1.198385
    endloop
  endfacet
  facet normal 0.036408 0.550737 -0.833884
    outer loop
      vertex 0.000000 38.130435 0.829666
      vertex -0.072310 38.130435 0.826509
      vertex -0.104845 38.695652 1.198385
    endloop
  endfacet
  facet normal 0.036408 0.550737 -0.833884
    outer loop
      vertex 0.000000 38.130435 0.829666
      vertex -0.104845 38.695652 1.198385
      vertex 0.000000 38.695652 1.202963
    endloop
  endfacet
  facet normal 0.108947 0.550737 -0.827538
    outer loop
      vertex -0.072310 38.130435 0.826509
      vertex -0.144070 38.130435 0.817062
      vertex -0.208892 38.695652 1.184687
    endloop
  endfacet
  facet normal 0.108947 0.550737 -0.827538
    outer loop
      vertex -0.072310 38.130435 0.826509
      vertex -0.208892 38.695652 1.184687
      vertex -0.104845 38.695652 1.198385
    endloop
  endfacet
  facet normal 0.180658 0.550737 -0.814894
    outer loop
      vertex -0.144070 38.130435 0.817062
      vertex -0.214733 38.130435 0.801396
      vertex -0.311350 38.695652 1.161973
    endloop
  endfacet
  facet normal 0.180658 0.550737 -0.814894
    outer loop
      vertex -0.144070 38.130435 0.817062
      vertex -0.311350 38.695652 1.161973
      vertex -0.208892 38.695652 1.184687
    endloop
  endfacet
  facet normal 0.250993 0.550737 -0.796047
    outer loop
      vertex -0.214733 38.130435 0.801396
      vertex -0.283763 38.130435 0.779631
      vertex -0.411437 38.695652 1.130415
    endloop
  endfacet
  facet normal 0.250993 0.550737 -0.796047
    outer loop
      vertex -0.214733 38.130435 0.801396
      vertex -0.411437 38.695652 1.130415
      vertex -0.311350 38.695652 1.161973
    endloop
  endfacet
  facet normal 0.319418 0.550737 -0.771143
    outer loop
      vertex -0.283763 38.130435 0.779631
      vertex -0.350632 38.130435 0.751933
      vertex -0.508394 38.695652 1.090254
    endloop
  endfacet
  facet normal 0.319418 0.550737 -0.771143
    outer loop
      vertex -0.283763 38.130435 0.779631
      vertex -0.508394 38.695652 1.090254
      vertex -0.411437 38.695652 1.130415
    endloop
  endfacet
  facet normal 0.385412 0.550737 -0.740369
    outer loop
      vertex -0.350632 38.130435 0.751933
      vertex -0.414833 38.130435 0.718512
      vertex -0.601481 38.695652 1.041796
    endloop
  endfacet
  facet normal 0.385412 0.550737 -0.740369
    outer loop
      vertex -0.350632 38.130435 0.751933
      vertex -0.601481 38.695652 1.041796
      vertex -0.508394 38.695652 1.090254
    endloop
  endfacet
  facet normal 0.448473 0.550737 -0.703961
    outer loop
      vertex -0.414833 38.130435 0.718512
      vertex -0.475877 38.130435 0.679623
      vertex -0.689991 38.695652 0.985409
    endloop
  endfacet
  facet normal 0.448473 0.550737 -0.703961
    outer loop
      vertex -0.414833 38.130435 0.718512
      vertex -0.689991 38.695652 0.985409
      vertex -0.601481 38.695652 1.041796
    endloop
  endfacet
  facet normal 0.508120 0.550737 -0.662195
    outer loop
      vertex -0.475877 38.130435 0.679623
      vertex -0.533299 38.130435 0.635561
      vertex -0.773250 38.695652 0.921523
    endloop
  endfacet
  facet normal 0.508120 0.550737 -0.662195
    outer loop
      vertex -0.475877 38.130435 0.679623
      vertex -0.773250 38.695652 0.921523
      vertex -0.689991 38.695652 0.985409
    endloop
  endfacet
  facet normal 0.563901 0.550737 -0.615390
    outer loop
      vertex -0.533299 38.130435 0.635561
      vertex -0.586663 38.130435 0.586663
      vertex -0.850623 38.695652 0.850623
    endloop
  endfacet
  facet normal 0.563901 0.550737 -0.615390
    outer loop
      vertex -0.533299 38.130435 0.635561
      vertex -0.850623 38.695652 0.850623
      vertex -0.773250 38.695652 0.921523
    endloop
  endfacet
  facet normal 0.615390 0.550737 -0.563901
    outer loop
      vertex -0.586663 38.130435 0.586663
      vertex -0.635561 38.130435 0.533299
      vertex -0.921523 38.695652 0.773250
    endloop
  endfacet
  facet normal 0.615390 0.550737 -0.563901
    outer loop
      vertex -0.586663 38.130435 0.586663
      vertex -0.921523 38.695652 0.773250
      vertex -0.850623 38.695652 0.850623
    endloop
  endfacet
  facet normal 0.662195 0.550737 -0.508120
    outer loop
      vertex -0.635561 38.130435 0.533299
      vertex -0.679623 38.130435 0.475877
      vertex -0.985409 38.695652 0.689991
    endloop
  endfacet
  facet normal 0.662195 0.550737 -0.508120
    outer loop
      vertex -0.635561 38.130435 0.533299
      vertex -0.985409 38.695652 0.689991
      vertex -0.921523 38.695652 0.773250
    endloop
  endfacet
  facet normal 0.703961 0.550737 -0.448473
    outer loop
      vertex -0.679623 38.130435 0.475877
      vertex -0.718512 38.130435 0.414833
      vertex -1.041796 38.695652 0.601481
    endloop
  endfacet
  facet normal 0.703961 0.550737 -0.448473
    outer loop
      vertex -0.679623 38.130435 0.475877
      vertex -1.041796 38.695652 0.601481
      vertex -0.985409 38.695652 0.689991
    endloop
  endfacet
  facet normal 0.740369 0.550737 -0.385412
    outer loop
      vertex -0.718512 38.130435 0.414833
      vertex -0.751933 38.130435 0.350632
      vertex -1.090254 38.695652 0.508394
    endloop
  endfacet
  facet normal 0.740369 0.550737 -0.385412
    outer loop
      vertex -0.718512 38.130435 0.414833
      vertex -1.090254 38.695652 0.508394
      vertex -1.041796 38.695652 0.601481
    endloop
  endfacet
  facet normal 0.771143 0.550737 -0.319418
    outer loop
      vertex -0.751933 38.130435 0.350632
      vertex -0.779631 38.130435 0.283763
      vertex -1.130415 38.695652 0.411437
    endloop
  endfacet
  facet normal 0.771143 0.550737 -0.319418
    outer loop
      vertex -0.751933 38.130435 0.350632
      vertex -1.130415 38.695652 0.411437
      vertex -1.090254 38.695652 0.508394
    endloop
  endfacet
  facet normal 0.796047 0.550737 -0.250993
    outer loop
      vertex -0.779631 38.130435 0.283763
      vertex -0.801396 38.130435 0.214733
      vertex -1.161973 38.695652 0.311350
    endloop
  endfacet
  facet normal 0.796047 0.550737 -0.250993
    outer loop
      vertex -0.779631 38.130435 0.283763
      vertex -1.161973 38.695652 0.311350
      vertex -1.130415 38.695652 0.411437
    endloop
  endfacet
  facet normal 0.814894 0.550737 -0.180658
    outer loop
      vertex -0.801396 38.130435 0.214733
      vertex -0.817062 38.130435 0.144070
      vertex -1.184687 38.695652 0.208892
    endloop
  endfacet
  facet normal 0.814894 0.550737 -0.180658
    outer loop
      vertex -0.801396 38.130435 0.214733
      vertex -1.184687 38.695652 0.208892
      vertex -1.161973 38.695652 0.311350
    endloop
  endfacet
  facet normal 0.827538 0.550737 -0.108947
    outer loop
      vertex -0.817062 38.130435 0.144070
      vertex -0.826509 38.130435 0.072310
      vertex -1.198385 38.695652 0.104845
    endloop
  endfacet
  facet normal 0.827538 0.550737 -0.108947
    outer loop
      vertex -0.817062 38.130435 0.144070
      vertex -1.198385 38.695652 0.104845
      vertex -1.184687 38.695652 0.208892
    endloop
  endfacet
  facet normal 0.833884 0.550737 -0.036408
    outer loop
      vertex -0.826509 38.130435 0.072310
      vertex -0.829666 38.130435 0.000000
      vertex -1.202963 38.695652 0.000000
    endloop
  endfacet
  facet normal 0.833884 0.550737 -0.036408
    outer loop
      vertex -0.826509 38.130435 0.072310
      vertex -1.202963 38.695652 0.000000
      vertex -1.198385 38.695652 0.104845
    endloop
  endfacet
  facet normal 0.833884 0.550737 0.036408
    outer loop
      vertex -0.829666 38.130435 0.000000
      vertex -0.826509 38.130435 -0.072310
      vertex -1.198385 38.695652 -0.104845
    endloop
  endfacet
  facet normal 0.833884 0.550737 0.036408
    outer loop
      vertex -0.829666 38.130435 0.000000
      vertex -1.198385 38.695652 -0.104845
      vertex -1.202963 38.695652 0.000000
    endloop
  endfacet
  facet normal 0.827538 0.550737 0.108947
    outer loop
      vertex -0.826509 38.130435 -0.072310
      vertex -0.817062 38.130435 -0.144070
      vertex -1.184687 38.695652 -0.208892
    endloop
  endfacet
  facet normal 0.827538 0.550737 0.108947
    outer loop
      vertex -0.826509 38.130435 -0.072310
      vertex -1.184687 38.695652 -0.208892
      vertex -1.198385 38.695652 -0.104845
    endloop
  endfacet
  facet normal 0.814894 0.550737 0.180658
    outer loop
      vertex -0.817062 38.130435 -0.144070
      vertex -0.801396 38.130435 -0.214733
      vertex -1.161973 38.695652 -0.311350
    endloop
  endfacet
  facet normal 0.814894 0.550737 0.180658
    outer loop
      vertex -0.817062 38.130435 -0.144070
      vertex -1.161973 38.695652 -0.311350
      vertex -1.184687 38.695652 -0.208892
    endloop
  endfacet
  facet normal 0.796047 0.550737 0.250993
    outer loop
      vertex -0.801396 38.130435 -0.214733
      vertex -0.779631 38.130435 -0.283763
      vertex -1.130415 38.695652 -0.411437
    endloop
  endfacet
  facet normal 0.796047 0.550737 0.250993
    outer loop
      vertex -0.801396 38.130435 -0.214733
      vertex -1.130415 38.695652 -0.411437
      vertex -1.161973 38.695652 -0.311350
    endloop
  endfacet
  facet normal 0.771143 0.550737 0.319418
    outer loop
      vertex -0.779631 38.130435 -0.283763
      vertex -0.751933 38.130435 -0.350632
      vertex -1.090254 38.695652 -0.508394
    endloop
  endfacet
  facet normal 0.771143 0.550737 0.319418
    outer loop
      vertex -0.779631 38.130435 -0.283763
      vertex -1.090254 38.695652 -0.508394
      vertex -1.130415 38.695652 -0.411437
    endloop
  endfacet
  facet normal 0.740369 0.550737 0.385412
    outer loop
      vertex -0.751933 38.130435 -0.350632
      vertex -0.718512 38.130435 -0.414833
      vertex -1.041796 38.695652 -0.601481
    endloop
  endfacet
  facet normal 0.740369 0.550737 0.385412
    outer loop
      vertex -0.751933 38.130435 -0.350632
      vertex -1.041796 38.695652 -0.601481
      vertex -1.090254 38.695652 -0.508394
    endloop
  endfacet
  facet normal 0.703961 0.550737 0.448473
    outer loop
      vertex -0.718512 38.130435 -0.414833
      vertex -0.679623 38.130435 -0.475877
      vertex -0.985409 38.695652 -0.689991
    endloop
  endfacet
  facet normal 0.703961 0.550737 0.448473
    outer loop
      vertex -0.718512 38.130435 -0.414833
      vertex -0.985409 38.695652 -0.689991
      vertex -1.041796 38.695652 -0.601481
    endloop
  endfacet
  facet normal 0.662195 0.550737 0.508120
    outer loop
      vertex -0.679623 38.130435 -0.475877
      vertex -0.635561 38.130435 -0.533299
      vertex -0.921523 38.695652 -0.773250
    endloop
  endfacet
  facet normal 0.662195 0.550737 0.508120
    outer loop
      vertex -0.679623 38.130435 -0.475877
      vertex -0.921523 38.695652 -0.773250
      vertex -0.985409 38.695652 -0.689991
    endloop
  endfacet
  facet normal 0.615390 0.550737 0.563901
    outer loop
      vertex -0.635561 38.130435 -0.533299
      vertex -0.586663 38.130435 -0.586663
      vertex -0.850623 38.695652 -0.850623
    endloop
  endfacet
  facet normal 0.615390 0.550737 0.563901
    outer loop
      vertex -0.635561 38.130435 -0.533299
      vertex -0.850623 38.695652 -0.850623
      vertex -0.921523 38.695652 -0.773250
    endloop
  endfacet
  facet normal 0.563901 0.550737 0.615390
    outer loop
      vertex -0.586663 38.130435 -0.586663
      vertex -0.533299 38.130435 -0.635561
      vertex -0.773250 38.695652 -0.921523
    endloop
  endfacet
  facet normal 0.563901 0.550737 0.615390
    outer loop
      vertex -0.586663 38.130435 -0.586663
      vertex -0.773250 38.695652 -0.921523
      vertex -0.850623 38.695652 -0.850623
    endloop
  endfacet
  facet normal 0.508120 0.550737 0.662195
    outer loop
      vertex -0.533299 38.130435 -0.635561
      vertex -0.475877 38.130435 -0.679623
      vertex -0.689991 38.695652 -0.985409
    endloop
  endfacet
  facet normal 0.508120 0.550737 0.662195
    outer loop
      vertex -0.533299 38.130435 -0.635561
      vertex -0.689991 38.695652 -0.985409
      vertex -0.773250 38.695652 -0.921523
    endloop
  endfacet
  facet normal 0.448473 0.550737 0.703961
    outer loop
      vertex -0.475877 38.130435 -0.679623
      vertex -0.414833 38.130435 -0.718512
      vertex -0.601481 38.695652 -1.041796
    endloop
  endfacet
  facet normal 0.448473 0.550737 0.703961
    outer loop
      vertex -0.475877 38.130435 -0.679623
      vertex -0.601481 38.695652 -1.041796
      vertex -0.689991 38.695652 -0.985409
    endloop
  endfacet
  facet normal 0.385412 0.550737 0.740369
    outer loop
      vertex -0.414833 38.130435 -0.718512
      vertex -0.350632 38.130435 -0.751933
      vertex -0.508394 38.695652 -1.090254
    endloop
  endfacet
  facet normal 0.385412 0.550737 0.740369
    outer loop
      vertex -0.414833 38.130435 -0.718512
      vertex -0.508394 38.695652 -1.090254
      vertex -0.601481 38.695652 -1.041796
    endloop
  endfacet
  facet normal 0.319418 0.550737 0.771143
    outer loop
      vertex -0.350632 38.130435 -0.751933
      vertex -0.283763 38.130435 -0.779631
      vertex -0.411437 38.695652 -1.130415
    endloop
  endfacet
  facet normal 0.319418 0.550737 0.771143
    outer loop
      vertex -0.350632 38.130435 -0.751933
      vertex -0.411437 38.695652 -1.130415
      vertex -0.508394 38.695652 -1.090254
    endloop
  endfacet
  facet normal 0.250993 0.550737 0.796047
    outer loop
      vertex -0.283763 38.130435 -0.779631
      vertex -0.214733 38.130435 -0.801396
      vertex -0.311350 38.695652 -1.161973
    endloop
  endfacet
  facet normal 0.250993 0.550737 0.796047
    outer loop
      vertex -0.283763 38.130435 -0.779631
      vertex -0.311350 38.695652 -1.161973
      vertex -0.411437 38.695652 -1.130415
    endloop
  endfacet
  facet normal 0.180658 0.550737 0.814894
    outer loop
      vertex -0.214733 38.130435 -0.801396
      vertex -0.144070 38.130435 -0.817062
      vertex -0.208892 38.695652 -1.184687
    endloop
  endfacet
  facet normal 0.180658 0.550737 0.814894
    outer loop
      vertex -0.214733 38.130435 -0.801396
      vertex -0.208892 38.695652 -1.184687
      vertex -0.311350 38.695652 -1.161973
    endloop
  endfacet
  facet normal 0.108947 0.550737 0.827538
    outer loop
      vertex -0.144070 38.130435 -0.817062
      vertex -0.072310 38.130435 -0.826509
      vertex -0.104845 38.695652 -1.198385
    endloop
  endfacet
  facet normal 0.108947 0.550737 0.827538
    outer loop
      vertex -0.144070 38.130435 -0.817062
      vertex -0.104845 38.695652 -1.198385
      vertex -0.208892 38.695652 -1.184687
    endloop
  endfacet
  facet normal 0.036408 0.550737 0.833884
    outer loop
      vertex -0.072310 38.130435 -0.826509
      vertex -0.000000 38.130435 -0.829666
      vertex -0.000000 38.695652 -1.202963
    endloop
  endfacet
  facet normal 0.036408 0.550737 0.833884
    outer loop
      vertex -0.072310 38.130435 -0.826509
      vertex -0.000000 38.695652 -1.202963
      vertex -0.104845 38.695652 -1.198385
    endloop
  endfacet
  facet normal -0.036408 0.550737 0.833884
    outer loop
      vertex -0.000000 38.130435 -0.829666
      vertex 0.072310 38.130435 -0.826509
      vertex 0.104845 38.695652 -1.198385
    endloop
  endfacet
  facet normal -0.036408 0.550737 0.833884
    outer loop
      vertex -0.000000 38.130435 -0.829666
      vertex 0.104845 38.695652 -1.198385
      vertex -0.000000 38.695652 -1.202963
    endloop
  endfacet
  facet normal -0.108947 0.550737 0.827538
    outer loop
      vertex 0.072310 38.130435 -0.826509
      vertex 0.144070 38.130435 -0.817062
      vertex 0.208892 38.695652 -1.184687
    endloop
  endfacet
  facet normal -0.108947 0.550737 0.827538
    outer loop
      vertex 0.072310 38.130435 -0.826509
      vertex 0.208892 38.695652 -1.184687
      vertex 0.104845 38.695652 -1.198385
    endloop
  endfacet
  facet normal -0.180658 0.550737 0.814894
    outer loop
      vertex 0.144070 38.130435 -0.817062
      vertex 0.214733 38.130435 -0.801396
      vertex 0.311350 38.695652 -1.161973
    endloop
  endfacet
  facet normal -0.180658 0.550737 0.814894
    outer loop
      vertex 0.144070 38.130435 -0.817062
      vertex 0.311350 38.695652 -1.161973
      vertex 0.208892 38.695652 -1.184687
    endloop
  endfacet
  facet normal -0.250993 0.550737 0.796047
    outer loop
      vertex 0.214733 38.130435 -0.801396
      vertex 0.283763 38.130435 -0.779631
      vertex 0.411437 38.695652 -1.130415
    endloop
  endfacet
  facet normal -0.250993 0.550737 0.796047
    outer loop
      vertex 0.214733 38.130435 -0.801396
      vertex 0.411437 38.695652 -1.130415
      vertex 0.311350 38.695652 -1.161973
    endloop
  endfacet
  facet normal -0.319418 0.550737 0.771143
    outer loop
      vertex 0.283763 38.130435 -0.779631
      vertex 0.350632 38.130435 -0.751933
      vertex 0.508394 38.695652 -1.090254
    endloop
  endfacet
  facet normal -0.319418 0.550737 0.771143
    outer loop
      vertex 0.283763 38.130435 -0.779631
      vertex 0.508394 38.695652 -1.090254
      vertex 0.411437 38.695652 -1.130415
    endloop
  endfacet
  facet normal -0.385412 0.550737 0.740369
    outer loop
      vertex 0.350632 38.130435 -0.751933
      vertex 0.414833 38.130435 -0.718512
      vertex 0.601481 38.695652 -1.041796
    endloop
  endfacet
  facet normal -0.385412 0.550737 0.740369
    outer loop
      vertex 0.350632 38.130435 -0.751933
      vertex 0.601481 38.695652 -1.041796
      vertex 0.508394 38.695652 -1.090254
    endloop
  endfacet
  facet normal -0.448473 0.550737 0.703961
    outer loop
      vertex 0.414833 38.130435 -0.718512
      vertex 0.475877 38.130435 -0.679623
      vertex 0.689991 38.695652 -0.985409
    endloop
  endfacet
  facet normal -0.448473 0.550737 0.703961
    outer loop
      vertex 0.414833 38.130435 -0.718512
      vertex 0.689991 38.695652 -0.985409
      vertex 0.601481 38.695652 -1.041796
    endloop
  endfacet
  facet normal -0.508120 0.550737 0.662195
    outer loop
      vertex 0.475877 38.130435 -0.679623
      vertex 0.533299 38.130435 -0.635561
      vertex 0.773250 38.695652 -0.921523
    endloop
  endfacet
  facet normal -0.508120 0.550737 0.662195
    outer loop
      vertex 0.475877 38.130435 -0.679623
      vertex 0.773250 38.695652 -0.921523
      vertex 0.689991 38.695652 -0.985409
    endloop
  endfacet
  facet normal -0.563901 0.550737 0.615390
    outer loop
      vertex 0.533299 38.130435 -0.635561
      vertex 0.586663 38.130435 -0.586663
      vertex 0.850623 38.695652 -0.850623
    endloop
  endfacet
  facet normal -0.563901 0.550737 0.615390
    outer loop
      vertex 0.533299 38.130435 -0.635561
      vertex 0.850623 38.695652 -0.850623
      vertex 0.773250 38.695652 -0.921523
    endloop
  endfacet
  facet normal -0.615390 0.550737 0.563901
    outer loop
      vertex 0.586663 38.130435 -0.586663
      vertex 0.635561 38.130435 -0.533299
      vertex 0.921523 38.695652 -0.773250
    endloop
  endfacet
  facet normal -0.615390 0.550737 0.563901
    outer loop
      vertex 0.586663 38.130435 -0.586663
      vertex 0.921523 38.695652 -0.773250
      vertex 0.850623 38.695652 -0.850623
    endloop
  endfacet
  facet normal -0.662195 0.550737 0.508120
    outer loop
      vertex 0.635561 38.130435 -0.533299
      vertex 0.679623 38.130435 -0.475877
      vertex 0.985409 38.695652 -0.689991
    endloop
  endfacet
  facet normal -0.662195 0.550737 0.508120
    outer loop
      vertex 0.635561 38.130435 -0.533299
      vertex 0.985409 38.695652 -0.689991
      vertex 0.921523 38.695652 -0.773250
    endloop
  endfacet
  facet normal -0.703961 0.550737 0.448473
    outer loop
      vertex 0.679623 38.130435 -0.475877
      vertex 0.718512 38.130435 -0.414833
      vertex 1.041796 38.695652 -0.601481
    endloop
  endfacet
  facet normal -0.703961 0.550737 0.448473
    outer loop
      vertex 0.679623 38.130435 -0.475877
      vertex 1.041796 38.695652 -0.601481
      vertex 0.985409 38.695652 -0.689991
    endloop
  endfacet
  facet normal -0.740369 0.550737 0.385412
    outer loop
      vertex 0.718512 38.130435 -0.414833
      vertex 0.751933 38.130435 -0.350632
      vertex 1.090254 38.695652 -0.508394
    endloop
  endfacet
  facet normal -0.740369 0.550737 0.385412
    outer loop
      vertex 0.718512 38.130435 -0.414833
      vertex 1.090254 38.695652 -0.508394
      vertex 1.041796 38.695652 -0.601481
    endloop
  endfacet
  facet normal -0.771143 0.550737 0.319418
    outer loop
      vertex 0.751933 38.130435 -0.350632
      vertex 0.779631 38.130435 -0.283763
      vertex 1.130415 38.695652 -0.411437
    endloop
  endfacet
  facet normal -0.771143 0.550737 0.319418
    outer loop
      vertex 0.751933 38.130435 -0.350632
      vertex 1.130415 38.695652 -0.411437
      vertex 1.090254 38.695652 -0.508394
    endloop
  endfacet
  facet normal -0.796047 0.550737 0.250993
    outer loop
      vertex 0.779631 38.130435 -0.283763
      vertex 0.801396 38.130435 -0.214733
      vertex 1.161973 38.695652 -0.311350
    endloop
  endfacet
  facet normal -0.796047 0.550737 0.250993
    outer loop
      vertex 0.779631 38.130435 -0.283763
      vertex 1.161973 38.695652 -0.311350
      vertex 1.130415 38.695652 -0.411437
    endloop
  endfacet
  facet normal -0.814894 0.550737 0.180658
    outer loop
      vertex 0.801396 38.130435 -0.214733
      vertex 0.817062 38.130435 -0.144070
      vertex 1.184687 38.695652 -0.208892
    endloop
  endfacet
  facet normal -0.814894 0.550737 0.180658
    outer loop
      vertex 0.801396 38.130435 -0.214733
      vertex 1.184687 38.695652 -0.208892
      vertex 1.161973 38.695652 -0.311350
    endloop
  endfacet
  facet normal -0.827538 0.550737 0.108947
    outer loop
      vertex 0.817062 38.130435 -0.144070
      vertex 0.826509 38.130435 -0.072310
      vertex 1.198385 38.695652 -0.104845
    endloop
  endfacet
  facet normal -0.827538 0.550737 0.108947
    outer loop
      vertex 0.817062 38.130435 -0.144070
      vertex 1.198385 38.695652 -0.104845
      vertex 1.184687 38.695652 -0.208892
    endloop
  endfacet
  facet normal -0.833884 0.550737 0.036408
    outer loop
      vertex 0.826509 38.130435 -0.072310
      vertex 0.829666 38.130435 0.000000
      vertex 1.202963 38.695652 0.000000
    endloop
  endfacet
  facet normal -0.833884 0.550737 0.036408
    outer loop
      vertex 0.826509 38.130435 -0.072310
      vertex 1.202963 38.695652 0.000000
      vertex 1.198385 38.695652 -0.104845
    endloop
  endfacet
  facet normal -0.850997 0.523855 -0.037155
    outer loop
      vertex 1.202963 38.695652 0.000000
      vertex 1.198385 38.695652 0.104845
      vertex 1.544996 39.260870 0.135170
    endloop
  endfacet
  facet normal -0.850997 0.523855 -0.037155
    outer loop
      vertex 1.202963 38.695652 0.000000
      vertex 1.544996 39.260870 0.135170
      vertex 1.550898 39.260870 0.000000
    endloop
  endfacet
  facet normal -0.844520 0.523855 -0.111183
    outer loop
      vertex 1.198385 38.695652 0.104845
      vertex 1.184687 38.695652 0.208892
      vertex 1.527336 39.260870 0.269311
    endloop
  endfacet
  facet normal -0.844520 0.523855 -0.111183
    outer loop
      vertex 1.198385 38.695652 0.104845
      vertex 1.527336 39.260870 0.269311
      vertex 1.544996 39.260870 0.135170
    endloop
  endfacet
  facet normal -0.831616 0.523855 -0.184365
    outer loop
      vertex 1.184687 38.695652 0.208892
      vertex 1.161973 38.695652 0.311350
      vertex 1.498052 39.260870 0.401402
    endloop
  endfacet
  facet normal -0.831616 0.523855 -0.184365
    outer loop
      vertex 1.184687 38.695652 0.208892
      vertex 1.498052 39.260870 0.401402
      vertex 1.527336 39.260870 0.269311
    endloop
  endfacet
  facet normal -0.812383 0.523855 -0.256143
    outer loop
      vertex 1.161973 38.695652 0.311350
      vertex 1.130415 38.695652 0.411437
      vertex 1.457367 39.260870 0.530438
    endloop
  endfacet
  facet normal -0.812383 0.523855 -0.256143
    outer loop
      vertex 1.161973 38.695652 0.311350
      vertex 1.457367 39.260870 0.530438
      vertex 1.498052 39.260870 0.401402
    endloop
  endfacet
  facet normal -0.786968 0.523855 -0.325973
    outer loop
      vertex 1.130415 38.695652 0.411437
      vertex 1.090254 38.695652 0.508394
      vertex 1.405591 39.260870 0.655438
    endloop
  endfacet
  facet normal -0.786968 0.523855 -0.325973
    outer loop
      vertex 1.130415 38.695652 0.411437
      vertex 1.405591 39.260870 0.655438
      vertex 1.457367 39.260870 0.530438
    endloop
  endfacet
  facet normal -0.755563 0.523855 -0.393321
    outer loop
      vertex 1.090254 38.695652 0.508394
      vertex 1.041796 38.695652 0.601481
      vertex 1.343117 39.260870 0.775449
    endloop
  endfacet
  facet normal -0.755563 0.523855 -0.393321
    outer loop
      vertex 1.090254 38.695652 0.508394
      vertex 1.343117 39.260870 0.775449
      vertex 1.405591 39.260870 0.655438
    endloop
  endfacet
  facet normal -0.718407 0.523855 -0.457676
    outer loop
      vertex 1.041796 38.695652 0.601481
      vertex 0.985409 38.695652 0.689991
      vertex 1.270421 39.260870 0.889559
    endloop
  endfacet
  facet normal -0.718407 0.523855 -0.457676
    outer loop
      vertex 1.041796 38.695652 0.601481
      vertex 1.270421 39.260870 0.889559
      vertex 1.343117 39.260870 0.775449
    endloop
  endfacet
  facet normal -0.675784 0.523855 -0.518548
    outer loop
      vertex 0.985409 38.695652 0.689991
      vertex 0.921523 38.695652 0.773250
      vertex 1.188057 39.260870 0.996898
    endloop
  endfacet
  facet normal -0.675784 0.523855 -0.518548
    outer loop
      vertex 0.985409 38.695652 0.689991
      vertex 1.188057 39.260870 0.996898
      vertex 1.270421 39.260870 0.889559
    endloop
  endfacet
  facet normal -0.628018 0.523855 -0.575473
    outer loop
      vertex 0.921523 38.695652 0.773250
      vertex 0.850623 38.695652 0.850623
      vertex 1.096650 39.260870 1.096650
    endloop
  endfacet
  facet normal -0.628018 0.523855 -0.575473
    outer loop
      vertex 0.921523 38.695652 0.773250
      vertex 1.096650 39.260870 1.096650
      vertex 1.188057 39.260870 0.996898
    endloop
  endfacet
  facet normal -0.575473 0.523855 -0.628018
    outer loop
      vertex 0.850623 38.695652 0.850623
      vertex 0.773250 38.695652 0.921523
      vertex 0.996898 39.260870 1.188057
    endloop
  endfacet
  facet normal -0.575473 0.523855 -0.628018
    outer loop
      vertex 0.850623 38.695652 0.850623
      vertex 0.996898 39.260870 1.188057
      vertex 1.096650 39.260870 1.096650
    endloop
  endfacet
  facet normal -0.518548 0.523855 -0.675784
    outer loop
      vertex 0.773250 38.695652 0.921523
      vertex 0.689991 38.695652 0.985409
      vertex 0.889559 39.260870 1.270421
    endloop
  endfacet
  facet normal -0.518548 0.523855 -0.675784
    outer loop
      vertex 0.773250 38.695652 0.921523
      vertex 0.889559 39.260870 1.270421
      vertex 0.996898 39.260870 1.188057
    endloop
  endfacet
  facet normal -0.457676 0.523855 -0.718407
    outer loop
      vertex 0.689991 38.695652 0.985409
      vertex 0.601481 38.695652 1.041796
      vertex 0.775449 39.260870 1.343117
    endloop
  endfacet
  facet normal -0.457676 0.523855 -0.718407
    outer loop
      vertex 0.689991 38.695652 0.985409
      vertex 0.775449 39.260870 1.343117
      vertex 0.889559 39.260870 1.270421
    endloop
  endfacet
  facet normal -0.393321 0.523855 -0.755563
    outer loop
      vertex 0.601481 38.695652 1.041796
      vertex 0.508394 38.695652 1.090254
      vertex 0.655438 39.260870 1.405591
    endloop
  endfacet
  facet normal -0.393321 0.523855 -0.755563
    outer loop
      vertex 0.601481 38.695652 1.041796
      vertex 0.655438 39.260870 1.405591
      vertex 0.775449 39.260870 1.343117
    endloop
  endfacet
  facet normal -0.325973 0.523855 -0.786968
    outer loop
      vertex 0.508394 38.695652 1.090254
      vertex 0.411437 38.695652 1.130415
      vertex 0.530438 39.260870 1.457367
    endloop
  endfacet
  facet normal -0.325973 0.523855 -0.786968
    outer loop
      vertex 0.508394 38.695652 1.090254
      vertex 0.530438 39.260870 1.457367
      vertex 0.655438 39.260870 1.405591
    endloop
  endfacet
  facet normal -0.256143 0.523855 -0.812383
    outer loop
      vertex 0.411437 38.695652 1.130415
      vertex 0.311350 38.695652 1.161973
      vertex 0.401402 39.260870 1.498052
    endloop
  endfacet
  facet normal -0.256143 0.523855 -0.812383
    outer loop
      vertex 0.411437 38.695652 1.130415
      vertex 0.401402 39.260870 1.498052
      vertex 0.530438 39.260870 1.457367
    endloop
  endfacet
  facet normal -0.184365 0.523855 -0.831616
    outer loop
      vertex 0.311350 38.695652 1.161973
      vertex 0.208892 38.695652 1.184687
      vertex 0.269311 39.260870 1.527336
    endloop
  endfacet
  facet normal -0.184365 0.523855 -0.831616
    outer loop
      vertex 0.311350 38.695652 1.161973
      vertex 0.269311 39.260870 1.527336
      vertex 0.401402 39.260870 1.498052
    endloop
  endfacet
  facet normal -0.111183 0.523855 -0.844520
    outer loop
      vertex 0.208892 38.695652 1.184687
      vertex 0.104845 38.695652 1.198385
      vertex 0.135170 39.260870 1.544996
    endloop
  endfacet
  facet normal -0.111183 0.523855 -0.844520
    outer loop
      vertex 0.208892 38.695652 1.184687
      vertex 0.135170 39.260870 1.544996
      vertex 0.269311 39.260870 1.527336
    endloop
  endfacet
  facet normal -0.037155 0.523855 -0.850997
    outer loop
      vertex 0.104845 38.695652 1.198385
      vertex 0.000000 38.695652 1.202963
      vertex 0.000000 39.260870 1.550898
    endloop
  endfacet
  facet normal -0.037155 0.523855 -0.850997
    outer loop
      vertex 0.104845 38.695652 1.198385
      vertex 0.000000 39.260870 1.550898
      vertex 0.135170 39.260870 1.544996
    endloop
  endfacet
  facet normal 0.037155 0.523855 -0.850997
    outer loop
      vertex 0.000000 38.695652 1.202963
      vertex -0.104845 38.695652 1.198385
      vertex -0.135170 39.260870 1.544996
    endloop
  endfacet
  facet normal 0.037155 0.523855 -0.850997
    outer loop
      vertex 0.000000 38.695652 1.202963
      vertex -0.135170 39.260870 1.544996
      vertex 0.000000 39.260870 1.550898
    endloop
  endfacet
  facet normal 0.111183 0.523855 -0.844520
    outer loop
      vertex -0.104845 38.695652 1.198385
      vertex -0.208892 38.695652 1.184687
      vertex -0.269311 39.260870 1.527336
    endloop
  endfacet
  facet normal 0.111183 0.523855 -0.844520
    outer loop
      vertex -0.104845 38.695652 1.198385
      vertex -0.269311 39.260870 1.527336
      vertex -0.135170 39.260870 1.544996
    endloop
  endfacet
  facet normal 0.184365 0.523855 -0.831616
    outer loop
      vertex -0.208892 38.695652 1.184687
      vertex -0.311350 38.695652 1.161973
      vertex -0.401402 39.260870 1.498052
    endloop
  endfacet
  facet normal 0.184365 0.523855 -0.831616
    outer loop
      vertex -0.208892 38.695652 1.184687
      vertex -0.401402 39.260870 1.498052
      vertex -0.269311 39.260870 1.527336
    endloop
  endfacet
  facet normal 0.256143 0.523855 -0.812383
    outer loop
      vertex -0.311350 38.695652 1.161973
      vertex -0.411437 38.695652 1.130415
      vertex -0.530438 39.260870 1.457367
    endloop
  endfacet
  facet normal 0.256143 0.523855 -0.812383
    outer loop
      vertex -0.311350 38.695652 1.161973
      vertex -0.530438 39.260870 1.457367
      vertex -0.401402 39.260870 1.498052
    endloop
  endfacet
  facet normal 0.325973 0.523855 -0.786968
    outer loop
      vertex -0.411437 38.695652 1.130415
      vertex -0.508394 38.695652 1.090254
      vertex -0.655438 39.260870 1.405591
    endloop
  endfacet
  facet normal 0.325973 0.523855 -0.786968
    outer loop
      vertex -0.411437 38.695652 1.130415
      vertex -0.655438 39.260870 1.405591
      vertex -0.530438 39.260870 1.457367
    endloop
  endfacet
  facet normal 0.393321 0.523855 -0.755563
    outer loop
      vertex -0.508394 38.695652 1.090254
      vertex -0.601481 38.695652 1.041796
      vertex -0.775449 39.260870 1.343117
    endloop
  endfacet
  facet normal 0.393321 0.523855 -0.755563
    outer loop
      vertex -0.508394 38.695652 1.090254
      vertex -0.775449 39.260870 1.343117
      vertex -0.655438 39.260870 1.405591
    endloop
  endfacet
  facet normal 0.457676 0.523855 -0.718407
    outer loop
      vertex -0.601481 38.695652 1.041796
      vertex -0.689991 38.695652 0.985409
      vertex -0.889559 39.260870 1.270421
    endloop
  endfacet
  facet normal 0.457676 0.523855 -0.718407
    outer loop
      vertex -0.601481 38.695652 1.041796
      vertex -0.889559 39.260870 1.270421
      vertex -0.775449 39.260870 1.343117
    endloop
  endfacet
  facet normal 0.518548 0.523855 -0.675784
    outer loop
      vertex -0.689991 38.695652 0.985409
      vertex -0.773250 38.695652 0.921523
      vertex -0.996898 39.260870 1.188057
    endloop
  endfacet
  facet normal 0.518548 0.523855 -0.675784
    outer loop
      vertex -0.689991 38.695652 0.985409
      vertex -0.996898 39.260870 1.188057
      vertex -0.889559 39.260870 1.270421
    endloop
  endfacet
  facet normal 0.575473 0.523855 -0.628018
    outer loop
      vertex -0.773250 38.695652 0.921523
      vertex -0.850623 38.695652 0.850623
      vertex -1.096650 39.260870 1.096650
    endloop
  endfacet
  facet normal 0.575473 0.523855 -0.628018
    outer loop
      vertex -0.773250 38.695652 0.921523
      vertex -1.096650 39.260870 1.096650
      vertex -0.996898 39.260870 1.188057
    endloop
  endfacet
  facet normal 0.628018 0.523855 -0.575473
    outer loop
      vertex -0.850623 38.695652 0.850623
      vertex -0.921523 38.695652 0.773250
      vertex -1.188057 39.260870 0.996898
    endloop
  endfacet
  facet normal 0.628018 0.523855 -0.575473
    outer loop
      vertex -0.850623 38.695652 0.850623
      vertex -1.188057 39.260870 0.996898
      vertex -1.096650 39.260870 1.096650
    endloop
  endfacet
  facet normal 0.675784 0.523855 -0.518548
    outer loop
      vertex -0.921523 38.695652 0.773250
      vertex -0.985409 38.695652 0.689991
      vertex -1.270421 39.260870 0.889559
    endloop
  endfacet
  facet normal 0.675784 0.523855 -0.518548
    outer loop
      vertex -0.921523 38.695652 0.773250
      vertex -1.270421 39.260870 0.889559
      vertex -1.188057 39.260870 0.996898
    endloop
  endfacet
  facet normal 0.718407 0.523855 -0.457676
    outer loop
      vertex -0.985409 38.695652 0.689991
      vertex -1.041796 38.695652 0.601481
      vertex -1.343117 39.260870 0.775449
    endloop
  endfacet
  facet normal 0.718407 0.523855 -0.457676
    outer loop
      vertex -0.985409 38.695652 0.689991
      vertex -1.343117 39.260870 0.775449
      vertex -1.270421 39.260870 0.889559
    endloop
  endfacet
  facet normal 0.755563 0.523855 -0.393321
    outer loop
      vertex -1.041796 38.695652 0.601481
      vertex -1.090254 38.695652 0.508394
      vertex -1.405591 39.260870 0.655438
    endloop
  endfacet
  facet normal 0.755563 0.523855 -0.393321
    outer loop
      vertex -1.041796 38.695652 0.601481
      vertex -1.405591 39.260870 0.655438
      vertex -1.343117 39.260870 0.775449
    endloop
  endfacet
  facet normal 0.786968 0.523855 -0.325973
    outer loop
      vertex -1.090254 38.695652 0.508394
      vertex -1.130415 38.695652 0.411437
      vertex -1.457367 39.260870 0.530438
    endloop
  endfacet
  facet normal 0.786968 0.523855 -0.325973
    outer loop
      vertex -1.090254 38.695652 0.508394
      vertex -1.457367 39.260870 0.530438
      vertex -1.405591 39.260870 0.655438
    endloop
  endfacet
  facet normal 0.812383 0.523855 -0.256143
    outer loop
      vertex -1.130415 38.695652 0.411437
      vertex -1.161973 38.695652 0.311350
      vertex -1.498052 39.260870 0.401402
    endloop
  endfacet
  facet normal 0.812383 0.523855 -0.256143
    outer loop
      vertex -1.130415 38.695652 0.411437
      vertex -1.498052 39.260870 0.401402
      vertex -1.457367 39.260870 0.530438
    endloop
  endfacet
  facet normal 0.831616 0.523855 -0.184365
    outer loop
      vertex -1.161973 38.695652 0.311350
      vertex -1.184687 38.695652 0.208892
      vertex -1.527336 39.260870 0.269311
    endloop
  endfacet
  facet normal 0.831616 0.523855 -0.184365
    outer loop
      vertex -1.161973 38.695652 0.311350
      vertex -1.527336 39.260870 0.269311
      vertex -1.498052 39.260870 0.401402
    endloop
  endfacet
  facet normal 0.844520 0.523855 -0.111183
    outer loop
      vertex -1.184687 38.695652 0.208892
      vertex -1.198385 38.695652 0.104845
      vertex -1.544996 39.260870 0.135170
    endloop
  endfacet
  facet normal 0.844520 0.523855 -0.111183
    outer loop
      vertex -1.184687 38.695652 0.208892
      vertex -1.544996 39.260870 0.135170
      vertex -1.527336 39.260870 0.269311
    endloop
  endfacet
  facet normal 0.850997 0.523855 -0.037155
    outer loop
      vertex -1.198385 38.695652 0.104845
      vertex -1.202963 38.695652 0.000000
      vertex -1.550898 39.260870 0.000000
    endloop
  endfacet
  facet normal 0.850997 0.523855 -0.037155
    outer loop
      vertex -1.198385 38.695652 0.104845
      vertex -1.550898 39.260870 0.000000
      vertex -1.544996 39.260870 0.135170
    endloop
  endfacet
  facet normal 0.850997 0.523855 0.037155
    outer loop
      vertex -1.202963 38.695652 0.000000
      vertex -1.198385 38.695652 -0.104845
      vertex -1.544996 39.260870 -0.135170
    endloop
  endfacet
  facet normal 0.850997 0.523855 0.037155
    outer loop
      vertex -1.202963 38.695652 0.000000
      vertex -1.544996 39.260870 -0.135170
      vertex -1.550898 39.260870 0.000000
    endloop
  endfacet
  facet normal 0.844520 0.523855 0.111183
    outer loop
      vertex -1.198385 38.695652 -0.104845
      vertex -1.184687 38.695652 -0.208892
      vertex -1.527336 39.260870 -0.269311
    endloop
  endfacet
  facet normal 0.844520 0.523855 0.111183
    outer loop
      vertex -1.198385 38.695652 -0.104845
      vertex -1.527336 39.260870 -0.269311
      vertex -1.544996 39.260870 -0.135170
    endloop
  endfacet
  facet normal 0.831616 0.523855 0.184365
    outer loop
      vertex -1.184687 38.695652 -0.208892
      vertex -1.161973 38.695652 -0.311350
      vertex -1.498052 39.260870 -0.401402
    endloop
  endfacet
  facet normal 0.831616 0.523855 0.184365
    outer loop
      vertex -1.184687 38.695652 -0.208892
      vertex -1.498052 39.260870 -0.401402
      vertex -1.527336 39.260870 -0.269311
    endloop
  endfacet
  facet normal 0.812383 0.523855 0.256143
    outer loop
      vertex -1.161973 38.695652 -0.311350
      vertex -1.130415 38.695652 -0.411437
      vertex -1.457367 39.260870 -0.530438
    endloop
  endfacet
  facet normal 0.812383 0.523855 0.256143
    outer loop
      vertex -1.161973 38.695652 -0.311350
      vertex -1.457367 39.260870 -0.530438
      vertex -1.498052 39.260870 -0.401402
    endloop
  endfacet
  facet normal 0.786968 0.523855 0.325973
    outer loop
      vertex -1.130415 38.695652 -0.411437
      vertex -1.090254 38.695652 -0.508394
      vertex -1.405591 39.260870 -0.655438
    endloop
  endfacet
  facet normal 0.786968 0.523855 0.325973
    outer loop
      vertex -1.130415 38.695652 -0.411437
      vertex -1.405591 39.260870 -0.655438
      vertex -1.457367 39.260870 -0.530438
    endloop
  endfacet
  facet normal 0.755563 0.523855 0.393321
    outer loop
      vertex -1.090254 38.695652 -0.508394
      vertex -1.041796 38.695652 -0.601481
      vertex -1.343117 39.260870 -0.775449
    endloop
  endfacet
  facet normal 0.755563 0.523855 0.393321
    outer loop
      vertex -1.090254 38.695652 -0.508394
      vertex -1.343117 39.260870 -0.775449
      vertex -1.405591 39.260870 -0.655438
    endloop
  endfacet
  facet normal 0.718407 0.523855 0.457676
    outer loop
      vertex -1.041796 38.695652 -0.601481
      vertex -0.985409 38.695652 -0.689991
      vertex -1.270421 39.260870 -0.889559
    endloop
  endfacet
  facet normal 0.718407 0.523855 0.457676
    outer loop
      vertex -1.041796 38.695652 -0.601481
      vertex -1.270421 39.260870 -0.889559
      vertex -1.343117 39.260870 -0.775449
    endloop
  endfacet
  facet normal 0.675784 0.523855 0.518548
    outer loop
      vertex -0.985409 38.695652 -0.689991
      vertex -0.921523 38.695652 -0.773250
      vertex -1.188057 39.260870 -0.996898
    endloop
  endfacet
  facet normal 0.675784 0.523855 0.518548
    outer loop
      vertex -0.985409 38.695652 -0.689991
      vertex -1.188057 39.260870 -0.996898
      vertex -1.270421 39.260870 -0.889559
    endloop
  endfacet
  facet normal 0.628018 0.523855 0.575473
    outer loop
      vertex -0.921523 38.695652 -0.773250
      vertex -0.850623 38.695652 -0.850623
      vertex -1.096650 39.260870 -1.096650
    endloop
  endfacet
  facet normal 0.628018 0.523855 0.575473
    outer loop
      vertex -0.921523 38.695652 -0.773250
      vertex -1.096650 39.260870 -1.096650
      vertex -1.188057 39.260870 -0.996898
    endloop
  endfacet
  facet normal 0.575473 0.523855 0.628018
    outer loop
      vertex -0.850623 38.695652 -0.850623
      vertex -0.773250 38.695652 -0.921523
      vertex -0.996898 39.260870 -1.188057
    endloop
  endfacet
  facet normal 0.575473 0.523855 0.628018
    outer loop
      vertex -0.850623 38.695652 -0.850623
      vertex -0.996898 39.260870 -1.188057
      vertex -1.096650 39.260870 -1.096650
    endloop
  endfacet
  facet normal 0.518548 0.523855 0.675784
    outer loop
      vertex -0.773250 38.695652 -0.921523
      vertex -0.689991 38.695652 -0.985409
      vertex -0.889559 39.260870 -1.270421
    endloop
  endfacet
  facet normal 0.518548 0.523855 0.675784
    outer loop
      vertex -0.773250 38.695652 -0.921523
      vertex -0.889559 39.260870 -1.270421
      vertex -0.996898 39.260870 -1.188057
    endloop
  endfacet
  facet normal 0.457676 0.523855 0.718407
    outer loop
      vertex -0.689991 38.695652 -0.985409
      vertex -0.601481 38.695652 -1.041796
      vertex -0.775449 39.260870 -1.343117
    endloop
  endfacet
  facet normal 0.457676 0.523855 0.718407
    outer loop
      vertex -0.689991 38.695652 -0.985409
      vertex -0.775449 39.260870 -1.343117
      vertex -0.889559 39.260870 -1.270421
    endloop
  endfacet
  facet normal 0.393321 0.523855 0.755563
    outer loop
      vertex -0.601481 38.695652 -1.041796
      vertex -0.508394 38.695652 -1.090254
      vertex -0.655438 39.260870 -1.405591
    endloop
  endfacet
  facet normal 0.393321 0.523855 0.755563
    outer loop
      vertex -0.601481 38.695652 -1.041796
      vertex -0.655438 39.260870 -1.405591
      vertex -0.775449 39.260870 -1.343117
    endloop
  endfacet
  facet normal 0.325973 0.523855 0.786968
    outer loop
      vertex -0.508394 38.695652 -1.090254
      vertex -0.411437 38.695652 -1.130415
      vertex -0.530438 39.260870 -1.457367
    endloop
  endfacet
  facet normal 0.325973 0.523855 0.786968
    outer loop
      vertex -0.508394 38.695652 -1.090254
      vertex -0.530438 39.260870 -1.457367
      vertex -0.655438 39.260870 -1.405591
    endloop
  endfacet
  facet normal 0.256143 0.523855 0.812383
    outer loop
      vertex -0.411437 38.695652 -1.130415
      vertex -0.311350 38.695652 -1.161973
      vertex -0.401402 39.260870 -1.498052
    endloop
  endfacet
  facet normal 0.256143 0.523855 0.812383
    outer loop
      vertex -0.411437 38.695652 -1.130415
      vertex -0.401402 39.260870 -1.498052
      vertex -0.530438 39.260870 -1.457367
    endloop
  endfacet
  facet normal 0.184365 0.523855 0.831616
    outer loop
      vertex -0.311350 38.695652 -1.161973
      vertex -0.208892 38.695652 -1.184687
      vertex -0.269311 39.260870 -1.527336
    endloop
  endfacet
  facet normal 0.184365 0.523855 0.831616
    outer loop
      vertex -0.311350 38.695652 -1.161973
      vertex -0.269311 39.260870 -1.527336
      vertex -0.401402 39.260870 -1.498052
    endloop
  endfacet
  facet normal 0.111183 0.523855 0.844520
    outer loop
      vertex -0.208892 38.695652 -1.184687
      vertex -0.104845 38.695652 -1.198385
      vertex -0.135170 39.260870 -1.544996
    endloop
  endfacet
  facet normal 0.111183 0.523855 0.844520
    outer loop
      vertex -0.208892 38.695652 -1.184687
      vertex -0.135170 39.260870 -1.544996
      vertex -0.269311 39.260870 -1.527336
    endloop
  endfacet
  facet normal 0.037155 0.523855 0.850997
    outer loop
      vertex -0.104845 38.695652 -1.198385
      vertex -0.000000 38.695652 -1.202963
      vertex -0.000000 39.260870 -1.550898
    endloop
  endfacet
  facet normal 0.037155 0.523855 0.850997
    outer loop
      vertex -0.104845 38.695652 -1.198385
      vertex -0.000000 39.260870 -1.550898
      vertex -0.135170 39.260870 -1.544996
    endloop
  endfacet
  facet normal -0.037155 0.523855 0.850997
    outer loop
      vertex -0.000000 38.695652 -1.202963
      vertex 0.104845 38.695652 -1.198385
      vertex 0.135170 39.260870 -1.544996
    endloop
  endfacet
  facet normal -0.037155 0.523855 0.850997
    outer loop
      vertex -0.000000 38.695652 -1.202963
      vertex 0.135170 39.260870 -1.544996
      vertex -0.000000 39.260870 -1.550898
    endloop
  endfacet
  facet normal -0.111183 0.523855 0.844520
    outer loop
      vertex 0.104845 38.695652 -1.198385
      vertex 0.208892 38.695652 -1.184687
      vertex 0.269311 39.260870 -1.527336
    endloop
  endfacet
  facet normal -0.111183 0.523855 0.844520
    outer loop
      vertex 0.104845 38.695652 -1.198385
      vertex 0.269311 39.260870 -1.527336
      vertex 0.135170 39.260870 -1.544996
    endloop
  endfacet
  facet normal -0.184365 0.523855 0.831616
    outer loop
      vertex 0.208892 38.695652 -1.184687
      vertex 0.311350 38.695652 -1.161973
      vertex 0.401402 39.260870 -1.498052
    endloop
  endfacet
  facet normal -0.184365 0.523855 0.831616
    outer loop
      vertex 0.208892 38.695652 -1.184687
      vertex 0.401402 39.260870 -1.498052
      vertex 0.269311 39.260870 -1.527336
    endloop
  endfacet
  facet normal -0.256143 0.523855 0.812383
    outer loop
      vertex 0.311350 38.695652 -1.161973
      vertex 0.411437 38.695652 -1.130415
      vertex 0.530438 39.260870 -1.457367
    endloop
  endfacet
  facet normal -0.256143 0.523855 0.812383
    outer loop
      vertex 0.311350 38.695652 -1.161973
      vertex 0.530438 39.260870 -1.457367
      vertex 0.401402 39.260870 -1.498052
    endloop
  endfacet
  facet normal -0.325973 0.523855 0.786968
    outer loop
      vertex 0.411437 38.695652 -1.130415
      vertex 0.508394 38.695652 -1.090254
      vertex 0.655438 39.260870 -1.405591
    endloop
  endfacet
  facet normal -0.325973 0.523855 0.786968
    outer loop
      vertex 0.411437 38.695652 -1.130415
      vertex 0.655438 39.260870 -1.405591
      vertex 0.530438 39.260870 -1.457367
    endloop
  endfacet
  facet normal -0.393321 0.523855 0.755563
    outer loop
      vertex 0.508394 38.695652 -1.090254
      vertex 0.601481 38.695652 -1.041796
      vertex 0.775449 39.260870 -1.343117
    endloop
  endfacet
  facet normal -0.393321 0.523855 0.755563
    outer loop
      vertex 0.508394 38.695652 -1.090254
      vertex 0.775449 39.260870 -1.343117
      vertex 0.655438 39.260870 -1.405591
    endloop
  endfacet
  facet normal -0.457676 0.523855 0.718407
    outer loop
      vertex 0.601481 38.695652 -1.041796
      vertex 0.689991 38.695652 -0.985409
      vertex 0.889559 39.260870 -1.270421
    endloop
  endfacet
  facet normal -0.457676 0.523855 0.718407
    outer loop
      vertex 0.601481 38.695652 -1.041796
      vertex 0.889559 39.260870 -1.270421
      vertex 0.775449 39.260870 -1.343117
    endloop
  endfacet
  facet normal -0.518548 0.523855 0.675784
    outer loop
      vertex 0.689991 38.695652 -0.985409
      vertex 0.773250 38.695652 -0.921523
      vertex 0.996898 39.260870 -1.188057
    endloop
  endfacet
  facet normal -0.518548 0.523855 0.675784
    outer loop
      vertex 0.689991 38.695652 -0.985409
      vertex 0.996898 39.260870 -1.188057
      vertex 0.889559 39.260870 -1.270421
    endloop
  endfacet
  facet normal -0.575473 0.523855 0.628018
    outer loop
      vertex 0.773250 38.695652 -0.921523
      vertex 0.850623 38.695652 -0.850623
      vertex 1.096650 39.260870 -1.096650
    endloop
  endfacet
  facet normal -0.575473 0.523855 0.628018
    outer loop
      vertex 0.773250 38.695652 -0.921523
      vertex 1.096650 39.260870 -1.096650
      vertex 0.996898 39.260870 -1.188057
    endloop
  endfacet
  facet normal -0.628018 0.523855 0.575473
    outer loop
      vertex 0.850623 38.695652 -0.850623
      vertex 0.921523 38.695652 -0.773250
      vertex 1.188057 39.260870 -0.996898
    endloop
  endfacet
  facet normal -0.628018 0.523855 0.575473
    outer loop
      vertex 0.850623 38.695652 -0.850623
      vertex 1.188057 39.260870 -0.996898
      vertex 1.096650 39.260870 -1.096650
    endloop
  endfacet
  facet normal -0.675784 0.523855 0.518548
    outer loop
      vertex 0.921523 38.695652 -0.773250
      vertex 0.985409 38.695652 -0.689991
      vertex 1.270421 39.260870 -0.889559
    endloop
  endfacet
  facet normal -0.675784 0.523855 0.518548
    outer loop
      vertex 0.921523 38.695652 -0.773250
      vertex 1.270421 39.260870 -0.889559
      vertex 1.188057 39.260870 -0.996898
    endloop
  endfacet
  facet normal -0.718407 0.523855 0.457676
    outer loop
      vertex 0.985409 38.695652 -0.689991
      vertex 1.041796 38.695652 -0.601481
      vertex 1.343117 39.260870 -0.775449
    endloop
  endfacet
  facet normal -0.718407 0.523855 0.457676
    outer loop
      vertex 0.985409 38.695652 -0.689991
      vertex 1.343117 39.260870 -0.775449
      vertex 1.270421 39.260870 -0.889559
    endloop
  endfacet
  facet normal -0.755563 0.523855 0.393321
    outer loop
      vertex 1.041796 38.695652 -0.601481
      vertex 1.090254 38.695652 -0.508394
      vertex 1.405591 39.260870 -0.655438
    endloop
  endfacet
  facet normal -0.755563 0.523855 0.393321
    outer loop
      vertex 1.041796 38.695652 -0.601481
      vertex 1.405591 39.260870 -0.655438
      vertex 1.343117 39.260870 -0.775449
    endloop
  endfacet
  facet normal -0.786968 0.523855 0.325973
    outer loop
      vertex 1.090254 38.695652 -0.508394
      vertex 1.130415 38.695652 -0.411437
      vertex 1.457367 39.260870 -0.530438
    endloop
  endfacet
  facet normal -0.786968 0.523855 0.325973
    outer loop
      vertex 1.090254 38.695652 -0.508394
      vertex 1.457367 39.260870 -0.530438
      vertex 1.405591 39.260870 -0.655438
    endloop
  endfacet
  facet normal -0.812383 0.523855 0.256143
    outer loop
      vertex 1.130415 38.695652 -0.411437
      vertex 1.161973 38.695652 -0.311350
      vertex 1.498052 39.260870 -0.401402
    endloop
  endfacet
  facet normal -0.812383 0.523855 0.256143
    outer loop
      vertex 1.130415 38.695652 -0.411437
      vertex 1.498052 39.260870 -0.401402
      vertex 1.457367 39.260870 -0.530438
    endloop
  endfacet
  facet normal -0.831616 0.523855 0.184365
    outer loop
      vertex 1.161973 38.695652 -0.311350
      vertex 1.184687 38.695652 -0.208892
      vertex 1.527336 39.260870 -0.269311
    endloop
  endfacet
  facet normal -0.831616 0.523855 0.184365
    outer loop
      vertex 1.161973 38.695652 -0.311350
      vertex 1.527336 39.260870 -0.269311
      vertex 1.498052 39.260870 -0.401402
    endloop
  endfacet
  facet normal -0.844520 0.523855 0.111183
    outer loop
      vertex 1.184687 38.695652 -0.208892
      vertex 1.198385 38.695652 -0.104845
      vertex 1.544996 39.260870 -0.135170
    endloop
  endfacet
  facet normal -0.844520 0.523855 0.111183
    outer loop
      vertex 1.184687 38.695652 -0.208892
      vertex 1.544996 39.260870 -0.135170
      vertex 1.527336 39.260870 -0.269311
    endloop
  endfacet
  facet normal -0.850997 0.523855 0.037155
    outer loop
      vertex 1.198385 38.695652 -0.104845
      vertex 1.202963 38.695652 0.000000
      vertex 1.550898 39.260870 0.000000
    endloop
  endfacet
  facet normal -0.850997 0.523855 0.037155
    outer loop
      vertex 1.198385 38.695652 -0.104845
      vertex 1.550898 39.260870 0.000000
      vertex 1.544996 39.260870 -0.135170
    endloop
  endfacet
  facet normal -0.866939 0.496975 -0.037851
    outer loop
      vertex 1.550898 39.260870 0.000000
      vertex 1.544996 39.260870 0.135170
      vertex 1.867776 39.826087 0.163409
    endloop
  endfacet
  facet normal -0.866939 0.496975 -0.037851
    outer loop
      vertex 1.550898 39.260870 0.000000
      vertex 1.867776 39.826087 0.163409
      vertex 1.874910 39.826087 0.000000
    endloop
  endfacet
  facet normal -0.860341 0.496975 -0.113266
    outer loop
      vertex 1.544996 39.260870 0.135170
      vertex 1.527336 39.260870 0.269311
      vertex 1.846426 39.826087 0.325575
    endloop
  endfacet
  facet normal -0.860341 0.496975 -0.113266
    outer loop
      vertex 1.544996 39.260870 0.135170
      vertex 1.846426 39.826087 0.325575
      vertex 1.867776 39.826087 0.163409
    endloop
  endfacet
  facet normal -0.847195 0.496975 -0.187819
    outer loop
      vertex 1.527336 39.260870 0.269311
      vertex 1.498052 39.260870 0.401402
      vertex 1.811024 39.826087 0.485263
    endloop
  endfacet
  facet normal -0.847195 0.496975 -0.187819
    outer loop
      vertex 1.527336 39.260870 0.269311
      vertex 1.811024 39.826087 0.485263
      vertex 1.846426 39.826087 0.325575
    endloop
  endfacet
  facet normal -0.827602 0.496975 -0.260942
    outer loop
      vertex 1.498052 39.260870 0.401402
      vertex 1.457367 39.260870 0.530438
      vertex 1.761839 39.826087 0.641257
    endloop
  endfacet
  facet normal -0.827602 0.496975 -0.260942
    outer loop
      vertex 1.498052 39.260870 0.401402
      vertex 1.761839 39.826087 0.641257
      vertex 1.811024 39.826087 0.485263
    endloop
  endfacet
  facet normal -0.801710 0.496975 -0.332079
    outer loop
      vertex 1.457367 39.260870 0.530438
      vertex 1.405591 39.260870 0.655438
      vertex 1.699246 39.826087 0.792371
    endloop
  endfacet
  facet normal -0.801710 0.496975 -0.332079
    outer loop
      vertex 1.457367 39.260870 0.530438
      vertex 1.699246 39.826087 0.792371
      vertex 1.761839 39.826087 0.641257
    endloop
  endfacet
  facet normal -0.769717 0.496975 -0.400689
    outer loop
      vertex 1.405591 39.260870 0.655438
      vertex 1.343117 39.260870 0.775449
      vertex 1.623720 39.826087 0.937455
    endloop
  endfacet
  facet normal -0.769717 0.496975 -0.400689
    outer loop
      vertex 1.405591 39.260870 0.655438
      vertex 1.623720 39.826087 0.937455
      vertex 1.699246 39.826087 0.792371
    endloop
  endfacet
  facet normal -0.731865 0.496975 -0.466250
    outer loop
      vertex 1.343117 39.260870 0.775449
      vertex 1.270421 39.260870 0.889559
      vertex 1.535837 39.826087 1.075404
    endloop
  endfacet
  facet normal -0.731865 0.496975 -0.466250
    outer loop
      vertex 1.343117 39.260870 0.775449
      vertex 1.535837 39.826087 1.075404
      vertex 1.623720 39.826087 0.937455
    endloop
  endfacet
  facet normal -0.688444 0.496975 -0.528262
    outer loop
      vertex 1.270421 39.260870 0.889559
      vertex 1.188057 39.260870 0.996898
      vertex 1.436265 39.826087 1.205169
    endloop
  endfacet
  facet normal -0.688444 0.496975 -0.528262
    outer loop
      vertex 1.270421 39.260870 0.889559
      vertex 1.436265 39.826087 1.205169
      vertex 1.535837 39.826087 1.075404
    endloop
  endfacet
  facet normal -0.639783 0.496975 -0.586253
    outer loop
      vertex 1.188057 39.260870 0.996898
      vertex 1.096650 39.260870 1.096650
      vertex 1.325762 39.826087 1.325762
    endloop
  endfacet
  facet normal -0.639783 0.496975 -0.586253
    outer loop
      vertex 1.188057 39.260870 0.996898
      vertex 1.325762 39.826087 1.325762
      vertex 1.436265 39.826087 1.205169
    endloop
  endfacet
  facet normal -0.586253 0.496975 -0.639783
    outer loop
      vertex 1.096650 39.260870 1.096650
      vertex 0.996898 39.260870 1.188057
      vertex 1.205169 39.826087 1.436265
    endloop
  endfacet
  facet normal -0.586253 0.496975 -0.639783
    outer loop
      vertex 1.096650 39.260870 1.096650
      vertex 1.205169 39.826087 1.436265
      vertex 1.325762 39.826087 1.325762
    endloop
  endfacet
  facet normal -0.528262 0.496975 -0.688444
    outer loop
      vertex 0.996898 39.260870 1.188057
      vertex 0.889559 39.260870 1.270421
      vertex 1.075404 39.826087 1.535837
    endloop
  endfacet
  facet normal -0.528262 0.496975 -0.688444
    outer loop
      vertex 0.996898 39.260870 1.188057
      vertex 1.075404 39.826087 1.535837
      vertex 1.205169 39.826087 1.436265
    endloop
  endfacet
  facet normal -0.466250 0.496975 -0.731865
    outer loop
      vertex 0.889559 39.260870 1.270421
      vertex 0.775449 39.260870 1.343117
      vertex 0.937455 39.826087 1.623720
    endloop
  endfacet
  facet normal -0.466250 0.496975 -0.731865
    outer loop
      vertex 0.889559 39.260870 1.270421
      vertex 0.937455 39.826087 1.623720
      vertex 1.075404 39.826087 1.535837
    endloop
  endfacet
  facet normal -0.400689 0.496975 -0.769717
    outer loop
      vertex 0.775449 39.260870 1.343117
      vertex 0.655438 39.260870 1.405591
      vertex 0.792371 39.826087 1.699246
    endloop
  endfacet
  facet normal -0.400689 0.496975 -0.769717
    outer loop
      vertex 0.775449 39.260870 1.343117
      vertex 0.792371 39.826087 1.699246
      vertex 0.937455 39.826087 1.623720
    endloop
  endfacet
  facet normal -0.332079 0.496975 -0.801710
    outer loop
      vertex 0.655438 39.260870 1.405591
      vertex 0.530438 39.260870 1.457367
      vertex 0.641257 39.826087 1.761839
    endloop
  endfacet
  facet normal -0.332079 0.496975 -0.801710
    outer loop
      vertex 0.655438 39.260870 1.405591
      vertex 0.641257 39.826087 1.761839
      vertex 0.792371 39.826087 1.699246
    endloop
  endfacet
  facet normal -0.260942 0.496975 -0.827602
    outer loop
      vertex 0.530438 39.260870 1.457367
      vertex 0.401402 39.260870 1.498052
      vertex 0.485263 39.826087 1.811024
    endloop
  endfacet
  facet normal -0.260942 0.496975 -0.827602
    outer loop
      vertex 0.530438 39.260870 1.457367
      vertex 0.485263 39.826087 1.811024
      vertex 0.641257 39.826087 1.761839
    endloop
  endfacet
  facet normal -0.187819 0.496975 -0.847195
    outer loop
      vertex 0.401402 39.260870 1.498052
      vertex 0.269311 39.260870 1.527336
      vertex 0.325575 39.826087 1.846426
    endloop
  endfacet
  facet normal -0.187819 0.496975 -0.847195
    outer loop
      vertex 0.401402 39.260870 1.498052
      vertex 0.325575 39.826087 1.846426
      vertex 0.485263 39.826087 1.811024
    endloop
  endfacet
  facet normal -0.113266 0.496975 -0.860341
    outer loop
      vertex 0.269311 39.260870 1.527336
      vertex 0.135170 39.260870 1.544996
      vertex 0.163409 39.826087 1.867776
    endloop
  endfacet
  facet normal -0.113266 0.496975 -0.860341
    outer loop
      vertex 0.269311 39.260870 1.527336
      vertex 0.163409 39.826087 1.867776
      vertex 0.325575 39.826087 1.846426
    endloop
  endfacet
  facet normal -0.037851 0.496975 -0.866939
    outer loop
      vertex 0.135170 39.260870 1.544996
      vertex 0.000000 39.260870 1.550898
      vertex 0.000000 39.826087 1.874910
    endloop
  endfacet
  facet normal -0.037851 0.496975 -0.866939
    outer loop
      vertex 0.135170 39.260870 1.544996
      vertex 0.000000 39.826087 1.874910
      vertex 0.163409 39.826087 1.867776
    endloop
  endfacet
  facet normal 0.037851 0.496975 -0.866939
    outer loop
      vertex 0.000000 39.260870 1.550898
      vertex -0.135170 39.260870 1.544996
      vertex -0.163409 39.826087 1.867776
    endloop
  endfacet
  facet normal 0.037851 0.496975 -0.866939
    outer loop
      vertex 0.000000 39.260870 1.550898
      vertex -0.163409 39.826087 1.867776
      vertex 0.000000 39.826087 1.874910
    endloop
  endfacet
  facet normal 0.113266 0.496975 -0.860341
    outer loop
      vertex -0.135170 39.260870 1.544996
      vertex -0.269311 39.260870 1.527336
      vertex -0.325575 39.826087 1.846426
    endloop
  endfacet
  facet normal 0.113266 0.496975 -0.860341
    outer loop
      vertex -0.135170 39.260870 1.544996
      vertex -0.325575 39.826087 1.846426
      vertex -0.163409 39.826087 1.867776
    endloop
  endfacet
  facet normal 0.187819 0.496975 -0.847195
    outer loop
      vertex -0.269311 39.260870 1.527336
      vertex -0.401402 39.260870 1.498052
      vertex -0.485263 39.826087 1.811024
    endloop
  endfacet
  facet normal 0.187819 0.496975 -0.847195
    outer loop
      vertex -0.269311 39.260870 1.527336
      vertex -0.485263 39.826087 1.811024
      vertex -0.325575 39.826087 1.846426
    endloop
  endfacet
  facet normal 0.260942 0.496975 -0.827602
    outer loop
      vertex -0.401402 39.260870 1.498052
      vertex -0.530438 39.260870 1.457367
      vertex -0.641257 39.826087 1.761839
    endloop
  endfacet
  facet normal 0.260942 0.496975 -0.827602
    outer loop
      vertex -0.401402 39.260870 1.498052
      vertex -0.641257 39.826087 1.761839
      vertex -0.485263 39.826087 1.811024
    endloop
  endfacet
  facet normal 0.332079 0.496975 -0.801710
    outer loop
      vertex -0.530438 39.260870 1.457367
      vertex -0.655438 39.260870 1.405591
      vertex -0.792371 39.826087 1.699246
    endloop
  endfacet
  facet normal 0.332079 0.496975 -0.801710
    outer loop
      vertex -0.530438 39.260870 1.457367
      vertex -0.792371 39.826087 1.699246
      vertex -0.641257 39.826087 1.761839
    endloop
  endfacet
  facet normal 0.400689 0.496975 -0.769717
    outer loop
      vertex -0.655438 39.260870 1.405591
      vertex -0.775449 39.260870 1.343117
      vertex -0.937455 39.826087 1.623720
    endloop
  endfacet
  facet normal 0.400689 0.496975 -0.769717
    outer loop
      vertex -0.655438 39.260870 1.405591
      vertex -0.937455 39.826087 1.623720
      vertex -0.792371 39.826087 1.699246
    endloop
  endfacet
  facet normal 0.466250 0.496975 -0.731865
    outer loop
      vertex -0.775449 39.260870 1.343117
      vertex -0.889559 39.260870 1.270421
      vertex -1.075404 39.826087 1.535837
    endloop
  endfacet
  facet normal 0.466250 0.496975 -0.731865
    outer loop
      vertex -0.775449 39.260870 1.343117
      vertex -1.075404 39.826087 1.535837
      vertex -0.937455 39.826087 1.623720
    endloop
  endfacet
  facet normal 0.528262 0.496975 -0.688444
    outer loop
      vertex -0.889559 39.260870 1.270421
      vertex -0.996898 39.260870 1.188057
      vertex -1.205169 39.826087 1.436265
    endloop
  endfacet
  facet normal 0.528262 0.496975 -0.688444
    outer loop
      vertex -0.889559 39.260870 1.270421
      vertex -1.205169 39.826087 1.436265
      vertex -1.075404 39.826087 1.535837
    endloop
  endfacet
  facet normal 0.586253 0.496975 -0.639783
    outer loop
      vertex -0.996898 39.260870 1.188057
      vertex -1.096650 39.260870 1.096650
      vertex -1.325762 39.826087 1.325762
    endloop
  endfacet
  facet normal 0.586253 0.496975 -0.639783
    outer loop
      vertex -0.996898 39.260870 1.188057
      vertex -1.325762 39.826087 1.325762
      vertex -1.205169 39.826087 1.436265
    endloop
  endfacet
  facet normal 0.639783 0.496975 -0.586253
    outer loop
      vertex -1.096650 39.260870 1.096650
      vertex -1.188057 39.260870 0.996898
      vertex -1.436265 39.826087 1.205169
    endloop
  endfacet
  facet normal 0.639783 0.496975 -0.586253
    outer loop
      vertex -1.096650 39.260870 1.096650
      vertex -1.436265 39.826087 1.205169
      vertex -1.325762 39.826087 1.325762
    endloop
  endfacet
  facet normal 0.688444 0.496975 -0.528262
    outer loop
      vertex -1.188057 39.260870 0.996898
      vertex -1.270421 39.260870 0.889559
      vertex -1.535837 39.826087 1.075404
    endloop
  endfacet
  facet normal 0.688444 0.496975 -0.528262
    outer loop
      vertex -1.188057 39.260870 0.996898
      vertex -1.535837 39.826087 1.075404
      vertex -1.436265 39.826087 1.205169
    endloop
  endfacet
  facet normal 0.731865 0.496975 -0.466250
    outer loop
      vertex -1.270421 39.260870 0.889559
      vertex -1.343117 39.260870 0.775449
      vertex -1.623720 39.826087 0.937455
    endloop
  endfacet
  facet normal 0.731865 0.496975 -0.466250
    outer loop
      vertex -1.270421 39.260870 0.889559
      vertex -1.623720 39.826087 0.937455
      vertex -1.535837 39.826087 1.075404
    endloop
  endfacet
  facet normal 0.769717 0.496975 -0.400689
    outer loop
      vertex -1.343117 39.260870 0.775449
      vertex -1.405591 39.260870 0.655438
      vertex -1.699246 39.826087 0.792371
    endloop
  endfacet
  facet normal 0.769717 0.496975 -0.400689
    outer loop
      vertex -1.343117 39.260870 0.775449
      vertex -1.699246 39.826087 0.792371
      vertex -1.623720 39.826087 0.937455
    endloop
  endfacet
  facet normal 0.801710 0.496975 -0.332079
    outer loop
      vertex -1.405591 39.260870 0.655438
      vertex -1.457367 39.260870 0.530438
      vertex -1.761839 39.826087 0.641257
    endloop
  endfacet
  facet normal 0.801710 0.496975 -0.332079
    outer loop
      vertex -1.405591 39.260870 0.655438
      vertex -1.761839 39.826087 0.641257
      vertex -1.699246 39.826087 0.792371
    endloop
  endfacet
  facet normal 0.827602 0.496975 -0.260942
    outer loop
      vertex -1.457367 39.260870 0.530438
      vertex -1.498052 39.260870 0.401402
      vertex -1.811024 39.826087 0.485263
    endloop
  endfacet
  facet normal 0.827602 0.496975 -0.260942
    outer loop
      vertex -1.457367 39.260870 0.530438
      vertex -1.811024 39.826087 0.485263
      vertex -1.761839 39.826087 0.641257
    endloop
  endfacet
  facet normal 0.847195 0.496975 -0.187819
    outer loop
      vertex -1.498052 39.260870 0.401402
      vertex -1.527336 39.260870 0.269311
      vertex -1.846426 39.826087 0.325575
    endloop
  endfacet
  facet normal 0.847195 0.496975 -0.187819
    outer loop
      vertex -1.498052 39.260870 0.401402
      vertex -1.846426 39.826087 0.325575
      vertex -1.811024 39.826087 0.485263
    endloop
  endfacet
  facet normal 0.860341 0.496975 -0.113266
    outer loop
      vertex -1.527336 39.260870 0.269311
      vertex -1.544996 39.260870 0.135170
      vertex -1.867776 39.826087 0.163409
    endloop
  endfacet
  facet normal 0.860341 0.496975 -0.113266
    outer loop
      vertex -1.527336 39.260870 0.269311
      vertex -1.867776 39.826087 0.163409
      vertex -1.846426 39.826087 0.325575
    endloop
  endfacet
  facet normal 0.866939 0.496975 -0.037851
    outer loop
      vertex -1.544996 39.260870 0.135170
      vertex -1.550898 39.260870 0.000000
      vertex -1.874910 39.826087 0.000000
    endloop
  endfacet
  facet normal 0.866939 0.496975 -0.037851
    outer loop
      vertex -1.544996 39.260870 0.135170
      vertex -1.874910 39.826087 0.000000
      vertex -1.867776 39.826087 0.163409
    endloop
  endfacet
  facet normal 0.866939 0.496975 0.037851
    outer loop
      vertex -1.550898 39.260870 0.000000
      vertex -1.544996 39.260870 -0.135170
      vertex -1.867776 39.826087 -0.163409
    endloop
  endfacet
  facet normal 0.866939 0.496975 0.037851
    outer loop
      vertex -1.550898 39.260870 0.000000
      vertex -1.867776 39.826087 -0.163409
      vertex -1.874910 39.826087 0.000000
    endloop
  endfacet
  facet normal 0.860341 0.496975 0.113266
    outer loop
      vertex -1.544996 39.260870 -0.135170
      vertex -1.527336 39.260870 -0.269311
      vertex -1.846426 39.826087 -0.325575
    endloop
  endfacet
  facet normal 0.860341 0.496975 0.113266
    outer loop
      vertex -1.544996 39.260870 -0.135170
      vertex -1.846426 39.826087 -0.325575
      vertex -1.867776 39.826087 -0.163409
    endloop
  endfacet
  facet normal 0.847195 0.496975 0.187819
    outer loop
      vertex -1.527336 39.260870 -0.269311
      vertex -1.498052 39.260870 -0.401402
      vertex -1.811024 39.826087 -0.485263
    endloop
  endfacet
  facet normal 0.847195 0.496975 0.187819
    outer loop
      vertex -1.527336 39.260870 -0.269311
      vertex -1.811024 39.826087 -0.485263
      vertex -1.846426 39.826087 -0.325575
    endloop
  endfacet
  facet normal 0.827602 0.496975 0.260942
    outer loop
      vertex -1.498052 39.260870 -0.401402
      vertex -1.457367 39.260870 -0.530438
      vertex -1.761839 39.826087 -0.641257
    endloop
  endfacet
  facet normal 0.827602 0.496975 0.260942
    outer loop
      vertex -1.498052 39.260870 -0.401402
      vertex -1.761839 39.826087 -0.641257
      vertex -1.811024 39.826087 -0.485263
    endloop
  endfacet
  facet normal 0.801710 0.496975 0.332079
    outer loop
      vertex -1.457367 39.260870 -0.530438
      vertex -1.405591 39.260870 -0.655438
      vertex -1.699246 39.826087 -0.792371
    endloop
  endfacet
  facet normal 0.801710 0.496975 0.332079
    outer loop
      vertex -1.457367 39.260870 -0.530438
      vertex -1.699246 39.826087 -0.792371
      vertex -1.761839 39.826087 -0.641257
    endloop
  endfacet
  facet normal 0.769717 0.496975 0.400689
    outer loop
      vertex -1.405591 39.260870 -0.655438
      vertex -1.343117 39.260870 -0.775449
      vertex -1.623720 39.826087 -0.937455
    endloop
  endfacet
  facet normal 0.769717 0.496975 0.400689
    outer loop
      vertex -1.405591 39.260870 -0.655438
      vertex -1.623720 39.826087 -0.937455
      vertex -1.699246 39.826087 -0.792371
    endloop
  endfacet
  facet normal 0.731865 0.496975 0.466250
    outer loop
      vertex -1.343117 39.260870 -0.775449
      vertex -1.270421 39.260870 -0.889559
      vertex -1.535837 39.826087 -1.075404
    endloop
  endfacet
  facet normal 0.731865 0.496975 0.466250
    outer loop
      vertex -1.343117 39.260870 -0.775449
      vertex -1.535837 39.826087 -1.075404
      vertex -1.623720 39.826087 -0.937455
    endloop
  endfacet
  facet normal 0.688444 0.496975 0.528262
    outer loop
      vertex -1.270421 39.260870 -0.889559
      vertex -1.188057 39.260870 -0.996898
      vertex -1.436265 39.826087 -1.205169
    endloop
  endfacet
  facet normal 0.688444 0.496975 0.528262
    outer loop
      vertex -1.270421 39.260870 -0.889559
      vertex -1.436265 39.826087 -1.205169
      vertex -1.535837 39.826087 -1.075404
    endloop
  endfacet
  facet normal 0.639783 0.496975 0.586253
    outer loop
      vertex -1.188057 39.260870 -0.996898
      vertex -1.096650 39.260870 -1.096650
      vertex -1.325762 39.826087 -1.325762
    endloop
  endfacet
  facet normal 0.639783 0.496975 0.586253
    outer loop
      vertex -1.188057 39.260870 -0.996898
      vertex -1.325762 39.826087 -1.325762
      vertex -1.436265 39.826087 -1.205169
    endloop
  endfacet
  facet normal 0.586253 0.496975 0.639783
    outer loop
      vertex -1.096650 39.260870 -1.096650
      vertex -0.996898 39.260870 -1.188057
      vertex -1.205169 39.826087 -1.436265
    endloop
  endfacet
  facet normal 0.586253 0.496975 0.639783
    outer loop
      vertex -1.096650 39.260870 -1.096650
      vertex -1.205169 39.826087 -1.436265
      vertex -1.325762 39.826087 -1.325762
    endloop
  endfacet
  facet normal 0.528262 0.496975 0.688444
    outer loop
      vertex -0.996898 39.260870 -1.188057
      vertex -0.889559 39.260870 -1.270421
      vertex -1.075404 39.826087 -1.535837
    endloop
  endfacet
  facet normal 0.528262 0.496975 0.688444
    outer loop
      vertex -0.996898 39.260870 -1.188057
      vertex -1.075404 39.826087 -1.535837
      vertex -1.205169 39.826087 -1.436265
    endloop
  endfacet
  facet normal 0.466250 0.496975 0.731865
    outer loop
      vertex -0.889559 39.260870 -1.270421
      vertex -0.775449 39.260870 -1.343117
      vertex -0.937455 39.826087 -1.623720
    endloop
  endfacet
  facet normal 0.466250 0.496975 0.731865
    outer loop
      vertex -0.889559 39.260870 -1.270421
      vertex -0.937455 39.826087 -1.623720
      vertex -1.075404 39.826087 -1.535837
    endloop
  endfacet
  facet normal 0.400689 0.496975 0.769717
    outer loop
      vertex -0.775449 39.260870 -1.343117
      vertex -0.655438 39.260870 -1.405591
      vertex -0.792371 39.826087 -1.699246
    endloop
  endfacet
  facet normal 0.400689 0.496975 0.769717
    outer loop
      vertex -0.775449 39.260870 -1.343117
      vertex -0.792371 39.826087 -1.699246
      vertex -0.937455 39.826087 -1.623720
    endloop
  endfacet
  facet normal 0.332079 0.496975 0.801710
    outer loop
      vertex -0.655438 39.260870 -1.405591
      vertex -0.530438 39.260870 -1.457367
      vertex -0.641257 39.826087 -1.761839
    endloop
  endfacet
  facet normal 0.332079 0.496975 0.801710
    outer loop
      vertex -0.655438 39.260870 -1.405591
      vertex -0.641257 39.826087 -1.761839
      vertex -0.792371 39.826087 -1.699246
    endloop
  endfacet
  facet normal 0.260942 0.496975 0.827602
    outer loop
      vertex -0.530438 39.260870 -1.457367
      vertex -0.401402 39.260870 -1.498052
      vertex -0.485263 39.826087 -1.811024
    endloop
  endfacet
  facet normal 0.260942 0.496975 0.827602
    outer loop
      vertex -0.530438 39.260870 -1.457367
      vertex -0.485263 39.826087 -1.811024
      vertex -0.641257 39.826087 -1.761839
    endloop
  endfacet
  facet normal 0.187819 0.496975 0.847195
    outer loop
      vertex -0.401402 39.260870 -1.498052
      vertex -0.269311 39.260870 -1.527336
      vertex -0.325575 39.826087 -1.846426
    endloop
  endfacet
  facet normal 0.187819 0.496975 0.847195
    outer loop
      vertex -0.401402 39.260870 -1.498052
      vertex -0.325575 39.826087 -1.846426
      vertex -0.485263 39.826087 -1.811024
    endloop
  endfacet
  facet normal 0.113266 0.496975 0.860341
    outer loop
      vertex -0.269311 39.260870 -1.527336
      vertex -0.135170 39.260870 -1.544996
      vertex -0.163409 39.826087 -1.867776
    endloop
  endfacet
  facet normal 0.113266 0.496975 0.860341
    outer loop
      vertex -0.269311 39.260870 -1.527336
      vertex -0.163409 39.826087 -1.867776
      vertex -0.325575 39.826087 -1.846426
    endloop
  endfacet
  facet normal 0.037851 0.496975 0.866939
    outer loop
      vertex -0.135170 39.260870 -1.544996
      vertex -0.000000 39.260870 -1.550898
      vertex -0.000000 39.826087 -1.874910
    endloop
  endfacet
  facet normal 0.037851 0.496975 0.866939
    outer loop
      vertex -0.135170 39.260870 -1.544996
      vertex -0.000000 39.826087 -1.874910
      vertex -0.163409 39.826087 -1.867776
    endloop
  endfacet
  facet normal -0.037851 0.496975 0.866939
    outer loop
      vertex -0.000000 39.260870 -1.550898
      vertex 0.135170 39.260870 -1.544996
      vertex 0.163409 39.826087 -1.867776
    endloop
  endfacet
  facet normal -0.037851 0.496975 0.866939
    outer loop
      vertex -0.000000 39.260870 -1.550898
      vertex 0.163409 39.826087 -1.867776
      vertex -0.000000 39.826087 -1.874910
    endloop
  endfacet
  facet normal -0.113266 0.496975 0.860341
    outer loop
      vertex 0.135170 39.260870 -1.544996
      vertex 0.269311 39.260870 -1.527336
      vertex 0.325575 39.826087 -1.846426
    endloop
  endfacet
  facet normal -0.113266 0.496975 0.860341
    outer loop
      vertex 0.135170 39.260870 -1.544996
      vertex 0.325575 39.826087 -1.846426
      vertex 0.163409 39.826087 -1.867776
    endloop
  endfacet
  facet normal -0.187819 0.496975 0.847195
    outer loop
      vertex 0.269311 39.260870 -1.527336
      vertex 0.401402 39.260870 -1.498052
      vertex 0.485263 39.826087 -1.811024
    endloop
  endfacet
  facet normal -0.187819 0.496975 0.847195
    outer loop
      vertex 0.269311 39.260870 -1.527336
      vertex 0.485263 39.826087 -1.811024
      vertex 0.325575 39.826087 -1.846426
    endloop
  endfacet
  facet normal -0.260942 0.496975 0.827602
    outer loop
      vertex 0.401402 39.260870 -1.498052
      vertex 0.530438 39.260870 -1.457367
      vertex 0.641257 39.826087 -1.761839
    endloop
  endfacet
  facet normal -0.260942 0.496975 0.827602
    outer loop
      vertex 0.401402 39.260870 -1.498052
      vertex 0.641257 39.826087 -1.761839
      vertex 0.485263 39.826087 -1.811024
    endloop
  endfacet
  facet normal -0.332079 0.496975 0.801710
    outer loop
      vertex 0.530438 39.260870 -1.457367
      vertex 0.655438 39.260870 -1.405591
      vertex 0.792371 39.826087 -1.699246
    endloop
  endfacet
  facet normal -0.332079 0.496975 0.801710
    outer loop
      vertex 0.530438 39.260870 -1.457367
      vertex 0.792371 39.826087 -1.699246
      vertex 0.641257 39.826087 -1.761839
    endloop
  endfacet
  facet normal -0.400689 0.496975 0.769717
    outer loop
      vertex 0.655438 39.260870 -1.405591
      vertex 0.775449 39.260870 -1.343117
      vertex 0.937455 39.826087 -1.623720
    endloop
  endfacet
  facet normal -0.400689 0.496975 0.769717
    outer loop
      vertex 0.655438 39.260870 -1.405591
      vertex 0.937455 39.826087 -1.623720
      vertex 0.792371 39.826087 -1.699246
    endloop
  endfacet
  facet normal -0.466250 0.496975 0.731865
    outer loop
      vertex 0.775449 39.260870 -1.343117
      vertex 0.889559 39.260870 -1.270421
      vertex 1.075404 39.826087 -1.535837
    endloop
  endfacet
  facet normal -0.466250 0.496975 0.731865
    outer loop
      vertex 0.775449 39.260870 -1.343117
      vertex 1.075404 39.826087 -1.535837
      vertex 0.937455 39.826087 -1.623720
    endloop
  endfacet
  facet normal -0.528262 0.496975 0.688444
    outer loop
      vertex 0.889559 39.260870 -1.270421
      vertex 0.996898 39.260870 -1.188057
      vertex 1.205169 39.826087 -1.436265
    endloop
  endfacet
  facet normal -0.528262 0.496975 0.688444
    outer loop
      vertex 0.889559 39.260870 -1.270421
      vertex 1.205169 39.826087 -1.436265
      vertex 1.075404 39.826087 -1.535837
    endloop
  endfacet
  facet normal -0.586253 0.496975 0.639783
    outer loop
      vertex 0.996898 39.260870 -1.188057
      vertex 1.096650 39.260870 -1.096650
      vertex 1.325762 39.826087 -1.325762
    endloop
  endfacet
  facet normal -0.586253 0.496975 0.639783
    outer loop
      vertex 0.996898 39.260870 -1.188057
      vertex 1.325762 39.826087 -1.325762
      vertex 1.205169 39.826087 -1.436265
    endloop
  endfacet
  facet normal -0.639783 0.496975 0.586253
    outer loop
      vertex 1.096650 39.260870 -1.096650
      vertex 1.188057 39.260870 -0.996898
      vertex 1.436265 39.826087 -1.205169
    endloop
  endfacet
  facet normal -0.639783 0.496975 0.586253
    outer loop
      vertex 1.096650 39.260870 -1.096650
      vertex 1.436265 39.826087 -1.205169
      vertex 1.325762 39.826087 -1.325762
    endloop
  endfacet
  facet normal -0.688444 0.496975 0.528262
    outer loop
      vertex 1.188057 39.260870 -0.996898
      vertex 1.270421 39.260870 -0.889559
      vertex 1.535837 39.826087 -1.075404
    endloop
  endfacet
  facet normal -0.688444 0.496975 0.528262
    outer loop
      vertex 1.188057 39.260870 -0.996898
      vertex 1.535837 39.826087 -1.075404
      vertex 1.436265 39.826087 -1.205169
    endloop
  endfacet
  facet normal -0.731865 0.496975 0.466250
    outer loop
      vertex 1.270421 39.260870 -0.889559
      vertex 1.343117 39.260870 -0.775449
      vertex 1.623720 39.826087 -0.937455
    endloop
  endfacet
  facet normal -0.731865 0.496975 0.466250
    outer loop
      vertex 1.270421 39.260870 -0.889559
      vertex 1.623720 39.826087 -0.937455
      vertex 1.535837 39.826087 -1.075404
    endloop
  endfacet
  facet normal -0.769717 0.496975 0.400689
    outer loop
      vertex 1.343117 39.260870 -0.775449
      vertex 1.405591 39.260870 -0.655438
      vertex 1.699246 39.826087 -0.792371
    endloop
  endfacet
  facet normal -0.769717 0.496975 0.400689
    outer loop
      vertex 1.343117 39.260870 -0.775449
      vertex 1.699246 39.826087 -0.792371
      vertex 1.623720 39.826087 -0.937455
    endloop
  endfacet
  facet normal -0.801710 0.496975 0.332079
    outer loop
      vertex 1.405591 39.260870 -0.655438
      vertex 1.457367 39.260870 -0.530438
      vertex 1.761839 39.826087 -0.641257
    endloop
  endfacet
  facet normal -0.801710 0.496975 0.332079
    outer loop
      vertex 1.405591 39.260870 -0.655438
      vertex 1.761839 39.826087 -0.641257
      vertex 1.699246 39.826087 -0.792371
    endloop
  endfacet
  facet normal -0.827602 0.496975 0.260942
    outer loop
      vertex 1.457367 39.260870 -0.530438
      vertex 1.498052 39.260870 -0.401402
      vertex 1.811024 39.826087 -0.485263
    endloop
  endfacet
  facet normal -0.827602 0.496975 0.260942
    outer loop
      vertex 1.457367 39.260870 -0.530438
      vertex 1.811024 39.826087 -0.485263
      vertex 1.761839 39.826087 -0.641257
    endloop
  endfacet
  facet normal -0.847195 0.496975 0.187819
    outer loop
      vertex 1.498052 39.260870 -0.401402
      vertex 1.527336 39.260870 -0.269311
      vertex 1.846426 39.826087 -0.325575
    endloop
  endfacet
  facet normal -0.847195 0.496975 0.187819
    outer loop
      vertex 1.498052 39.260870 -0.401402
      vertex 1.846426 39.826087 -0.325575
      vertex 1.811024 39.826087 -0.485263
    endloop
  endfacet
  facet normal -0.860341 0.496975 0.113266
    outer loop
      vertex 1.527336 39.260870 -0.269311
      vertex 1.544996 39.260870 -0.135170
      vertex 1.867776 39.826087 -0.163409
    endloop
  endfacet
  facet normal -0.860341 0.496975 0.113266
    outer loop
      vertex 1.527336 39.260870 -0.269311
      vertex 1.867776 39.826087 -0.163409
      vertex 1.846426 39.826087 -0.325575
    endloop
  endfacet
  facet normal -0.866939 0.496975 0.037851
    outer loop
      vertex 1.544996 39.260870 -0.135170
      vertex 1.550898 39.260870 0.000000
      vertex 1.874910 39.826087 0.000000
    endloop
  endfacet
  facet normal -0.866939 0.496975 0.037851
    outer loop
      vertex 1.544996 39.260870 -0.135170
      vertex 1.874910 39.826087 0.000000
      vertex 1.867776 39.826087 -0.163409
    endloop
  endfacet
  facet normal -0.881774 0.470098 -0.038499
    outer loop
      vertex 1.874910 39.826087 0.000000
      vertex 1.867776 39.826087 0.163409
      vertex 2.167962 40.391304 0.189672
    endloop
  endfacet
  facet normal -0.881774 0.470098 -0.038499
    outer loop
      vertex 1.874910 39.826087 0.000000
      vertex 2.167962 40.391304 0.189672
      vertex 2.176243 40.391304 0.000000
    endloop
  endfacet
  facet normal -0.875063 0.470098 -0.115204
    outer loop
      vertex 1.867776 39.826087 0.163409
      vertex 1.846426 39.826087 0.325575
      vertex 2.143181 40.391304 0.377901
    endloop
  endfacet
  facet normal -0.875063 0.470098 -0.115204
    outer loop
      vertex 1.867776 39.826087 0.163409
      vertex 2.143181 40.391304 0.377901
      vertex 2.167962 40.391304 0.189672
    endloop
  endfacet
  facet normal -0.861693 0.470098 -0.191033
    outer loop
      vertex 1.846426 39.826087 0.325575
      vertex 1.811024 39.826087 0.485263
      vertex 2.102090 40.391304 0.563253
    endloop
  endfacet
  facet normal -0.861693 0.470098 -0.191033
    outer loop
      vertex 1.846426 39.826087 0.325575
      vertex 2.102090 40.391304 0.563253
      vertex 2.143181 40.391304 0.377901
    endloop
  endfacet
  facet normal -0.841764 0.470098 -0.265407
    outer loop
      vertex 1.811024 39.826087 0.485263
      vertex 1.761839 39.826087 0.641257
      vertex 2.045000 40.391304 0.744319
    endloop
  endfacet
  facet normal -0.841764 0.470098 -0.265407
    outer loop
      vertex 1.811024 39.826087 0.485263
      vertex 2.045000 40.391304 0.744319
      vertex 2.102090 40.391304 0.563253
    endloop
  endfacet
  facet normal -0.815429 0.470098 -0.337762
    outer loop
      vertex 1.761839 39.826087 0.641257
      vertex 1.699246 39.826087 0.792371
      vertex 1.972346 40.391304 0.919720
    endloop
  endfacet
  facet normal -0.815429 0.470098 -0.337762
    outer loop
      vertex 1.761839 39.826087 0.641257
      vertex 1.972346 40.391304 0.919720
      vertex 2.045000 40.391304 0.744319
    endloop
  endfacet
  facet normal -0.782888 0.470098 -0.407546
    outer loop
      vertex 1.699246 39.826087 0.792371
      vertex 1.623720 39.826087 0.937455
      vertex 1.884682 40.391304 1.088122
    endloop
  endfacet
  facet normal -0.782888 0.470098 -0.407546
    outer loop
      vertex 1.699246 39.826087 0.792371
      vertex 1.884682 40.391304 1.088122
      vertex 1.972346 40.391304 0.919720
    endloop
  endfacet
  facet normal -0.744389 0.470098 -0.474228
    outer loop
      vertex 1.623720 39.826087 0.937455
      vertex 1.535837 39.826087 1.075404
      vertex 1.782674 40.391304 1.248242
    endloop
  endfacet
  facet normal -0.744389 0.470098 -0.474228
    outer loop
      vertex 1.623720 39.826087 0.937455
      vertex 1.782674 40.391304 1.248242
      vertex 1.884682 40.391304 1.088122
    endloop
  endfacet
  facet normal -0.700225 0.470098 -0.537301
    outer loop
      vertex 1.535837 39.826087 1.075404
      vertex 1.436265 39.826087 1.205169
      vertex 1.667099 40.391304 1.398862
    endloop
  endfacet
  facet normal -0.700225 0.470098 -0.537301
    outer loop
      vertex 1.535837 39.826087 1.075404
      vertex 1.667099 40.391304 1.398862
      vertex 1.782674 40.391304 1.248242
    endloop
  endfacet
  facet normal -0.650731 0.470098 -0.596286
    outer loop
      vertex 1.436265 39.826087 1.205169
      vertex 1.325762 39.826087 1.325762
      vertex 1.538836 40.391304 1.538836
    endloop
  endfacet
  facet normal -0.650731 0.470098 -0.596286
    outer loop
      vertex 1.436265 39.826087 1.205169
      vertex 1.538836 40.391304 1.538836
      vertex 1.667099 40.391304 1.398862
    endloop
  endfacet
  facet normal -0.596286 0.470098 -0.650731
    outer loop
      vertex 1.325762 39.826087 1.325762
      vertex 1.205169 39.826087 1.436265
      vertex 1.398862 40.391304 1.667099
    endloop
  endfacet
  facet normal -0.596286 0.470098 -0.650731
    outer loop
      vertex 1.325762 39.826087 1.325762
      vertex 1.398862 40.391304 1.667099
      vertex 1.538836 40.391304 1.538836
    endloop
  endfacet
  facet normal -0.537301 0.470098 -0.700225
    outer loop
      vertex 1.205169 39.826087 1.436265
      vertex 1.075404 39.826087 1.535837
      vertex 1.248242 40.391304 1.782674
    endloop
  endfacet
  facet normal -0.537301 0.470098 -0.700225
    outer loop
      vertex 1.205169 39.826087 1.436265
      vertex 1.248242 40.391304 1.782674
      vertex 1.398862 40.391304 1.667099
    endloop
  endfacet
  facet normal -0.474228 0.470098 -0.744389
    outer loop
      vertex 1.075404 39.826087 1.535837
      vertex 0.937455 39.826087 1.623720
      vertex 1.088122 40.391304 1.884682
    endloop
  endfacet
  facet normal -0.474228 0.470098 -0.744389
    outer loop
      vertex 1.075404 39.826087 1.535837
      vertex 1.088122 40.391304 1.884682
      vertex 1.248242 40.391304 1.782674
    endloop
  endfacet
  facet normal -0.407546 0.470098 -0.782888
    outer loop
      vertex 0.937455 39.826087 1.623720
      vertex 0.792371 39.826087 1.699246
      vertex 0.919720 40.391304 1.972346
    endloop
  endfacet
  facet normal -0.407546 0.470098 -0.782888
    outer loop
      vertex 0.937455 39.826087 1.623720
      vertex 0.919720 40.391304 1.972346
      vertex 1.088122 40.391304 1.884682
    endloop
  endfacet
  facet normal -0.337762 0.470098 -0.815429
    outer loop
      vertex 0.792371 39.826087 1.699246
      vertex 0.641257 39.826087 1.761839
      vertex 0.744319 40.391304 2.045000
    endloop
  endfacet
  facet normal -0.337762 0.470098 -0.815429
    outer loop
      vertex 0.792371 39.826087 1.699246
      vertex 0.744319 40.391304 2.045000
      vertex 0.919720 40.391304 1.972346
    endloop
  endfacet
  facet normal -0.265407 0.470098 -0.841764
    outer loop
      vertex 0.641257 39.826087 1.761839
      vertex 0.485263 39.826087 1.811024
      vertex 0.563253 40.391304 2.102090
    endloop
  endfacet
  facet normal -0.265407 0.470098 -0.841764
    outer loop
      vertex 0.641257 39.826087 1.761839
      vertex 0.563253 40.391304 2.102090
      vertex 0.744319 40.391304 2.045000
    endloop
  endfacet
  facet normal -0.191033 0.470098 -0.861693
    outer loop
      vertex 0.485263 39.826087 1.811024
      vertex 0.325575 39.826087 1.846426
      vertex 0.377901 40.391304 2.143181
    endloop
  endfacet
  facet normal -0.191033 0.470098 -0.861693
    outer loop
      vertex 0.485263 39.826087 1.811024
      vertex 0.377901 40.391304 2.143181
      vertex 0.563253 40.391304 2.102090
    endloop
  endfacet
  facet normal -0.115204 0.470098 -0.875063
    outer loop
      vertex 0.325575 39.826087 1.846426
      vertex 0.163409 39.826087 1.867776
      vertex 0.189672 40.391304 2.167962
    endloop
  endfacet
  facet normal -0.115204 0.470098 -0.875063
    outer loop
      vertex 0.325575 39.826087 1.846426
      vertex 0.189672 40.391304 2.167962
      vertex 0.377901 40.391304 2.143181
    endloop
  endfacet
  facet normal -0.038499 0.470098 -0.881774
    outer loop
      vertex 0.163409 39.826087 1.867776
      vertex 0.000000 39.826087 1.874910
      vertex 0.000000 40.391304 2.176243
    endloop
  endfacet
  facet normal -0.038499 0.470098 -0.881774
    outer loop
      vertex 0.163409 39.826087 1.867776
      vertex 0.000000 40.391304 2.176243
      vertex 0.189672 40.391304 2.167962
    endloop
  endfacet
  facet normal 0.038499 0.470098 -0.881774
    outer loop
      vertex 0.000000 39.826087 1.874910
      vertex -0.163409 39.826087 1.867776
      vertex -0.189672 40.391304 2.167962
    endloop
  endfacet
  facet normal 0.038499 0.470098 -0.881774
    outer loop
      vertex 0.000000 39.826087 1.874910
      vertex -0.189672 40.391304 2.167962
      vertex 0.000000 40.391304 2.176243
    endloop
  endfacet
  facet normal 0.115204 0.470098 -0.875063
    outer loop
      vertex -0.163409 39.826087 1.867776
      vertex -0.325575 39.826087 1.846426
      vertex -0.377901 40.391304 2.143181
    endloop
  endfacet
  facet normal 0.115204 0.470098 -0.875063
    outer loop
      vertex -0.163409 39.826087 1.867776
      vertex -0.377901 40.391304 2.143181
      vertex -0.189672 40.391304 2.167962
    endloop
  endfacet
  facet normal 0.191033 0.470098 -0.861693
    outer loop
      vertex -0.325575 39.826087 1.846426
      vertex -0.485263 39.826087 1.811024
      vertex -0.563253 40.391304 2.102090
    endloop
  endfacet
  facet normal 0.191033 0.470098 -0.861693
    outer loop
      vertex -0.325575 39.826087 1.846426
      vertex -0.563253 40.391304 2.102090
      vertex -0.377901 40.391304 2.143181
    endloop
  endfacet
  facet normal 0.265407 0.470098 -0.841764
    outer loop
      vertex -0.485263 39.826087 1.811024
      vertex -0.641257 39.826087 1.761839
      vertex -0.744319 40.391304 2.045000
    endloop
  endfacet
  facet normal 0.265407 0.470098 -0.841764
    outer loop
      vertex -0.485263 39.826087 1.811024
      vertex -0.744319 40.391304 2.045000
      vertex -0.563253 40.391304 2.102090
    endloop
  endfacet
  facet normal 0.337762 0.470098 -0.815429
    outer loop
      vertex -0.641257 39.826087 1.761839
      vertex -0.792371 39.826087 1.699246
      vertex -0.919720 40.391304 1.972346
    endloop
  endfacet
  facet normal 0.337762 0.470098 -0.815429
    outer loop
      vertex -0.641257 39.826087 1.761839
      vertex -0.919720 40.391304 1.972346
      vertex -0.744319 40.391304 2.045000
    endloop
  endfacet
  facet normal 0.407546 0.470098 -0.782888
    outer loop
      vertex -0.792371 39.826087 1.699246
      vertex -0.937455 39.826087 1.623720
      vertex -1.088122 40.391304 1.884682
    endloop
  endfacet
  facet normal 0.407546 0.470098 -0.782888
    outer loop
      vertex -0.792371 39.826087 1.699246
      vertex -1.088122 40.391304 1.884682
      vertex -0.919720 40.391304 1.972346
    endloop
  endfacet
  facet normal 0.474228 0.470098 -0.744389
    outer loop
      vertex -0.937455 39.826087 1.623720
      vertex -1.075404 39.826087 1.535837
      vertex -1.248242 40.391304 1.782674
    endloop
  endfacet
  facet normal 0.474228 0.470098 -0.744389
    outer loop
      vertex -0.937455 39.826087 1.623720
      vertex -1.248242 40.391304 1.782674
      vertex -1.088122 40.391304 1.884682
    endloop
  endfacet
  facet normal 0.537301 0.470098 -0.700225
    outer loop
      vertex -1.075404 39.826087 1.535837
      vertex -1.205169 39.826087 1.436265
      vertex -1.398862 40.391304 1.667099
    endloop
  endfacet
  facet normal 0.537301 0.470098 -0.700225
    outer loop
      vertex -1.075404 39.826087 1.535837
      vertex -1.398862 40.391304 1.667099
      vertex -1.248242 40.391304 1.782674
    endloop
  endfacet
  facet normal 0.596286 0.470098 -0.650731
    outer loop
      vertex -1.205169 39.826087 1.436265
      vertex -1.325762 39.826087 1.325762
      vertex -1.538836 40.391304 1.538836
    endloop
  endfacet
  facet normal 0.596286 0.470098 -0.650731
    outer loop
      vertex -1.205169 39.826087 1.436265
      vertex -1.538836 40.391304 1.538836
      vertex -1.398862 40.391304 1.667099
    endloop
  endfacet
  facet normal 0.650731 0.470098 -0.596286
    outer loop
      vertex -1.325762 39.826087 1.325762
      vertex -1.436265 39.826087 1.205169
      vertex -1.667099 40.391304 1.398862
    endloop
  endfacet
  facet normal 0.650731 0.470098 -0.596286
    outer loop
      vertex -1.325762 39.826087 1.325762
      vertex -1.667099 40.391304 1.398862
      vertex -1.538836 40.391304 1.538836
    endloop
  endfacet
  facet normal 0.700225 0.470098 -0.537301
    outer loop
      vertex -1.436265 39.826087 1.205169
      vertex -1.535837 39.826087 1.075404
      vertex -1.782674 40.391304 1.248242
    endloop
  endfacet
  facet normal 0.700225 0.470098 -0.537301
    outer loop
      vertex -1.436265 39.826087 1.205169
      vertex -1.782674 40.391304 1.248242
      vertex -1.667099 40.391304 1.398862
    endloop
  endfacet
  facet normal 0.744389 0.470098 -0.474228
    outer loop
      vertex -1.535837 39.826087 1.075404
      vertex -1.623720 39.826087 0.937455
      vertex -1.884682 40.391304 1.088122
    endloop
  endfacet
  facet normal 0.744389 0.470098 -0.474228
    outer loop
      vertex -1.535837 39.826087 1.075404
      vertex -1.884682 40.391304 1.088122
      vertex -1.782674 40.391304 1.248242
    endloop
  endfacet
  facet normal 0.782888 0.470098 -0.407546
    outer loop
      vertex -1.623720 39.826087 0.937455
      vertex -1.699246 39.826087 0.792371
      vertex -1.972346 40.391304 0.919720
    endloop
  endfacet
  facet normal 0.782888 0.470098 -0.407546
    outer loop
      vertex -1.623720 39.826087 0.937455
      vertex -1.972346 40.391304 0.919720
      vertex -1.884682 40.391304 1.088122
    endloop
  endfacet
  facet normal 0.815429 0.470098 -0.337762
    outer loop
      vertex -1.699246 39.826087 0.792371
      vertex -1.761839 39.826087 0.641257
      vertex -2.045000 40.391304 0.744319
    endloop
  endfacet
  facet normal 0.815429 0.470098 -0.337762
    outer loop
      vertex -1.699246 39.826087 0.792371
      vertex -2.045000 40.391304 0.744319
      vertex -1.972346 40.391304 0.919720
    endloop
  endfacet
  facet normal 0.841764 0.470098 -0.265407
    outer loop
      vertex -1.761839 39.826087 0.641257
      vertex -1.811024 39.826087 0.485263
      vertex -2.102090 40.391304 0.563253
    endloop
  endfacet
  facet normal 0.841764 0.470098 -0.265407
    outer loop
      vertex -1.761839 39.826087 0.641257
      vertex -2.102090 40.391304 0.563253
      vertex -2.045000 40.391304 0.744319
    endloop
  endfacet
  facet normal 0.861693 0.470098 -0.191033
    outer loop
      vertex -1.811024 39.826087 0.485263
      vertex -1.846426 39.826087 0.325575
      vertex -2.143181 40.391304 0.377901
    endloop
  endfacet
  facet normal 0.861693 0.470098 -0.191033
    outer loop
      vertex -1.811024 39.826087 0.485263
      vertex -2.143181 40.391304 0.377901
      vertex -2.102090 40.391304 0.563253
    endloop
  endfacet
  facet normal 0.875063 0.470098 -0.115204
    outer loop
      vertex -1.846426 39.826087 0.325575
      vertex -1.867776 39.826087 0.163409
      vertex -2.167962 40.391304 0.189672
    endloop
  endfacet
  facet normal 0.875063 0.470098 -0.115204
    outer loop
      vertex -1.846426 39.826087 0.325575
      vertex -2.167962 40.391304 0.189672
      vertex -2.143181 40.391304 0.377901
    endloop
  endfacet
  facet normal 0.881774 0.470098 -0.038499
    outer loop
      vertex -1.867776 39.826087 0.163409
      vertex -1.874910 39.826087 0.000000
      vertex -2.176243 40.391304 0.000000
    endloop
  endfacet
  facet normal 0.881774 0.470098 -0.038499
    outer loop
      vertex -1.867776 39.826087 0.163409
      vertex -2.176243 40.391304 0.000000
      vertex -2.167962 40.391304 0.189672
    endloop
  endfacet
  facet normal 0.881774 0.470098 0.038499
    outer loop
      vertex -1.874910 39.826087 0.000000
      vertex -1.867776 39.826087 -0.163409
      vertex -2.167962 40.391304 -0.189672
    endloop
  endfacet
  facet normal 0.881774 0.470098 0.038499
    outer loop
      vertex -1.874910 39.826087 0.000000
      vertex -2.167962 40.391304 -0.189672
      vertex -2.176243 40.391304 0.000000
    endloop
  endfacet
  facet normal 0.875063 0.470098 0.115204
    outer loop
      vertex -1.867776 39.826087 -0.163409
      vertex -1.846426 39.826087 -0.325575
      vertex -2.143181 40.391304 -0.377901
    endloop
  endfacet
  facet normal 0.875063 0.470098 0.115204
    outer loop
      vertex -1.867776 39.826087 -0.163409
      vertex -2.143181 40.391304 -0.377901
      vertex -2.167962 40.391304 -0.189672
    endloop
  endfacet
  facet normal 0.861693 0.470098 0.191033
    outer loop
      vertex -1.846426 39.826087 -0.325575
      vertex -1.811024 39.826087 -0.485263
      vertex -2.102090 40.391304 -0.563253
    endloop
  endfacet
  facet normal 0.861693 0.470098 0.191033
    outer loop
      vertex -1.846426 39.826087 -0.325575
      vertex -2.102090 40.391304 -0.563253
      vertex -2.143181 40.391304 -0.377901
    endloop
  endfacet
  facet normal 0.841764 0.470098 0.265407
    outer loop
      vertex -1.811024 39.826087 -0.485263
      vertex -1.761839 39.826087 -0.641257
      vertex -2.045000 40.391304 -0.744319
    endloop
  endfacet
  facet normal 0.841764 0.470098 0.265407
    outer loop
      vertex -1.811024 39.826087 -0.485263
      vertex -2.045000 40.391304 -0.744319
      vertex -2.102090 40.391304 -0.563253
    endloop
  endfacet
  facet normal 0.815429 0.470098 0.337762
    outer loop
      vertex -1.761839 39.826087 -0.641257
      vertex -1.699246 39.826087 -0.792371
      vertex -1.972346 40.391304 -0.919720
    endloop
  endfacet
  facet normal 0.815429 0.470098 0.337762
    outer loop
      vertex -1.761839 39.826087 -0.641257
      vertex -1.972346 40.391304 -0.919720
      vertex -2.045000 40.391304 -0.744319
    endloop
  endfacet
  facet normal 0.782888 0.470098 0.407546
    outer loop
      vertex -1.699246 39.826087 -0.792371
      vertex -1.623720 39.826087 -0.937455
      vertex -1.884682 40.391304 -1.088122
    endloop
  endfacet
  facet normal 0.782888 0.470098 0.407546
    outer loop
      vertex -1.699246 39.826087 -0.792371
      vertex -1.884682 40.391304 -1.088122
      vertex -1.972346 40.391304 -0.919720
    endloop
  endfacet
  facet normal 0.744389 0.470098 0.474228
    outer loop
      vertex -1.623720 39.826087 -0.937455
      vertex -1.535837 39.826087 -1.075404
      vertex -1.782674 40.391304 -1.248242
    endloop
  endfacet
  facet normal 0.744389 0.470098 0.474228
    outer loop
      vertex -1.623720 39.826087 -0.937455
      vertex -1.782674 40.391304 -1.248242
      vertex -1.884682 40.391304 -1.088122
    endloop
  endfacet
  facet normal 0.700225 0.470098 0.537301
    outer loop
      vertex -1.535837 39.826087 -1.075404
      vertex -1.436265 39.826087 -1.205169
      vertex -1.667099 40.391304 -1.398862
    endloop
  endfacet
  facet normal 0.700225 0.470098 0.537301
    outer loop
      vertex -1.535837 39.826087 -1.075404
      vertex -1.667099 40.391304 -1.398862
      vertex -1.782674 40.391304 -1.248242
    endloop
  endfacet
  facet normal 0.650731 0.470098 0.596286
    outer loop
      vertex -1.436265 39.826087 -1.205169
      vertex -1.325762 39.826087 -1.325762
      vertex -1.538836 40.391304 -1.538836
    endloop
  endfacet
  facet normal 0.650731 0.470098 0.596286
    outer loop
      vertex -1.436265 39.826087 -1.205169
      vertex -1.538836 40.391304 -1.538836
      vertex -1.667099 40.391304 -1.398862
    endloop
  endfacet
  facet normal 0.596286 0.470098 0.650731
    outer loop
      vertex -1.325762 39.826087 -1.325762
      vertex -1.205169 39.826087 -1.436265
      vertex -1.398862 40.391304 -1.667099
    endloop
  endfacet
  facet normal 0.596286 0.470098 0.650731
    outer loop
      vertex -1.325762 39.826087 -1.325762
      vertex -1.398862 40.391304 -1.667099
      vertex -1.538836 40.391304 -1.538836
    endloop
  endfacet
  facet normal 0.537301 0.470098 0.700225
    outer loop
      vertex -1.205169 39.826087 -1.436265
      vertex -1.075404 39.826087 -1.535837
      vertex -1.248242 40.391304 -1.782674
    endloop
  endfacet
  facet normal 0.537301 0.470098 0.700225
    outer loop
      vertex -1.205169 39.826087 -1.436265
      vertex -1.248242 40.391304 -1.782674
      vertex -1.398862 40.391304 -1.667099
    endloop
  endfacet
  facet normal 0.474228 0.470098 0.744389
    outer loop
      vertex -1.075404 39.826087 -1.535837
      vertex -0.937455 39.826087 -1.623720
      vertex -1.088122 40.391304 -1.884682
    endloop
  endfacet
  facet normal 0.474228 0.470098 0.744389
    outer loop
      vertex -1.075404 39.826087 -1.535837
      vertex -1.088122 40.391304 -1.884682
      vertex -1.248242 40.391304 -1.782674
    endloop
  endfacet
  facet normal 0.407546 0.470098 0.782888
    outer loop
      vertex -0.937455 39.826087 -1.623720
      vertex -0.792371 39.826087 -1.699246
      vertex -0.919720 40.391304 -1.972346
    endloop
  endfacet
  facet normal 0.407546 0.470098 0.782888
    outer loop
      vertex -0.937455 39.826087 -1.623720
      vertex -0.919720 40.391304 -1.972346
      vertex -1.088122 40.391304 -1.884682
    endloop
  endfacet
  facet normal 0.337762 0.470098 0.815429
    outer loop
      vertex -0.792371 39.826087 -1.699246
      vertex -0.641257 39.826087 -1.761839
      vertex -0.744319 40.391304 -2.045000
    endloop
  endfacet
  facet normal 0.337762 0.470098 0.815429
    outer loop
      vertex -0.792371 39.826087 -1.699246
      vertex -0.744319 40.391304 -2.045000
      vertex -0.919720 40.391304 -1.972346
    endloop
  endfacet
  facet normal 0.265407 0.470098 0.841764
    outer loop
      vertex -0.641257 39.826087 -1.761839
      vertex -0.485263 39.826087 -1.811024
      vertex -0.563253 40.391304 -2.102090
    endloop
  endfacet
  facet normal 0.265407 0.470098 0.841764
    outer loop
      vertex -0.641257 39.826087 -1.761839
      vertex -0.563253 40.391304 -2.102090
      vertex -0.744319 40.391304 -2.045000
    endloop
  endfacet
  facet normal 0.191033 0.470098 0.861693
    outer loop
      vertex -0.485263 39.826087 -1.811024
      vertex -0.325575 39.826087 -1.846426
      vertex -0.377901 40.391304 -2.143181
    endloop
  endfacet
  facet normal 0.191033 0.470098 0.861693
    outer loop
      vertex -0.485263 39.826087 -1.811024
      vertex -0.377901 40.391304 -2.143181
      vertex -0.563253 40.391304 -2.102090
    endloop
  endfacet
  facet normal 0.115204 0.470098 0.875063
    outer loop
      vertex -0.325575 39.826087 -1.846426
      vertex -0.163409 39.826087 -1.867776
      vertex -0.189672 40.391304 -2.167962
    endloop
  endfacet
  facet normal 0.115204 0.470098 0.875063
    outer loop
      vertex -0.325575 39.826087 -1.846426
      vertex -0.189672 40.391304 -2.167962
      vertex -0.377901 40.391304 -2.143181
    endloop
  endfacet
  facet normal 0.038499 0.470098 0.881774
    outer loop
      vertex -0.163409 39.826087 -1.867776
      vertex -0.000000 39.826087 -1.874910
      vertex -0.000000 40.391304 -2.176243
    endloop
  endfacet
  facet normal 0.038499 0.470098 0.881774
    outer loop
      vertex -0.163409 39.826087 -1.867776
      vertex -0.000000 40.391304 -2.176243
      vertex -0.189672 40.391304 -2.167962
    endloop
  endfacet
  facet normal -0.038499 0.470098 0.881774
    outer loop
      vertex -0.000000 39.826087 -1.874910
      vertex 0.163409 39.826087 -1.867776
      vertex 0.189672 40.391304 -2.167962
    endloop
  endfacet
  facet normal -0.038499 0.470098 0.881774
    outer loop
      vertex -0.000000 39.826087 -1.874910
      vertex 0.189672 40.391304 -2.167962
      vertex -0.000000 40.391304 -2.176243
    endloop
  endfacet
  facet normal -0.115204 0.470098 0.875063
    outer loop
      vertex 0.163409 39.826087 -1.867776
      vertex 0.325575 39.826087 -1.846426
      vertex 0.377901 40.391304 -2.143181
    endloop
  endfacet
  facet normal -0.115204 0.470098 0.875063
    outer loop
      vertex 0.163409 39.826087 -1.867776
      vertex 0.377901 40.391304 -2.143181
      vertex 0.189672 40.391304 -2.167962
    endloop
  endfacet
  facet normal -0.191033 0.470098 0.861693
    outer loop
      vertex 0.325575 39.826087 -1.846426
      vertex 0.485263 39.826087 -1.811024
      vertex 0.563253 40.391304 -2.102090
    endloop
  endfacet
  facet normal -0.191033 0.470098 0.861693
    outer loop
      vertex 0.325575 39.826087 -1.846426
      vertex 0.563253 40.391304 -2.102090
      vertex 0.377901 40.391304 -2.143181
    endloop
  endfacet
  facet normal -0.265407 0.470098 0.841764
    outer loop
      vertex 0.485263 39.826087 -1.811024
      vertex 0.641257 39.826087 -1.761839
      vertex 0.744319 40.391304 -2.045000
    endloop
  endfacet
  facet normal -0.265407 0.470098 0.841764
    outer loop
      vertex 0.485263 39.826087 -1.811024
      vertex 0.744319 40.391304 -2.045000
      vertex 0.563253 40.391304 -2.102090
    endloop
  endfacet
  facet normal -0.337762 0.470098 0.815429
    outer loop
      vertex 0.641257 39.826087 -1.761839
      vertex 0.792371 39.826087 -1.699246
      vertex 0.919720 40.391304 -1.972346
    endloop
  endfacet
  facet normal -0.337762 0.470098 0.815429
    outer loop
      vertex 0.641257 39.826087 -1.761839
      vertex 0.919720 40.391304 -1.972346
      vertex 0.744319 40.391304 -2.045000
    endloop
  endfacet
  facet normal -0.407546 0.470098 0.782888
    outer loop
      vertex 0.792371 39.826087 -1.699246
      vertex 0.937455 39.826087 -1.623720
      vertex 1.088122 40.391304 -1.884682
    endloop
  endfacet
  facet normal -0.407546 0.470098 0.782888
    outer loop
      vertex 0.792371 39.826087 -1.699246
      vertex 1.088122 40.391304 -1.884682
      vertex 0.919720 40.391304 -1.972346
    endloop
  endfacet
  facet normal -0.474228 0.470098 0.744389
    outer loop
      vertex 0.937455 39.826087 -1.623720
      vertex 1.075404 39.826087 -1.535837
      vertex 1.248242 40.391304 -1.782674
    endloop
  endfacet
  facet normal -0.474228 0.470098 0.744389
    outer loop
      vertex 0.937455 39.826087 -1.623720
      vertex 1.248242 40.391304 -1.782674
      vertex 1.088122 40.391304 -1.884682
    endloop
  endfacet
  facet normal -0.537301 0.470098 0.700225
    outer loop
      vertex 1.075404 39.826087 -1.535837
      vertex 1.205169 39.826087 -1.436265
      vertex 1.398862 40.391304 -1.667099
    endloop
  endfacet
  facet normal -0.537301 0.470098 0.700225
    outer loop
      vertex 1.075404 39.826087 -1.535837
      vertex 1.398862 40.391304 -1.667099
      vertex 1.248242 40.391304 -1.782674
    endloop
  endfacet
  facet normal -0.596286 0.470098 0.650731
    outer loop
      vertex 1.205169 39.826087 -1.436265
      vertex 1.325762 39.826087 -1.325762
      vertex 1.538836 40.391304 -1.538836
    endloop
  endfacet
  facet normal -0.596286 0.470098 0.650731
    outer loop
      vertex 1.205169 39.826087 -1.436265
      vertex 1.538836 40.391304 -1.538836
      vertex 1.398862 40.391304 -1.667099
    endloop
  endfacet
  facet normal -0.650731 0.470098 0.596286
    outer loop
      vertex 1.325762 39.826087 -1.325762
      vertex 1.436265 39.826087 -1.205169
      vertex 1.667099 40.391304 -1.398862
    endloop
  endfacet
  facet normal -0.650731 0.470098 0.596286
    outer loop
      vertex 1.325762 39.826087 -1.325762
      vertex 1.667099 40.391304 -1.398862
      vertex 1.538836 40.391304 -1.538836
    endloop
  endfacet
  facet normal -0.700225 0.470098 0.537301
    outer loop
      vertex 1.436265 39.826087 -1.205169
      vertex 1.535837 39.826087 -1.075404
      vertex 1.782674 40.391304 -1.248242
    endloop
  endfacet
  facet normal -0.700225 0.470098 0.537301
    outer loop
      vertex 1.436265 39.826087 -1.205169
      vertex 1.782674 40.391304 -1.248242
      vertex 1.667099 40.391304 -1.398862
    endloop
  endfacet
  facet normal -0.744389 0.470098 0.474228
    outer loop
      vertex 1.535837 39.826087 -1.075404
      vertex 1.623720 39.826087 -0.937455
      vertex 1.884682 40.391304 -1.088122
    endloop
  endfacet
  facet normal -0.744389 0.470098 0.474228
    outer loop
      vertex 1.535837 39.826087 -1.075404
      vertex 1.884682 40.391304 -1.088122
      vertex 1.782674 40.391304 -1.248242
    endloop
  endfacet
  facet normal -0.782888 0.470098 0.407546
    outer loop
      vertex 1.623720 39.826087 -0.937455
      vertex 1.699246 39.826087 -0.792371
      vertex 1.972346 40.391304 -0.919720
    endloop
  endfacet
  facet normal -0.782888 0.470098 0.407546
    outer loop
      vertex 1.623720 39.826087 -0.937455
      vertex 1.972346 40.391304 -0.919720
      vertex 1.884682 40.391304 -1.088122
    endloop
  endfacet
  facet normal -0.815429 0.470098 0.337762
    outer loop
      vertex 1.699246 39.826087 -0.792371
      vertex 1.761839 39.826087 -0.641257
      vertex 2.045000 40.391304 -0.744319
    endloop
  endfacet
  facet normal -0.815429 0.470098 0.337762
    outer loop
      vertex 1.699246 39.826087 -0.792371
      vertex 2.045000 40.391304 -0.744319
      vertex 1.972346 40.391304 -0.919720
    endloop
  endfacet
  facet normal -0.841764 0.470098 0.265407
    outer loop
      vertex 1.761839 39.826087 -0.641257
      vertex 1.811024 39.826087 -0.485263
      vertex 2.102090 40.391304 -0.563253
    endloop
  endfacet
  facet normal -0.841764 0.470098 0.265407
    outer loop
      vertex 1.761839 39.826087 -0.641257
      vertex 2.102090 40.391304 -0.563253
      vertex 2.045000 40.391304 -0.744319
    endloop
  endfacet
  facet normal -0.861693 0.470098 0.191033
    outer loop
      vertex 1.811024 39.826087 -0.485263
      vertex 1.846426 39.826087 -0.325575
      vertex 2.143181 40.391304 -0.377901
    endloop
  endfacet
  facet normal -0.861693 0.470098 0.191033
    outer loop
      vertex 1.811024 39.826087 -0.485263
      vertex 2.143181 40.391304 -0.377901
      vertex 2.102090 40.391304 -0.563253
    endloop
  endfacet
  facet normal -0.875063 0.470098 0.115204
    outer loop
      vertex 1.846426 39.826087 -0.325575
      vertex 1.867776 39.826087 -0.163409
      vertex 2.167962 40.391304 -0.189672
    endloop
  endfacet
  facet normal -0.875063 0.470098 0.115204
    outer loop
      vertex 1.846426 39.826087 -0.325575
      vertex 2.167962 40.391304 -0.189672
      vertex 2.143181 40.391304 -0.377901
    endloop
  endfacet
  facet normal -0.881774 0.470098 0.038499
    outer loop
      vertex 1.867776 39.826087 -0.163409
      vertex 1.874910 39.826087 0.000000
      vertex 2.176243 40.391304 0.000000
    endloop
  endfacet
  facet normal -0.881774 0.470098 0.038499
    outer loop
      vertex 1.867776 39.826087 -0.163409
      vertex 2.176243 40.391304 0.000000
      vertex 2.167962 40.391304 -0.189672
    endloop
  endfacet
  facet normal -0.895558 0.443223 -0.039101
    outer loop
      vertex 2.176243 40.391304 0.000000
      vertex 2.167962 40.391304 0.189672
      vertex 2.446631 40.956522 0.214052
    endloop
  endfacet
  facet normal -0.895558 0.443223 -0.039101
    outer loop
      vertex 2.176243 40.391304 0.000000
      vertex 2.446631 40.956522 0.214052
      vertex 2.455977 40.956522 0.000000
    endloop
  endfacet
  facet normal -0.888742 0.443223 -0.117005
    outer loop
      vertex 2.167962 40.391304 0.189672
      vertex 2.143181 40.391304 0.377901
      vertex 2.418665 40.956522 0.426476
    endloop
  endfacet
  facet normal -0.888742 0.443223 -0.117005
    outer loop
      vertex 2.167962 40.391304 0.189672
      vertex 2.418665 40.956522 0.426476
      vertex 2.446631 40.956522 0.214052
    endloop
  endfacet
  facet normal -0.875163 0.443223 -0.194019
    outer loop
      vertex 2.143181 40.391304 0.377901
      vertex 2.102090 40.391304 0.563253
      vertex 2.372291 40.956522 0.635654
    endloop
  endfacet
  facet normal -0.875163 0.443223 -0.194019
    outer loop
      vertex 2.143181 40.391304 0.377901
      vertex 2.372291 40.956522 0.635654
      vertex 2.418665 40.956522 0.426476
    endloop
  endfacet
  facet normal -0.854923 0.443223 -0.269556
    outer loop
      vertex 2.102090 40.391304 0.563253
      vertex 2.045000 40.391304 0.744319
      vertex 2.307863 40.956522 0.839994
    endloop
  endfacet
  facet normal -0.854923 0.443223 -0.269556
    outer loop
      vertex 2.102090 40.391304 0.563253
      vertex 2.307863 40.956522 0.839994
      vertex 2.372291 40.956522 0.635654
    endloop
  endfacet
  facet normal -0.828176 0.443223 -0.343042
    outer loop
      vertex 2.045000 40.391304 0.744319
      vertex 1.972346 40.391304 0.919720
      vertex 2.225871 40.956522 1.037941
    endloop
  endfacet
  facet normal -0.828176 0.443223 -0.343042
    outer loop
      vertex 2.045000 40.391304 0.744319
      vertex 2.225871 40.956522 1.037941
      vertex 2.307863 40.956522 0.839994
    endloop
  endfacet
  facet normal -0.795126 0.443223 -0.413917
    outer loop
      vertex 1.972346 40.391304 0.919720
      vertex 1.884682 40.391304 1.088122
      vertex 2.126938 40.956522 1.227988
    endloop
  endfacet
  facet normal -0.795126 0.443223 -0.413917
    outer loop
      vertex 1.972346 40.391304 0.919720
      vertex 2.126938 40.956522 1.227988
      vertex 2.225871 40.956522 1.037941
    endloop
  endfacet
  facet normal -0.756026 0.443223 -0.481641
    outer loop
      vertex 1.884682 40.391304 1.088122
      vertex 1.782674 40.391304 1.248242
      vertex 2.011818 40.956522 1.408690
    endloop
  endfacet
  facet normal -0.756026 0.443223 -0.481641
    outer loop
      vertex 1.884682 40.391304 1.088122
      vertex 2.011818 40.956522 1.408690
      vertex 2.126938 40.956522 1.227988
    endloop
  endfacet
  facet normal -0.711171 0.443223 -0.545701
    outer loop
      vertex 1.782674 40.391304 1.248242
      vertex 1.667099 40.391304 1.398862
      vertex 1.881387 40.956522 1.578671
    endloop
  endfacet
  facet normal -0.711171 0.443223 -0.545701
    outer loop
      vertex 1.782674 40.391304 1.248242
      vertex 1.881387 40.956522 1.578671
      vertex 2.011818 40.956522 1.408690
    endloop
  endfacet
  facet normal -0.660904 0.443223 -0.605607
    outer loop
      vertex 1.667099 40.391304 1.398862
      vertex 1.538836 40.391304 1.538836
      vertex 1.736638 40.956522 1.736638
    endloop
  endfacet
  facet normal -0.660904 0.443223 -0.605607
    outer loop
      vertex 1.667099 40.391304 1.398862
      vertex 1.736638 40.956522 1.736638
      vertex 1.881387 40.956522 1.578671
    endloop
  endfacet
  facet normal -0.605607 0.443223 -0.660904
    outer loop
      vertex 1.538836 40.391304 1.538836
      vertex 1.398862 40.391304 1.667099
      vertex 1.578671 40.956522 1.881387
    endloop
  endfacet
  facet normal -0.605607 0.443223 -0.660904
    outer loop
      vertex 1.538836 40.391304 1.538836
      vertex 1.578671 40.956522 1.881387
      vertex 1.736638 40.956522 1.736638
    endloop
  endfacet
  facet normal -0.545701 0.443223 -0.711171
    outer loop
      vertex 1.398862 40.391304 1.667099
      vertex 1.248242 40.391304 1.782674
      vertex 1.408690 40.956522 2.011818
    endloop
  endfacet
  facet normal -0.545701 0.443223 -0.711171
    outer loop
      vertex 1.398862 40.391304 1.667099
      vertex 1.408690 40.956522 2.011818
      vertex 1.578671 40.956522 1.881387
    endloop
  endfacet
  facet normal -0.481641 0.443223 -0.756026
    outer loop
      vertex 1.248242 40.391304 1.782674
      vertex 1.088122 40.391304 1.884682
      vertex 1.227988 40.956522 2.126938
    endloop
  endfacet
  facet normal -0.481641 0.443223 -0.756026
    outer loop
      vertex 1.248242 40.391304 1.782674
      vertex 1.227988 40.956522 2.126938
      vertex 1.408690 40.956522 2.011818
    endloop
  endfacet
  facet normal -0.413917 0.443223 -0.795126
    outer loop
      vertex 1.088122 40.391304 1.884682
      vertex 0.919720 40.391304 1.972346
      vertex 1.037941 40.956522 2.225871
    endloop
  endfacet
  facet normal -0.413917 0.443223 -0.795126
    outer loop
      vertex 1.088122 40.391304 1.884682
      vertex 1.037941 40.956522 2.225871
      vertex 1.227988 40.956522 2.126938
    endloop
  endfacet
  facet normal -0.343042 0.443223 -0.828176
    outer loop
      vertex 0.919720 40.391304 1.972346
      vertex 0.744319 40.391304 2.045000
      vertex 0.839994 40.956522 2.307863
    endloop
  endfacet
  facet normal -0.343042 0.443223 -0.828176
    outer loop
      vertex 0.919720 40.391304 1.972346
      vertex 0.839994 40.956522 2.307863
      vertex 1.037941 40.956522 2.225871
    endloop
  endfacet
  facet normal -0.269556 0.443223 -0.854923
    outer loop
      vertex 0.744319 40.391304 2.045000
      vertex 0.563253 40.391304 2.102090
      vertex 0.635654 40.956522 2.372291
    endloop
  endfacet
  facet normal -0.269556 0.443223 -0.854923
    outer loop
      vertex 0.744319 40.391304 2.045000
      vertex 0.635654 40.956522 2.372291
      vertex 0.839994 40.956522 2.307863
    endloop
  endfacet
  facet normal -0.194019 0.443223 -0.875163
    outer loop
      vertex 0.563253 40.391304 2.102090
      vertex 0.377901 40.391304 2.143181
      vertex 0.426476 40.956522 2.418665
    endloop
  endfacet
  facet normal -0.194019 0.443223 -0.875163
    outer loop
      vertex 0.563253 40.391304 2.102090
      vertex 0.426476 40.956522 2.418665
      vertex 0.635654 40.956522 2.372291
    endloop
  endfacet
  facet normal -0.117005 0.443223 -0.888742
    outer loop
      vertex 0.377901 40.391304 2.143181
      vertex 0.189672 40.391304 2.167962
      vertex 0.214052 40.956522 2.446631
    endloop
  endfacet
  facet normal -0.117005 0.443223 -0.888742
    outer loop
      vertex 0.377901 40.391304 2.143181
      vertex 0.214052 40.956522 2.446631
      vertex 0.426476 40.956522 2.418665
    endloop
  endfacet
  facet normal -0.039101 0.443223 -0.895558
    outer loop
      vertex 0.189672 40.391304 2.167962
      vertex 0.000000 40.391304 2.176243
      vertex 0.000000 40.956522 2.455977
    endloop
  endfacet
  facet normal -0.039101 0.443223 -0.895558
    outer loop
      vertex 0.189672 40.391304 2.167962
      vertex 0.000000 40.956522 2.455977
      vertex 0.214052 40.956522 2.446631
    endloop
  endfacet
  facet normal 0.039101 0.443223 -0.895558
    outer loop
      vertex 0.000000 40.391304 2.176243
      vertex -0.189672 40.391304 2.167962
      vertex -0.214052 40.956522 2.446631
    endloop
  endfacet
  facet normal 0.039101 0.443223 -0.895558
    outer loop
      vertex 0.000000 40.391304 2.176243
      vertex -0.214052 40.956522 2.446631
      vertex 0.000000 40.956522 2.455977
    endloop
  endfacet
  facet normal 0.117005 0.443223 -0.888742
    outer loop
      vertex -0.189672 40.391304 2.167962
      vertex -0.377901 40.391304 2.143181
      vertex -0.426476 40.956522 2.418665
    endloop
  endfacet
  facet normal 0.117005 0.443223 -0.888742
    outer loop
      vertex -0.189672 40.391304 2.167962
      vertex -0.426476 40.956522 2.418665
      vertex -0.214052 40.956522 2.446631
    endloop
  endfacet
  facet normal 0.194019 0.443223 -0.875163
    outer loop
      vertex -0.377901 40.391304 2.143181
      vertex -0.563253 40.391304 2.102090
      vertex -0.635654 40.956522 2.372291
    endloop
  endfacet
  facet normal 0.194019 0.443223 -0.875163
    outer loop
      vertex -0.377901 40.391304 2.143181
      vertex -0.635654 40.956522 2.372291
      vertex -0.426476 40.956522 2.418665
    endloop
  endfacet
  facet normal 0.269556 0.443223 -0.854923
    outer loop
      vertex -0.563253 40.391304 2.102090
      vertex -0.744319 40.391304 2.045000
      vertex -0.839994 40.956522 2.307863
    endloop
  endfacet
  facet normal 0.269556 0.443223 -0.854923
    outer loop
      vertex -0.563253 40.391304 2.102090
      vertex -0.839994 40.956522 2.307863
      vertex -0.635654 40.956522 2.372291
    endloop
  endfacet
  facet normal 0.343042 0.443223 -0.828176
    outer loop
      vertex -0.744319 40.391304 2.045000
      vertex -0.919720 40.391304 1.972346
      vertex -1.037941 40.956522 2.225871
    endloop
  endfacet
  facet normal 0.343042 0.443223 -0.828176
    outer loop
      vertex -0.744319 40.391304 2.045000
      vertex -1.037941 40.956522 2.225871
      vertex -0.839994 40.956522 2.307863
    endloop
  endfacet
  facet normal 0.413917 0.443223 -0.795126
    outer loop
      vertex -0.919720 40.391304 1.972346
      vertex -1.088122 40.391304 1.884682
      vertex -1.227988 40.956522 2.126938
    endloop
  endfacet
  facet normal 0.413917 0.443223 -0.795126
    outer loop
      vertex -0.919720 40.391304 1.972346
      vertex -1.227988 40.956522 2.126938
      vertex -1.037941 40.956522 2.225871
    endloop
  endfacet
  facet normal 0.481641 0.443223 -0.756026
    outer loop
      vertex -1.088122 40.391304 1.884682
      vertex -1.248242 40.391304 1.782674
      vertex -1.408690 40.956522 2.011818
    endloop
  endfacet
  facet normal 0.481641 0.443223 -0.756026
    outer loop
      vertex -1.088122 40.391304 1.884682
      vertex -1.408690 40.956522 2.011818
      vertex -1.227988 40.956522 2.126938
    endloop
  endfacet
  facet normal 0.545701 0.443223 -0.711171
    outer loop
      vertex -1.248242 40.391304 1.782674
      vertex -1.398862 40.391304 1.667099
      vertex -1.578671 40.956522 1.881387
    endloop
  endfacet
  facet normal 0.545701 0.443223 -0.711171
    outer loop
      vertex -1.248242 40.391304 1.782674
      vertex -1.578671 40.956522 1.881387
      vertex -1.408690 40.956522 2.011818
    endloop
  endfacet
  facet normal 0.605607 0.443223 -0.660904
    outer loop
      vertex -1.398862 40.391304 1.667099
      vertex -1.538836 40.391304 1.538836
      vertex -1.736638 40.956522 1.736638
    endloop
  endfacet
  facet normal 0.605607 0.443223 -0.660904
    outer loop
      vertex -1.398862 40.391304 1.667099
      vertex -1.736638 40.956522 1.736638
      vertex -1.578671 40.956522 1.881387
    endloop
  endfacet
  facet normal 0.660904 0.443223 -0.605607
    outer loop
      vertex -1.538836 40.391304 1.538836
      vertex -1.667099 40.391304 1.398862
      vertex -1.881387 40.956522 1.578671
    endloop
  endfacet
  facet normal 0.660904 0.443223 -0.605607
    outer loop
      vertex -1.538836 40.391304 1.538836
      vertex -1.881387 40.956522 1.578671
      vertex -1.736638 40.956522 1.736638
    endloop
  endfacet
  facet normal 0.711171 0.443223 -0.545701
    outer loop
      vertex -1.667099 40.391304 1.398862
      vertex -1.782674 40.391304 1.248242
      vertex -2.011818 40.956522 1.408690
    endloop
  endfacet
  facet normal 0.711171 0.443223 -0.545701
    outer loop
      vertex -1.667099 40.391304 1.398862
      vertex -2.011818 40.956522 1.408690
      vertex -1.881387 40.956522 1.578671
    endloop
  endfacet
  facet normal 0.756026 0.443223 -0.481641
    outer loop
      vertex -1.782674 40.391304 1.248242
      vertex -1.884682 40.391304 1.088122
      vertex -2.126938 40.956522 1.227988
    endloop
  endfacet
  facet normal 0.756026 0.443223 -0.481641
    outer loop
      vertex -1.782674 40.391304 1.248242
      vertex -2.126938 40.956522 1.227988
      vertex -2.011818 40.956522 1.408690
    endloop
  endfacet
  facet normal 0.795126 0.443223 -0.413917
    outer loop
      vertex -1.884682 40.391304 1.088122
      vertex -1.972346 40.391304 0.919720
      vertex -2.225871 40.956522 1.037941
    endloop
  endfacet
  facet normal 0.795126 0.443223 -0.413917
    outer loop
      vertex -1.884682 40.391304 1.088122
      vertex -2.225871 40.956522 1.037941
      vertex -2.126938 40.956522 1.227988
    endloop
  endfacet
  facet normal 0.828176 0.443223 -0.343042
    outer loop
      vertex -1.972346 40.391304 0.919720
      vertex -2.045000 40.391304 0.744319
      vertex -2.307863 40.956522 0.839994
    endloop
  endfacet
  facet normal 0.828176 0.443223 -0.343042
    outer loop
      vertex -1.972346 40.391304 0.919720
      vertex -2.307863 40.956522 0.839994
      vertex -2.225871 40.956522 1.037941
    endloop
  endfacet
  facet normal 0.854923 0.443223 -0.269556
    outer loop
      vertex -2.045000 40.391304 0.744319
      vertex -2.102090 40.391304 0.563253
      vertex -2.372291 40.956522 0.635654
    endloop
  endfacet
  facet normal 0.854923 0.443223 -0.269556
    outer loop
      vertex -2.045000 40.391304 0.744319
      vertex -2.372291 40.956522 0.635654
      vertex -2.307863 40.956522 0.839994
    endloop
  endfacet
  facet normal 0.875163 0.443223 -0.194019
    outer loop
      vertex -2.102090 40.391304 0.563253
      vertex -2.143181 40.391304 0.377901
      vertex -2.418665 40.956522 0.426476
    endloop
  endfacet
  facet normal 0.875163 0.443223 -0.194019
    outer loop
      vertex -2.102090 40.391304 0.563253
      vertex -2.418665 40.956522 0.426476
      vertex -2.372291 40.956522 0.635654
    endloop
  endfacet
  facet normal 0.888742 0.443223 -0.117005
    outer loop
      vertex -2.143181 40.391304 0.377901
      vertex -2.167962 40.391304 0.189672
      vertex -2.446631 40.956522 0.214052
    endloop
  endfacet
  facet normal 0.888742 0.443223 -0.117005
    outer loop
      vertex -2.143181 40.391304 0.377901
      vertex -2.446631 40.956522 0.214052
      vertex -2.418665 40.956522 0.426476
    endloop
  endfacet
  facet normal 0.895558 0.443223 -0.039101
    outer loop
      vertex -2.167962 40.391304 0.189672
      vertex -2.176243 40.391304 0.000000
      vertex -2.455977 40.956522 0.000000
    endloop
  endfacet
  facet normal 0.895558 0.443223 -0.039101
    outer loop
      vertex -2.167962 40.391304 0.189672
      vertex -2.455977 40.956522 0.000000
      vertex -2.446631 40.956522 0.214052
    endloop
  endfacet
  facet normal 0.895558 0.443223 0.039101
    outer loop
      vertex -2.176243 40.391304 0.000000
      vertex -2.167962 40.391304 -0.189672
      vertex -2.446631 40.956522 -0.214052
    endloop
  endfacet
  facet normal 0.895558 0.443223 0.039101
    outer loop
      vertex -2.176243 40.391304 0.000000
      vertex -2.446631 40.956522 -0.214052
      vertex -2.455977 40.956522 0.000000
    endloop
  endfacet
  facet normal 0.888742 0.443223 0.117005
    outer loop
      vertex -2.167962 40.391304 -0.189672
      vertex -2.143181 40.391304 -0.377901
      vertex -2.418665 40.956522 -0.426476
    endloop
  endfacet
  facet normal 0.888742 0.443223 0.117005
    outer loop
      vertex -2.167962 40.391304 -0.189672
      vertex -2.418665 40.956522 -0.426476
      vertex -2.446631 40.956522 -0.214052
    endloop
  endfacet
  facet normal 0.875163 0.443223 0.194019
    outer loop
      vertex -2.143181 40.391304 -0.377901
      vertex -2.102090 40.391304 -0.563253
      vertex -2.372291 40.956522 -0.635654
    endloop
  endfacet
  facet normal 0.875163 0.443223 0.194019
    outer loop
      vertex -2.143181 40.391304 -0.377901
      vertex -2.372291 40.956522 -0.635654
      vertex -2.418665 40.956522 -0.426476
    endloop
  endfacet
  facet normal 0.854923 0.443223 0.269556
    outer loop
      vertex -2.102090 40.391304 -0.563253
      vertex -2.045000 40.391304 -0.744319
      vertex -2.307863 40.956522 -0.839994
    endloop
  endfacet
  facet normal 0.854923 0.443223 0.269556
    outer loop
      vertex -2.102090 40.391304 -0.563253
      vertex -2.307863 40.956522 -0.839994
      vertex -2.372291 40.956522 -0.635654
    endloop
  endfacet
  facet normal 0.828176 0.443223 0.343042
    outer loop
      vertex -2.045000 40.391304 -0.744319
      vertex -1.972346 40.391304 -0.919720
      vertex -2.225871 40.956522 -1.037941
    endloop
  endfacet
  facet normal 0.828176 0.443223 0.343042
    outer loop
      vertex -2.045000 40.391304 -0.744319
      vertex -2.225871 40.956522 -1.037941
      vertex -2.307863 40.956522 -0.839994
    endloop
  endfacet
  facet normal 0.795126 0.443223 0.413917
    outer loop
      vertex -1.972346 40.391304 -0.919720
      vertex -1.884682 40.391304 -1.088122
      vertex -2.126938 40.956522 -1.227988
    endloop
  endfacet
  facet normal 0.795126 0.443223 0.413917
    outer loop
      vertex -1.972346 40.391304 -0.919720
      vertex -2.126938 40.956522 -1.227988
      vertex -2.225871 40.956522 -1.037941
    endloop
  endfacet
  facet normal 0.756026 0.443223 0.481641
    outer loop
      vertex -1.884682 40.391304 -1.088122
      vertex -1.782674 40.391304 -1.248242
      vertex -2.011818 40.956522 -1.408690
    endloop
  endfacet
  facet normal 0.756026 0.443223 0.481641
    outer loop
      vertex -1.884682 40.391304 -1.088122
      vertex -2.011818 40.956522 -1.408690
      vertex -2.126938 40.956522 -1.227988
    endloop
  endfacet
  facet normal 0.711171 0.443223 0.545701
    outer loop
      vertex -1.782674 40.391304 -1.248242
      vertex -1.667099 40.391304 -1.398862
      vertex -1.881387 40.956522 -1.578671
    endloop
  endfacet
  facet normal 0.711171 0.443223 0.545701
    outer loop
      vertex -1.782674 40.391304 -1.248242
      vertex -1.881387 40.956522 -1.578671
      vertex -2.011818 40.956522 -1.408690
    endloop
  endfacet
  facet normal 0.660904 0.443223 0.605607
    outer loop
      vertex -1.667099 40.391304 -1.398862
      vertex -1.538836 40.391304 -1.538836
      vertex -1.736638 40.956522 -1.736638
    endloop
  endfacet
  facet normal 0.660904 0.443223 0.605607
    outer loop
      vertex -1.667099 40.391304 -1.398862
      vertex -1.736638 40.956522 -1.736638
      vertex -1.881387 40.956522 -1.578671
    endloop
  endfacet
  facet normal 0.605607 0.443223 0.660904
    outer loop
      vertex -1.538836 40.391304 -1.538836
      vertex -1.398862 40.391304 -1.667099
      vertex -1.578671 40.956522 -1.881387
    endloop
  endfacet
  facet normal 0.605607 0.443223 0.660904
    outer loop
      vertex -1.538836 40.391304 -1.538836
      vertex -1.578671 40.956522 -1.881387
      vertex -1.736638 40.956522 -1.736638
    endloop
  endfacet
  facet normal 0.545701 0.443223 0.711171
    outer loop
      vertex -1.398862 40.391304 -1.667099
      vertex -1.248242 40.391304 -1.782674
      vertex -1.408690 40.956522 -2.011818
    endloop
  endfacet
  facet normal 0.545701 0.443223 0.711171
    outer loop
      vertex -1.398862 40.391304 -1.667099
      vertex -1.408690 40.956522 -2.011818
      vertex -1.578671 40.956522 -1.881387
    endloop
  endfacet
  facet normal 0.481641 0.443223 0.756026
    outer loop
      vertex -1.248242 40.391304 -1.782674
      vertex -1.088122 40.391304 -1.884682
      vertex -1.227988 40.956522 -2.126938
    endloop
  endfacet
  facet normal 0.481641 0.443223 0.756026
    outer loop
      vertex -1.248242 40.391304 -1.782674
      vertex -1.227988 40.956522 -2.126938
      vertex -1.408690 40.956522 -2.011818
    endloop
  endfacet
  facet normal 0.413917 0.443223 0.795126
    outer loop
      vertex -1.088122 40.391304 -1.884682
      vertex -0.919720 40.391304 -1.972346
      vertex -1.037941 40.956522 -2.225871
    endloop
  endfacet
  facet normal 0.413917 0.443223 0.795126
    outer loop
      vertex -1.088122 40.391304 -1.884682
      vertex -1.037941 40.956522 -2.225871
      vertex -1.227988 40.956522 -2.126938
    endloop
  endfacet
  facet normal 0.343042 0.443223 0.828176
    outer loop
      vertex -0.919720 40.391304 -1.972346
      vertex -0.744319 40.391304 -2.045000
      vertex -0.839994 40.956522 -2.307863
    endloop
  endfacet
  facet normal 0.343042 0.443223 0.828176
    outer loop
      vertex -0.919720 40.391304 -1.972346
      vertex -0.839994 40.956522 -2.307863
      vertex -1.037941 40.956522 -2.225871
    endloop
  endfacet
  facet normal 0.269556 0.443223 0.854923
    outer loop
      vertex -0.744319 40.391304 -2.045000
      vertex -0.563253 40.391304 -2.102090
      vertex -0.635654 40.956522 -2.372291
    endloop
  endfacet
  facet normal 0.269556 0.443223 0.854923
    outer loop
      vertex -0.744319 40.391304 -2.045000
      vertex -0.635654 40.956522 -2.372291
      vertex -0.839994 40.956522 -2.307863
    endloop
  endfacet
  facet normal 0.194019 0.443223 0.875163
    outer loop
      vertex -0.563253 40.391304 -2.102090
      vertex -0.377901 40.391304 -2.143181
      vertex -0.426476 40.956522 -2.418665
    endloop
  endfacet
  facet normal 0.194019 0.443223 0.875163
    outer loop
      vertex -0.563253 40.391304 -2.102090
      vertex -0.426476 40.956522 -2.418665
      vertex -0.635654 40.956522 -2.372291
    endloop
  endfacet
  facet normal 0.117005 0.443223 0.888742
    outer loop
      vertex -0.377901 40.391304 -2.143181
      vertex -0.189672 40.391304 -2.167962
      vertex -0.214052 40.956522 -2.446631
    endloop
  endfacet
  facet normal 0.117005 0.443223 0.888742
    outer loop
      vertex -0.377901 40.391304 -2.143181
      vertex -0.214052 40.956522 -2.446631
      vertex -0.426476 40.956522 -2.418665
    endloop
  endfacet
  facet normal 0.039101 0.443223 0.895558
    outer loop
      vertex -0.189672 40.391304 -2.167962
      vertex -0.000000 40.391304 -2.176243
      vertex -0.000000 40.956522 -2.455977
    endloop
  endfacet
  facet normal 0.039101 0.443223 0.895558
    outer loop
      vertex -0.189672 40.391304 -2.167962
      vertex -0.000000 40.956522 -2.455977
      vertex -0.214052 40.956522 -2.446631
    endloop
  endfacet
  facet normal -0.039101 0.443223 0.895558
    outer loop
      vertex -0.000000 40.391304 -2.176243
      vertex 0.189672 40.391304 -2.167962
      vertex 0.214052 40.956522 -2.446631
    endloop
  endfacet
  facet normal -0.039101 0.443223 0.895558
    outer loop
      vertex -0.000000 40.391304 -2.176243
      vertex 0.214052 40.956522 -2.446631
      vertex -0.000000 40.956522 -2.455977
    endloop
  endfacet
  facet normal -0.117005 0.443223 0.888742
    outer loop
      vertex 0.189672 40.391304 -2.167962
      vertex 0.377901 40.391304 -2.143181
      vertex 0.426476 40.956522 -2.418665
    endloop
  endfacet
  facet normal -0.117005 0.443223 0.888742
    outer loop
      vertex 0.189672 40.391304 -2.167962
      vertex 0.426476 40.956522 -2.418665
      vertex 0.214052 40.956522 -2.446631
    endloop
  endfacet
  facet normal -0.194019 0.443223 0.875163
    outer loop
      vertex 0.377901 40.391304 -2.143181
      vertex 0.563253 40.391304 -2.102090
      vertex 0.635654 40.956522 -2.372291
    endloop
  endfacet
  facet normal -0.194019 0.443223 0.875163
    outer loop
      vertex 0.377901 40.391304 -2.143181
      vertex 0.635654 40.956522 -2.372291
      vertex 0.426476 40.956522 -2.418665
    endloop
  endfacet
  facet normal -0.269556 0.443223 0.854923
    outer loop
      vertex 0.563253 40.391304 -2.102090
      vertex 0.744319 40.391304 -2.045000
      vertex 0.839994 40.956522 -2.307863
    endloop
  endfacet
  facet normal -0.269556 0.443223 0.854923
    outer loop
      vertex 0.563253 40.391304 -2.102090
      vertex 0.839994 40.956522 -2.307863
      vertex 0.635654 40.956522 -2.372291
    endloop
  endfacet
  facet normal -0.343042 0.443223 0.828176
    outer loop
      vertex 0.744319 40.391304 -2.045000
      vertex 0.919720 40.391304 -1.972346
      vertex 1.037941 40.956522 -2.225871
    endloop
  endfacet
  facet normal -0.343042 0.443223 0.828176
    outer loop
      vertex 0.744319 40.391304 -2.045000
      vertex 1.037941 40.956522 -2.225871
      vertex 0.839994 40.956522 -2.307863
    endloop
  endfacet
  facet normal -0.413917 0.443223 0.795126
    outer loop
      vertex 0.919720 40.391304 -1.972346
      vertex 1.088122 40.391304 -1.884682
      vertex 1.227988 40.956522 -2.126938
    endloop
  endfacet
  facet normal -0.413917 0.443223 0.795126
    outer loop
      vertex 0.919720 40.391304 -1.972346
      vertex 1.227988 40.956522 -2.126938
      vertex 1.037941 40.956522 -2.225871
    endloop
  endfacet
  facet normal -0.481641 0.443223 0.756026
    outer loop
      vertex 1.088122 40.391304 -1.884682
      vertex 1.248242 40.391304 -1.782674
      vertex 1.408690 40.956522 -2.011818
    endloop
  endfacet
  facet normal -0.481641 0.443223 0.756026
    outer loop
      vertex 1.088122 40.391304 -1.884682
      vertex 1.408690 40.956522 -2.011818
      vertex 1.227988 40.956522 -2.126938
    endloop
  endfacet
  facet normal -0.545701 0.443223 0.711171
    outer loop
      vertex 1.248242 40.391304 -1.782674
      vertex 1.398862 40.391304 -1.667099
      vertex 1.578671 40.956522 -1.881387
    endloop
  endfacet
  facet normal -0.545701 0.443223 0.711171
    outer loop
      vertex 1.248242 40.391304 -1.782674
      vertex 1.578671 40.956522 -1.881387
      vertex 1.408690 40.956522 -2.011818
    endloop
  endfacet
  facet normal -0.605607 0.443223 0.660904
    outer loop
      vertex 1.398862 40.391304 -1.667099
      vertex 1.538836 40.391304 -1.538836
      vertex 1.736638 40.956522 -1.736638
    endloop
  endfacet
  facet normal -0.605607 0.443223 0.660904
    outer loop
      vertex 1.398862 40.391304 -1.667099
      vertex 1.736638 40.956522 -1.736638
      vertex 1.578671 40.956522 -1.881387
    endloop
  endfacet
  facet normal -0.660904 0.443223 0.605607
    outer loop
      vertex 1.538836 40.391304 -1.538836
      vertex 1.667099 40.391304 -1.398862
      vertex 1.881387 40.956522 -1.578671
    endloop
  endfacet
  facet normal -0.660904 0.443223 0.605607
    outer loop
      vertex 1.538836 40.391304 -1.538836
      vertex 1.881387 40.956522 -1.578671
      vertex 1.736638 40.956522 -1.736638
    endloop
  endfacet
  facet normal -0.711171 0.443223 0.545701
    outer loop
      vertex 1.667099 40.391304 -1.398862
      vertex 1.782674 40.391304 -1.248242
      vertex 2.011818 40.956522 -1.408690
    endloop
  endfacet
  facet normal -0.711171 0.443223 0.545701
    outer loop
      vertex 1.667099 40.391304 -1.398862
      vertex 2.011818 40.956522 -1.408690
      vertex 1.881387 40.956522 -1.578671
    endloop
  endfacet
  facet normal -0.756026 0.443223 0.481641
    outer loop
      vertex 1.782674 40.391304 -1.248242
      vertex 1.884682 40.391304 -1.088122
      vertex 2.126938 40.956522 -1.227988
    endloop
  endfacet
  facet normal -0.756026 0.443223 0.481641
    outer loop
      vertex 1.782674 40.391304 -1.248242
      vertex 2.126938 40.956522 -1.227988
      vertex 2.011818 40.956522 -1.408690
    endloop
  endfacet
  facet normal -0.795126 0.443223 0.413917
    outer loop
      vertex 1.884682 40.391304 -1.088122
      vertex 1.972346 40.391304 -0.919720
      vertex 2.225871 40.956522 -1.037941
    endloop
  endfacet
  facet normal -0.795126 0.443223 0.413917
    outer loop
      vertex 1.884682 40.391304 -1.088122
      vertex 2.225871 40.956522 -1.037941
      vertex 2.126938 40.956522 -1.227988
    endloop
  endfacet
  facet normal -0.828176 0.443223 0.343042
    outer loop
      vertex 1.972346 40.391304 -0.919720
      vertex 2.045000 40.391304 -0.744319
      vertex 2.307863 40.956522 -0.839994
    endloop
  endfacet
  facet normal -0.828176 0.443223 0.343042
    outer loop
      vertex 1.972346 40.391304 -0.919720
      vertex 2.307863 40.956522 -0.839994
      vertex 2.225871 40.956522 -1.037941
    endloop
  endfacet
  facet normal -0.854923 0.443223 0.269556
    outer loop
      vertex 2.045000 40.391304 -0.744319
      vertex 2.102090 40.391304 -0.563253
      vertex 2.372291 40.956522 -0.635654
    endloop
  endfacet
  facet normal -0.854923 0.443223 0.269556
    outer loop
      vertex 2.045000 40.391304 -0.744319
      vertex 2.372291 40.956522 -0.635654
      vertex 2.307863 40.956522 -0.839994
    endloop
  endfacet
  facet normal -0.875163 0.443223 0.194019
    outer loop
      vertex 2.102090 40.391304 -0.563253
      vertex 2.143181 40.391304 -0.377901
      vertex 2.418665 40.956522 -0.426476
    endloop
  endfacet
  facet normal -0.875163 0.443223 0.194019
    outer loop
      vertex 2.102090 40.391304 -0.563253
      vertex 2.418665 40.956522 -0.426476
      vertex 2.372291 40.956522 -0.635654
    endloop
  endfacet
  facet normal -0.888742 0.443223 0.117005
    outer loop
      vertex 2.143181 40.391304 -0.377901
      vertex 2.167962 40.391304 -0.189672
      vertex 2.446631 40.956522 -0.214052
    endloop
  endfacet
  facet normal -0.888742 0.443223 0.117005
    outer loop
      vertex 2.143181 40.391304 -0.377901
      vertex 2.446631 40.956522 -0.214052
      vertex 2.418665 40.956522 -0.426476
    endloop
  endfacet
  facet normal -0.895558 0.443223 0.039101
    outer loop
      vertex 2.167962 40.391304 -0.189672
      vertex 2.176243 40.391304 0.000000
      vertex 2.455977 40.956522 0.000000
    endloop
  endfacet
  facet normal -0.895558 0.443223 0.039101
    outer loop
      vertex 2.167962 40.391304 -0.189672
      vertex 2.455977 40.956522 0.000000
      vertex 2.446631 40.956522 -0.214052
    endloop
  endfacet
  facet normal -0.908339 0.416351 -0.039659
    outer loop
      vertex 2.455977 40.956522 0.000000
      vertex 2.446631 40.956522 0.214052
      vertex 2.704721 41.521739 0.236632
    endloop
  endfacet
  facet normal -0.908339 0.416351 -0.039659
    outer loop
      vertex 2.455977 40.956522 0.000000
      vertex 2.704721 41.521739 0.236632
      vertex 2.715053 41.521739 0.000000
    endloop
  endfacet
  facet normal -0.901426 0.416351 -0.118675
    outer loop
      vertex 2.446631 40.956522 0.214052
      vertex 2.418665 40.956522 0.426476
      vertex 2.673805 41.521739 0.471464
    endloop
  endfacet
  facet normal -0.901426 0.416351 -0.118675
    outer loop
      vertex 2.446631 40.956522 0.214052
      vertex 2.673805 41.521739 0.471464
      vertex 2.704721 41.521739 0.236632
    endloop
  endfacet
  facet normal -0.887652 0.416351 -0.196788
    outer loop
      vertex 2.418665 40.956522 0.426476
      vertex 2.372291 40.956522 0.635654
      vertex 2.622540 41.521739 0.702707
    endloop
  endfacet
  facet normal -0.887652 0.416351 -0.196788
    outer loop
      vertex 2.418665 40.956522 0.426476
      vertex 2.622540 41.521739 0.702707
      vertex 2.673805 41.521739 0.471464
    endloop
  endfacet
  facet normal -0.867123 0.416351 -0.273403
    outer loop
      vertex 2.372291 40.956522 0.635654
      vertex 2.307863 40.956522 0.839994
      vertex 2.551315 41.521739 0.928603
    endloop
  endfacet
  facet normal -0.867123 0.416351 -0.273403
    outer loop
      vertex 2.372291 40.956522 0.635654
      vertex 2.551315 41.521739 0.928603
      vertex 2.622540 41.521739 0.702707
    endloop
  endfacet
  facet normal -0.839995 0.416351 -0.347937
    outer loop
      vertex 2.307863 40.956522 0.839994
      vertex 2.225871 40.956522 1.037941
      vertex 2.460674 41.521739 1.147431
    endloop
  endfacet
  facet normal -0.839995 0.416351 -0.347937
    outer loop
      vertex 2.307863 40.956522 0.839994
      vertex 2.460674 41.521739 1.147431
      vertex 2.551315 41.521739 0.928603
    endloop
  endfacet
  facet normal -0.806474 0.416351 -0.419824
    outer loop
      vertex 2.225871 40.956522 1.037941
      vertex 2.126938 40.956522 1.227988
      vertex 2.351305 41.521739 1.357526
    endloop
  endfacet
  facet normal -0.806474 0.416351 -0.419824
    outer loop
      vertex 2.225871 40.956522 1.037941
      vertex 2.351305 41.521739 1.357526
      vertex 2.460674 41.521739 1.147431
    endloop
  endfacet
  facet normal -0.766815 0.416351 -0.488515
    outer loop
      vertex 2.126938 40.956522 1.227988
      vertex 2.011818 40.956522 1.408690
      vertex 2.224041 41.521739 1.557290
    endloop
  endfacet
  facet normal -0.766815 0.416351 -0.488515
    outer loop
      vertex 2.126938 40.956522 1.227988
      vertex 2.224041 41.521739 1.557290
      vertex 2.351305 41.521739 1.357526
    endloop
  endfacet
  facet normal -0.721320 0.416351 -0.553488
    outer loop
      vertex 2.011818 40.956522 1.408690
      vertex 1.881387 40.956522 1.578671
      vertex 2.079851 41.521739 1.745202
    endloop
  endfacet
  facet normal -0.721320 0.416351 -0.553488
    outer loop
      vertex 2.011818 40.956522 1.408690
      vertex 2.079851 41.521739 1.745202
      vertex 2.224041 41.521739 1.557290
    endloop
  endfacet
  facet normal -0.670336 0.416351 -0.614249
    outer loop
      vertex 1.881387 40.956522 1.578671
      vertex 1.736638 40.956522 1.736638
      vertex 1.919832 41.521739 1.919832
    endloop
  endfacet
  facet normal -0.670336 0.416351 -0.614249
    outer loop
      vertex 1.881387 40.956522 1.578671
      vertex 1.919832 41.521739 1.919832
      vertex 2.079851 41.521739 1.745202
    endloop
  endfacet
  facet normal -0.614249 0.416351 -0.670336
    outer loop
      vertex 1.736638 40.956522 1.736638
      vertex 1.578671 40.956522 1.881387
      vertex 1.745202 41.521739 2.079851
    endloop
  endfacet
  facet normal -0.614249 0.416351 -0.670336
    outer loop
      vertex 1.736638 40.956522 1.736638
      vertex 1.745202 41.521739 2.079851
      vertex 1.919832 41.521739 1.919832
    endloop
  endfacet
  facet normal -0.553488 0.416351 -0.721320
    outer loop
      vertex 1.578671 40.956522 1.881387
      vertex 1.408690 40.956522 2.011818
      vertex 1.557290 41.521739 2.224041
    endloop
  endfacet
  facet normal -0.553488 0.416351 -0.721320
    outer loop
      vertex 1.578671 40.956522 1.881387
      vertex 1.557290 41.521739 2.224041
      vertex 1.745202 41.521739 2.079851
    endloop
  endfacet
  facet normal -0.488515 0.416351 -0.766815
    outer loop
      vertex 1.408690 40.956522 2.011818
      vertex 1.227988 40.956522 2.126938
      vertex 1.357526 41.521739 2.351305
    endloop
  endfacet
  facet normal -0.488515 0.416351 -0.766815
    outer loop
      vertex 1.408690 40.956522 2.011818
      vertex 1.357526 41.521739 2.351305
      vertex 1.557290 41.521739 2.224041
    endloop
  endfacet
  facet normal -0.419824 0.416351 -0.806474
    outer loop
      vertex 1.227988 40.956522 2.126938
      vertex 1.037941 40.956522 2.225871
      vertex 1.147431 41.521739 2.460674
    endloop
  endfacet
  facet normal -0.419824 0.416351 -0.806474
    outer loop
      vertex 1.227988 40.956522 2.126938
      vertex 1.147431 41.521739 2.460674
      vertex 1.357526 41.521739 2.351305
    endloop
  endfacet
  facet normal -0.347937 0.416351 -0.839995
    outer loop
      vertex 1.037941 40.956522 2.225871
      vertex 0.839994 40.956522 2.307863
      vertex 0.928603 41.521739 2.551315
    endloop
  endfacet
  facet normal -0.347937 0.416351 -0.839995
    outer loop
      vertex 1.037941 40.956522 2.225871
      vertex 0.928603 41.521739 2.551315
      vertex 1.147431 41.521739 2.460674
    endloop
  endfacet
  facet normal -0.273403 0.416351 -0.867123
    outer loop
      vertex 0.839994 40.956522 2.307863
      vertex 0.635654 40.956522 2.372291
      vertex 0.702707 41.521739 2.622540
    endloop
  endfacet
  facet normal -0.273403 0.416351 -0.867123
    outer loop
      vertex 0.839994 40.956522 2.307863
      vertex 0.702707 41.521739 2.622540
      vertex 0.928603 41.521739 2.551315
    endloop
  endfacet
  facet normal -0.196788 0.416351 -0.887652
    outer loop
      vertex 0.635654 40.956522 2.372291
      vertex 0.426476 40.956522 2.418665
      vertex 0.471464 41.521739 2.673805
    endloop
  endfacet
  facet normal -0.196788 0.416351 -0.887652
    outer loop
      vertex 0.635654 40.956522 2.372291
      vertex 0.471464 41.521739 2.673805
      vertex 0.702707 41.521739 2.622540
    endloop
  endfacet
  facet normal -0.118675 0.416351 -0.901426
    outer loop
      vertex 0.426476 40.956522 2.418665
      vertex 0.214052 40.956522 2.446631
      vertex 0.236632 41.521739 2.704721
    endloop
  endfacet
  facet normal -0.118675 0.416351 -0.901426
    outer loop
      vertex 0.426476 40.956522 2.418665
      vertex 0.236632 41.521739 2.704721
      vertex 0.471464 41.521739 2.673805
    endloop
  endfacet
  facet normal -0.039659 0.416351 -0.908339
    outer loop
      vertex 0.214052 40.956522 2.446631
      vertex 0.000000 40.956522 2.455977
      vertex 0.000000 41.521739 2.715053
    endloop
  endfacet
  facet normal -0.039659 0.416351 -0.908339
    outer loop
      vertex 0.214052 40.956522 2.446631
      vertex 0.000000 41.521739 2.715053
      vertex 0.236632 41.521739 2.704721
    endloop
  endfacet
  facet normal 0.039659 0.416351 -0.908339
    outer loop
      vertex 0.000000 40.956522 2.455977
      vertex -0.214052 40.956522 2.446631
      vertex -0.236632 41.521739 2.704721
    endloop
  endfacet
  facet normal 0.039659 0.416351 -0.908339
    outer loop
      vertex 0.000000 40.956522 2.455977
      vertex -0.236632 41.521739 2.704721
      vertex 0.000000 41.521739 2.715053
    endloop
  endfacet
  facet normal 0.118675 0.416351 -0.901426
    outer loop
      vertex -0.214052 40.956522 2.446631
      vertex -0.426476 40.956522 2.418665
      vertex -0.471464 41.521739 2.673805
    endloop
  endfacet
  facet normal 0.118675 0.416351 -0.901426
    outer loop
      vertex -0.214052 40.956522 2.446631
      vertex -0.471464 41.521739 2.673805
      vertex -0.236632 41.521739 2.704721
    endloop
  endfacet
  facet normal 0.196788 0.416351 -0.887652
    outer loop
      vertex -0.426476 40.956522 2.418665
      vertex -0.635654 40.956522 2.372291
      vertex -0.702707 41.521739 2.622540
    endloop
  endfacet
  facet normal 0.196788 0.416351 -0.887652
    outer loop
      vertex -0.426476 40.956522 2.418665
      vertex -0.702707 41.521739 2.622540
      vertex -0.471464 41.521739 2.673805
    endloop
  endfacet
  facet normal 0.273403 0.416351 -0.867123
    outer loop
      vertex -0.635654 40.956522 2.372291
      vertex -0.839994 40.956522 2.307863
      vertex -0.928603 41.521739 2.551315
    endloop
  endfacet
  facet normal 0.273403 0.416351 -0.867123
    outer loop
      vertex -0.635654 40.956522 2.372291
      vertex -0.928603 41.521739 2.551315
      vertex -0.702707 41.521739 2.622540
    endloop
  endfacet
  facet normal 0.347937 0.416351 -0.839995
    outer loop
      vertex -0.839994 40.956522 2.307863
      vertex -1.037941 40.956522 2.225871
      vertex -1.147431 41.521739 2.460674
    endloop
  endfacet
  facet normal 0.347937 0.416351 -0.839995
    outer loop
      vertex -0.839994 40.956522 2.307863
      vertex -1.147431 41.521739 2.460674
      vertex -0.928603 41.521739 2.551315
    endloop
  endfacet
  facet normal 0.419824 0.416351 -0.806474
    outer loop
      vertex -1.037941 40.956522 2.225871
      vertex -1.227988 40.956522 2.126938
      vertex -1.357526 41.521739 2.351305
    endloop
  endfacet
  facet normal 0.419824 0.416351 -0.806474
    outer loop
      vertex -1.037941 40.956522 2.225871
      vertex -1.357526 41.521739 2.351305
      vertex -1.147431 41.521739 2.460674
    endloop
  endfacet
  facet normal 0.488515 0.416351 -0.766815
    outer loop
      vertex -1.227988 40.956522 2.126938
      vertex -1.408690 40.956522 2.011818
      vertex -1.557290 41.521739 2.224041
    endloop
  endfacet
  facet normal 0.488515 0.416351 -0.766815
    outer loop
      vertex -1.227988 40.956522 2.126938
      vertex -1.557290 41.521739 2.224041
      vertex -1.357526 41.521739 2.351305
    endloop
  endfacet
  facet normal 0.553488 0.416351 -0.721320
    outer loop
      vertex -1.408690 40.956522 2.011818
      vertex -1.578671 40.956522 1.881387
      vertex -1.745202 41.521739 2.079851
    endloop
  endfacet
  facet normal 0.553488 0.416351 -0.721320
    outer loop
      vertex -1.408690 40.956522 2.011818
      vertex -1.745202 41.521739 2.079851
      vertex -1.557290 41.521739 2.224041
    endloop
  endfacet
  facet normal 0.614249 0.416351 -0.670336
    outer loop
      vertex -1.578671 40.956522 1.881387
      vertex -1.736638 40.956522 1.736638
      vertex -1.919832 41.521739 1.919832
    endloop
  endfacet
  facet normal 0.614249 0.416351 -0.670336
    outer loop
      vertex -1.578671 40.956522 1.881387
      vertex -1.919832 41.521739 1.919832
      vertex -1.745202 41.521739 2.079851
    endloop
  endfacet
  facet normal 0.670336 0.416351 -0.614249
    outer loop
      vertex -1.736638 40.956522 1.736638
      vertex -1.881387 40.956522 1.578671
      vertex -2.079851 41.521739 1.745202
    endloop
  endfacet
  facet normal 0.670336 0.416351 -0.614249
    outer loop
      vertex -1.736638 40.956522 1.736638
      vertex -2.079851 41.521739 1.745202
      vertex -1.919832 41.521739 1.919832
    endloop
  endfacet
  facet normal 0.721320 0.416351 -0.553488
    outer loop
      vertex -1.881387 40.956522 1.578671
      vertex -2.011818 40.956522 1.408690
      vertex -2.224041 41.521739 1.557290
    endloop
  endfacet
  facet normal 0.721320 0.416351 -0.553488
    outer loop
      vertex -1.881387 40.956522 1.578671
      vertex -2.224041 41.521739 1.557290
      vertex -2.079851 41.521739 1.745202
    endloop
  endfacet
  facet normal 0.766815 0.416351 -0.488515
    outer loop
      vertex -2.011818 40.956522 1.408690
      vertex -2.126938 40.956522 1.227988
      vertex -2.351305 41.521739 1.357526
    endloop
  endfacet
  facet normal 0.766815 0.416351 -0.488515
    outer loop
      vertex -2.011818 40.956522 1.408690
      vertex -2.351305 41.521739 1.357526
      vertex -2.224041 41.521739 1.557290
    endloop
  endfacet
  facet normal 0.806474 0.416351 -0.419824
    outer loop
      vertex -2.126938 40.956522 1.227988
      vertex -2.225871 40.956522 1.037941
      vertex -2.460674 41.521739 1.147431
    endloop
  endfacet
  facet normal 0.806474 0.416351 -0.419824
    outer loop
      vertex -2.126938 40.956522 1.227988
      vertex -2.460674 41.521739 1.147431
      vertex -2.351305 41.521739 1.357526
    endloop
  endfacet
  facet normal 0.839995 0.416351 -0.347937
    outer loop
      vertex -2.225871 40.956522 1.037941
      vertex -2.307863 40.956522 0.839994
      vertex -2.551315 41.521739 0.928603
    endloop
  endfacet
  facet normal 0.839995 0.416351 -0.347937
    outer loop
      vertex -2.225871 40.956522 1.037941
      vertex -2.551315 41.521739 0.928603
      vertex -2.460674 41.521739 1.147431
    endloop
  endfacet
  facet normal 0.867123 0.416351 -0.273403
    outer loop
      vertex -2.307863 40.956522 0.839994
      vertex -2.372291 40.956522 0.635654
      vertex -2.622540 41.521739 0.702707
    endloop
  endfacet
  facet normal 0.867123 0.416351 -0.273403
    outer loop
      vertex -2.307863 40.956522 0.839994
      vertex -2.622540 41.521739 0.702707
      vertex -2.551315 41.521739 0.928603
    endloop
  endfacet
  facet normal 0.887652 0.416351 -0.196788
    outer loop
      vertex -2.372291 40.956522 0.635654
      vertex -2.418665 40.956522 0.426476
      vertex -2.673805 41.521739 0.471464
    endloop
  endfacet
  facet normal 0.887652 0.416351 -0.196788
    outer loop
      vertex -2.372291 40.956522 0.635654
      vertex -2.673805 41.521739 0.471464
      vertex -2.622540 41.521739 0.702707
    endloop
  endfacet
  facet normal 0.901426 0.416351 -0.118675
    outer loop
      vertex -2.418665 40.956522 0.426476
      vertex -2.446631 40.956522 0.214052
      vertex -2.704721 41.521739 0.236632
    endloop
  endfacet
  facet normal 0.901426 0.416351 -0.118675
    outer loop
      vertex -2.418665 40.956522 0.426476
      vertex -2.704721 41.521739 0.236632
      vertex -2.673805 41.521739 0.471464
    endloop
  endfacet
  facet normal 0.908339 0.416351 -0.039659
    outer loop
      vertex -2.446631 40.956522 0.214052
      vertex -2.455977 40.956522 0.000000
      vertex -2.715053 41.521739 0.000000
    endloop
  endfacet
  facet normal 0.908339 0.416351 -0.039659
    outer loop
      vertex -2.446631 40.956522 0.214052
      vertex -2.715053 41.521739 0.000000
      vertex -2.704721 41.521739 0.236632
    endloop
  endfacet
  facet normal 0.908339 0.416351 0.039659
    outer loop
      vertex -2.455977 40.956522 0.000000
      vertex -2.446631 40.956522 -0.214052
      vertex -2.704721 41.521739 -0.236632
    endloop
  endfacet
  facet normal 0.908339 0.416351 0.039659
    outer loop
      vertex -2.455977 40.956522 0.000000
      vertex -2.704721 41.521739 -0.236632
      vertex -2.715053 41.521739 0.000000
    endloop
  endfacet
  facet normal 0.901426 0.416351 0.118675
    outer loop
      vertex -2.446631 40.956522 -0.214052
      vertex -2.418665 40.956522 -0.426476
      vertex -2.673805 41.521739 -0.471464
    endloop
  endfacet
  facet normal 0.901426 0.416351 0.118675
    outer loop
      vertex -2.446631 40.956522 -0.214052
      vertex -2.673805 41.521739 -0.471464
      vertex -2.704721 41.521739 -0.236632
    endloop
  endfacet
  facet normal 0.887652 0.416351 0.196788
    outer loop
      vertex -2.418665 40.956522 -0.426476
      vertex -2.372291 40.956522 -0.635654
      vertex -2.622540 41.521739 -0.702707
    endloop
  endfacet
  facet normal 0.887652 0.416351 0.196788
    outer loop
      vertex -2.418665 40.956522 -0.426476
      vertex -2.622540 41.521739 -0.702707
      vertex -2.673805 41.521739 -0.471464
    endloop
  endfacet
  facet normal 0.867123 0.416351 0.273403
    outer loop
      vertex -2.372291 40.956522 -0.635654
      vertex -2.307863 40.956522 -0.839994
      vertex -2.551315 41.521739 -0.928603
    endloop
  endfacet
  facet normal 0.867123 0.416351 0.273403
    outer loop
      vertex -2.372291 40.956522 -0.635654
      vertex -2.551315 41.521739 -0.928603
      vertex -2.622540 41.521739 -0.702707
    endloop
  endfacet
  facet normal 0.839995 0.416351 0.347937
    outer loop
      vertex -2.307863 40.956522 -0.839994
      vertex -2.225871 40.956522 -1.037941
      vertex -2.460674 41.521739 -1.147431
    endloop
  endfacet
  facet normal 0.839995 0.416351 0.347937
    outer loop
      vertex -2.307863 40.956522 -0.839994
      vertex -2.460674 41.521739 -1.147431
      vertex -2.551315 41.521739 -0.928603
    endloop
  endfacet
  facet normal 0.806474 0.416351 0.419824
    outer loop
      vertex -2.225871 40.956522 -1.037941
      vertex -2.126938 40.956522 -1.227988
      vertex -2.351305 41.521739 -1.357526
    endloop
  endfacet
  facet normal 0.806474 0.416351 0.419824
    outer loop
      vertex -2.225871 40.956522 -1.037941
      vertex -2.351305 41.521739 -1.357526
      vertex -2.460674 41.521739 -1.147431
    endloop
  endfacet
  facet normal 0.766815 0.416351 0.488515
    outer loop
      vertex -2.126938 40.956522 -1.227988
      vertex -2.011818 40.956522 -1.408690
      vertex -2.224041 41.521739 -1.557290
    endloop
  endfacet
  facet normal 0.766815 0.416351 0.488515
    outer loop
      vertex -2.126938 40.956522 -1.227988
      vertex -2.224041 41.521739 -1.557290
      vertex -2.351305 41.521739 -1.357526
    endloop
  endfacet
  facet normal 0.721320 0.416351 0.553488
    outer loop
      vertex -2.011818 40.956522 -1.408690
      vertex -1.881387 40.956522 -1.578671
      vertex -2.079851 41.521739 -1.745202
    endloop
  endfacet
  facet normal 0.721320 0.416351 0.553488
    outer loop
      vertex -2.011818 40.956522 -1.408690
      vertex -2.079851 41.521739 -1.745202
      vertex -2.224041 41.521739 -1.557290
    endloop
  endfacet
  facet normal 0.670336 0.416351 0.614249
    outer loop
      vertex -1.881387 40.956522 -1.578671
      vertex -1.736638 40.956522 -1.736638
      vertex -1.919832 41.521739 -1.919832
    endloop
  endfacet
  facet normal 0.670336 0.416351 0.614249
    outer loop
      vertex -1.881387 40.956522 -1.578671
      vertex -1.919832 41.521739 -1.919832
      vertex -2.079851 41.521739 -1.745202
    endloop
  endfacet
  facet normal 0.614249 0.416351 0.670336
    outer loop
      vertex -1.736638 40.956522 -1.736638
      vertex -1.578671 40.956522 -1.881387
      vertex -1.745202 41.521739 -2.079851
    endloop
  endfacet
  facet normal 0.614249 0.416351 0.670336
    outer loop
      vertex -1.736638 40.956522 -1.736638
      vertex -1.745202 41.521739 -2.079851
      vertex -1.919832 41.521739 -1.919832
    endloop
  endfacet
  facet normal 0.553488 0.416351 0.721320
    outer loop
      vertex -1.578671 40.956522 -1.881387
      vertex -1.408690 40.956522 -2.011818
      vertex -1.557290 41.521739 -2.224041
    endloop
  endfacet
  facet normal 0.553488 0.416351 0.721320
    outer loop
      vertex -1.578671 40.956522 -1.881387
      vertex -1.557290 41.521739 -2.224041
      vertex -1.745202 41.521739 -2.079851
    endloop
  endfacet
  facet normal 0.488515 0.416351 0.766815
    outer loop
      vertex -1.408690 40.956522 -2.011818
      vertex -1.227988 40.956522 -2.126938
      vertex -1.357526 41.521739 -2.351305
    endloop
  endfacet
  facet normal 0.488515 0.416351 0.766815
    outer loop
      vertex -1.408690 40.956522 -2.011818
      vertex -1.357526 41.521739 -2.351305
      vertex -1.557290 41.521739 -2.224041
    endloop
  endfacet
  facet normal 0.419824 0.416351 0.806474
    outer loop
      vertex -1.227988 40.956522 -2.126938
      vertex -1.037941 40.956522 -2.225871
      vertex -1.147431 41.521739 -2.460674
    endloop
  endfacet
  facet normal 0.419824 0.416351 0.806474
    outer loop
      vertex -1.227988 40.956522 -2.126938
      vertex -1.147431 41.521739 -2.460674
      vertex -1.357526 41.521739 -2.351305
    endloop
  endfacet
  facet normal 0.347937 0.416351 0.839995
    outer loop
      vertex -1.037941 40.956522 -2.225871
      vertex -0.839994 40.956522 -2.307863
      vertex -0.928603 41.521739 -2.551315
    endloop
  endfacet
  facet normal 0.347937 0.416351 0.839995
    outer loop
      vertex -1.037941 40.956522 -2.225871
      vertex -0.928603 41.521739 -2.551315
      vertex -1.147431 41.521739 -2.460674
    endloop
  endfacet
  facet normal 0.273403 0.416351 0.867123
    outer loop
      vertex -0.839994 40.956522 -2.307863
      vertex -0.635654 40.956522 -2.372291
      vertex -0.702707 41.521739 -2.622540
    endloop
  endfacet
  facet normal 0.273403 0.416351 0.867123
    outer loop
      vertex -0.839994 40.956522 -2.307863
      vertex -0.702707 41.521739 -2.622540
      vertex -0.928603 41.521739 -2.551315
    endloop
  endfacet
  facet normal 0.196788 0.416351 0.887652
    outer loop
      vertex -0.635654 40.956522 -2.372291
      vertex -0.426476 40.956522 -2.418665
      vertex -0.471464 41.521739 -2.673805
    endloop
  endfacet
  facet normal 0.196788 0.416351 0.887652
    outer loop
      vertex -0.635654 40.956522 -2.372291
      vertex -0.471464 41.521739 -2.673805
      vertex -0.702707 41.521739 -2.622540
    endloop
  endfacet
  facet normal 0.118675 0.416351 0.901426
    outer loop
      vertex -0.426476 40.956522 -2.418665
      vertex -0.214052 40.956522 -2.446631
      vertex -0.236632 41.521739 -2.704721
    endloop
  endfacet
  facet normal 0.118675 0.416351 0.901426
    outer loop
      vertex -0.426476 40.956522 -2.418665
      vertex -0.236632 41.521739 -2.704721
      vertex -0.471464 41.521739 -2.673805
    endloop
  endfacet
  facet normal 0.039659 0.416351 0.908339
    outer loop
      vertex -0.214052 40.956522 -2.446631
      vertex -0.000000 40.956522 -2.455977
      vertex -0.000000 41.521739 -2.715053
    endloop
  endfacet
  facet normal 0.039659 0.416351 0.908339
    outer loop
      vertex -0.214052 40.956522 -2.446631
      vertex -0.000000 41.521739 -2.715053
      vertex -0.236632 41.521739 -2.704721
    endloop
  endfacet
  facet normal -0.039659 0.416351 0.908339
    outer loop
      vertex -0.000000 40.956522 -2.455977
      vertex 0.214052 40.956522 -2.446631
      vertex 0.236632 41.521739 -2.704721
    endloop
  endfacet
  facet normal -0.039659 0.416351 0.908339
    outer loop
      vertex -0.000000 40.956522 -2.455977
      vertex 0.236632 41.521739 -2.704721
      vertex -0.000000 41.521739 -2.715053
    endloop
  endfacet
  facet normal -0.118675 0.416351 0.901426
    outer loop
      vertex 0.214052 40.956522 -2.446631
      vertex 0.426476 40.956522 -2.418665
      vertex 0.471464 41.521739 -2.673805
    endloop
  endfacet
  facet normal -0.118675 0.416351 0.901426
    outer loop
      vertex 0.214052 40.956522 -2.446631
      vertex 0.471464 41.521739 -2.673805
      vertex 0.236632 41.521739 -2.704721
    endloop
  endfacet
  facet normal -0.196788 0.416351 0.887652
    outer loop
      vertex 0.426476 40.956522 -2.418665
      vertex 0.635654 40.956522 -2.372291
      vertex 0.702707 41.521739 -2.622540
    endloop
  endfacet
  facet normal -0.196788 0.416351 0.887652
    outer loop
      vertex 0.426476 40.956522 -2.418665
      vertex 0.702707 41.521739 -2.622540
      vertex 0.471464 41.521739 -2.673805
    endloop
  endfacet
  facet normal -0.273403 0.416351 0.867123
    outer loop
      vertex 0.635654 40.956522 -2.372291
      vertex 0.839994 40.956522 -2.307863
      vertex 0.928603 41.521739 -2.551315
    endloop
  endfacet
  facet normal -0.273403 0.416351 0.867123
    outer loop
      vertex 0.635654 40.956522 -2.372291
      vertex 0.928603 41.521739 -2.551315
      vertex 0.702707 41.521739 -2.622540
    endloop
  endfacet
  facet normal -0.347937 0.416351 0.839995
    outer loop
      vertex 0.839994 40.956522 -2.307863
      vertex 1.037941 40.956522 -2.225871
      vertex 1.147431 41.521739 -2.460674
    endloop
  endfacet
  facet normal -0.347937 0.416351 0.839995
    outer loop
      vertex 0.839994 40.956522 -2.307863
      vertex 1.147431 41.521739 -2.460674
      vertex 0.928603 41.521739 -2.551315
    endloop
  endfacet
  facet normal -0.419824 0.416351 0.806474
    outer loop
      vertex 1.037941 40.956522 -2.225871
      vertex 1.227988 40.956522 -2.126938
      vertex 1.357526 41.521739 -2.351305
    endloop
  endfacet
  facet normal -0.419824 0.416351 0.806474
    outer loop
      vertex 1.037941 40.956522 -2.225871
      vertex 1.357526 41.521739 -2.351305
      vertex 1.147431 41.521739 -2.460674
    endloop
  endfacet
  facet normal -0.488515 0.416351 0.766815
    outer loop
      vertex 1.227988 40.956522 -2.126938
      vertex 1.408690 40.956522 -2.011818
      vertex 1.557290 41.521739 -2.224041
    endloop
  endfacet
  facet normal -0.488515 0.416351 0.766815
    outer loop
      vertex 1.227988 40.956522 -2.126938
      vertex 1.557290 41.521739 -2.224041
      vertex 1.357526 41.521739 -2.351305
    endloop
  endfacet
  facet normal -0.553488 0.416351 0.721320
    outer loop
      vertex 1.408690 40.956522 -2.011818
      vertex 1.578671 40.956522 -1.881387
      vertex 1.745202 41.521739 -2.079851
    endloop
  endfacet
  facet normal -0.553488 0.416351 0.721320
    outer loop
      vertex 1.408690 40.956522 -2.011818
      vertex 1.745202 41.521739 -2.079851
      vertex 1.557290 41.521739 -2.224041
    endloop
  endfacet
  facet normal -0.614249 0.416351 0.670336
    outer loop
      vertex 1.578671 40.956522 -1.881387
      vertex 1.736638 40.956522 -1.736638
      vertex 1.919832 41.521739 -1.919832
    endloop
  endfacet
  facet normal -0.614249 0.416351 0.670336
    outer loop
      vertex 1.578671 40.956522 -1.881387
      vertex 1.919832 41.521739 -1.919832
      vertex 1.745202 41.521739 -2.079851
    endloop
  endfacet
  facet normal -0.670336 0.416351 0.614249
    outer loop
      vertex 1.736638 40.956522 -1.736638
      vertex 1.881387 40.956522 -1.578671
      vertex 2.079851 41.521739 -1.745202
    endloop
  endfacet
  facet normal -0.670336 0.416351 0.614249
    outer loop
      vertex 1.736638 40.956522 -1.736638
      vertex 2.079851 41.521739 -1.745202
      vertex 1.919832 41.521739 -1.919832
    endloop
  endfacet
  facet normal -0.721320 0.416351 0.553488
    outer loop
      vertex 1.881387 40.956522 -1.578671
      vertex 2.011818 40.956522 -1.408690
      vertex 2.224041 41.521739 -1.557290
    endloop
  endfacet
  facet normal -0.721320 0.416351 0.553488
    outer loop
      vertex 1.881387 40.956522 -1.578671
      vertex 2.224041 41.521739 -1.557290
      vertex 2.079851 41.521739 -1.745202
    endloop
  endfacet
  facet normal -0.766815 0.416351 0.488515
    outer loop
      vertex 2.011818 40.956522 -1.408690
      vertex 2.126938 40.956522 -1.227988
      vertex 2.351305 41.521739 -1.357526
    endloop
  endfacet
  facet normal -0.766815 0.416351 0.488515
    outer loop
      vertex 2.011818 40.956522 -1.408690
      vertex 2.351305 41.521739 -1.357526
      vertex 2.224041 41.521739 -1.557290
    endloop
  endfacet
  facet normal -0.806474 0.416351 0.419824
    outer loop
      vertex 2.126938 40.956522 -1.227988
      vertex 2.225871 40.956522 -1.037941
      vertex 2.460674 41.521739 -1.147431
    endloop
  endfacet
  facet normal -0.806474 0.416351 0.419824
    outer loop
      vertex 2.126938 40.956522 -1.227988
      vertex 2.460674 41.521739 -1.147431
      vertex 2.351305 41.521739 -1.357526
    endloop
  endfacet
  facet normal -0.839995 0.416351 0.347937
    outer loop
      vertex 2.225871 40.956522 -1.037941
      vertex 2.307863 40.956522 -0.839994
      vertex 2.551315 41.521739 -0.928603
    endloop
  endfacet
  facet normal -0.839995 0.416351 0.347937
    outer loop
      vertex 2.225871 40.956522 -1.037941
      vertex 2.551315 41.521739 -0.928603
      vertex 2.460674 41.521739 -1.147431
    endloop
  endfacet
  facet normal -0.867123 0.416351 0.273403
    outer loop
      vertex 2.307863 40.956522 -0.839994
      vertex 2.372291 40.956522 -0.635654
      vertex 2.622540 41.521739 -0.702707
    endloop
  endfacet
  facet normal -0.867123 0.416351 0.273403
    outer loop
      vertex 2.307863 40.956522 -0.839994
      vertex 2.622540 41.521739 -0.702707
      vertex 2.551315 41.521739 -0.928603
    endloop
  endfacet
  facet normal -0.887652 0.416351 0.196788
    outer loop
      vertex 2.372291 40.956522 -0.635654
      vertex 2.418665 40.956522 -0.426476
      vertex 2.673805 41.521739 -0.471464
    endloop
  endfacet
  facet normal -0.887652 0.416351 0.196788
    outer loop
      vertex 2.372291 40.956522 -0.635654
      vertex 2.673805 41.521739 -0.471464
      vertex 2.622540 41.521739 -0.702707
    endloop
  endfacet
  facet normal -0.901426 0.416351 0.118675
    outer loop
      vertex 2.418665 40.956522 -0.426476
      vertex 2.446631 40.956522 -0.214052
      vertex 2.704721 41.521739 -0.236632
    endloop
  endfacet
  facet normal -0.901426 0.416351 0.118675
    outer loop
      vertex 2.418665 40.956522 -0.426476
      vertex 2.704721 41.521739 -0.236632
      vertex 2.673805 41.521739 -0.471464
    endloop
  endfacet
  facet normal -0.908339 0.416351 0.039659
    outer loop
      vertex 2.446631 40.956522 -0.214052
      vertex 2.455977 40.956522 0.000000
      vertex 2.715053 41.521739 0.000000
    endloop
  endfacet
  facet normal -0.908339 0.416351 0.039659
    outer loop
      vertex 2.446631 40.956522 -0.214052
      vertex 2.715053 41.521739 0.000000
      vertex 2.704721 41.521739 -0.236632
    endloop
  endfacet
  facet normal -0.920158 0.389480 -0.040175
    outer loop
      vertex 2.715053 41.521739 0.000000
      vertex 2.704721 41.521739 0.236632
      vertex 2.943054 42.086957 0.257484
    endloop
  endfacet
  facet normal -0.920158 0.389480 -0.040175
    outer loop
      vertex 2.715053 41.521739 0.000000
      vertex 2.943054 42.086957 0.257484
      vertex 2.954296 42.086957 0.000000
    endloop
  endfacet
  facet normal -0.913155 0.389480 -0.120219
    outer loop
      vertex 2.704721 41.521739 0.236632
      vertex 2.673805 41.521739 0.471464
      vertex 2.909413 42.086957 0.513008
    endloop
  endfacet
  facet normal -0.913155 0.389480 -0.120219
    outer loop
      vertex 2.704721 41.521739 0.236632
      vertex 2.909413 42.086957 0.513008
      vertex 2.943054 42.086957 0.257484
    endloop
  endfacet
  facet normal -0.899203 0.389480 -0.199348
    outer loop
      vertex 2.673805 41.521739 0.471464
      vertex 2.622540 41.521739 0.702707
      vertex 2.853630 42.086957 0.764628
    endloop
  endfacet
  facet normal -0.899203 0.389480 -0.199348
    outer loop
      vertex 2.673805 41.521739 0.471464
      vertex 2.853630 42.086957 0.764628
      vertex 2.909413 42.086957 0.513008
    endloop
  endfacet
  facet normal -0.878406 0.389480 -0.276960
    outer loop
      vertex 2.622540 41.521739 0.702707
      vertex 2.551315 41.521739 0.928603
      vertex 2.776130 42.086957 1.010429
    endloop
  endfacet
  facet normal -0.878406 0.389480 -0.276960
    outer loop
      vertex 2.622540 41.521739 0.702707
      vertex 2.776130 42.086957 1.010429
      vertex 2.853630 42.086957 0.764628
    endloop
  endfacet
  facet normal -0.850925 0.389480 -0.352465
    outer loop
      vertex 2.551315 41.521739 0.928603
      vertex 2.460674 41.521739 1.147431
      vertex 2.677501 42.086957 1.248539
    endloop
  endfacet
  facet normal -0.850925 0.389480 -0.352465
    outer loop
      vertex 2.551315 41.521739 0.928603
      vertex 2.677501 42.086957 1.248539
      vertex 2.776130 42.086957 1.010429
    endloop
  endfacet
  facet normal -0.816968 0.389480 -0.425287
    outer loop
      vertex 2.460674 41.521739 1.147431
      vertex 2.351305 41.521739 1.357526
      vertex 2.558495 42.086957 1.477148
    endloop
  endfacet
  facet normal -0.816968 0.389480 -0.425287
    outer loop
      vertex 2.460674 41.521739 1.147431
      vertex 2.558495 42.086957 1.477148
      vertex 2.677501 42.086957 1.248539
    endloop
  endfacet
  facet normal -0.776793 0.389480 -0.494872
    outer loop
      vertex 2.351305 41.521739 1.357526
      vertex 2.224041 41.521739 1.557290
      vertex 2.420017 42.086957 1.694514
    endloop
  endfacet
  facet normal -0.776793 0.389480 -0.494872
    outer loop
      vertex 2.351305 41.521739 1.357526
      vertex 2.420017 42.086957 1.694514
      vertex 2.558495 42.086957 1.477148
    endloop
  endfacet
  facet normal -0.730706 0.389480 -0.560690
    outer loop
      vertex 2.224041 41.521739 1.557290
      vertex 2.079851 41.521739 1.745202
      vertex 2.263122 42.086957 1.898985
    endloop
  endfacet
  facet normal -0.730706 0.389480 -0.560690
    outer loop
      vertex 2.224041 41.521739 1.557290
      vertex 2.263122 42.086957 1.898985
      vertex 2.420017 42.086957 1.694514
    endloop
  endfacet
  facet normal -0.679058 0.389480 -0.622242
    outer loop
      vertex 2.079851 41.521739 1.745202
      vertex 1.919832 41.521739 1.919832
      vertex 2.089002 42.086957 2.089002
    endloop
  endfacet
  facet normal -0.679058 0.389480 -0.622242
    outer loop
      vertex 2.079851 41.521739 1.745202
      vertex 2.089002 42.086957 2.089002
      vertex 2.263122 42.086957 1.898985
    endloop
  endfacet
  facet normal -0.622242 0.389480 -0.679058
    outer loop
      vertex 1.919832 41.521739 1.919832
      vertex 1.745202 41.521739 2.079851
      vertex 1.898985 42.086957 2.263122
    endloop
  endfacet
  facet normal -0.622242 0.389480 -0.679058
    outer loop
      vertex 1.919832 41.521739 1.919832
      vertex 1.898985 42.086957 2.263122
      vertex 2.089002 42.086957 2.089002
    endloop
  endfacet
  facet normal -0.560690 0.389480 -0.730706
    outer loop
      vertex 1.745202 41.521739 2.079851
      vertex 1.557290 41.521739 2.224041
      vertex 1.694514 42.086957 2.420017
    endloop
  endfacet
  facet normal -0.560690 0.389480 -0.730706
    outer loop
      vertex 1.745202 41.521739 2.079851
      vertex 1.694514 42.086957 2.420017
      vertex 1.898985 42.086957 2.263122
    endloop
  endfacet
  facet normal -0.494872 0.389480 -0.776793
    outer loop
      vertex 1.557290 41.521739 2.224041
      vertex 1.357526 41.521739 2.351305
      vertex 1.477148 42.086957 2.558495
    endloop
  endfacet
  facet normal -0.494872 0.389480 -0.776793
    outer loop
      vertex 1.557290 41.521739 2.224041
      vertex 1.477148 42.086957 2.558495
      vertex 1.694514 42.086957 2.420017
    endloop
  endfacet
  facet normal -0.425287 0.389480 -0.816968
    outer loop
      vertex 1.357526 41.521739 2.351305
      vertex 1.147431 41.521739 2.460674
      vertex 1.248539 42.086957 2.677501
    endloop
  endfacet
  facet normal -0.425287 0.389480 -0.816968
    outer loop
      vertex 1.357526 41.521739 2.351305
      vertex 1.248539 42.086957 2.677501
      vertex 1.477148 42.086957 2.558495
    endloop
  endfacet
  facet normal -0.352465 0.389480 -0.850925
    outer loop
      vertex 1.147431 41.521739 2.460674
      vertex 0.928603 41.521739 2.551315
      vertex 1.010429 42.086957 2.776130
    endloop
  endfacet
  facet normal -0.352465 0.389480 -0.850925
    outer loop
      vertex 1.147431 41.521739 2.460674
      vertex 1.010429 42.086957 2.776130
      vertex 1.248539 42.086957 2.677501
    endloop
  endfacet
  facet normal -0.276960 0.389480 -0.878406
    outer loop
      vertex 0.928603 41.521739 2.551315
      vertex 0.702707 41.521739 2.622540
      vertex 0.764628 42.086957 2.853630
    endloop
  endfacet
  facet normal -0.276960 0.389480 -0.878406
    outer loop
      vertex 0.928603 41.521739 2.551315
      vertex 0.764628 42.086957 2.853630
      vertex 1.010429 42.086957 2.776130
    endloop
  endfacet
  facet normal -0.199348 0.389480 -0.899203
    outer loop
      vertex 0.702707 41.521739 2.622540
      vertex 0.471464 41.521739 2.673805
      vertex 0.513008 42.086957 2.909413
    endloop
  endfacet
  facet normal -0.199348 0.389480 -0.899203
    outer loop
      vertex 0.702707 41.521739 2.622540
      vertex 0.513008 42.086957 2.909413
      vertex 0.764628 42.086957 2.853630
    endloop
  endfacet
  facet normal -0.120219 0.389480 -0.913155
    outer loop
      vertex 0.471464 41.521739 2.673805
      vertex 0.236632 41.521739 2.704721
      vertex 0.257484 42.086957 2.943054
    endloop
  endfacet
  facet normal -0.120219 0.389480 -0.913155
    outer loop
      vertex 0.471464 41.521739 2.673805
      vertex 0.257484 42.086957 2.943054
      vertex 0.513008 42.086957 2.909413
    endloop
  endfacet
  facet normal -0.040175 0.389480 -0.920158
    outer loop
      vertex 0.236632 41.521739 2.704721
      vertex 0.000000 41.521739 2.715053
      vertex 0.000000 42.086957 2.954296
    endloop
  endfacet
  facet normal -0.040175 0.389480 -0.920158
    outer loop
      vertex 0.236632 41.521739 2.704721
      vertex 0.000000 42.086957 2.954296
      vertex 0.257484 42.086957 2.943054
    endloop
  endfacet
  facet normal 0.040175 0.389480 -0.920158
    outer loop
      vertex 0.000000 41.521739 2.715053
      vertex -0.236632 41.521739 2.704721
      vertex -0.257484 42.086957 2.943054
    endloop
  endfacet
  facet normal 0.040175 0.389480 -0.920158
    outer loop
      vertex 0.000000 41.521739 2.715053
      vertex -0.257484 42.086957 2.943054
      vertex 0.000000 42.086957 2.954296
    endloop
  endfacet
  facet normal 0.120219 0.389480 -0.913155
    outer loop
      vertex -0.236632 41.521739 2.704721
      vertex -0.471464 41.521739 2.673805
      vertex -0.513008 42.086957 2.909413
    endloop
  endfacet
  facet normal 0.120219 0.389480 -0.913155
    outer loop
      vertex -0.236632 41.521739 2.704721
      vertex -0.513008 42.086957 2.909413
      vertex -0.257484 42.086957 2.943054
    endloop
  endfacet
  facet normal 0.199348 0.389480 -0.899203
    outer loop
      vertex -0.471464 41.521739 2.673805
      vertex -0.702707 41.521739 2.622540
      vertex -0.764628 42.086957 2.853630
    endloop
  endfacet
  facet normal 0.199348 0.389480 -0.899203
    outer loop
      vertex -0.471464 41.521739 2.673805
      vertex -0.764628 42.086957 2.853630
      vertex -0.513008 42.086957 2.909413
    endloop
  endfacet
  facet normal 0.276960 0.389480 -0.878406
    outer loop
      vertex -0.702707 41.521739 2.622540
      vertex -0.928603 41.521739 2.551315
      vertex -1.010429 42.086957 2.776130
    endloop
  endfacet
  facet normal 0.276960 0.389480 -0.878406
    outer loop
      vertex -0.702707 41.521739 2.622540
      vertex -1.010429 42.086957 2.776130
      vertex -0.764628 42.086957 2.853630
    endloop
  endfacet
  facet normal 0.352465 0.389480 -0.850925
    outer loop
      vertex -0.928603 41.521739 2.551315
      vertex -1.147431 41.521739 2.460674
      vertex -1.248539 42.086957 2.677501
    endloop
  endfacet
  facet normal 0.352465 0.389480 -0.850925
    outer loop
      vertex -0.928603 41.521739 2.551315
      vertex -1.248539 42.086957 2.677501
      vertex -1.010429 42.086957 2.776130
    endloop
  endfacet
  facet normal 0.425287 0.389480 -0.816968
    outer loop
      vertex -1.147431 41.521739 2.460674
      vertex -1.357526 41.521739 2.351305
      vertex -1.477148 42.086957 2.558495
    endloop
  endfacet
  facet normal 0.425287 0.389480 -0.816968
    outer loop
      vertex -1.147431 41.521739 2.460674
      vertex -1.477148 42.086957 2.558495
      vertex -1.248539 42.086957 2.677501
    endloop
  endfacet
  facet normal 0.494872 0.389480 -0.776793
    outer loop
      vertex -1.357526 41.521739 2.351305
      vertex -1.557290 41.521739 2.224041
      vertex -1.694514 42.086957 2.420017
    endloop
  endfacet
  facet normal 0.494872 0.389480 -0.776793
    outer loop
      vertex -1.357526 41.521739 2.351305
      vertex -1.694514 42.086957 2.420017
      vertex -1.477148 42.086957 2.558495
    endloop
  endfacet
  facet normal 0.560690 0.389480 -0.730706
    outer loop
      vertex -1.557290 41.521739 2.224041
      vertex -1.745202 41.521739 2.079851
      vertex -1.898985 42.086957 2.263122
    endloop
  endfacet
  facet normal 0.560690 0.389480 -0.730706
    outer loop
      vertex -1.557290 41.521739 2.224041
      vertex -1.898985 42.086957 2.263122
      vertex -1.694514 42.086957 2.420017
    endloop
  endfacet
  facet normal 0.622242 0.389480 -0.679058
    outer loop
      vertex -1.745202 41.521739 2.079851
      vertex -1.919832 41.521739 1.919832
      vertex -2.089002 42.086957 2.089002
    endloop
  endfacet
  facet normal 0.622242 0.389480 -0.679058
    outer loop
      vertex -1.745202 41.521739 2.079851
      vertex -2.089002 42.086957 2.089002
      vertex -1.898985 42.086957 2.263122
    endloop
  endfacet
  facet normal 0.679058 0.389480 -0.622242
    outer loop
      vertex -1.919832 41.521739 1.919832
      vertex -2.079851 41.521739 1.745202
      vertex -2.263122 42.086957 1.898985
    endloop
  endfacet
  facet normal 0.679058 0.389480 -0.622242
    outer loop
      vertex -1.919832 41.521739 1.919832
      vertex -2.263122 42.086957 1.898985
      vertex -2.089002 42.086957 2.089002
    endloop
  endfacet
  facet normal 0.730706 0.389480 -0.560690
    outer loop
      vertex -2.079851 41.521739 1.745202
      vertex -2.224041 41.521739 1.557290
      vertex -2.420017 42.086957 1.694514
    endloop
  endfacet
  facet normal 0.730706 0.389480 -0.560690
    outer loop
      vertex -2.079851 41.521739 1.745202
      vertex -2.420017 42.086957 1.694514
      vertex -2.263122 42.086957 1.898985
    endloop
  endfacet
  facet normal 0.776793 0.389480 -0.494872
    outer loop
      vertex -2.224041 41.521739 1.557290
      vertex -2.351305 41.521739 1.357526
      vertex -2.558495 42.086957 1.477148
    endloop
  endfacet
  facet normal 0.776793 0.389480 -0.494872
    outer loop
      vertex -2.224041 41.521739 1.557290
      vertex -2.558495 42.086957 1.477148
      vertex -2.420017 42.086957 1.694514
    endloop
  endfacet
  facet normal 0.816968 0.389480 -0.425287
    outer loop
      vertex -2.351305 41.521739 1.357526
      vertex -2.460674 41.521739 1.147431
      vertex -2.677501 42.086957 1.248539
    endloop
  endfacet
  facet normal 0.816968 0.389480 -0.425287
    outer loop
      vertex -2.351305 41.521739 1.357526
      vertex -2.677501 42.086957 1.248539
      vertex -2.558495 42.086957 1.477148
    endloop
  endfacet
  facet normal 0.850925 0.389480 -0.352465
    outer loop
      vertex -2.460674 41.521739 1.147431
      vertex -2.551315 41.521739 0.928603
      vertex -2.776130 42.086957 1.010429
    endloop
  endfacet
  facet normal 0.850925 0.389480 -0.352465
    outer loop
      vertex -2.460674 41.521739 1.147431
      vertex -2.776130 42.086957 1.010429
      vertex -2.677501 42.086957 1.248539
    endloop
  endfacet
  facet normal 0.878406 0.389480 -0.276960
    outer loop
      vertex -2.551315 41.521739 0.928603
      vertex -2.622540 41.521739 0.702707
      vertex -2.853630 42.086957 0.764628
    endloop
  endfacet
  facet normal 0.878406 0.389480 -0.276960
    outer loop
      vertex -2.551315 41.521739 0.928603
      vertex -2.853630 42.086957 0.764628
      vertex -2.776130 42.086957 1.010429
    endloop
  endfacet
  facet normal 0.899203 0.389480 -0.199348
    outer loop
      vertex -2.622540 41.521739 0.702707
      vertex -2.673805 41.521739 0.471464
      vertex -2.909413 42.086957 0.513008
    endloop
  endfacet
  facet normal 0.899203 0.389480 -0.199348
    outer loop
      vertex -2.622540 41.521739 0.702707
      vertex -2.909413 42.086957 0.513008
      vertex -2.853630 42.086957 0.764628
    endloop
  endfacet
  facet normal 0.913155 0.389480 -0.120219
    outer loop
      vertex -2.673805 41.521739 0.471464
      vertex -2.704721 41.521739 0.236632
      vertex -2.943054 42.086957 0.257484
    endloop
  endfacet
  facet normal 0.913155 0.389480 -0.120219
    outer loop
      vertex -2.673805 41.521739 0.471464
      vertex -2.943054 42.086957 0.257484
      vertex -2.909413 42.086957 0.513008
    endloop
  endfacet
  facet normal 0.920158 0.389480 -0.040175
    outer loop
      vertex -2.704721 41.521739 0.236632
      vertex -2.715053 41.521739 0.000000
      vertex -2.954296 42.086957 0.000000
    endloop
  endfacet
  facet normal 0.920158 0.389480 -0.040175
    outer loop
      vertex -2.704721 41.521739 0.236632
      vertex -2.954296 42.086957 0.000000
      vertex -2.943054 42.086957 0.257484
    endloop
  endfacet
  facet normal 0.920158 0.389480 0.040175
    outer loop
      vertex -2.715053 41.521739 0.000000
      vertex -2.704721 41.521739 -0.236632
      vertex -2.943054 42.086957 -0.257484
    endloop
  endfacet
  facet normal 0.920158 0.389480 0.040175
    outer loop
      vertex -2.715053 41.521739 0.000000
      vertex -2.943054 42.086957 -0.257484
      vertex -2.954296 42.086957 0.000000
    endloop
  endfacet
  facet normal 0.913155 0.389480 0.120219
    outer loop
      vertex -2.704721 41.521739 -0.236632
      vertex -2.673805 41.521739 -0.471464
      vertex -2.909413 42.086957 -0.513008
    endloop
  endfacet
  facet normal 0.913155 0.389480 0.120219
    outer loop
      vertex -2.704721 41.521739 -0.236632
      vertex -2.909413 42.086957 -0.513008
      vertex -2.943054 42.086957 -0.257484
    endloop
  endfacet
  facet normal 0.899203 0.389480 0.199348
    outer loop
      vertex -2.673805 41.521739 -0.471464
      vertex -2.622540 41.521739 -0.702707
      vertex -2.853630 42.086957 -0.764628
    endloop
  endfacet
  facet normal 0.899203 0.389480 0.199348
    outer loop
      vertex -2.673805 41.521739 -0.471464
      vertex -2.853630 42.086957 -0.764628
      vertex -2.909413 42.086957 -0.513008
    endloop
  endfacet
  facet normal 0.878406 0.389480 0.276960
    outer loop
      vertex -2.622540 41.521739 -0.702707
      vertex -2.551315 41.521739 -0.928603
      vertex -2.776130 42.086957 -1.010429
    endloop
  endfacet
  facet normal 0.878406 0.389480 0.276960
    outer loop
      vertex -2.622540 41.521739 -0.702707
      vertex -2.776130 42.086957 -1.010429
      vertex -2.853630 42.086957 -0.764628
    endloop
  endfacet
  facet normal 0.850925 0.389480 0.352465
    outer loop
      vertex -2.551315 41.521739 -0.928603
      vertex -2.460674 41.521739 -1.147431
      vertex -2.677501 42.086957 -1.248539
    endloop
  endfacet
  facet normal 0.850925 0.389480 0.352465
    outer loop
      vertex -2.551315 41.521739 -0.928603
      vertex -2.677501 42.086957 -1.248539
      vertex -2.776130 42.086957 -1.010429
    endloop
  endfacet
  facet normal 0.816968 0.389480 0.425287
    outer loop
      vertex -2.460674 41.521739 -1.147431
      vertex -2.351305 41.521739 -1.357526
      vertex -2.558495 42.086957 -1.477148
    endloop
  endfacet
  facet normal 0.816968 0.389480 0.425287
    outer loop
      vertex -2.460674 41.521739 -1.147431
      vertex -2.558495 42.086957 -1.477148
      vertex -2.677501 42.086957 -1.248539
    endloop
  endfacet
  facet normal 0.776793 0.389480 0.494872
    outer loop
      vertex -2.351305 41.521739 -1.357526
      vertex -2.224041 41.521739 -1.557290
      vertex -2.420017 42.086957 -1.694514
    endloop
  endfacet
  facet normal 0.776793 0.389480 0.494872
    outer loop
      vertex -2.351305 41.521739 -1.357526
      vertex -2.420017 42.086957 -1.694514
      vertex -2.558495 42.086957 -1.477148
    endloop
  endfacet
  facet normal 0.730706 0.389480 0.560690
    outer loop
      vertex -2.224041 41.521739 -1.557290
      vertex -2.079851 41.521739 -1.745202
      vertex -2.263122 42.086957 -1.898985
    endloop
  endfacet
  facet normal 0.730706 0.389480 0.560690
    outer loop
      vertex -2.224041 41.521739 -1.557290
      vertex -2.263122 42.086957 -1.898985
      vertex -2.420017 42.086957 -1.694514
    endloop
  endfacet
  facet normal 0.679058 0.389480 0.622242
    outer loop
      vertex -2.079851 41.521739 -1.745202
      vertex -1.919832 41.521739 -1.919832
      vertex -2.089002 42.086957 -2.089002
    endloop
  endfacet
  facet normal 0.679058 0.389480 0.622242
    outer loop
      vertex -2.079851 41.521739 -1.745202
      vertex -2.089002 42.086957 -2.089002
      vertex -2.263122 42.086957 -1.898985
    endloop
  endfacet
  facet normal 0.622242 0.389480 0.679058
    outer loop
      vertex -1.919832 41.521739 -1.919832
      vertex -1.745202 41.521739 -2.079851
      vertex -1.898985 42.086957 -2.263122
    endloop
  endfacet
  facet normal 0.622242 0.389480 0.679058
    outer loop
      vertex -1.919832 41.521739 -1.919832
      vertex -1.898985 42.086957 -2.263122
      vertex -2.089002 42.086957 -2.089002
    endloop
  endfacet
  facet normal 0.560690 0.389480 0.730706
    outer loop
      vertex -1.745202 41.521739 -2.079851
      vertex -1.557290 41.521739 -2.224041
      vertex -1.694514 42.086957 -2.420017
    endloop
  endfacet
  facet normal 0.560690 0.389480 0.730706
    outer loop
      vertex -1.745202 41.521739 -2.079851
      vertex -1.694514 42.086957 -2.420017
      vertex -1.898985 42.086957 -2.263122
    endloop
  endfacet
  facet normal 0.494872 0.389480 0.776793
    outer loop
      vertex -1.557290 41.521739 -2.224041
      vertex -1.357526 41.521739 -2.351305
      vertex -1.477148 42.086957 -2.558495
    endloop
  endfacet
  facet normal 0.494872 0.389480 0.776793
    outer loop
      vertex -1.557290 41.521739 -2.224041
      vertex -1.477148 42.086957 -2.558495
      vertex -1.694514 42.086957 -2.420017
    endloop
  endfacet
  facet normal 0.425287 0.389480 0.816968
    outer loop
      vertex -1.357526 41.521739 -2.351305
      vertex -1.147431 41.521739 -2.460674
      vertex -1.248539 42.086957 -2.677501
    endloop
  endfacet
  facet normal 0.425287 0.389480 0.816968
    outer loop
      vertex -1.357526 41.521739 -2.351305
      vertex -1.248539 42.086957 -2.677501
      vertex -1.477148 42.086957 -2.558495
    endloop
  endfacet
  facet normal 0.352465 0.389480 0.850925
    outer loop
      vertex -1.147431 41.521739 -2.460674
      vertex -0.928603 41.521739 -2.551315
      vertex -1.010429 42.086957 -2.776130
    endloop
  endfacet
  facet normal 0.352465 0.389480 0.850925
    outer loop
      vertex -1.147431 41.521739 -2.460674
      vertex -1.010429 42.086957 -2.776130
      vertex -1.248539 42.086957 -2.677501
    endloop
  endfacet
  facet normal 0.276960 0.389480 0.878406
    outer loop
      vertex -0.928603 41.521739 -2.551315
      vertex -0.702707 41.521739 -2.622540
      vertex -0.764628 42.086957 -2.853630
    endloop
  endfacet
  facet normal 0.276960 0.389480 0.878406
    outer loop
      vertex -0.928603 41.521739 -2.551315
      vertex -0.764628 42.086957 -2.853630
      vertex -1.010429 42.086957 -2.776130
    endloop
  endfacet
  facet normal 0.199348 0.389480 0.899203
    outer loop
      vertex -0.702707 41.521739 -2.622540
      vertex -0.471464 41.521739 -2.673805
      vertex -0.513008 42.086957 -2.909413
    endloop
  endfacet
  facet normal 0.199348 0.389480 0.899203
    outer loop
      vertex -0.702707 41.521739 -2.622540
      vertex -0.513008 42.086957 -2.909413
      vertex -0.764628 42.086957 -2.853630
    endloop
  endfacet
  facet normal 0.120219 0.389480 0.913155
    outer loop
      vertex -0.471464 41.521739 -2.673805
      vertex -0.236632 41.521739 -2.704721
      vertex -0.257484 42.086957 -2.943054
    endloop
  endfacet
  facet normal 0.120219 0.389480 0.913155
    outer loop
      vertex -0.471464 41.521739 -2.673805
      vertex -0.257484 42.086957 -2.943054
      vertex -0.513008 42.086957 -2.909413
    endloop
  endfacet
  facet normal 0.040175 0.389480 0.920158
    outer loop
      vertex -0.236632 41.521739 -2.704721
      vertex -0.000000 41.521739 -2.715053
      vertex -0.000000 42.086957 -2.954296
    endloop
  endfacet
  facet normal 0.040175 0.389480 0.920158
    outer loop
      vertex -0.236632 41.521739 -2.704721
      vertex -0.000000 42.086957 -2.954296
      vertex -0.257484 42.086957 -2.943054
    endloop
  endfacet
  facet normal -0.040175 0.389480 0.920158
    outer loop
      vertex -0.000000 41.521739 -2.715053
      vertex 0.236632 41.521739 -2.704721
      vertex 0.257484 42.086957 -2.943054
    endloop
  endfacet
  facet normal -0.040175 0.389480 0.920158
    outer loop
      vertex -0.000000 41.521739 -2.715053
      vertex 0.257484 42.086957 -2.943054
      vertex -0.000000 42.086957 -2.954296
    endloop
  endfacet
  facet normal -0.120219 0.389480 0.913155
    outer loop
      vertex 0.236632 41.521739 -2.704721
      vertex 0.471464 41.521739 -2.673805
      vertex 0.513008 42.086957 -2.909413
    endloop
  endfacet
  facet normal -0.120219 0.389480 0.913155
    outer loop
      vertex 0.236632 41.521739 -2.704721
      vertex 0.513008 42.086957 -2.909413
      vertex 0.257484 42.086957 -2.943054
    endloop
  endfacet
  facet normal -0.199348 0.389480 0.899203
    outer loop
      vertex 0.471464 41.521739 -2.673805
      vertex 0.702707 41.521739 -2.622540
      vertex 0.764628 42.086957 -2.853630
    endloop
  endfacet
  facet normal -0.199348 0.389480 0.899203
    outer loop
      vertex 0.471464 41.521739 -2.673805
      vertex 0.764628 42.086957 -2.853630
      vertex 0.513008 42.086957 -2.909413
    endloop
  endfacet
  facet normal -0.276960 0.389480 0.878406
    outer loop
      vertex 0.702707 41.521739 -2.622540
      vertex 0.928603 41.521739 -2.551315
      vertex 1.010429 42.086957 -2.776130
    endloop
  endfacet
  facet normal -0.276960 0.389480 0.878406
    outer loop
      vertex 0.702707 41.521739 -2.622540
      vertex 1.010429 42.086957 -2.776130
      vertex 0.764628 42.086957 -2.853630
    endloop
  endfacet
  facet normal -0.352465 0.389480 0.850925
    outer loop
      vertex 0.928603 41.521739 -2.551315
      vertex 1.147431 41.521739 -2.460674
      vertex 1.248539 42.086957 -2.677501
    endloop
  endfacet
  facet normal -0.352465 0.389480 0.850925
    outer loop
      vertex 0.928603 41.521739 -2.551315
      vertex 1.248539 42.086957 -2.677501
      vertex 1.010429 42.086957 -2.776130
    endloop
  endfacet
  facet normal -0.425287 0.389480 0.816968
    outer loop
      vertex 1.147431 41.521739 -2.460674
      vertex 1.357526 41.521739 -2.351305
      vertex 1.477148 42.086957 -2.558495
    endloop
  endfacet
  facet normal -0.425287 0.389480 0.816968
    outer loop
      vertex 1.147431 41.521739 -2.460674
      vertex 1.477148 42.086957 -2.558495
      vertex 1.248539 42.086957 -2.677501
    endloop
  endfacet
  facet normal -0.494872 0.389480 0.776793
    outer loop
      vertex 1.357526 41.521739 -2.351305
      vertex 1.557290 41.521739 -2.224041
      vertex 1.694514 42.086957 -2.420017
    endloop
  endfacet
  facet normal -0.494872 0.389480 0.776793
    outer loop
      vertex 1.357526 41.521739 -2.351305
      vertex 1.694514 42.086957 -2.420017
      vertex 1.477148 42.086957 -2.558495
    endloop
  endfacet
  facet normal -0.560690 0.389480 0.730706
    outer loop
      vertex 1.557290 41.521739 -2.224041
      vertex 1.745202 41.521739 -2.079851
      vertex 1.898985 42.086957 -2.263122
    endloop
  endfacet
  facet normal -0.560690 0.389480 0.730706
    outer loop
      vertex 1.557290 41.521739 -2.224041
      vertex 1.898985 42.086957 -2.263122
      vertex 1.694514 42.086957 -2.420017
    endloop
  endfacet
  facet normal -0.622242 0.389480 0.679058
    outer loop
      vertex 1.745202 41.521739 -2.079851
      vertex 1.919832 41.521739 -1.919832
      vertex 2.089002 42.086957 -2.089002
    endloop
  endfacet
  facet normal -0.622242 0.389480 0.679058
    outer loop
      vertex 1.745202 41.521739 -2.079851
      vertex 2.089002 42.086957 -2.089002
      vertex 1.898985 42.086957 -2.263122
    endloop
  endfacet
  facet normal -0.679058 0.389480 0.622242
    outer loop
      vertex 1.919832 41.521739 -1.919832
      vertex 2.079851 41.521739 -1.745202
      vertex 2.263122 42.086957 -1.898985
    endloop
  endfacet
  facet normal -0.679058 0.389480 0.622242
    outer loop
      vertex 1.919832 41.521739 -1.919832
      vertex 2.263122 42.086957 -1.898985
      vertex 2.089002 42.086957 -2.089002
    endloop
  endfacet
  facet normal -0.730706 0.389480 0.560690
    outer loop
      vertex 2.079851 41.521739 -1.745202
      vertex 2.224041 41.521739 -1.557290
      vertex 2.420017 42.086957 -1.694514
    endloop
  endfacet
  facet normal -0.730706 0.389480 0.560690
    outer loop
      vertex 2.079851 41.521739 -1.745202
      vertex 2.420017 42.086957 -1.694514
      vertex 2.263122 42.086957 -1.898985
    endloop
  endfacet
  facet normal -0.776793 0.389480 0.494872
    outer loop
      vertex 2.224041 41.521739 -1.557290
      vertex 2.351305 41.521739 -1.357526
      vertex 2.558495 42.086957 -1.477148
    endloop
  endfacet
  facet normal -0.776793 0.389480 0.494872
    outer loop
      vertex 2.224041 41.521739 -1.557290
      vertex 2.558495 42.086957 -1.477148
      vertex 2.420017 42.086957 -1.694514
    endloop
  endfacet
  facet normal -0.816968 0.389480 0.425287
    outer loop
      vertex 2.351305 41.521739 -1.357526
      vertex 2.460674 41.521739 -1.147431
      vertex 2.677501 42.086957 -1.248539
    endloop
  endfacet
  facet normal -0.816968 0.389480 0.425287
    outer loop
      vertex 2.351305 41.521739 -1.357526
      vertex 2.677501 42.086957 -1.248539
      vertex 2.558495 42.086957 -1.477148
    endloop
  endfacet
  facet normal -0.850925 0.389480 0.352465
    outer loop
      vertex 2.460674 41.521739 -1.147431
      vertex 2.551315 41.521739 -0.928603
      vertex 2.776130 42.086957 -1.010429
    endloop
  endfacet
  facet normal -0.850925 0.389480 0.352465
    outer loop
      vertex 2.460674 41.521739 -1.147431
      vertex 2.776130 42.086957 -1.010429
      vertex 2.677501 42.086957 -1.248539
    endloop
  endfacet
  facet normal -0.878406 0.389480 0.276960
    outer loop
      vertex 2.551315 41.521739 -0.928603
      vertex 2.622540 41.521739 -0.702707
      vertex 2.853630 42.086957 -0.764628
    endloop
  endfacet
  facet normal -0.878406 0.389480 0.276960
    outer loop
      vertex 2.551315 41.521739 -0.928603
      vertex 2.853630 42.086957 -0.764628
      vertex 2.776130 42.086957 -1.010429
    endloop
  endfacet
  facet normal -0.899203 0.389480 0.199348
    outer loop
      vertex 2.622540 41.521739 -0.702707
      vertex 2.673805 41.521739 -0.471464
      vertex 2.909413 42.086957 -0.513008
    endloop
  endfacet
  facet normal -0.899203 0.389480 0.199348
    outer loop
      vertex 2.622540 41.521739 -0.702707
      vertex 2.909413 42.086957 -0.513008
      vertex 2.853630 42.086957 -0.764628
    endloop
  endfacet
  facet normal -0.913155 0.389480 0.120219
    outer loop
      vertex 2.673805 41.521739 -0.471464
      vertex 2.704721 41.521739 -0.236632
      vertex 2.943054 42.086957 -0.257484
    endloop
  endfacet
  facet normal -0.913155 0.389480 0.120219
    outer loop
      vertex 2.673805 41.521739 -0.471464
      vertex 2.943054 42.086957 -0.257484
      vertex 2.909413 42.086957 -0.513008
    endloop
  endfacet
  facet normal -0.920158 0.389480 0.040175
    outer loop
      vertex 2.704721 41.521739 -0.236632
      vertex 2.715053 41.521739 0.000000
      vertex 2.954296 42.086957 0.000000
    endloop
  endfacet
  facet normal -0.920158 0.389480 0.040175
    outer loop
      vertex 2.704721 41.521739 -0.236632
      vertex 2.954296 42.086957 0.000000
      vertex 2.943054 42.086957 -0.257484
    endloop
  endfacet
  facet normal -0.931053 0.362612 -0.040651
    outer loop
      vertex 2.954296 42.086957 0.000000
      vertex 2.943054 42.086957 0.257484
      vertex 3.162348 42.652174 0.276670
    endloop
  endfacet
  facet normal -0.931053 0.362612 -0.040651
    outer loop
      vertex 2.954296 42.086957 0.000000
      vertex 3.162348 42.652174 0.276670
      vertex 3.174427 42.652174 0.000000
    endloop
  endfacet
  facet normal -0.923967 0.362612 -0.121643
    outer loop
      vertex 2.943054 42.086957 0.257484
      vertex 2.909413 42.086957 0.513008
      vertex 3.126201 42.652174 0.551234
    endloop
  endfacet
  facet normal -0.923967 0.362612 -0.121643
    outer loop
      vertex 2.943054 42.086957 0.257484
      vertex 3.126201 42.652174 0.551234
      vertex 3.162348 42.652174 0.276670
    endloop
  endfacet
  facet normal -0.909850 0.362612 -0.201709
    outer loop
      vertex 2.909413 42.086957 0.513008
      vertex 2.853630 42.086957 0.764628
      vertex 3.066261 42.652174 0.821602
    endloop
  endfacet
  facet normal -0.909850 0.362612 -0.201709
    outer loop
      vertex 2.909413 42.086957 0.513008
      vertex 3.066261 42.652174 0.821602
      vertex 3.126201 42.652174 0.551234
    endloop
  endfacet
  facet normal -0.888807 0.362612 -0.280240
    outer loop
      vertex 2.853630 42.086957 0.764628
      vertex 2.776130 42.086957 1.010429
      vertex 2.982986 42.652174 1.085718
    endloop
  endfacet
  facet normal -0.888807 0.362612 -0.280240
    outer loop
      vertex 2.853630 42.086957 0.764628
      vertex 2.982986 42.652174 1.085718
      vertex 3.066261 42.652174 0.821602
    endloop
  endfacet
  facet normal -0.861001 0.362612 -0.356638
    outer loop
      vertex 2.776130 42.086957 1.010429
      vertex 2.677501 42.086957 1.248539
      vertex 2.877008 42.652174 1.341571
    endloop
  endfacet
  facet normal -0.861001 0.362612 -0.356638
    outer loop
      vertex 2.776130 42.086957 1.010429
      vertex 2.877008 42.652174 1.341571
      vertex 2.982986 42.652174 1.085718
    endloop
  endfacet
  facet normal -0.826641 0.362612 -0.430322
    outer loop
      vertex 2.677501 42.086957 1.248539
      vertex 2.558495 42.086957 1.477148
      vertex 2.749135 42.652174 1.587214
    endloop
  endfacet
  facet normal -0.826641 0.362612 -0.430322
    outer loop
      vertex 2.677501 42.086957 1.248539
      vertex 2.749135 42.652174 1.587214
      vertex 2.877008 42.652174 1.341571
    endloop
  endfacet
  facet normal -0.785990 0.362612 -0.500731
    outer loop
      vertex 2.558495 42.086957 1.477148
      vertex 2.420017 42.086957 1.694514
      vertex 2.600339 42.652174 1.820777
    endloop
  endfacet
  facet normal -0.785990 0.362612 -0.500731
    outer loop
      vertex 2.558495 42.086957 1.477148
      vertex 2.600339 42.652174 1.820777
      vertex 2.749135 42.652174 1.587214
    endloop
  endfacet
  facet normal -0.739358 0.362612 -0.567329
    outer loop
      vertex 2.420017 42.086957 1.694514
      vertex 2.263122 42.086957 1.898985
      vertex 2.431752 42.652174 2.040483
    endloop
  endfacet
  facet normal -0.739358 0.362612 -0.567329
    outer loop
      vertex 2.420017 42.086957 1.694514
      vertex 2.431752 42.652174 2.040483
      vertex 2.600339 42.652174 1.820777
    endloop
  endfacet
  facet normal -0.687098 0.362612 -0.629610
    outer loop
      vertex 2.263122 42.086957 1.898985
      vertex 2.089002 42.086957 2.089002
      vertex 2.244659 42.652174 2.244659
    endloop
  endfacet
  facet normal -0.687098 0.362612 -0.629610
    outer loop
      vertex 2.263122 42.086957 1.898985
      vertex 2.244659 42.652174 2.244659
      vertex 2.431752 42.652174 2.040483
    endloop
  endfacet
  facet normal -0.629610 0.362612 -0.687098
    outer loop
      vertex 2.089002 42.086957 2.089002
      vertex 1.898985 42.086957 2.263122
      vertex 2.040483 42.652174 2.431752
    endloop
  endfacet
  facet normal -0.629610 0.362612 -0.687098
    outer loop
      vertex 2.089002 42.086957 2.089002
      vertex 2.040483 42.652174 2.431752
      vertex 2.244659 42.652174 2.244659
    endloop
  endfacet
  facet normal -0.567329 0.362612 -0.739358
    outer loop
      vertex 1.898985 42.086957 2.263122
      vertex 1.694514 42.086957 2.420017
      vertex 1.820777 42.652174 2.600339
    endloop
  endfacet
  facet normal -0.567329 0.362612 -0.739358
    outer loop
      vertex 1.898985 42.086957 2.263122
      vertex 1.820777 42.652174 2.600339
      vertex 2.040483 42.652174 2.431752
    endloop
  endfacet
  facet normal -0.500731 0.362612 -0.785990
    outer loop
      vertex 1.694514 42.086957 2.420017
      vertex 1.477148 42.086957 2.558495
      vertex 1.587214 42.652174 2.749135
    endloop
  endfacet
  facet normal -0.500731 0.362612 -0.785990
    outer loop
      vertex 1.694514 42.086957 2.420017
      vertex 1.587214 42.652174 2.749135
      vertex 1.820777 42.652174 2.600339
    endloop
  endfacet
  facet normal -0.430322 0.362612 -0.826641
    outer loop
      vertex 1.477148 42.086957 2.558495
      vertex 1.248539 42.086957 2.677501
      vertex 1.341571 42.652174 2.877008
    endloop
  endfacet
  facet normal -0.430322 0.362612 -0.826641
    outer loop
      vertex 1.477148 42.086957 2.558495
      vertex 1.341571 42.652174 2.877008
      vertex 1.587214 42.652174 2.749135
    endloop
  endfacet
  facet normal -0.356638 0.362612 -0.861001
    outer loop
      vertex 1.248539 42.086957 2.677501
      vertex 1.010429 42.086957 2.776130
      vertex 1.085718 42.652174 2.982986
    endloop
  endfacet
  facet normal -0.356638 0.362612 -0.861001
    outer loop
      vertex 1.248539 42.086957 2.677501
      vertex 1.085718 42.652174 2.982986
      vertex 1.341571 42.652174 2.877008
    endloop
  endfacet
  facet normal -0.280240 0.362612 -0.888807
    outer loop
      vertex 1.010429 42.086957 2.776130
      vertex 0.764628 42.086957 2.853630
      vertex 0.821602 42.652174 3.066261
    endloop
  endfacet
  facet normal -0.280240 0.362612 -0.888807
    outer loop
      vertex 1.010429 42.086957 2.776130
      vertex 0.821602 42.652174 3.066261
      vertex 1.085718 42.652174 2.982986
    endloop
  endfacet
  facet normal -0.201709 0.362612 -0.909850
    outer loop
      vertex 0.764628 42.086957 2.853630
      vertex 0.513008 42.086957 2.909413
      vertex 0.551234 42.652174 3.126201
    endloop
  endfacet
  facet normal -0.201709 0.362612 -0.909850
    outer loop
      vertex 0.764628 42.086957 2.853630
      vertex 0.551234 42.652174 3.126201
      vertex 0.821602 42.652174 3.066261
    endloop
  endfacet
  facet normal -0.121643 0.362612 -0.923967
    outer loop
      vertex 0.513008 42.086957 2.909413
      vertex 0.257484 42.086957 2.943054
      vertex 0.276670 42.652174 3.162348
    endloop
  endfacet
  facet normal -0.121643 0.362612 -0.923967
    outer loop
      vertex 0.513008 42.086957 2.909413
      vertex 0.276670 42.652174 3.162348
      vertex 0.551234 42.652174 3.126201
    endloop
  endfacet
  facet normal -0.040651 0.362612 -0.931053
    outer loop
      vertex 0.257484 42.086957 2.943054
      vertex 0.000000 42.086957 2.954296
      vertex 0.000000 42.652174 3.174427
    endloop
  endfacet
  facet normal -0.040651 0.362612 -0.931053
    outer loop
      vertex 0.257484 42.086957 2.943054
      vertex 0.000000 42.652174 3.174427
      vertex 0.276670 42.652174 3.162348
    endloop
  endfacet
  facet normal 0.040651 0.362612 -0.931053
    outer loop
      vertex 0.000000 42.086957 2.954296
      vertex -0.257484 42.086957 2.943054
      vertex -0.276670 42.652174 3.162348
    endloop
  endfacet
  facet normal 0.040651 0.362612 -0.931053
    outer loop
      vertex 0.000000 42.086957 2.954296
      vertex -0.276670 42.652174 3.162348
      vertex 0.000000 42.652174 3.174427
    endloop
  endfacet
  facet normal 0.121643 0.362612 -0.923967
    outer loop
      vertex -0.257484 42.086957 2.943054
      vertex -0.513008 42.086957 2.909413
      vertex -0.551234 42.652174 3.126201
    endloop
  endfacet
  facet normal 0.121643 0.362612 -0.923967
    outer loop
      vertex -0.257484 42.086957 2.943054
      vertex -0.551234 42.652174 3.126201
      vertex -0.276670 42.652174 3.162348
    endloop
  endfacet
  facet normal 0.201709 0.362612 -0.909850
    outer loop
      vertex -0.513008 42.086957 2.909413
      vertex -0.764628 42.086957 2.853630
      vertex -0.821602 42.652174 3.066261
    endloop
  endfacet
  facet normal 0.201709 0.362612 -0.909850
    outer loop
      vertex -0.513008 42.086957 2.909413
      vertex -0.821602 42.652174 3.066261
      vertex -0.551234 42.652174 3.126201
    endloop
  endfacet
  facet normal 0.280240 0.362612 -0.888807
    outer loop
      vertex -0.764628 42.086957 2.853630
      vertex -1.010429 42.086957 2.776130
      vertex -1.085718 42.652174 2.982986
    endloop
  endfacet
  facet normal 0.280240 0.362612 -0.888807
    outer loop
      vertex -0.764628 42.086957 2.853630
      vertex -1.085718 42.652174 2.982986
      vertex -0.821602 42.652174 3.066261
    endloop
  endfacet
  facet normal 0.356638 0.362612 -0.861001
    outer loop
      vertex -1.010429 42.086957 2.776130
      vertex -1.248539 42.086957 2.677501
      vertex -1.341571 42.652174 2.877008
    endloop
  endfacet
  facet normal 0.356638 0.362612 -0.861001
    outer loop
      vertex -1.010429 42.086957 2.776130
      vertex -1.341571 42.652174 2.877008
      vertex -1.085718 42.652174 2.982986
    endloop
  endfacet
  facet normal 0.430322 0.362612 -0.826641
    outer loop
      vertex -1.248539 42.086957 2.677501
      vertex -1.477148 42.086957 2.558495
      vertex -1.587214 42.652174 2.749135
    endloop
  endfacet
  facet normal 0.430322 0.362612 -0.826641
    outer loop
      vertex -1.248539 42.086957 2.677501
      vertex -1.587214 42.652174 2.749135
      vertex -1.341571 42.652174 2.877008
    endloop
  endfacet
  facet normal 0.500731 0.362612 -0.785990
    outer loop
      vertex -1.477148 42.086957 2.558495
      vertex -1.694514 42.086957 2.420017
      vertex -1.820777 42.652174 2.600339
    endloop
  endfacet
  facet normal 0.500731 0.362612 -0.785990
    outer loop
      vertex -1.477148 42.086957 2.558495
      vertex -1.820777 42.652174 2.600339
      vertex -1.587214 42.652174 2.749135
    endloop
  endfacet
  facet normal 0.567329 0.362612 -0.739358
    outer loop
      vertex -1.694514 42.086957 2.420017
      vertex -1.898985 42.086957 2.263122
      vertex -2.040483 42.652174 2.431752
    endloop
  endfacet
  facet normal 0.567329 0.362612 -0.739358
    outer loop
      vertex -1.694514 42.086957 2.420017
      vertex -2.040483 42.652174 2.431752
      vertex -1.820777 42.652174 2.600339
    endloop
  endfacet
  facet normal 0.629610 0.362612 -0.687098
    outer loop
      vertex -1.898985 42.086957 2.263122
      vertex -2.089002 42.086957 2.089002
      vertex -2.244659 42.652174 2.244659
    endloop
  endfacet
  facet normal 0.629610 0.362612 -0.687098
    outer loop
      vertex -1.898985 42.086957 2.263122
      vertex -2.244659 42.652174 2.244659
      vertex -2.040483 42.652174 2.431752
    endloop
  endfacet
  facet normal 0.687098 0.362612 -0.629610
    outer loop
      vertex -2.089002 42.086957 2.089002
      vertex -2.263122 42.086957 1.898985
      vertex -2.431752 42.652174 2.040483
    endloop
  endfacet
  facet normal 0.687098 0.362612 -0.629610
    outer loop
      vertex -2.089002 42.086957 2.089002
      vertex -2.431752 42.652174 2.040483
      vertex -2.244659 42.652174 2.244659
    endloop
  endfacet
  facet normal 0.739358 0.362612 -0.567329
    outer loop
      vertex -2.263122 42.086957 1.898985
      vertex -2.420017 42.086957 1.694514
      vertex -2.600339 42.652174 1.820777
    endloop
  endfacet
  facet normal 0.739358 0.362612 -0.567329
    outer loop
      vertex -2.263122 42.086957 1.898985
      vertex -2.600339 42.652174 1.820777
      vertex -2.431752 42.652174 2.040483
    endloop
  endfacet
  facet normal 0.785990 0.362612 -0.500731
    outer loop
      vertex -2.420017 42.086957 1.694514
      vertex -2.558495 42.086957 1.477148
      vertex -2.749135 42.652174 1.587214
    endloop
  endfacet
  facet normal 0.785990 0.362612 -0.500731
    outer loop
      vertex -2.420017 42.086957 1.694514
      vertex -2.749135 42.652174 1.587214
      vertex -2.600339 42.652174 1.820777
    endloop
  endfacet
  facet normal 0.826641 0.362612 -0.430322
    outer loop
      vertex -2.558495 42.086957 1.477148
      vertex -2.677501 42.086957 1.248539
      vertex -2.877008 42.652174 1.341571
    endloop
  endfacet
  facet normal 0.826641 0.362612 -0.430322
    outer loop
      vertex -2.558495 42.086957 1.477148
      vertex -2.877008 42.652174 1.341571
      vertex -2.749135 42.652174 1.587214
    endloop
  endfacet
  facet normal 0.861001 0.362612 -0.356638
    outer loop
      vertex -2.677501 42.086957 1.248539
      vertex -2.776130 42.086957 1.010429
      vertex -2.982986 42.652174 1.085718
    endloop
  endfacet
  facet normal 0.861001 0.362612 -0.356638
    outer loop
      vertex -2.677501 42.086957 1.248539
      vertex -2.982986 42.652174 1.085718
      vertex -2.877008 42.652174 1.341571
    endloop
  endfacet
  facet normal 0.888807 0.362612 -0.280240
    outer loop
      vertex -2.776130 42.086957 1.010429
      vertex -2.853630 42.086957 0.764628
      vertex -3.066261 42.652174 0.821602
    endloop
  endfacet
  facet normal 0.888807 0.362612 -0.280240
    outer loop
      vertex -2.776130 42.086957 1.010429
      vertex -3.066261 42.652174 0.821602
      vertex -2.982986 42.652174 1.085718
    endloop
  endfacet
  facet normal 0.909850 0.362612 -0.201709
    outer loop
      vertex -2.853630 42.086957 0.764628
      vertex -2.909413 42.086957 0.513008
      vertex -3.126201 42.652174 0.551234
    endloop
  endfacet
  facet normal 0.909850 0.362612 -0.201709
    outer loop
      vertex -2.853630 42.086957 0.764628
      vertex -3.126201 42.652174 0.551234
      vertex -3.066261 42.652174 0.821602
    endloop
  endfacet
  facet normal 0.923967 0.362612 -0.121643
    outer loop
      vertex -2.909413 42.086957 0.513008
      vertex -2.943054 42.086957 0.257484
      vertex -3.162348 42.652174 0.276670
    endloop
  endfacet
  facet normal 0.923967 0.362612 -0.121643
    outer loop
      vertex -2.909413 42.086957 0.513008
      vertex -3.162348 42.652174 0.276670
      vertex -3.126201 42.652174 0.551234
    endloop
  endfacet
  facet normal 0.931053 0.362612 -0.040651
    outer loop
      vertex -2.943054 42.086957 0.257484
      vertex -2.954296 42.086957 0.000000
      vertex -3.174427 42.652174 0.000000
    endloop
  endfacet
  facet normal 0.931053 0.362612 -0.040651
    outer loop
      vertex -2.943054 42.086957 0.257484
      vertex -3.174427 42.652174 0.000000
      vertex -3.162348 42.652174 0.276670
    endloop
  endfacet
  facet normal 0.931053 0.362612 0.040651
    outer loop
      vertex -2.954296 42.086957 0.000000
      vertex -2.943054 42.086957 -0.257484
      vertex -3.162348 42.652174 -0.276670
    endloop
  endfacet
  facet normal 0.931053 0.362612 0.040651
    outer loop
      vertex -2.954296 42.086957 0.000000
      vertex -3.162348 42.652174 -0.276670
      vertex -3.174427 42.652174 0.000000
    endloop
  endfacet
  facet normal 0.923967 0.362612 0.121643
    outer loop
      vertex -2.943054 42.086957 -0.257484
      vertex -2.909413 42.086957 -0.513008
      vertex -3.126201 42.652174 -0.551234
    endloop
  endfacet
  facet normal 0.923967 0.362612 0.121643
    outer loop
      vertex -2.943054 42.086957 -0.257484
      vertex -3.126201 42.652174 -0.551234
      vertex -3.162348 42.652174 -0.276670
    endloop
  endfacet
  facet normal 0.909850 0.362612 0.201709
    outer loop
      vertex -2.909413 42.086957 -0.513008
      vertex -2.853630 42.086957 -0.764628
      vertex -3.066261 42.652174 -0.821602
    endloop
  endfacet
  facet normal 0.909850 0.362612 0.201709
    outer loop
      vertex -2.909413 42.086957 -0.513008
      vertex -3.066261 42.652174 -0.821602
      vertex -3.126201 42.652174 -0.551234
    endloop
  endfacet
  facet normal 0.888807 0.362612 0.280240
    outer loop
      vertex -2.853630 42.086957 -0.764628
      vertex -2.776130 42.086957 -1.010429
      vertex -2.982986 42.652174 -1.085718
    endloop
  endfacet
  facet normal 0.888807 0.362612 0.280240
    outer loop
      vertex -2.853630 42.086957 -0.764628
      vertex -2.982986 42.652174 -1.085718
      vertex -3.066261 42.652174 -0.821602
    endloop
  endfacet
  facet normal 0.861001 0.362612 0.356638
    outer loop
      vertex -2.776130 42.086957 -1.010429
      vertex -2.677501 42.086957 -1.248539
      vertex -2.877008 42.652174 -1.341571
    endloop
  endfacet
  facet normal 0.861001 0.362612 0.356638
    outer loop
      vertex -2.776130 42.086957 -1.010429
      vertex -2.877008 42.652174 -1.341571
      vertex -2.982986 42.652174 -1.085718
    endloop
  endfacet
  facet normal 0.826641 0.362612 0.430322
    outer loop
      vertex -2.677501 42.086957 -1.248539
      vertex -2.558495 42.086957 -1.477148
      vertex -2.749135 42.652174 -1.587214
    endloop
  endfacet
  facet normal 0.826641 0.362612 0.430322
    outer loop
      vertex -2.677501 42.086957 -1.248539
      vertex -2.749135 42.652174 -1.587214
      vertex -2.877008 42.652174 -1.341571
    endloop
  endfacet
  facet normal 0.785990 0.362612 0.500731
    outer loop
      vertex -2.558495 42.086957 -1.477148
      vertex -2.420017 42.086957 -1.694514
      vertex -2.600339 42.652174 -1.820777
    endloop
  endfacet
  facet normal 0.785990 0.362612 0.500731
    outer loop
      vertex -2.558495 42.086957 -1.477148
      vertex -2.600339 42.652174 -1.820777
      vertex -2.749135 42.652174 -1.587214
    endloop
  endfacet
  facet normal 0.739358 0.362612 0.567329
    outer loop
      vertex -2.420017 42.086957 -1.694514
      vertex -2.263122 42.086957 -1.898985
      vertex -2.431752 42.652174 -2.040483
    endloop
  endfacet
  facet normal 0.739358 0.362612 0.567329
    outer loop
      vertex -2.420017 42.086957 -1.694514
      vertex -2.431752 42.652174 -2.040483
      vertex -2.600339 42.652174 -1.820777
    endloop
  endfacet
  facet normal 0.687098 0.362612 0.629610
    outer loop
      vertex -2.263122 42.086957 -1.898985
      vertex -2.089002 42.086957 -2.089002
      vertex -2.244659 42.652174 -2.244659
    endloop
  endfacet
  facet normal 0.687098 0.362612 0.629610
    outer loop
      vertex -2.263122 42.086957 -1.898985
      vertex -2.244659 42.652174 -2.244659
      vertex -2.431752 42.652174 -2.040483
    endloop
  endfacet
  facet normal 0.629610 0.362612 0.687098
    outer loop
      vertex -2.089002 42.086957 -2.089002
      vertex -1.898985 42.086957 -2.263122
      vertex -2.040483 42.652174 -2.431752
    endloop
  endfacet
  facet normal 0.629610 0.362612 0.687098
    outer loop
      vertex -2.089002 42.086957 -2.089002
      vertex -2.040483 42.652174 -2.431752
      vertex -2.244659 42.652174 -2.244659
    endloop
  endfacet
  facet normal 0.567329 0.362612 0.739358
    outer loop
      vertex -1.898985 42.086957 -2.263122
      vertex -1.694514 42.086957 -2.420017
      vertex -1.820777 42.652174 -2.600339
    endloop
  endfacet
  facet normal 0.567329 0.362612 0.739358
    outer loop
      vertex -1.898985 42.086957 -2.263122
      vertex -1.820777 42.652174 -2.600339
      vertex -2.040483 42.652174 -2.431752
    endloop
  endfacet
  facet normal 0.500731 0.362612 0.785990
    outer loop
      vertex -1.694514 42.086957 -2.420017
      vertex -1.477148 42.086957 -2.558495
      vertex -1.587214 42.652174 -2.749135
    endloop
  endfacet
  facet normal 0.500731 0.362612 0.785990
    outer loop
      vertex -1.694514 42.086957 -2.420017
      vertex -1.587214 42.652174 -2.749135
      vertex -1.820777 42.652174 -2.600339
    endloop
  endfacet
  facet normal 0.430322 0.362612 0.826641
    outer loop
      vertex -1.477148 42.086957 -2.558495
      vertex -1.248539 42.086957 -2.677501
      vertex -1.341571 42.652174 -2.877008
    endloop
  endfacet
  facet normal 0.430322 0.362612 0.826641
    outer loop
      vertex -1.477148 42.086957 -2.558495
      vertex -1.341571 42.652174 -2.877008
      vertex -1.587214 42.652174 -2.749135
    endloop
  endfacet
  facet normal 0.356638 0.362612 0.861001
    outer loop
      vertex -1.248539 42.086957 -2.677501
      vertex -1.010429 42.086957 -2.776130
      vertex -1.085718 42.652174 -2.982986
    endloop
  endfacet
  facet normal 0.356638 0.362612 0.861001
    outer loop
      vertex -1.248539 42.086957 -2.677501
      vertex -1.085718 42.652174 -2.982986
      vertex -1.341571 42.652174 -2.877008
    endloop
  endfacet
  facet normal 0.280240 0.362612 0.888807
    outer loop
      vertex -1.010429 42.086957 -2.776130
      vertex -0.764628 42.086957 -2.853630
      vertex -0.821602 42.652174 -3.066261
    endloop
  endfacet
  facet normal 0.280240 0.362612 0.888807
    outer loop
      vertex -1.010429 42.086957 -2.776130
      vertex -0.821602 42.652174 -3.066261
      vertex -1.085718 42.652174 -2.982986
    endloop
  endfacet
  facet normal 0.201709 0.362612 0.909850
    outer loop
      vertex -0.764628 42.086957 -2.853630
      vertex -0.513008 42.086957 -2.909413
      vertex -0.551234 42.652174 -3.126201
    endloop
  endfacet
  facet normal 0.201709 0.362612 0.909850
    outer loop
      vertex -0.764628 42.086957 -2.853630
      vertex -0.551234 42.652174 -3.126201
      vertex -0.821602 42.652174 -3.066261
    endloop
  endfacet
  facet normal 0.121643 0.362612 0.923967
    outer loop
      vertex -0.513008 42.086957 -2.909413
      vertex -0.257484 42.086957 -2.943054
      vertex -0.276670 42.652174 -3.162348
    endloop
  endfacet
  facet normal 0.121643 0.362612 0.923967
    outer loop
      vertex -0.513008 42.086957 -2.909413
      vertex -0.276670 42.652174 -3.162348
      vertex -0.551234 42.652174 -3.126201
    endloop
  endfacet
  facet normal 0.040651 0.362612 0.931053
    outer loop
      vertex -0.257484 42.086957 -2.943054
      vertex -0.000000 42.086957 -2.954296
      vertex -0.000000 42.652174 -3.174427
    endloop
  endfacet
  facet normal 0.040651 0.362612 0.931053
    outer loop
      vertex -0.257484 42.086957 -2.943054
      vertex -0.000000 42.652174 -3.174427
      vertex -0.276670 42.652174 -3.162348
    endloop
  endfacet
  facet normal -0.040651 0.362612 0.931053
    outer loop
      vertex -0.000000 42.086957 -2.954296
      vertex 0.257484 42.086957 -2.943054
      vertex 0.276670 42.652174 -3.162348
    endloop
  endfacet
  facet normal -0.040651 0.362612 0.931053
    outer loop
      vertex -0.000000 42.086957 -2.954296
      vertex 0.276670 42.652174 -3.162348
      vertex -0.000000 42.652174 -3.174427
    endloop
  endfacet
  facet normal -0.121643 0.362612 0.923967
    outer loop
      vertex 0.257484 42.086957 -2.943054
      vertex 0.513008 42.086957 -2.909413
      vertex 0.551234 42.652174 -3.126201
    endloop
  endfacet
  facet normal -0.121643 0.362612 0.923967
    outer loop
      vertex 0.257484 42.086957 -2.943054
      vertex 0.551234 42.652174 -3.126201
      vertex 0.276670 42.652174 -3.162348
    endloop
  endfacet
  facet normal -0.201709 0.362612 0.909850
    outer loop
      vertex 0.513008 42.086957 -2.909413
      vertex 0.764628 42.086957 -2.853630
      vertex 0.821602 42.652174 -3.066261
    endloop
  endfacet
  facet normal -0.201709 0.362612 0.909850
    outer loop
      vertex 0.513008 42.086957 -2.909413
      vertex 0.821602 42.652174 -3.066261
      vertex 0.551234 42.652174 -3.126201
    endloop
  endfacet
  facet normal -0.280240 0.362612 0.888807
    outer loop
      vertex 0.764628 42.086957 -2.853630
      vertex 1.010429 42.086957 -2.776130
      vertex 1.085718 42.652174 -2.982986
    endloop
  endfacet
  facet normal -0.280240 0.362612 0.888807
    outer loop
      vertex 0.764628 42.086957 -2.853630
      vertex 1.085718 42.652174 -2.982986
      vertex 0.821602 42.652174 -3.066261
    endloop
  endfacet
  facet normal -0.356638 0.362612 0.861001
    outer loop
      vertex 1.010429 42.086957 -2.776130
      vertex 1.248539 42.086957 -2.677501
      vertex 1.341571 42.652174 -2.877008
    endloop
  endfacet
  facet normal -0.356638 0.362612 0.861001
    outer loop
      vertex 1.010429 42.086957 -2.776130
      vertex 1.341571 42.652174 -2.877008
      vertex 1.085718 42.652174 -2.982986
    endloop
  endfacet
  facet normal -0.430322 0.362612 0.826641
    outer loop
      vertex 1.248539 42.086957 -2.677501
      vertex 1.477148 42.086957 -2.558495
      vertex 1.587214 42.652174 -2.749135
    endloop
  endfacet
  facet normal -0.430322 0.362612 0.826641
    outer loop
      vertex 1.248539 42.086957 -2.677501
      vertex 1.587214 42.652174 -2.749135
      vertex 1.341571 42.652174 -2.877008
    endloop
  endfacet
  facet normal -0.500731 0.362612 0.785990
    outer loop
      vertex 1.477148 42.086957 -2.558495
      vertex 1.694514 42.086957 -2.420017
      vertex 1.820777 42.652174 -2.600339
    endloop
  endfacet
  facet normal -0.500731 0.362612 0.785990
    outer loop
      vertex 1.477148 42.086957 -2.558495
      vertex 1.820777 42.652174 -2.600339
      vertex 1.587214 42.652174 -2.749135
    endloop
  endfacet
  facet normal -0.567329 0.362612 0.739358
    outer loop
      vertex 1.694514 42.086957 -2.420017
      vertex 1.898985 42.086957 -2.263122
      vertex 2.040483 42.652174 -2.431752
    endloop
  endfacet
  facet normal -0.567329 0.362612 0.739358
    outer loop
      vertex 1.694514 42.086957 -2.420017
      vertex 2.040483 42.652174 -2.431752
      vertex 1.820777 42.652174 -2.600339
    endloop
  endfacet
  facet normal -0.629610 0.362612 0.687098
    outer loop
      vertex 1.898985 42.086957 -2.263122
      vertex 2.089002 42.086957 -2.089002
      vertex 2.244659 42.652174 -2.244659
    endloop
  endfacet
  facet normal -0.629610 0.362612 0.687098
    outer loop
      vertex 1.898985 42.086957 -2.263122
      vertex 2.244659 42.652174 -2.244659
      vertex 2.040483 42.652174 -2.431752
    endloop
  endfacet
  facet normal -0.687098 0.362612 0.629610
    outer loop
      vertex 2.089002 42.086957 -2.089002
      vertex 2.263122 42.086957 -1.898985
      vertex 2.431752 42.652174 -2.040483
    endloop
  endfacet
  facet normal -0.687098 0.362612 0.629610
    outer loop
      vertex 2.089002 42.086957 -2.089002
      vertex 2.431752 42.652174 -2.040483
      vertex 2.244659 42.652174 -2.244659
    endloop
  endfacet
  facet normal -0.739358 0.362612 0.567329
    outer loop
      vertex 2.263122 42.086957 -1.898985
      vertex 2.420017 42.086957 -1.694514
      vertex 2.600339 42.652174 -1.820777
    endloop
  endfacet
  facet normal -0.739358 0.362612 0.567329
    outer loop
      vertex 2.263122 42.086957 -1.898985
      vertex 2.600339 42.652174 -1.820777
      vertex 2.431752 42.652174 -2.040483
    endloop
  endfacet
  facet normal -0.785990 0.362612 0.500731
    outer loop
      vertex 2.420017 42.086957 -1.694514
      vertex 2.558495 42.086957 -1.477148
      vertex 2.749135 42.652174 -1.587214
    endloop
  endfacet
  facet normal -0.785990 0.362612 0.500731
    outer loop
      vertex 2.420017 42.086957 -1.694514
      vertex 2.749135 42.652174 -1.587214
      vertex 2.600339 42.652174 -1.820777
    endloop
  endfacet
  facet normal -0.826641 0.362612 0.430322
    outer loop
      vertex 2.558495 42.086957 -1.477148
      vertex 2.677501 42.086957 -1.248539
      vertex 2.877008 42.652174 -1.341571
    endloop
  endfacet
  facet normal -0.826641 0.362612 0.430322
    outer loop
      vertex 2.558495 42.086957 -1.477148
      vertex 2.877008 42.652174 -1.341571
      vertex 2.749135 42.652174 -1.587214
    endloop
  endfacet
  facet normal -0.861001 0.362612 0.356638
    outer loop
      vertex 2.677501 42.086957 -1.248539
      vertex 2.776130 42.086957 -1.010429
      vertex 2.982986 42.652174 -1.085718
    endloop
  endfacet
  facet normal -0.861001 0.362612 0.356638
    outer loop
      vertex 2.677501 42.086957 -1.248539
      vertex 2.982986 42.652174 -1.085718
      vertex 2.877008 42.652174 -1.341571
    endloop
  endfacet
  facet normal -0.888807 0.362612 0.280240
    outer loop
      vertex 2.776130 42.086957 -1.010429
      vertex 2.853630 42.086957 -0.764628
      vertex 3.066261 42.652174 -0.821602
    endloop
  endfacet
  facet normal -0.888807 0.362612 0.280240
    outer loop
      vertex 2.776130 42.086957 -1.010429
      vertex 3.066261 42.652174 -0.821602
      vertex 2.982986 42.652174 -1.085718
    endloop
  endfacet
  facet normal -0.909850 0.362612 0.201709
    outer loop
      vertex 2.853630 42.086957 -0.764628
      vertex 2.909413 42.086957 -0.513008
      vertex 3.126201 42.652174 -0.551234
    endloop
  endfacet
  facet normal -0.909850 0.362612 0.201709
    outer loop
      vertex 2.853630 42.086957 -0.764628
      vertex 3.126201 42.652174 -0.551234
      vertex 3.066261 42.652174 -0.821602
    endloop
  endfacet
  facet normal -0.923967 0.362612 0.121643
    outer loop
      vertex 2.909413 42.086957 -0.513008
      vertex 2.943054 42.086957 -0.257484
      vertex 3.162348 42.652174 -0.276670
    endloop
  endfacet
  facet normal -0.923967 0.362612 0.121643
    outer loop
      vertex 2.909413 42.086957 -0.513008
      vertex 3.162348 42.652174 -0.276670
      vertex 3.126201 42.652174 -0.551234
    endloop
  endfacet
  facet normal -0.931053 0.362612 0.040651
    outer loop
      vertex 2.943054 42.086957 -0.257484
      vertex 2.954296 42.086957 0.000000
      vertex 3.174427 42.652174 0.000000
    endloop
  endfacet
  facet normal -0.931053 0.362612 0.040651
    outer loop
      vertex 2.943054 42.086957 -0.257484
      vertex 3.174427 42.652174 0.000000
      vertex 3.162348 42.652174 -0.276670
    endloop
  endfacet
  facet normal -0.941056 0.335745 -0.041087
    outer loop
      vertex 3.174427 42.652174 0.000000
      vertex 3.162348 42.652174 0.276670
      vertex 3.363236 43.217391 0.294245
    endloop
  endfacet
  facet normal -0.941056 0.335745 -0.041087
    outer loop
      vertex 3.174427 42.652174 0.000000
      vertex 3.363236 43.217391 0.294245
      vertex 3.376083 43.217391 0.000000
    endloop
  endfacet
  facet normal -0.933894 0.335745 -0.122950
    outer loop
      vertex 3.162348 42.652174 0.276670
      vertex 3.126201 42.652174 0.551234
      vertex 3.324792 43.217391 0.586251
    endloop
  endfacet
  facet normal -0.933894 0.335745 -0.122950
    outer loop
      vertex 3.162348 42.652174 0.276670
      vertex 3.324792 43.217391 0.586251
      vertex 3.363236 43.217391 0.294245
    endloop
  endfacet
  facet normal -0.919625 0.335745 -0.203876
    outer loop
      vertex 3.126201 42.652174 0.551234
      vertex 3.066261 42.652174 0.821602
      vertex 3.261045 43.217391 0.873794
    endloop
  endfacet
  facet normal -0.919625 0.335745 -0.203876
    outer loop
      vertex 3.126201 42.652174 0.551234
      vertex 3.261045 43.217391 0.873794
      vertex 3.324792 43.217391 0.586251
    endloop
  endfacet
  facet normal -0.898356 0.335745 -0.283251
    outer loop
      vertex 3.066261 42.652174 0.821602
      vertex 2.982986 42.652174 1.085718
      vertex 3.172480 43.217391 1.154688
    endloop
  endfacet
  facet normal -0.898356 0.335745 -0.283251
    outer loop
      vertex 3.066261 42.652174 0.821602
      vertex 3.172480 43.217391 1.154688
      vertex 3.261045 43.217391 0.873794
    endloop
  endfacet
  facet normal -0.870251 0.335745 -0.360470
    outer loop
      vertex 2.982986 42.652174 1.085718
      vertex 2.877008 42.652174 1.341571
      vertex 3.059770 43.217391 1.426794
    endloop
  endfacet
  facet normal -0.870251 0.335745 -0.360470
    outer loop
      vertex 2.982986 42.652174 1.085718
      vertex 3.059770 43.217391 1.426794
      vertex 3.172480 43.217391 1.154688
    endloop
  endfacet
  facet normal -0.835522 0.335745 -0.434945
    outer loop
      vertex 2.877008 42.652174 1.341571
      vertex 2.749135 42.652174 1.587214
      vertex 2.923773 43.217391 1.688041
    endloop
  endfacet
  facet normal -0.835522 0.335745 -0.434945
    outer loop
      vertex 2.877008 42.652174 1.341571
      vertex 2.923773 43.217391 1.688041
      vertex 3.059770 43.217391 1.426794
    endloop
  endfacet
  facet normal -0.794435 0.335745 -0.506111
    outer loop
      vertex 2.749135 42.652174 1.587214
      vertex 2.600339 42.652174 1.820777
      vertex 2.765525 43.217391 1.936441
    endloop
  endfacet
  facet normal -0.794435 0.335745 -0.506111
    outer loop
      vertex 2.749135 42.652174 1.587214
      vertex 2.765525 43.217391 1.936441
      vertex 2.923773 43.217391 1.688041
    endloop
  endfacet
  facet normal -0.747302 0.335745 -0.573425
    outer loop
      vertex 2.600339 42.652174 1.820777
      vertex 2.431752 42.652174 2.040483
      vertex 2.586229 43.217391 2.170104
    endloop
  endfacet
  facet normal -0.747302 0.335745 -0.573425
    outer loop
      vertex 2.600339 42.652174 1.820777
      vertex 2.586229 43.217391 2.170104
      vertex 2.765525 43.217391 1.936441
    endloop
  endfacet
  facet normal -0.694481 0.335745 -0.636374
    outer loop
      vertex 2.431752 42.652174 2.040483
      vertex 2.244659 42.652174 2.244659
      vertex 2.387251 43.217391 2.387251
    endloop
  endfacet
  facet normal -0.694481 0.335745 -0.636374
    outer loop
      vertex 2.431752 42.652174 2.040483
      vertex 2.387251 43.217391 2.387251
      vertex 2.586229 43.217391 2.170104
    endloop
  endfacet
  facet normal -0.636374 0.335745 -0.694481
    outer loop
      vertex 2.244659 42.652174 2.244659
      vertex 2.040483 42.652174 2.431752
      vertex 2.170104 43.217391 2.586229
    endloop
  endfacet
  facet normal -0.636374 0.335745 -0.694481
    outer loop
      vertex 2.244659 42.652174 2.244659
      vertex 2.170104 43.217391 2.586229
      vertex 2.387251 43.217391 2.387251
    endloop
  endfacet
  facet normal -0.573425 0.335745 -0.747302
    outer loop
      vertex 2.040483 42.652174 2.431752
      vertex 1.820777 42.652174 2.600339
      vertex 1.936441 43.217391 2.765525
    endloop
  endfacet
  facet normal -0.573425 0.335745 -0.747302
    outer loop
      vertex 2.040483 42.652174 2.431752
      vertex 1.936441 43.217391 2.765525
      vertex 2.170104 43.217391 2.586229
    endloop
  endfacet
  facet normal -0.506111 0.335745 -0.794435
    outer loop
      vertex 1.820777 42.652174 2.600339
      vertex 1.587214 42.652174 2.749135
      vertex 1.688041 43.217391 2.923773
    endloop
  endfacet
  facet normal -0.506111 0.335745 -0.794435
    outer loop
      vertex 1.820777 42.652174 2.600339
      vertex 1.688041 43.217391 2.923773
      vertex 1.936441 43.217391 2.765525
    endloop
  endfacet
  facet normal -0.434945 0.335745 -0.835522
    outer loop
      vertex 1.587214 42.652174 2.749135
      vertex 1.341571 42.652174 2.877008
      vertex 1.426794 43.217391 3.059770
    endloop
  endfacet
  facet normal -0.434945 0.335745 -0.835522
    outer loop
      vertex 1.587214 42.652174 2.749135
      vertex 1.426794 43.217391 3.059770
      vertex 1.688041 43.217391 2.923773
    endloop
  endfacet
  facet normal -0.360470 0.335745 -0.870251
    outer loop
      vertex 1.341571 42.652174 2.877008
      vertex 1.085718 42.652174 2.982986
      vertex 1.154688 43.217391 3.172480
    endloop
  endfacet
  facet normal -0.360470 0.335745 -0.870251
    outer loop
      vertex 1.341571 42.652174 2.877008
      vertex 1.154688 43.217391 3.172480
      vertex 1.426794 43.217391 3.059770
    endloop
  endfacet
  facet normal -0.283251 0.335745 -0.898356
    outer loop
      vertex 1.085718 42.652174 2.982986
      vertex 0.821602 42.652174 3.066261
      vertex 0.873794 43.217391 3.261045
    endloop
  endfacet
  facet normal -0.283251 0.335745 -0.898356
    outer loop
      vertex 1.085718 42.652174 2.982986
      vertex 0.873794 43.217391 3.261045
      vertex 1.154688 43.217391 3.172480
    endloop
  endfacet
  facet normal -0.203876 0.335745 -0.919625
    outer loop
      vertex 0.821602 42.652174 3.066261
      vertex 0.551234 42.652174 3.126201
      vertex 0.586251 43.217391 3.324792
    endloop
  endfacet
  facet normal -0.203876 0.335745 -0.919625
    outer loop
      vertex 0.821602 42.652174 3.066261
      vertex 0.586251 43.217391 3.324792
      vertex 0.873794 43.217391 3.261045
    endloop
  endfacet
  facet normal -0.122950 0.335745 -0.933894
    outer loop
      vertex 0.551234 42.652174 3.126201
      vertex 0.276670 42.652174 3.162348
      vertex 0.294245 43.217391 3.363236
    endloop
  endfacet
  facet normal -0.122950 0.335745 -0.933894
    outer loop
      vertex 0.551234 42.652174 3.126201
      vertex 0.294245 43.217391 3.363236
      vertex 0.586251 43.217391 3.324792
    endloop
  endfacet
  facet normal -0.041087 0.335745 -0.941056
    outer loop
      vertex 0.276670 42.652174 3.162348
      vertex 0.000000 42.652174 3.174427
      vertex 0.000000 43.217391 3.376083
    endloop
  endfacet
  facet normal -0.041087 0.335745 -0.941056
    outer loop
      vertex 0.276670 42.652174 3.162348
      vertex 0.000000 43.217391 3.376083
      vertex 0.294245 43.217391 3.363236
    endloop
  endfacet
  facet normal 0.041087 0.335745 -0.941056
    outer loop
      vertex 0.000000 42.652174 3.174427
      vertex -0.276670 42.652174 3.162348
      vertex -0.294245 43.217391 3.363236
    endloop
  endfacet
  facet normal 0.041087 0.335745 -0.941056
    outer loop
      vertex 0.000000 42.652174 3.174427
      vertex -0.294245 43.217391 3.363236
      vertex 0.000000 43.217391 3.376083
    endloop
  endfacet
  facet normal 0.122950 0.335745 -0.933894
    outer loop
      vertex -0.276670 42.652174 3.162348
      vertex -0.551234 42.652174 3.126201
      vertex -0.586251 43.217391 3.324792
    endloop
  endfacet
  facet normal 0.122950 0.335745 -0.933894
    outer loop
      vertex -0.276670 42.652174 3.162348
      vertex -0.586251 43.217391 3.324792
      vertex -0.294245 43.217391 3.363236
    endloop
  endfacet
  facet normal 0.203876 0.335745 -0.919625
    outer loop
      vertex -0.551234 42.652174 3.126201
      vertex -0.821602 42.652174 3.066261
      vertex -0.873794 43.217391 3.261045
    endloop
  endfacet
  facet normal 0.203876 0.335745 -0.919625
    outer loop
      vertex -0.551234 42.652174 3.126201
      vertex -0.873794 43.217391 3.261045
      vertex -0.586251 43.217391 3.324792
    endloop
  endfacet
  facet normal 0.283251 0.335745 -0.898356
    outer loop
      vertex -0.821602 42.652174 3.066261
      vertex -1.085718 42.652174 2.982986
      vertex -1.154688 43.217391 3.172480
    endloop
  endfacet
  facet normal 0.283251 0.335745 -0.898356
    outer loop
      vertex -0.821602 42.652174 3.066261
      vertex -1.154688 43.217391 3.172480
      vertex -0.873794 43.217391 3.261045
    endloop
  endfacet
  facet normal 0.360470 0.335745 -0.870251
    outer loop
      vertex -1.085718 42.652174 2.982986
      vertex -1.341571 42.652174 2.877008
      vertex -1.426794 43.217391 3.059770
    endloop
  endfacet
  facet normal 0.360470 0.335745 -0.870251
    outer loop
      vertex -1.085718 42.652174 2.982986
      vertex -1.426794 43.217391 3.059770
      vertex -1.154688 43.217391 3.172480
    endloop
  endfacet
  facet normal 0.434945 0.335745 -0.835522
    outer loop
      vertex -1.341571 42.652174 2.877008
      vertex -1.587214 42.652174 2.749135
      vertex -1.688041 43.217391 2.923773
    endloop
  endfacet
  facet normal 0.434945 0.335745 -0.835522
    outer loop
      vertex -1.341571 42.652174 2.877008
      vertex -1.688041 43.217391 2.923773
      vertex -1.426794 43.217391 3.059770
    endloop
  endfacet
  facet normal 0.506111 0.335745 -0.794435
    outer loop
      vertex -1.587214 42.652174 2.749135
      vertex -1.820777 42.652174 2.600339
      vertex -1.936441 43.217391 2.765525
    endloop
  endfacet
  facet normal 0.506111 0.335745 -0.794435
    outer loop
      vertex -1.587214 42.652174 2.749135
      vertex -1.936441 43.217391 2.765525
      vertex -1.688041 43.217391 2.923773
    endloop
  endfacet
  facet normal 0.573425 0.335745 -0.747302
    outer loop
      vertex -1.820777 42.652174 2.600339
      vertex -2.040483 42.652174 2.431752
      vertex -2.170104 43.217391 2.586229
    endloop
  endfacet
  facet normal 0.573425 0.335745 -0.747302
    outer loop
      vertex -1.820777 42.652174 2.600339
      vertex -2.170104 43.217391 2.586229
      vertex -1.936441 43.217391 2.765525
    endloop
  endfacet
  facet normal 0.636374 0.335745 -0.694481
    outer loop
      vertex -2.040483 42.652174 2.431752
      vertex -2.244659 42.652174 2.244659
      vertex -2.387251 43.217391 2.387251
    endloop
  endfacet
  facet normal 0.636374 0.335745 -0.694481
    outer loop
      vertex -2.040483 42.652174 2.431752
      vertex -2.387251 43.217391 2.387251
      vertex -2.170104 43.217391 2.586229
    endloop
  endfacet
  facet normal 0.694481 0.335745 -0.636374
    outer loop
      vertex -2.244659 42.652174 2.244659
      vertex -2.431752 42.652174 2.040483
      vertex -2.586229 43.217391 2.170104
    endloop
  endfacet
  facet normal 0.694481 0.335745 -0.636374
    outer loop
      vertex -2.244659 42.652174 2.244659
      vertex -2.586229 43.217391 2.170104
      vertex -2.387251 43.217391 2.387251
    endloop
  endfacet
  facet normal 0.747302 0.335745 -0.573425
    outer loop
      vertex -2.431752 42.652174 2.040483
      vertex -2.600339 42.652174 1.820777
      vertex -2.765525 43.217391 1.936441
    endloop
  endfacet
  facet normal 0.747302 0.335745 -0.573425
    outer loop
      vertex -2.431752 42.652174 2.040483
      vertex -2.765525 43.217391 1.936441
      vertex -2.586229 43.217391 2.170104
    endloop
  endfacet
  facet normal 0.794435 0.335745 -0.506111
    outer loop
      vertex -2.600339 42.652174 1.820777
      vertex -2.749135 42.652174 1.587214
      vertex -2.923773 43.217391 1.688041
    endloop
  endfacet
  facet normal 0.794435 0.335745 -0.506111
    outer loop
      vertex -2.600339 42.652174 1.820777
      vertex -2.923773 43.217391 1.688041
      vertex -2.765525 43.217391 1.936441
    endloop
  endfacet
  facet normal 0.835522 0.335745 -0.434945
    outer loop
      vertex -2.749135 42.652174 1.587214
      vertex -2.877008 42.652174 1.341571
      vertex -3.059770 43.217391 1.426794
    endloop
  endfacet
  facet normal 0.835522 0.335745 -0.434945
    outer loop
      vertex -2.749135 42.652174 1.587214
      vertex -3.059770 43.217391 1.426794
      vertex -2.923773 43.217391 1.688041
    endloop
  endfacet
  facet normal 0.870251 0.335745 -0.360470
    outer loop
      vertex -2.877008 42.652174 1.341571
      vertex -2.982986 42.652174 1.085718
      vertex -3.172480 43.217391 1.154688
    endloop
  endfacet
  facet normal 0.870251 0.335745 -0.360470
    outer loop
      vertex -2.877008 42.652174 1.341571
      vertex -3.172480 43.217391 1.154688
      vertex -3.059770 43.217391 1.426794
    endloop
  endfacet
  facet normal 0.898356 0.335745 -0.283251
    outer loop
      vertex -2.982986 42.652174 1.085718
      vertex -3.066261 42.652174 0.821602
      vertex -3.261045 43.217391 0.873794
    endloop
  endfacet
  facet normal 0.898356 0.335745 -0.283251
    outer loop
      vertex -2.982986 42.652174 1.085718
      vertex -3.261045 43.217391 0.873794
      vertex -3.172480 43.217391 1.154688
    endloop
  endfacet
  facet normal 0.919625 0.335745 -0.203876
    outer loop
      vertex -3.066261 42.652174 0.821602
      vertex -3.126201 42.652174 0.551234
      vertex -3.324792 43.217391 0.586251
    endloop
  endfacet
  facet normal 0.919625 0.335745 -0.203876
    outer loop
      vertex -3.066261 42.652174 0.821602
      vertex -3.324792 43.217391 0.586251
      vertex -3.261045 43.217391 0.873794
    endloop
  endfacet
  facet normal 0.933894 0.335745 -0.122950
    outer loop
      vertex -3.126201 42.652174 0.551234
      vertex -3.162348 42.652174 0.276670
      vertex -3.363236 43.217391 0.294245
    endloop
  endfacet
  facet normal 0.933894 0.335745 -0.122950
    outer loop
      vertex -3.126201 42.652174 0.551234
      vertex -3.363236 43.217391 0.294245
      vertex -3.324792 43.217391 0.586251
    endloop
  endfacet
  facet normal 0.941056 0.335745 -0.041087
    outer loop
      vertex -3.162348 42.652174 0.276670
      vertex -3.174427 42.652174 0.000000
      vertex -3.376083 43.217391 0.000000
    endloop
  endfacet
  facet normal 0.941056 0.335745 -0.041087
    outer loop
      vertex -3.162348 42.652174 0.276670
      vertex -3.376083 43.217391 0.000000
      vertex -3.363236 43.217391 0.294245
    endloop
  endfacet
  facet normal 0.941056 0.335745 0.041087
    outer loop
      vertex -3.174427 42.652174 0.000000
      vertex -3.162348 42.652174 -0.276670
      vertex -3.363236 43.217391 -0.294245
    endloop
  endfacet
  facet normal 0.941056 0.335745 0.041087
    outer loop
      vertex -3.174427 42.652174 0.000000
      vertex -3.363236 43.217391 -0.294245
      vertex -3.376083 43.217391 0.000000
    endloop
  endfacet
  facet normal 0.933894 0.335745 0.122950
    outer loop
      vertex -3.162348 42.652174 -0.276670
      vertex -3.126201 42.652174 -0.551234
      vertex -3.324792 43.217391 -0.586251
    endloop
  endfacet
  facet normal 0.933894 0.335745 0.122950
    outer loop
      vertex -3.162348 42.652174 -0.276670
      vertex -3.324792 43.217391 -0.586251
      vertex -3.363236 43.217391 -0.294245
    endloop
  endfacet
  facet normal 0.919625 0.335745 0.203876
    outer loop
      vertex -3.126201 42.652174 -0.551234
      vertex -3.066261 42.652174 -0.821602
      vertex -3.261045 43.217391 -0.873794
    endloop
  endfacet
  facet normal 0.919625 0.335745 0.203876
    outer loop
      vertex -3.126201 42.652174 -0.551234
      vertex -3.261045 43.217391 -0.873794
      vertex -3.324792 43.217391 -0.586251
    endloop
  endfacet
  facet normal 0.898356 0.335745 0.283251
    outer loop
      vertex -3.066261 42.652174 -0.821602
      vertex -2.982986 42.652174 -1.085718
      vertex -3.172480 43.217391 -1.154688
    endloop
  endfacet
  facet normal 0.898356 0.335745 0.283251
    outer loop
      vertex -3.066261 42.652174 -0.821602
      vertex -3.172480 43.217391 -1.154688
      vertex -3.261045 43.217391 -0.873794
    endloop
  endfacet
  facet normal 0.870251 0.335745 0.360470
    outer loop
      vertex -2.982986 42.652174 -1.085718
      vertex -2.877008 42.652174 -1.341571
      vertex -3.059770 43.217391 -1.426794
    endloop
  endfacet
  facet normal 0.870251 0.335745 0.360470
    outer loop
      vertex -2.982986 42.652174 -1.085718
      vertex -3.059770 43.217391 -1.426794
      vertex -3.172480 43.217391 -1.154688
    endloop
  endfacet
  facet normal 0.835522 0.335745 0.434945
    outer loop
      vertex -2.877008 42.652174 -1.341571
      vertex -2.749135 42.652174 -1.587214
      vertex -2.923773 43.217391 -1.688041
    endloop
  endfacet
  facet normal 0.835522 0.335745 0.434945
    outer loop
      vertex -2.877008 42.652174 -1.341571
      vertex -2.923773 43.217391 -1.688041
      vertex -3.059770 43.217391 -1.426794
    endloop
  endfacet
  facet normal 0.794435 0.335745 0.506111
    outer loop
      vertex -2.749135 42.652174 -1.587214
      vertex -2.600339 42.652174 -1.820777
      vertex -2.765525 43.217391 -1.936441
    endloop
  endfacet
  facet normal 0.794435 0.335745 0.506111
    outer loop
      vertex -2.749135 42.652174 -1.587214
      vertex -2.765525 43.217391 -1.936441
      vertex -2.923773 43.217391 -1.688041
    endloop
  endfacet
  facet normal 0.747302 0.335745 0.573425
    outer loop
      vertex -2.600339 42.652174 -1.820777
      vertex -2.431752 42.652174 -2.040483
      vertex -2.586229 43.217391 -2.170104
    endloop
  endfacet
  facet normal 0.747302 0.335745 0.573425
    outer loop
      vertex -2.600339 42.652174 -1.820777
      vertex -2.586229 43.217391 -2.170104
      vertex -2.765525 43.217391 -1.936441
    endloop
  endfacet
  facet normal 0.694481 0.335745 0.636374
    outer loop
      vertex -2.431752 42.652174 -2.040483
      vertex -2.244659 42.652174 -2.244659
      vertex -2.387251 43.217391 -2.387251
    endloop
  endfacet
  facet normal 0.694481 0.335745 0.636374
    outer loop
      vertex -2.431752 42.652174 -2.040483
      vertex -2.387251 43.217391 -2.387251
      vertex -2.586229 43.217391 -2.170104
    endloop
  endfacet
  facet normal 0.636374 0.335745 0.694481
    outer loop
      vertex -2.244659 42.652174 -2.244659
      vertex -2.040483 42.652174 -2.431752
      vertex -2.170104 43.217391 -2.586229
    endloop
  endfacet
  facet normal 0.636374 0.335745 0.694481
    outer loop
      vertex -2.244659 42.652174 -2.244659
      vertex -2.170104 43.217391 -2.586229
      vertex -2.387251 43.217391 -2.387251
    endloop
  endfacet
  facet normal 0.573425 0.335745 0.747302
    outer loop
      vertex -2.040483 42.652174 -2.431752
      vertex -1.820777 42.652174 -2.600339
      vertex -1.936441 43.217391 -2.765525
    endloop
  endfacet
  facet normal 0.573425 0.335745 0.747302
    outer loop
      vertex -2.040483 42.652174 -2.431752
      vertex -1.936441 43.217391 -2.765525
      vertex -2.170104 43.217391 -2.586229
    endloop
  endfacet
  facet normal 0.506111 0.335745 0.794435
    outer loop
      vertex -1.820777 42.652174 -2.600339
      vertex -1.587214 42.652174 -2.749135
      vertex -1.688041 43.217391 -2.923773
    endloop
  endfacet
  facet normal 0.506111 0.335745 0.794435
    outer loop
      vertex -1.820777 42.652174 -2.600339
      vertex -1.688041 43.217391 -2.923773
      vertex -1.936441 43.217391 -2.765525
    endloop
  endfacet
  facet normal 0.434945 0.335745 0.835522
    outer loop
      vertex -1.587214 42.652174 -2.749135
      vertex -1.341571 42.652174 -2.877008
      vertex -1.426794 43.217391 -3.059770
    endloop
  endfacet
  facet normal 0.434945 0.335745 0.835522
    outer loop
      vertex -1.587214 42.652174 -2.749135
      vertex -1.426794 43.217391 -3.059770
      vertex -1.688041 43.217391 -2.923773
    endloop
  endfacet
  facet normal 0.360470 0.335745 0.870251
    outer loop
      vertex -1.341571 42.652174 -2.877008
      vertex -1.085718 42.652174 -2.982986
      vertex -1.154688 43.217391 -3.172480
    endloop
  endfacet
  facet normal 0.360470 0.335745 0.870251
    outer loop
      vertex -1.341571 42.652174 -2.877008
      vertex -1.154688 43.217391 -3.172480
      vertex -1.426794 43.217391 -3.059770
    endloop
  endfacet
  facet normal 0.283251 0.335745 0.898356
    outer loop
      vertex -1.085718 42.652174 -2.982986
      vertex -0.821602 42.652174 -3.066261
      vertex -0.873794 43.217391 -3.261045
    endloop
  endfacet
  facet normal 0.283251 0.335745 0.898356
    outer loop
      vertex -1.085718 42.652174 -2.982986
      vertex -0.873794 43.217391 -3.261045
      vertex -1.154688 43.217391 -3.172480
    endloop
  endfacet
  facet normal 0.203876 0.335745 0.919625
    outer loop
      vertex -0.821602 42.652174 -3.066261
      vertex -0.551234 42.652174 -3.126201
      vertex -0.586251 43.217391 -3.324792
    endloop
  endfacet
  facet normal 0.203876 0.335745 0.919625
    outer loop
      vertex -0.821602 42.652174 -3.066261
      vertex -0.586251 43.217391 -3.324792
      vertex -0.873794 43.217391 -3.261045
    endloop
  endfacet
  facet normal 0.122950 0.335745 0.933894
    outer loop
      vertex -0.551234 42.652174 -3.126201
      vertex -0.276670 42.652174 -3.162348
      vertex -0.294245 43.217391 -3.363236
    endloop
  endfacet
  facet normal 0.122950 0.335745 0.933894
    outer loop
      vertex -0.551234 42.652174 -3.126201
      vertex -0.294245 43.217391 -3.363236
      vertex -0.586251 43.217391 -3.324792
    endloop
  endfacet
  facet normal 0.041087 0.335745 0.941056
    outer loop
      vertex -0.276670 42.652174 -3.162348
      vertex -0.000000 42.652174 -3.174427
      vertex -0.000000 43.217391 -3.376083
    endloop
  endfacet
  facet normal 0.041087 0.335745 0.941056
    outer loop
      vertex -0.276670 42.652174 -3.162348
      vertex -0.000000 43.217391 -3.376083
      vertex -0.294245 43.217391 -3.363236
    endloop
  endfacet
  facet normal -0.041087 0.335745 0.941056
    outer loop
      vertex -0.000000 42.652174 -3.174427
      vertex 0.276670 42.652174 -3.162348
      vertex 0.294245 43.217391 -3.363236
    endloop
  endfacet
  facet normal -0.041087 0.335745 0.941056
    outer loop
      vertex -0.000000 42.652174 -3.174427
      vertex 0.294245 43.217391 -3.363236
      vertex -0.000000 43.217391 -3.376083
    endloop
  endfacet
  facet normal -0.122950 0.335745 0.933894
    outer loop
      vertex 0.276670 42.652174 -3.162348
      vertex 0.551234 42.652174 -3.126201
      vertex 0.586251 43.217391 -3.324792
    endloop
  endfacet
  facet normal -0.122950 0.335745 0.933894
    outer loop
      vertex 0.276670 42.652174 -3.162348
      vertex 0.586251 43.217391 -3.324792
      vertex 0.294245 43.217391 -3.363236
    endloop
  endfacet
  facet normal -0.203876 0.335745 0.919625
    outer loop
      vertex 0.551234 42.652174 -3.126201
      vertex 0.821602 42.652174 -3.066261
      vertex 0.873794 43.217391 -3.261045
    endloop
  endfacet
  facet normal -0.203876 0.335745 0.919625
    outer loop
      vertex 0.551234 42.652174 -3.126201
      vertex 0.873794 43.217391 -3.261045
      vertex 0.586251 43.217391 -3.324792
    endloop
  endfacet
  facet normal -0.283251 0.335745 0.898356
    outer loop
      vertex 0.821602 42.652174 -3.066261
      vertex 1.085718 42.652174 -2.982986
      vertex 1.154688 43.217391 -3.172480
    endloop
  endfacet
  facet normal -0.283251 0.335745 0.898356
    outer loop
      vertex 0.821602 42.652174 -3.066261
      vertex 1.154688 43.217391 -3.172480
      vertex 0.873794 43.217391 -3.261045
    endloop
  endfacet
  facet normal -0.360470 0.335745 0.870251
    outer loop
      vertex 1.085718 42.652174 -2.982986
      vertex 1.341571 42.652174 -2.877008
      vertex 1.426794 43.217391 -3.059770
    endloop
  endfacet
  facet normal -0.360470 0.335745 0.870251
    outer loop
      vertex 1.085718 42.652174 -2.982986
      vertex 1.426794 43.217391 -3.059770
      vertex 1.154688 43.217391 -3.172480
    endloop
  endfacet
  facet normal -0.434945 0.335745 0.835522
    outer loop
      vertex 1.341571 42.652174 -2.877008
      vertex 1.587214 42.652174 -2.749135
      vertex 1.688041 43.217391 -2.923773
    endloop
  endfacet
  facet normal -0.434945 0.335745 0.835522
    outer loop
      vertex 1.341571 42.652174 -2.877008
      vertex 1.688041 43.217391 -2.923773
      vertex 1.426794 43.217391 -3.059770
    endloop
  endfacet
  facet normal -0.506111 0.335745 0.794435
    outer loop
      vertex 1.587214 42.652174 -2.749135
      vertex 1.820777 42.652174 -2.600339
      vertex 1.936441 43.217391 -2.765525
    endloop
  endfacet
  facet normal -0.506111 0.335745 0.794435
    outer loop
      vertex 1.587214 42.652174 -2.749135
      vertex 1.936441 43.217391 -2.765525
      vertex 1.688041 43.217391 -2.923773
    endloop
  endfacet
  facet normal -0.573425 0.335745 0.747302
    outer loop
      vertex 1.820777 42.652174 -2.600339
      vertex 2.040483 42.652174 -2.431752
      vertex 2.170104 43.217391 -2.586229
    endloop
  endfacet
  facet normal -0.573425 0.335745 0.747302
    outer loop
      vertex 1.820777 42.652174 -2.600339
      vertex 2.170104 43.217391 -2.586229
      vertex 1.936441 43.217391 -2.765525
    endloop
  endfacet
  facet normal -0.636374 0.335745 0.694481
    outer loop
      vertex 2.040483 42.652174 -2.431752
      vertex 2.244659 42.652174 -2.244659
      vertex 2.387251 43.217391 -2.387251
    endloop
  endfacet
  facet normal -0.636374 0.335745 0.694481
    outer loop
      vertex 2.040483 42.652174 -2.431752
      vertex 2.387251 43.217391 -2.387251
      vertex 2.170104 43.217391 -2.586229
    endloop
  endfacet
  facet normal -0.694481 0.335745 0.636374
    outer loop
      vertex 2.244659 42.652174 -2.244659
      vertex 2.431752 42.652174 -2.040483
      vertex 2.586229 43.217391 -2.170104
    endloop
  endfacet
  facet normal -0.694481 0.335745 0.636374
    outer loop
      vertex 2.244659 42.652174 -2.244659
      vertex 2.586229 43.217391 -2.170104
      vertex 2.387251 43.217391 -2.387251
    endloop
  endfacet
  facet normal -0.747302 0.335745 0.573425
    outer loop
      vertex 2.431752 42.652174 -2.040483
      vertex 2.600339 42.652174 -1.820777
      vertex 2.765525 43.217391 -1.936441
    endloop
  endfacet
  facet normal -0.747302 0.335745 0.573425
    outer loop
      vertex 2.431752 42.652174 -2.040483
      vertex 2.765525 43.217391 -1.936441
      vertex 2.586229 43.217391 -2.170104
    endloop
  endfacet
  facet normal -0.794435 0.335745 0.506111
    outer loop
      vertex 2.600339 42.652174 -1.820777
      vertex 2.749135 42.652174 -1.587214
      vertex 2.923773 43.217391 -1.688041
    endloop
  endfacet
  facet normal -0.794435 0.335745 0.506111
    outer loop
      vertex 2.600339 42.652174 -1.820777
      vertex 2.923773 43.217391 -1.688041
      vertex 2.765525 43.217391 -1.936441
    endloop
  endfacet
  facet normal -0.835522 0.335745 0.434945
    outer loop
      vertex 2.749135 42.652174 -1.587214
      vertex 2.877008 42.652174 -1.341571
      vertex 3.059770 43.217391 -1.426794
    endloop
  endfacet
  facet normal -0.835522 0.335745 0.434945
    outer loop
      vertex 2.749135 42.652174 -1.587214
      vertex 3.059770 43.217391 -1.426794
      vertex 2.923773 43.217391 -1.688041
    endloop
  endfacet
  facet normal -0.870251 0.335745 0.360470
    outer loop
      vertex 2.877008 42.652174 -1.341571
      vertex 2.982986 42.652174 -1.085718
      vertex 3.172480 43.217391 -1.154688
    endloop
  endfacet
  facet normal -0.870251 0.335745 0.360470
    outer loop
      vertex 2.877008 42.652174 -1.341571
      vertex 3.172480 43.217391 -1.154688
      vertex 3.059770 43.217391 -1.426794
    endloop
  endfacet
  facet normal -0.898356 0.335745 0.283251
    outer loop
      vertex 2.982986 42.652174 -1.085718
      vertex 3.066261 42.652174 -0.821602
      vertex 3.261045 43.217391 -0.873794
    endloop
  endfacet
  facet normal -0.898356 0.335745 0.283251
    outer loop
      vertex 2.982986 42.652174 -1.085718
      vertex 3.261045 43.217391 -0.873794
      vertex 3.172480 43.217391 -1.154688
    endloop
  endfacet
  facet normal -0.919625 0.335745 0.203876
    outer loop
      vertex 3.066261 42.652174 -0.821602
      vertex 3.126201 42.652174 -0.551234
      vertex 3.324792 43.217391 -0.586251
    endloop
  endfacet
  facet normal -0.919625 0.335745 0.203876
    outer loop
      vertex 3.066261 42.652174 -0.821602
      vertex 3.324792 43.217391 -0.586251
      vertex 3.261045 43.217391 -0.873794
    endloop
  endfacet
  facet normal -0.933894 0.335745 0.122950
    outer loop
      vertex 3.126201 42.652174 -0.551234
      vertex 3.162348 42.652174 -0.276670
      vertex 3.363236 43.217391 -0.294245
    endloop
  endfacet
  facet normal -0.933894 0.335745 0.122950
    outer loop
      vertex 3.126201 42.652174 -0.551234
      vertex 3.363236 43.217391 -0.294245
      vertex 3.324792 43.217391 -0.586251
    endloop
  endfacet
  facet normal -0.941056 0.335745 0.041087
    outer loop
      vertex 3.162348 42.652174 -0.276670
      vertex 3.174427 42.652174 0.000000
      vertex 3.376083 43.217391 0.000000
    endloop
  endfacet
  facet normal -0.941056 0.335745 0.041087
    outer loop
      vertex 3.162348 42.652174 -0.276670
      vertex 3.376083 43.217391 0.000000
      vertex 3.363236 43.217391 -0.294245
    endloop
  endfacet
  facet normal -0.950196 0.308880 -0.041486
    outer loop
      vertex 3.376083 43.217391 0.000000
      vertex 3.363236 43.217391 0.294245
      vertex 3.546271 43.782609 0.310259
    endloop
  endfacet
  facet normal -0.950196 0.308880 -0.041486
    outer loop
      vertex 3.376083 43.217391 0.000000
      vertex 3.546271 43.782609 0.310259
      vertex 3.559817 43.782609 0.000000
    endloop
  endfacet
  facet normal -0.942964 0.308880 -0.124144
    outer loop
      vertex 3.363236 43.217391 0.294245
      vertex 3.324792 43.217391 0.586251
      vertex 3.505736 43.782609 0.618156
    endloop
  endfacet
  facet normal -0.942964 0.308880 -0.124144
    outer loop
      vertex 3.363236 43.217391 0.294245
      vertex 3.505736 43.782609 0.618156
      vertex 3.546271 43.782609 0.310259
    endloop
  endfacet
  facet normal -0.928556 0.308880 -0.205856
    outer loop
      vertex 3.324792 43.217391 0.586251
      vertex 3.261045 43.217391 0.873794
      vertex 3.438520 43.782609 0.921349
    endloop
  endfacet
  facet normal -0.928556 0.308880 -0.205856
    outer loop
      vertex 3.324792 43.217391 0.586251
      vertex 3.438520 43.782609 0.921349
      vertex 3.505736 43.782609 0.618156
    endloop
  endfacet
  facet normal -0.907081 0.308880 -0.286002
    outer loop
      vertex 3.261045 43.217391 0.873794
      vertex 3.172480 43.217391 1.154688
      vertex 3.345134 43.782609 1.217529
    endloop
  endfacet
  facet normal -0.907081 0.308880 -0.286002
    outer loop
      vertex 3.261045 43.217391 0.873794
      vertex 3.345134 43.782609 1.217529
      vertex 3.438520 43.782609 0.921349
    endloop
  endfacet
  facet normal -0.878703 0.308880 -0.363971
    outer loop
      vertex 3.172480 43.217391 1.154688
      vertex 3.059770 43.217391 1.426794
      vertex 3.226290 43.782609 1.504444
    endloop
  endfacet
  facet normal -0.878703 0.308880 -0.363971
    outer loop
      vertex 3.172480 43.217391 1.154688
      vertex 3.226290 43.782609 1.504444
      vertex 3.345134 43.782609 1.217529
    endloop
  endfacet
  facet normal -0.843637 0.308880 -0.439170
    outer loop
      vertex 3.059770 43.217391 1.426794
      vertex 2.923773 43.217391 1.688041
      vertex 3.082892 43.782609 1.779909
    endloop
  endfacet
  facet normal -0.843637 0.308880 -0.439170
    outer loop
      vertex 3.059770 43.217391 1.426794
      vertex 3.082892 43.782609 1.779909
      vertex 3.226290 43.782609 1.504444
    endloop
  endfacet
  facet normal -0.802151 0.308880 -0.511026
    outer loop
      vertex 2.923773 43.217391 1.688041
      vertex 2.765525 43.217391 1.936441
      vertex 2.916032 43.782609 2.041827
    endloop
  endfacet
  facet normal -0.802151 0.308880 -0.511026
    outer loop
      vertex 2.923773 43.217391 1.688041
      vertex 2.916032 43.782609 2.041827
      vertex 3.082892 43.782609 1.779909
    endloop
  endfacet
  facet normal -0.754559 0.308880 -0.578994
    outer loop
      vertex 2.765525 43.217391 1.936441
      vertex 2.586229 43.217391 2.170104
      vertex 2.726978 43.782609 2.288207
    endloop
  endfacet
  facet normal -0.754559 0.308880 -0.578994
    outer loop
      vertex 2.765525 43.217391 1.936441
      vertex 2.726978 43.782609 2.288207
      vertex 2.916032 43.782609 2.041827
    endloop
  endfacet
  facet normal -0.701225 0.308880 -0.642555
    outer loop
      vertex 2.586229 43.217391 2.170104
      vertex 2.387251 43.217391 2.387251
      vertex 2.517171 43.782609 2.517171
    endloop
  endfacet
  facet normal -0.701225 0.308880 -0.642555
    outer loop
      vertex 2.586229 43.217391 2.170104
      vertex 2.517171 43.782609 2.517171
      vertex 2.726978 43.782609 2.288207
    endloop
  endfacet
  facet normal -0.642555 0.308880 -0.701225
    outer loop
      vertex 2.387251 43.217391 2.387251
      vertex 2.170104 43.217391 2.586229
      vertex 2.288207 43.782609 2.726978
    endloop
  endfacet
  facet normal -0.642555 0.308880 -0.701225
    outer loop
      vertex 2.387251 43.217391 2.387251
      vertex 2.288207 43.782609 2.726978
      vertex 2.517171 43.782609 2.517171
    endloop
  endfacet
  facet normal -0.578994 0.308880 -0.754559
    outer loop
      vertex 2.170104 43.217391 2.586229
      vertex 1.936441 43.217391 2.765525
      vertex 2.041827 43.782609 2.916032
    endloop
  endfacet
  facet normal -0.578994 0.308880 -0.754559
    outer loop
      vertex 2.170104 43.217391 2.586229
      vertex 2.041827 43.782609 2.916032
      vertex 2.288207 43.782609 2.726978
    endloop
  endfacet
  facet normal -0.511026 0.308880 -0.802151
    outer loop
      vertex 1.936441 43.217391 2.765525
      vertex 1.688041 43.217391 2.923773
      vertex 1.779909 43.782609 3.082892
    endloop
  endfacet
  facet normal -0.511026 0.308880 -0.802151
    outer loop
      vertex 1.936441 43.217391 2.765525
      vertex 1.779909 43.782609 3.082892
      vertex 2.041827 43.782609 2.916032
    endloop
  endfacet
  facet normal -0.439170 0.308880 -0.843637
    outer loop
      vertex 1.688041 43.217391 2.923773
      vertex 1.426794 43.217391 3.059770
      vertex 1.504444 43.782609 3.226290
    endloop
  endfacet
  facet normal -0.439170 0.308880 -0.843637
    outer loop
      vertex 1.688041 43.217391 2.923773
      vertex 1.504444 43.782609 3.226290
      vertex 1.779909 43.782609 3.082892
    endloop
  endfacet
  facet normal -0.363971 0.308880 -0.878703
    outer loop
      vertex 1.426794 43.217391 3.059770
      vertex 1.154688 43.217391 3.172480
      vertex 1.217529 43.782609 3.345134
    endloop
  endfacet
  facet normal -0.363971 0.308880 -0.878703
    outer loop
      vertex 1.426794 43.217391 3.059770
      vertex 1.217529 43.782609 3.345134
      vertex 1.504444 43.782609 3.226290
    endloop
  endfacet
  facet normal -0.286002 0.308880 -0.907081
    outer loop
      vertex 1.154688 43.217391 3.172480
      vertex 0.873794 43.217391 3.261045
      vertex 0.921349 43.782609 3.438520
    endloop
  endfacet
  facet normal -0.286002 0.308880 -0.907081
    outer loop
      vertex 1.154688 43.217391 3.172480
      vertex 0.921349 43.782609 3.438520
      vertex 1.217529 43.782609 3.345134
    endloop
  endfacet
  facet normal -0.205856 0.308880 -0.928556
    outer loop
      vertex 0.873794 43.217391 3.261045
      vertex 0.586251 43.217391 3.324792
      vertex 0.618156 43.782609 3.505736
    endloop
  endfacet
  facet normal -0.205856 0.308880 -0.928556
    outer loop
      vertex 0.873794 43.217391 3.261045
      vertex 0.618156 43.782609 3.505736
      vertex 0.921349 43.782609 3.438520
    endloop
  endfacet
  facet normal -0.124144 0.308880 -0.942964
    outer loop
      vertex 0.586251 43.217391 3.324792
      vertex 0.294245 43.217391 3.363236
      vertex 0.310259 43.782609 3.546271
    endloop
  endfacet
  facet normal -0.124144 0.308880 -0.942964
    outer loop
      vertex 0.586251 43.217391 3.324792
      vertex 0.310259 43.782609 3.546271
      vertex 0.618156 43.782609 3.505736
    endloop
  endfacet
  facet normal -0.041486 0.308880 -0.950196
    outer loop
      vertex 0.294245 43.217391 3.363236
      vertex 0.000000 43.217391 3.376083
      vertex 0.000000 43.782609 3.559817
    endloop
  endfacet
  facet normal -0.041486 0.308880 -0.950196
    outer loop
      vertex 0.294245 43.217391 3.363236
      vertex 0.000000 43.782609 3.559817
      vertex 0.310259 43.782609 3.546271
    endloop
  endfacet
  facet normal 0.041486 0.308880 -0.950196
    outer loop
      vertex 0.000000 43.217391 3.376083
      vertex -0.294245 43.217391 3.363236
      vertex -0.310259 43.782609 3.546271
    endloop
  endfacet
  facet normal 0.041486 0.308880 -0.950196
    outer loop
      vertex 0.000000 43.217391 3.376083
      vertex -0.310259 43.782609 3.546271
      vertex 0.000000 43.782609 3.559817
    endloop
  endfacet
  facet normal 0.124144 0.308880 -0.942964
    outer loop
      vertex -0.294245 43.217391 3.363236
      vertex -0.586251 43.217391 3.324792
      vertex -0.618156 43.782609 3.505736
    endloop
  endfacet
  facet normal 0.124144 0.308880 -0.942964
    outer loop
      vertex -0.294245 43.217391 3.363236
      vertex -0.618156 43.782609 3.505736
      vertex -0.310259 43.782609 3.546271
    endloop
  endfacet
  facet normal 0.205856 0.308880 -0.928556
    outer loop
      vertex -0.586251 43.217391 3.324792
      vertex -0.873794 43.217391 3.261045
      vertex -0.921349 43.782609 3.438520
    endloop
  endfacet
  facet normal 0.205856 0.308880 -0.928556
    outer loop
      vertex -0.586251 43.217391 3.324792
      vertex -0.921349 43.782609 3.438520
      vertex -0.618156 43.782609 3.505736
    endloop
  endfacet
  facet normal 0.286002 0.308880 -0.907081
    outer loop
      vertex -0.873794 43.217391 3.261045
      vertex -1.154688 43.217391 3.172480
      vertex -1.217529 43.782609 3.345134
    endloop
  endfacet
  facet normal 0.286002 0.308880 -0.907081
    outer loop
      vertex -0.873794 43.217391 3.261045
      vertex -1.217529 43.782609 3.345134
      vertex -0.921349 43.782609 3.438520
    endloop
  endfacet
  facet normal 0.363971 0.308880 -0.878703
    outer loop
      vertex -1.154688 43.217391 3.172480
      vertex -1.426794 43.217391 3.059770
      vertex -1.504444 43.782609 3.226290
    endloop
  endfacet
  facet normal 0.363971 0.308880 -0.878703
    outer loop
      vertex -1.154688 43.217391 3.172480
      vertex -1.504444 43.782609 3.226290
      vertex -1.217529 43.782609 3.345134
    endloop
  endfacet
  facet normal 0.439170 0.308880 -0.843637
    outer loop
      vertex -1.426794 43.217391 3.059770
      vertex -1.688041 43.217391 2.923773
      vertex -1.779909 43.782609 3.082892
    endloop
  endfacet
  facet normal 0.439170 0.308880 -0.843637
    outer loop
      vertex -1.426794 43.217391 3.059770
      vertex -1.779909 43.782609 3.082892
      vertex -1.504444 43.782609 3.226290
    endloop
  endfacet
  facet normal 0.511026 0.308880 -0.802151
    outer loop
      vertex -1.688041 43.217391 2.923773
      vertex -1.936441 43.217391 2.765525
      vertex -2.041827 43.782609 2.916032
    endloop
  endfacet
  facet normal 0.511026 0.308880 -0.802151
    outer loop
      vertex -1.688041 43.217391 2.923773
      vertex -2.041827 43.782609 2.916032
      vertex -1.779909 43.782609 3.082892
    endloop
  endfacet
  facet normal 0.578994 0.308880 -0.754559
    outer loop
      vertex -1.936441 43.217391 2.765525
      vertex -2.170104 43.217391 2.586229
      vertex -2.288207 43.782609 2.726978
    endloop
  endfacet
  facet normal 0.578994 0.308880 -0.754559
    outer loop
      vertex -1.936441 43.217391 2.765525
      vertex -2.288207 43.782609 2.726978
      vertex -2.041827 43.782609 2.916032
    endloop
  endfacet
  facet normal 0.642555 0.308880 -0.701225
    outer loop
      vertex -2.170104 43.217391 2.586229
      vertex -2.387251 43.217391 2.387251
      vertex -2.517171 43.782609 2.517171
    endloop
  endfacet
  facet normal 0.642555 0.308880 -0.701225
    outer loop
      vertex -2.170104 43.217391 2.586229
      vertex -2.517171 43.782609 2.517171
      vertex -2.288207 43.782609 2.726978
    endloop
  endfacet
  facet normal 0.701225 0.308880 -0.642555
    outer loop
      vertex -2.387251 43.217391 2.387251
      vertex -2.586229 43.217391 2.170104
      vertex -2.726978 43.782609 2.288207
    endloop
  endfacet
  facet normal 0.701225 0.308880 -0.642555
    outer loop
      vertex -2.387251 43.217391 2.387251
      vertex -2.726978 43.782609 2.288207
      vertex -2.517171 43.782609 2.517171
    endloop
  endfacet
  facet normal 0.754559 0.308880 -0.578994
    outer loop
      vertex -2.586229 43.217391 2.170104
      vertex -2.765525 43.217391 1.936441
      vertex -2.916032 43.782609 2.041827
    endloop
  endfacet
  facet normal 0.754559 0.308880 -0.578994
    outer loop
      vertex -2.586229 43.217391 2.170104
      vertex -2.916032 43.782609 2.041827
      vertex -2.726978 43.782609 2.288207
    endloop
  endfacet
  facet normal 0.802151 0.308880 -0.511026
    outer loop
      vertex -2.765525 43.217391 1.936441
      vertex -2.923773 43.217391 1.688041
      vertex -3.082892 43.782609 1.779909
    endloop
  endfacet
  facet normal 0.802151 0.308880 -0.511026
    outer loop
      vertex -2.765525 43.217391 1.936441
      vertex -3.082892 43.782609 1.779909
      vertex -2.916032 43.782609 2.041827
    endloop
  endfacet
  facet normal 0.843637 0.308880 -0.439170
    outer loop
      vertex -2.923773 43.217391 1.688041
      vertex -3.059770 43.217391 1.426794
      vertex -3.226290 43.782609 1.504444
    endloop
  endfacet
  facet normal 0.843637 0.308880 -0.439170
    outer loop
      vertex -2.923773 43.217391 1.688041
      vertex -3.226290 43.782609 1.504444
      vertex -3.082892 43.782609 1.779909
    endloop
  endfacet
  facet normal 0.878703 0.308880 -0.363971
    outer loop
      vertex -3.059770 43.217391 1.426794
      vertex -3.172480 43.217391 1.154688
      vertex -3.345134 43.782609 1.217529
    endloop
  endfacet
  facet normal 0.878703 0.308880 -0.363971
    outer loop
      vertex -3.059770 43.217391 1.426794
      vertex -3.345134 43.782609 1.217529
      vertex -3.226290 43.782609 1.504444
    endloop
  endfacet
  facet normal 0.907081 0.308880 -0.286002
    outer loop
      vertex -3.172480 43.217391 1.154688
      vertex -3.261045 43.217391 0.873794
      vertex -3.438520 43.782609 0.921349
    endloop
  endfacet
  facet normal 0.907081 0.308880 -0.286002
    outer loop
      vertex -3.172480 43.217391 1.154688
      vertex -3.438520 43.782609 0.921349
      vertex -3.345134 43.782609 1.217529
    endloop
  endfacet
  facet normal 0.928556 0.308880 -0.205856
    outer loop
      vertex -3.261045 43.217391 0.873794
      vertex -3.324792 43.217391 0.586251
      vertex -3.505736 43.782609 0.618156
    endloop
  endfacet
  facet normal 0.928556 0.308880 -0.205856
    outer loop
      vertex -3.261045 43.217391 0.873794
      vertex -3.505736 43.782609 0.618156
      vertex -3.438520 43.782609 0.921349
    endloop
  endfacet
  facet normal 0.942964 0.308880 -0.124144
    outer loop
      vertex -3.324792 43.217391 0.586251
      vertex -3.363236 43.217391 0.294245
      vertex -3.546271 43.782609 0.310259
    endloop
  endfacet
  facet normal 0.942964 0.308880 -0.124144
    outer loop
      vertex -3.324792 43.217391 0.586251
      vertex -3.546271 43.782609 0.310259
      vertex -3.505736 43.782609 0.618156
    endloop
  endfacet
  facet normal 0.950196 0.308880 -0.041486
    outer loop
      vertex -3.363236 43.217391 0.294245
      vertex -3.376083 43.217391 0.000000
      vertex -3.559817 43.782609 0.000000
    endloop
  endfacet
  facet normal 0.950196 0.308880 -0.041486
    outer loop
      vertex -3.363236 43.217391 0.294245
      vertex -3.559817 43.782609 0.000000
      vertex -3.546271 43.782609 0.310259
    endloop
  endfacet
  facet normal 0.950196 0.308880 0.041486
    outer loop
      vertex -3.376083 43.217391 0.000000
      vertex -3.363236 43.217391 -0.294245
      vertex -3.546271 43.782609 -0.310259
    endloop
  endfacet
  facet normal 0.950196 0.308880 0.041486
    outer loop
      vertex -3.376083 43.217391 0.000000
      vertex -3.546271 43.782609 -0.310259
      vertex -3.559817 43.782609 0.000000
    endloop
  endfacet
  facet normal 0.942964 0.308880 0.124144
    outer loop
      vertex -3.363236 43.217391 -0.294245
      vertex -3.324792 43.217391 -0.586251
      vertex -3.505736 43.782609 -0.618156
    endloop
  endfacet
  facet normal 0.942964 0.308880 0.124144
    outer loop
      vertex -3.363236 43.217391 -0.294245
      vertex -3.505736 43.782609 -0.618156
      vertex -3.546271 43.782609 -0.310259
    endloop
  endfacet
  facet normal 0.928556 0.308880 0.205856
    outer loop
      vertex -3.324792 43.217391 -0.586251
      vertex -3.261045 43.217391 -0.873794
      vertex -3.438520 43.782609 -0.921349
    endloop
  endfacet
  facet normal 0.928556 0.308880 0.205856
    outer loop
      vertex -3.324792 43.217391 -0.586251
      vertex -3.438520 43.782609 -0.921349
      vertex -3.505736 43.782609 -0.618156
    endloop
  endfacet
  facet normal 0.907081 0.308880 0.286002
    outer loop
      vertex -3.261045 43.217391 -0.873794
      vertex -3.172480 43.217391 -1.154688
      vertex -3.345134 43.782609 -1.217529
    endloop
  endfacet
  facet normal 0.907081 0.308880 0.286002
    outer loop
      vertex -3.261045 43.217391 -0.873794
      vertex -3.345134 43.782609 -1.217529
      vertex -3.438520 43.782609 -0.921349
    endloop
  endfacet
  facet normal 0.878703 0.308880 0.363971
    outer loop
      vertex -3.172480 43.217391 -1.154688
      vertex -3.059770 43.217391 -1.426794
      vertex -3.226290 43.782609 -1.504444
    endloop
  endfacet
  facet normal 0.878703 0.308880 0.363971
    outer loop
      vertex -3.172480 43.217391 -1.154688
      vertex -3.226290 43.782609 -1.504444
      vertex -3.345134 43.782609 -1.217529
    endloop
  endfacet
  facet normal 0.843637 0.308880 0.439170
    outer loop
      vertex -3.059770 43.217391 -1.426794
      vertex -2.923773 43.217391 -1.688041
      vertex -3.082892 43.782609 -1.779909
    endloop
  endfacet
  facet normal 0.843637 0.308880 0.439170
    outer loop
      vertex -3.059770 43.217391 -1.426794
      vertex -3.082892 43.782609 -1.779909
      vertex -3.226290 43.782609 -1.504444
    endloop
  endfacet
  facet normal 0.802151 0.308880 0.511026
    outer loop
      vertex -2.923773 43.217391 -1.688041
      vertex -2.765525 43.217391 -1.936441
      vertex -2.916032 43.782609 -2.041827
    endloop
  endfacet
  facet normal 0.802151 0.308880 0.511026
    outer loop
      vertex -2.923773 43.217391 -1.688041
      vertex -2.916032 43.782609 -2.041827
      vertex -3.082892 43.782609 -1.779909
    endloop
  endfacet
  facet normal 0.754559 0.308880 0.578994
    outer loop
      vertex -2.765525 43.217391 -1.936441
      vertex -2.586229 43.217391 -2.170104
      vertex -2.726978 43.782609 -2.288207
    endloop
  endfacet
  facet normal 0.754559 0.308880 0.578994
    outer loop
      vertex -2.765525 43.217391 -1.936441
      vertex -2.726978 43.782609 -2.288207
      vertex -2.916032 43.782609 -2.041827
    endloop
  endfacet
  facet normal 0.701225 0.308880 0.642555
    outer loop
      vertex -2.586229 43.217391 -2.170104
      vertex -2.387251 43.217391 -2.387251
      vertex -2.517171 43.782609 -2.517171
    endloop
  endfacet
  facet normal 0.701225 0.308880 0.642555
    outer loop
      vertex -2.586229 43.217391 -2.170104
      vertex -2.517171 43.782609 -2.517171
      vertex -2.726978 43.782609 -2.288207
    endloop
  endfacet
  facet normal 0.642555 0.308880 0.701225
    outer loop
      vertex -2.387251 43.217391 -2.387251
      vertex -2.170104 43.217391 -2.586229
      vertex -2.288207 43.782609 -2.726978
    endloop
  endfacet
  facet normal 0.642555 0.308880 0.701225
    outer loop
      vertex -2.387251 43.217391 -2.387251
      vertex -2.288207 43.782609 -2.726978
      vertex -2.517171 43.782609 -2.517171
    endloop
  endfacet
  facet normal 0.578994 0.308880 0.754559
    outer loop
      vertex -2.170104 43.217391 -2.586229
      vertex -1.936441 43.217391 -2.765525
      vertex -2.041827 43.782609 -2.916032
    endloop
  endfacet
  facet normal 0.578994 0.308880 0.754559
    outer loop
      vertex -2.170104 43.217391 -2.586229
      vertex -2.041827 43.782609 -2.916032
      vertex -2.288207 43.782609 -2.726978
    endloop
  endfacet
  facet normal 0.511026 0.308880 0.802151
    outer loop
      vertex -1.936441 43.217391 -2.765525
      vertex -1.688041 43.217391 -2.923773
      vertex -1.779909 43.782609 -3.082892
    endloop
  endfacet
  facet normal 0.511026 0.308880 0.802151
    outer loop
      vertex -1.936441 43.217391 -2.765525
      vertex -1.779909 43.782609 -3.082892
      vertex -2.041827 43.782609 -2.916032
    endloop
  endfacet
  facet normal 0.439170 0.308880 0.843637
    outer loop
      vertex -1.688041 43.217391 -2.923773
      vertex -1.426794 43.217391 -3.059770
      vertex -1.504444 43.782609 -3.226290
    endloop
  endfacet
  facet normal 0.439170 0.308880 0.843637
    outer loop
      vertex -1.688041 43.217391 -2.923773
      vertex -1.504444 43.782609 -3.226290
      vertex -1.779909 43.782609 -3.082892
    endloop
  endfacet
  facet normal 0.363971 0.308880 0.878703
    outer loop
      vertex -1.426794 43.217391 -3.059770
      vertex -1.154688 43.217391 -3.172480
      vertex -1.217529 43.782609 -3.345134
    endloop
  endfacet
  facet normal 0.363971 0.308880 0.878703
    outer loop
      vertex -1.426794 43.217391 -3.059770
      vertex -1.217529 43.782609 -3.345134
      vertex -1.504444 43.782609 -3.226290
    endloop
  endfacet
  facet normal 0.286002 0.308880 0.907081
    outer loop
      vertex -1.154688 43.217391 -3.172480
      vertex -0.873794 43.217391 -3.261045
      vertex -0.921349 43.782609 -3.438520
    endloop
  endfacet
  facet normal 0.286002 0.308880 0.907081
    outer loop
      vertex -1.154688 43.217391 -3.172480
      vertex -0.921349 43.782609 -3.438520
      vertex -1.217529 43.782609 -3.345134
    endloop
  endfacet
  facet normal 0.205856 0.308880 0.928556
    outer loop
      vertex -0.873794 43.217391 -3.261045
      vertex -0.586251 43.217391 -3.324792
      vertex -0.618156 43.782609 -3.505736
    endloop
  endfacet
  facet normal 0.205856 0.308880 0.928556
    outer loop
      vertex -0.873794 43.217391 -3.261045
      vertex -0.618156 43.782609 -3.505736
      vertex -0.921349 43.782609 -3.438520
    endloop
  endfacet
  facet normal 0.124144 0.308880 0.942964
    outer loop
      vertex -0.586251 43.217391 -3.324792
      vertex -0.294245 43.217391 -3.363236
      vertex -0.310259 43.782609 -3.546271
    endloop
  endfacet
  facet normal 0.124144 0.308880 0.942964
    outer loop
      vertex -0.586251 43.217391 -3.324792
      vertex -0.310259 43.782609 -3.546271
      vertex -0.618156 43.782609 -3.505736
    endloop
  endfacet
  facet normal 0.041486 0.308880 0.950196
    outer loop
      vertex -0.294245 43.217391 -3.363236
      vertex -0.000000 43.217391 -3.376083
      vertex -0.000000 43.782609 -3.559817
    endloop
  endfacet
  facet normal 0.041486 0.308880 0.950196
    outer loop
      vertex -0.294245 43.217391 -3.363236
      vertex -0.000000 43.782609 -3.559817
      vertex -0.310259 43.782609 -3.546271
    endloop
  endfacet
  facet normal -0.041486 0.308880 0.950196
    outer loop
      vertex -0.000000 43.217391 -3.376083
      vertex 0.294245 43.217391 -3.363236
      vertex 0.310259 43.782609 -3.546271
    endloop
  endfacet
  facet normal -0.041486 0.308880 0.950196
    outer loop
      vertex -0.000000 43.217391 -3.376083
      vertex 0.310259 43.782609 -3.546271
      vertex -0.000000 43.782609 -3.559817
    endloop
  endfacet
  facet normal -0.124144 0.308880 0.942964
    outer loop
      vertex 0.294245 43.217391 -3.363236
      vertex 0.586251 43.217391 -3.324792
      vertex 0.618156 43.782609 -3.505736
    endloop
  endfacet
  facet normal -0.124144 0.308880 0.942964
    outer loop
      vertex 0.294245 43.217391 -3.363236
      vertex 0.618156 43.782609 -3.505736
      vertex 0.310259 43.782609 -3.546271
    endloop
  endfacet
  facet normal -0.205856 0.308880 0.928556
    outer loop
      vertex 0.586251 43.217391 -3.324792
      vertex 0.873794 43.217391 -3.261045
      vertex 0.921349 43.782609 -3.438520
    endloop
  endfacet
  facet normal -0.205856 0.308880 0.928556
    outer loop
      vertex 0.586251 43.217391 -3.324792
      vertex 0.921349 43.782609 -3.438520
      vertex 0.618156 43.782609 -3.505736
    endloop
  endfacet
  facet normal -0.286002 0.308880 0.907081
    outer loop
      vertex 0.873794 43.217391 -3.261045
      vertex 1.154688 43.217391 -3.172480
      vertex 1.217529 43.782609 -3.345134
    endloop
  endfacet
  facet normal -0.286002 0.308880 0.907081
    outer loop
      vertex 0.873794 43.217391 -3.261045
      vertex 1.217529 43.782609 -3.345134
      vertex 0.921349 43.782609 -3.438520
    endloop
  endfacet
  facet normal -0.363971 0.308880 0.878703
    outer loop
      vertex 1.154688 43.217391 -3.172480
      vertex 1.426794 43.217391 -3.059770
      vertex 1.504444 43.782609 -3.226290
    endloop
  endfacet
  facet normal -0.363971 0.308880 0.878703
    outer loop
      vertex 1.154688 43.217391 -3.172480
      vertex 1.504444 43.782609 -3.226290
      vertex 1.217529 43.782609 -3.345134
    endloop
  endfacet
  facet normal -0.439170 0.308880 0.843637
    outer loop
      vertex 1.426794 43.217391 -3.059770
      vertex 1.688041 43.217391 -2.923773
      vertex 1.779909 43.782609 -3.082892
    endloop
  endfacet
  facet normal -0.439170 0.308880 0.843637
    outer loop
      vertex 1.426794 43.217391 -3.059770
      vertex 1.779909 43.782609 -3.082892
      vertex 1.504444 43.782609 -3.226290
    endloop
  endfacet
  facet normal -0.511026 0.308880 0.802151
    outer loop
      vertex 1.688041 43.217391 -2.923773
      vertex 1.936441 43.217391 -2.765525
      vertex 2.041827 43.782609 -2.916032
    endloop
  endfacet
  facet normal -0.511026 0.308880 0.802151
    outer loop
      vertex 1.688041 43.217391 -2.923773
      vertex 2.041827 43.782609 -2.916032
      vertex 1.779909 43.782609 -3.082892
    endloop
  endfacet
  facet normal -0.578994 0.308880 0.754559
    outer loop
      vertex 1.936441 43.217391 -2.765525
      vertex 2.170104 43.217391 -2.586229
      vertex 2.288207 43.782609 -2.726978
    endloop
  endfacet
  facet normal -0.578994 0.308880 0.754559
    outer loop
      vertex 1.936441 43.217391 -2.765525
      vertex 2.288207 43.782609 -2.726978
      vertex 2.041827 43.782609 -2.916032
    endloop
  endfacet
  facet normal -0.642555 0.308880 0.701225
    outer loop
      vertex 2.170104 43.217391 -2.586229
      vertex 2.387251 43.217391 -2.387251
      vertex 2.517171 43.782609 -2.517171
    endloop
  endfacet
  facet normal -0.642555 0.308880 0.701225
    outer loop
      vertex 2.170104 43.217391 -2.586229
      vertex 2.517171 43.782609 -2.517171
      vertex 2.288207 43.782609 -2.726978
    endloop
  endfacet
  facet normal -0.701225 0.308880 0.642555
    outer loop
      vertex 2.387251 43.217391 -2.387251
      vertex 2.586229 43.217391 -2.170104
      vertex 2.726978 43.782609 -2.288207
    endloop
  endfacet
  facet normal -0.701225 0.308880 0.642555
    outer loop
      vertex 2.387251 43.217391 -2.387251
      vertex 2.726978 43.782609 -2.288207
      vertex 2.517171 43.782609 -2.517171
    endloop
  endfacet
  facet normal -0.754559 0.308880 0.578994
    outer loop
      vertex 2.586229 43.217391 -2.170104
      vertex 2.765525 43.217391 -1.936441
      vertex 2.916032 43.782609 -2.041827
    endloop
  endfacet
  facet normal -0.754559 0.308880 0.578994
    outer loop
      vertex 2.586229 43.217391 -2.170104
      vertex 2.916032 43.782609 -2.041827
      vertex 2.726978 43.782609 -2.288207
    endloop
  endfacet
  facet normal -0.802151 0.308880 0.511026
    outer loop
      vertex 2.765525 43.217391 -1.936441
      vertex 2.923773 43.217391 -1.688041
      vertex 3.082892 43.782609 -1.779909
    endloop
  endfacet
  facet normal -0.802151 0.308880 0.511026
    outer loop
      vertex 2.765525 43.217391 -1.936441
      vertex 3.082892 43.782609 -1.779909
      vertex 2.916032 43.782609 -2.041827
    endloop
  endfacet
  facet normal -0.843637 0.308880 0.439170
    outer loop
      vertex 2.923773 43.217391 -1.688041
      vertex 3.059770 43.217391 -1.426794
      vertex 3.226290 43.782609 -1.504444
    endloop
  endfacet
  facet normal -0.843637 0.308880 0.439170
    outer loop
      vertex 2.923773 43.217391 -1.688041
      vertex 3.226290 43.782609 -1.504444
      vertex 3.082892 43.782609 -1.779909
    endloop
  endfacet
  facet normal -0.878703 0.308880 0.363971
    outer loop
      vertex 3.059770 43.217391 -1.426794
      vertex 3.172480 43.217391 -1.154688
      vertex 3.345134 43.782609 -1.217529
    endloop
  endfacet
  facet normal -0.878703 0.308880 0.363971
    outer loop
      vertex 3.059770 43.217391 -1.426794
      vertex 3.345134 43.782609 -1.217529
      vertex 3.226290 43.782609 -1.504444
    endloop
  endfacet
  facet normal -0.907081 0.308880 0.286002
    outer loop
      vertex 3.172480 43.217391 -1.154688
      vertex 3.261045 43.217391 -0.873794
      vertex 3.438520 43.782609 -0.921349
    endloop
  endfacet
  facet normal -0.907081 0.308880 0.286002
    outer loop
      vertex 3.172480 43.217391 -1.154688
      vertex 3.438520 43.782609 -0.921349
      vertex 3.345134 43.782609 -1.217529
    endloop
  endfacet
  facet normal -0.928556 0.308880 0.205856
    outer loop
      vertex 3.261045 43.217391 -0.873794
      vertex 3.324792 43.217391 -0.586251
      vertex 3.505736 43.782609 -0.618156
    endloop
  endfacet
  facet normal -0.928556 0.308880 0.205856
    outer loop
      vertex 3.261045 43.217391 -0.873794
      vertex 3.505736 43.782609 -0.618156
      vertex 3.438520 43.782609 -0.921349
    endloop
  endfacet
  facet normal -0.942964 0.308880 0.124144
    outer loop
      vertex 3.324792 43.217391 -0.586251
      vertex 3.363236 43.217391 -0.294245
      vertex 3.546271 43.782609 -0.310259
    endloop
  endfacet
  facet normal -0.942964 0.308880 0.124144
    outer loop
      vertex 3.324792 43.217391 -0.586251
      vertex 3.546271 43.782609 -0.310259
      vertex 3.505736 43.782609 -0.618156
    endloop
  endfacet
  facet normal -0.950196 0.308880 0.041486
    outer loop
      vertex 3.363236 43.217391 -0.294245
      vertex 3.376083 43.217391 0.000000
      vertex 3.559817 43.782609 0.000000
    endloop
  endfacet
  facet normal -0.950196 0.308880 0.041486
    outer loop
      vertex 3.363236 43.217391 -0.294245
      vertex 3.559817 43.782609 0.000000
      vertex 3.546271 43.782609 -0.310259
    endloop
  endfacet
  facet normal -0.958497 0.282016 -0.041849
    outer loop
      vertex 3.559817 43.782609 0.000000
      vertex 3.546271 43.782609 0.310259
      vertex 3.711941 44.347826 0.324753
    endloop
  endfacet
  facet normal -0.958497 0.282016 -0.041849
    outer loop
      vertex 3.559817 43.782609 0.000000
      vertex 3.711941 44.347826 0.324753
      vertex 3.726120 44.347826 0.000000
    endloop
  endfacet
  facet normal -0.951202 0.282016 -0.125228
    outer loop
      vertex 3.546271 43.782609 0.310259
      vertex 3.505736 43.782609 0.618156
      vertex 3.669512 44.347826 0.647034
    endloop
  endfacet
  facet normal -0.951202 0.282016 -0.125228
    outer loop
      vertex 3.546271 43.782609 0.310259
      vertex 3.669512 44.347826 0.647034
      vertex 3.711941 44.347826 0.324753
    endloop
  endfacet
  facet normal -0.936668 0.282016 -0.207654
    outer loop
      vertex 3.505736 43.782609 0.618156
      vertex 3.438520 43.782609 0.921349
      vertex 3.599155 44.347826 0.964391
    endloop
  endfacet
  facet normal -0.936668 0.282016 -0.207654
    outer loop
      vertex 3.505736 43.782609 0.618156
      vertex 3.599155 44.347826 0.964391
      vertex 3.669512 44.347826 0.647034
    endloop
  endfacet
  facet normal -0.915005 0.282016 -0.288500
    outer loop
      vertex 3.438520 43.782609 0.921349
      vertex 3.345134 43.782609 1.217529
      vertex 3.501407 44.347826 1.274408
    endloop
  endfacet
  facet normal -0.915005 0.282016 -0.288500
    outer loop
      vertex 3.438520 43.782609 0.921349
      vertex 3.501407 44.347826 1.274408
      vertex 3.599155 44.347826 0.964391
    endloop
  endfacet
  facet normal -0.886379 0.282016 -0.367150
    outer loop
      vertex 3.345134 43.782609 1.217529
      vertex 3.226290 43.782609 1.504444
      vertex 3.377011 44.347826 1.574726
    endloop
  endfacet
  facet normal -0.886379 0.282016 -0.367150
    outer loop
      vertex 3.345134 43.782609 1.217529
      vertex 3.377011 44.347826 1.574726
      vertex 3.501407 44.347826 1.274408
    endloop
  endfacet
  facet normal -0.851007 0.282016 -0.443006
    outer loop
      vertex 3.226290 43.782609 1.504444
      vertex 3.082892 43.782609 1.779909
      vertex 3.226914 44.347826 1.863060
    endloop
  endfacet
  facet normal -0.851007 0.282016 -0.443006
    outer loop
      vertex 3.226290 43.782609 1.504444
      vertex 3.226914 44.347826 1.863060
      vertex 3.377011 44.347826 1.574726
    endloop
  endfacet
  facet normal -0.809158 0.282016 -0.515490
    outer loop
      vertex 3.082892 43.782609 1.779909
      vertex 2.916032 43.782609 2.041827
      vertex 3.052259 44.347826 2.137215
    endloop
  endfacet
  facet normal -0.809158 0.282016 -0.515490
    outer loop
      vertex 3.082892 43.782609 1.779909
      vertex 3.052259 44.347826 2.137215
      vertex 3.226914 44.347826 1.863060
    endloop
  endfacet
  facet normal -0.761151 0.282016 -0.584052
    outer loop
      vertex 2.916032 43.782609 2.041827
      vertex 2.726978 43.782609 2.288207
      vertex 2.854373 44.347826 2.395104
    endloop
  endfacet
  facet normal -0.761151 0.282016 -0.584052
    outer loop
      vertex 2.916032 43.782609 2.041827
      vertex 2.854373 44.347826 2.395104
      vertex 3.052259 44.347826 2.137215
    endloop
  endfacet
  facet normal -0.707351 0.282016 -0.648168
    outer loop
      vertex 2.726978 43.782609 2.288207
      vertex 2.517171 43.782609 2.517171
      vertex 2.634765 44.347826 2.634765
    endloop
  endfacet
  facet normal -0.707351 0.282016 -0.648168
    outer loop
      vertex 2.726978 43.782609 2.288207
      vertex 2.634765 44.347826 2.634765
      vertex 2.854373 44.347826 2.395104
    endloop
  endfacet
  facet normal -0.648168 0.282016 -0.707351
    outer loop
      vertex 2.517171 43.782609 2.517171
      vertex 2.288207 43.782609 2.726978
      vertex 2.395104 44.347826 2.854373
    endloop
  endfacet
  facet normal -0.648168 0.282016 -0.707351
    outer loop
      vertex 2.517171 43.782609 2.517171
      vertex 2.395104 44.347826 2.854373
      vertex 2.634765 44.347826 2.634765
    endloop
  endfacet
  facet normal -0.584052 0.282016 -0.761151
    outer loop
      vertex 2.288207 43.782609 2.726978
      vertex 2.041827 43.782609 2.916032
      vertex 2.137215 44.347826 3.052259
    endloop
  endfacet
  facet normal -0.584052 0.282016 -0.761151
    outer loop
      vertex 2.288207 43.782609 2.726978
      vertex 2.137215 44.347826 3.052259
      vertex 2.395104 44.347826 2.854373
    endloop
  endfacet
  facet normal -0.515490 0.282016 -0.809158
    outer loop
      vertex 2.041827 43.782609 2.916032
      vertex 1.779909 43.782609 3.082892
      vertex 1.863060 44.347826 3.226914
    endloop
  endfacet
  facet normal -0.515490 0.282016 -0.809158
    outer loop
      vertex 2.041827 43.782609 2.916032
      vertex 1.863060 44.347826 3.226914
      vertex 2.137215 44.347826 3.052259
    endloop
  endfacet
  facet normal -0.443006 0.282016 -0.851007
    outer loop
      vertex 1.779909 43.782609 3.082892
      vertex 1.504444 43.782609 3.226290
      vertex 1.574726 44.347826 3.377011
    endloop
  endfacet
  facet normal -0.443006 0.282016 -0.851007
    outer loop
      vertex 1.779909 43.782609 3.082892
      vertex 1.574726 44.347826 3.377011
      vertex 1.863060 44.347826 3.226914
    endloop
  endfacet
  facet normal -0.367150 0.282016 -0.886379
    outer loop
      vertex 1.504444 43.782609 3.226290
      vertex 1.217529 43.782609 3.345134
      vertex 1.274408 44.347826 3.501407
    endloop
  endfacet
  facet normal -0.367150 0.282016 -0.886379
    outer loop
      vertex 1.504444 43.782609 3.226290
      vertex 1.274408 44.347826 3.501407
      vertex 1.574726 44.347826 3.377011
    endloop
  endfacet
  facet normal -0.288500 0.282016 -0.915005
    outer loop
      vertex 1.217529 43.782609 3.345134
      vertex 0.921349 43.782609 3.438520
      vertex 0.964391 44.347826 3.599155
    endloop
  endfacet
  facet normal -0.288500 0.282016 -0.915005
    outer loop
      vertex 1.217529 43.782609 3.345134
      vertex 0.964391 44.347826 3.599155
      vertex 1.274408 44.347826 3.501407
    endloop
  endfacet
  facet normal -0.207654 0.282016 -0.936668
    outer loop
      vertex 0.921349 43.782609 3.438520
      vertex 0.618156 43.782609 3.505736
      vertex 0.647034 44.347826 3.669512
    endloop
  endfacet
  facet normal -0.207654 0.282016 -0.936668
    outer loop
      vertex 0.921349 43.782609 3.438520
      vertex 0.647034 44.347826 3.669512
      vertex 0.964391 44.347826 3.599155
    endloop
  endfacet
  facet normal -0.125228 0.282016 -0.951202
    outer loop
      vertex 0.618156 43.782609 3.505736
      vertex 0.310259 43.782609 3.546271
      vertex 0.324753 44.347826 3.711941
    endloop
  endfacet
  facet normal -0.125228 0.282016 -0.951202
    outer loop
      vertex 0.618156 43.782609 3.505736
      vertex 0.324753 44.347826 3.711941
      vertex 0.647034 44.347826 3.669512
    endloop
  endfacet
  facet normal -0.041849 0.282016 -0.958497
    outer loop
      vertex 0.310259 43.782609 3.546271
      vertex 0.000000 43.782609 3.559817
      vertex 0.000000 44.347826 3.726120
    endloop
  endfacet
  facet normal -0.041849 0.282016 -0.958497
    outer loop
      vertex 0.310259 43.782609 3.546271
      vertex 0.000000 44.347826 3.726120
      vertex 0.324753 44.347826 3.711941
    endloop
  endfacet
  facet normal 0.041849 0.282016 -0.958497
    outer loop
      vertex 0.000000 43.782609 3.559817
      vertex -0.310259 43.782609 3.546271
      vertex -0.324753 44.347826 3.711941
    endloop
  endfacet
  facet normal 0.041849 0.282016 -0.958497
    outer loop
      vertex 0.000000 43.782609 3.559817
      vertex -0.324753 44.347826 3.711941
      vertex 0.000000 44.347826 3.726120
    endloop
  endfacet
  facet normal 0.125228 0.282016 -0.951202
    outer loop
      vertex -0.310259 43.782609 3.546271
      vertex -0.618156 43.782609 3.505736
      vertex -0.647034 44.347826 3.669512
    endloop
  endfacet
  facet normal 0.125228 0.282016 -0.951202
    outer loop
      vertex -0.310259 43.782609 3.546271
      vertex -0.647034 44.347826 3.669512
      vertex -0.324753 44.347826 3.711941
    endloop
  endfacet
  facet normal 0.207654 0.282016 -0.936668
    outer loop
      vertex -0.618156 43.782609 3.505736
      vertex -0.921349 43.782609 3.438520
      vertex -0.964391 44.347826 3.599155
    endloop
  endfacet
  facet normal 0.207654 0.282016 -0.936668
    outer loop
      vertex -0.618156 43.782609 3.505736
      vertex -0.964391 44.347826 3.599155
      vertex -0.647034 44.347826 3.669512
    endloop
  endfacet
  facet normal 0.288500 0.282016 -0.915005
    outer loop
      vertex -0.921349 43.782609 3.438520
      vertex -1.217529 43.782609 3.345134
      vertex -1.274408 44.347826 3.501407
    endloop
  endfacet
  facet normal 0.288500 0.282016 -0.915005
    outer loop
      vertex -0.921349 43.782609 3.438520
      vertex -1.274408 44.347826 3.501407
      vertex -0.964391 44.347826 3.599155
    endloop
  endfacet
  facet normal 0.367150 0.282016 -0.886379
    outer loop
      vertex -1.217529 43.782609 3.345134
      vertex -1.504444 43.782609 3.226290
      vertex -1.574726 44.347826 3.377011
    endloop
  endfacet
  facet normal 0.367150 0.282016 -0.886379
    outer loop
      vertex -1.217529 43.782609 3.345134
      vertex -1.574726 44.347826 3.377011
      vertex -1.274408 44.347826 3.501407
    endloop
  endfacet
  facet normal 0.443006 0.282016 -0.851007
    outer loop
      vertex -1.504444 43.782609 3.226290
      vertex -1.779909 43.782609 3.082892
      vertex -1.863060 44.347826 3.226914
    endloop
  endfacet
  facet normal 0.443006 0.282016 -0.851007
    outer loop
      vertex -1.504444 43.782609 3.226290
      vertex -1.863060 44.347826 3.226914
      vertex -1.574726 44.347826 3.377011
    endloop
  endfacet
  facet normal 0.515490 0.282016 -0.809158
    outer loop
      vertex -1.779909 43.782609 3.082892
      vertex -2.041827 43.782609 2.916032
      vertex -2.137215 44.347826 3.052259
    endloop
  endfacet
  facet normal 0.515490 0.282016 -0.809158
    outer loop
      vertex -1.779909 43.782609 3.082892
      vertex -2.137215 44.347826 3.052259
      vertex -1.863060 44.347826 3.226914
    endloop
  endfacet
  facet normal 0.584052 0.282016 -0.761151
    outer loop
      vertex -2.041827 43.782609 2.916032
      vertex -2.288207 43.782609 2.726978
      vertex -2.395104 44.347826 2.854373
    endloop
  endfacet
  facet normal 0.584052 0.282016 -0.761151
    outer loop
      vertex -2.041827 43.782609 2.916032
      vertex -2.395104 44.347826 2.854373
      vertex -2.137215 44.347826 3.052259
    endloop
  endfacet
  facet normal 0.648168 0.282016 -0.707351
    outer loop
      vertex -2.288207 43.782609 2.726978
      vertex -2.517171 43.782609 2.517171
      vertex -2.634765 44.347826 2.634765
    endloop
  endfacet
  facet normal 0.648168 0.282016 -0.707351
    outer loop
      vertex -2.288207 43.782609 2.726978
      vertex -2.634765 44.347826 2.634765
      vertex -2.395104 44.347826 2.854373
    endloop
  endfacet
  facet normal 0.707351 0.282016 -0.648168
    outer loop
      vertex -2.517171 43.782609 2.517171
      vertex -2.726978 43.782609 2.288207
      vertex -2.854373 44.347826 2.395104
    endloop
  endfacet
  facet normal 0.707351 0.282016 -0.648168
    outer loop
      vertex -2.517171 43.782609 2.517171
      vertex -2.854373 44.347826 2.395104
      vertex -2.634765 44.347826 2.634765
    endloop
  endfacet
  facet normal 0.761151 0.282016 -0.584052
    outer loop
      vertex -2.726978 43.782609 2.288207
      vertex -2.916032 43.782609 2.041827
      vertex -3.052259 44.347826 2.137215
    endloop
  endfacet
  facet normal 0.761151 0.282016 -0.584052
    outer loop
      vertex -2.726978 43.782609 2.288207
      vertex -3.052259 44.347826 2.137215
      vertex -2.854373 44.347826 2.395104
    endloop
  endfacet
  facet normal 0.809158 0.282016 -0.515490
    outer loop
      vertex -2.916032 43.782609 2.041827
      vertex -3.082892 43.782609 1.779909
      vertex -3.226914 44.347826 1.863060
    endloop
  endfacet
  facet normal 0.809158 0.282016 -0.515490
    outer loop
      vertex -2.916032 43.782609 2.041827
      vertex -3.226914 44.347826 1.863060
      vertex -3.052259 44.347826 2.137215
    endloop
  endfacet
  facet normal 0.851007 0.282016 -0.443006
    outer loop
      vertex -3.082892 43.782609 1.779909
      vertex -3.226290 43.782609 1.504444
      vertex -3.377011 44.347826 1.574726
    endloop
  endfacet
  facet normal 0.851007 0.282016 -0.443006
    outer loop
      vertex -3.082892 43.782609 1.779909
      vertex -3.377011 44.347826 1.574726
      vertex -3.226914 44.347826 1.863060
    endloop
  endfacet
  facet normal 0.886379 0.282016 -0.367150
    outer loop
      vertex -3.226290 43.782609 1.504444
      vertex -3.345134 43.782609 1.217529
      vertex -3.501407 44.347826 1.274408
    endloop
  endfacet
  facet normal 0.886379 0.282016 -0.367150
    outer loop
      vertex -3.226290 43.782609 1.504444
      vertex -3.501407 44.347826 1.274408
      vertex -3.377011 44.347826 1.574726
    endloop
  endfacet
  facet normal 0.915005 0.282016 -0.288500
    outer loop
      vertex -3.345134 43.782609 1.217529
      vertex -3.438520 43.782609 0.921349
      vertex -3.599155 44.347826 0.964391
    endloop
  endfacet
  facet normal 0.915005 0.282016 -0.288500
    outer loop
      vertex -3.345134 43.782609 1.217529
      vertex -3.599155 44.347826 0.964391
      vertex -3.501407 44.347826 1.274408
    endloop
  endfacet
  facet normal 0.936668 0.282016 -0.207654
    outer loop
      vertex -3.438520 43.782609 0.921349
      vertex -3.505736 43.782609 0.618156
      vertex -3.669512 44.347826 0.647034
    endloop
  endfacet
  facet normal 0.936668 0.282016 -0.207654
    outer loop
      vertex -3.438520 43.782609 0.921349
      vertex -3.669512 44.347826 0.647034
      vertex -3.599155 44.347826 0.964391
    endloop
  endfacet
  facet normal 0.951202 0.282016 -0.125228
    outer loop
      vertex -3.505736 43.782609 0.618156
      vertex -3.546271 43.782609 0.310259
      vertex -3.711941 44.347826 0.324753
    endloop
  endfacet
  facet normal 0.951202 0.282016 -0.125228
    outer loop
      vertex -3.505736 43.782609 0.618156
      vertex -3.711941 44.347826 0.324753
      vertex -3.669512 44.347826 0.647034
    endloop
  endfacet
  facet normal 0.958497 0.282016 -0.041849
    outer loop
      vertex -3.546271 43.782609 0.310259
      vertex -3.559817 43.782609 0.000000
      vertex -3.726120 44.347826 0.000000
    endloop
  endfacet
  facet normal 0.958497 0.282016 -0.041849
    outer loop
      vertex -3.546271 43.782609 0.310259
      vertex -3.726120 44.347826 0.000000
      vertex -3.711941 44.347826 0.324753
    endloop
  endfacet
  facet normal 0.958497 0.282016 0.041849
    outer loop
      vertex -3.559817 43.782609 0.000000
      vertex -3.546271 43.782609 -0.310259
      vertex -3.711941 44.347826 -0.324753
    endloop
  endfacet
  facet normal 0.958497 0.282016 0.041849
    outer loop
      vertex -3.559817 43.782609 0.000000
      vertex -3.711941 44.347826 -0.324753
      vertex -3.726120 44.347826 0.000000
    endloop
  endfacet
  facet normal 0.951202 0.282016 0.125228
    outer loop
      vertex -3.546271 43.782609 -0.310259
      vertex -3.505736 43.782609 -0.618156
      vertex -3.669512 44.347826 -0.647034
    endloop
  endfacet
  facet normal 0.951202 0.282016 0.125228
    outer loop
      vertex -3.546271 43.782609 -0.310259
      vertex -3.669512 44.347826 -0.647034
      vertex -3.711941 44.347826 -0.324753
    endloop
  endfacet
  facet normal 0.936668 0.282016 0.207654
    outer loop
      vertex -3.505736 43.782609 -0.618156
      vertex -3.438520 43.782609 -0.921349
      vertex -3.599155 44.347826 -0.964391
    endloop
  endfacet
  facet normal 0.936668 0.282016 0.207654
    outer loop
      vertex -3.505736 43.782609 -0.618156
      vertex -3.599155 44.347826 -0.964391
      vertex -3.669512 44.347826 -0.647034
    endloop
  endfacet
  facet normal 0.915005 0.282016 0.288500
    outer loop
      vertex -3.438520 43.782609 -0.921349
      vertex -3.345134 43.782609 -1.217529
      vertex -3.501407 44.347826 -1.274408
    endloop
  endfacet
  facet normal 0.915005 0.282016 0.288500
    outer loop
      vertex -3.438520 43.782609 -0.921349
      vertex -3.501407 44.347826 -1.274408
      vertex -3.599155 44.347826 -0.964391
    endloop
  endfacet
  facet normal 0.886379 0.282016 0.367150
    outer loop
      vertex -3.345134 43.782609 -1.217529
      vertex -3.226290 43.782609 -1.504444
      vertex -3.377011 44.347826 -1.574726
    endloop
  endfacet
  facet normal 0.886379 0.282016 0.367150
    outer loop
      vertex -3.345134 43.782609 -1.217529
      vertex -3.377011 44.347826 -1.574726
      vertex -3.501407 44.347826 -1.274408
    endloop
  endfacet
  facet normal 0.851007 0.282016 0.443006
    outer loop
      vertex -3.226290 43.782609 -1.504444
      vertex -3.082892 43.782609 -1.779909
      vertex -3.226914 44.347826 -1.863060
    endloop
  endfacet
  facet normal 0.851007 0.282016 0.443006
    outer loop
      vertex -3.226290 43.782609 -1.504444
      vertex -3.226914 44.347826 -1.863060
      vertex -3.377011 44.347826 -1.574726
    endloop
  endfacet
  facet normal 0.809158 0.282016 0.515490
    outer loop
      vertex -3.082892 43.782609 -1.779909
      vertex -2.916032 43.782609 -2.041827
      vertex -3.052259 44.347826 -2.137215
    endloop
  endfacet
  facet normal 0.809158 0.282016 0.515490
    outer loop
      vertex -3.082892 43.782609 -1.779909
      vertex -3.052259 44.347826 -2.137215
      vertex -3.226914 44.347826 -1.863060
    endloop
  endfacet
  facet normal 0.761151 0.282016 0.584052
    outer loop
      vertex -2.916032 43.782609 -2.041827
      vertex -2.726978 43.782609 -2.288207
      vertex -2.854373 44.347826 -2.395104
    endloop
  endfacet
  facet normal 0.761151 0.282016 0.584052
    outer loop
      vertex -2.916032 43.782609 -2.041827
      vertex -2.854373 44.347826 -2.395104
      vertex -3.052259 44.347826 -2.137215
    endloop
  endfacet
  facet normal 0.707351 0.282016 0.648168
    outer loop
      vertex -2.726978 43.782609 -2.288207
      vertex -2.517171 43.782609 -2.517171
      vertex -2.634765 44.347826 -2.634765
    endloop
  endfacet
  facet normal 0.707351 0.282016 0.648168
    outer loop
      vertex -2.726978 43.782609 -2.288207
      vertex -2.634765 44.347826 -2.634765
      vertex -2.854373 44.347826 -2.395104
    endloop
  endfacet
  facet normal 0.648168 0.282016 0.707351
    outer loop
      vertex -2.517171 43.782609 -2.517171
      vertex -2.288207 43.782609 -2.726978
      vertex -2.395104 44.347826 -2.854373
    endloop
  endfacet
  facet normal 0.648168 0.282016 0.707351
    outer loop
      vertex -2.517171 43.782609 -2.517171
      vertex -2.395104 44.347826 -2.854373
      vertex -2.634765 44.347826 -2.634765
    endloop
  endfacet
  facet normal 0.584052 0.282016 0.761151
    outer loop
      vertex -2.288207 43.782609 -2.726978
      vertex -2.041827 43.782609 -2.916032
      vertex -2.137215 44.347826 -3.052259
    endloop
  endfacet
  facet normal 0.584052 0.282016 0.761151
    outer loop
      vertex -2.288207 43.782609 -2.726978
      vertex -2.137215 44.347826 -3.052259
      vertex -2.395104 44.347826 -2.854373
    endloop
  endfacet
  facet normal 0.515490 0.282016 0.809158
    outer loop
      vertex -2.041827 43.782609 -2.916032
      vertex -1.779909 43.782609 -3.082892
      vertex -1.863060 44.347826 -3.226914
    endloop
  endfacet
  facet normal 0.515490 0.282016 0.809158
    outer loop
      vertex -2.041827 43.782609 -2.916032
      vertex -1.863060 44.347826 -3.226914
      vertex -2.137215 44.347826 -3.052259
    endloop
  endfacet
  facet normal 0.443006 0.282016 0.851007
    outer loop
      vertex -1.779909 43.782609 -3.082892
      vertex -1.504444 43.782609 -3.226290
      vertex -1.574726 44.347826 -3.377011
    endloop
  endfacet
  facet normal 0.443006 0.282016 0.851007
    outer loop
      vertex -1.779909 43.782609 -3.082892
      vertex -1.574726 44.347826 -3.377011
      vertex -1.863060 44.347826 -3.226914
    endloop
  endfacet
  facet normal 0.367150 0.282016 0.886379
    outer loop
      vertex -1.504444 43.782609 -3.226290
      vertex -1.217529 43.782609 -3.345134
      vertex -1.274408 44.347826 -3.501407
    endloop
  endfacet
  facet normal 0.367150 0.282016 0.886379
    outer loop
      vertex -1.504444 43.782609 -3.226290
      vertex -1.274408 44.347826 -3.501407
      vertex -1.574726 44.347826 -3.377011
    endloop
  endfacet
  facet normal 0.288500 0.282016 0.915005
    outer loop
      vertex -1.217529 43.782609 -3.345134
      vertex -0.921349 43.782609 -3.438520
      vertex -0.964391 44.347826 -3.599155
    endloop
  endfacet
  facet normal 0.288500 0.282016 0.915005
    outer loop
      vertex -1.217529 43.782609 -3.345134
      vertex -0.964391 44.347826 -3.599155
      vertex -1.274408 44.347826 -3.501407
    endloop
  endfacet
  facet normal 0.207654 0.282016 0.936668
    outer loop
      vertex -0.921349 43.782609 -3.438520
      vertex -0.618156 43.782609 -3.505736
      vertex -0.647034 44.347826 -3.669512
    endloop
  endfacet
  facet normal 0.207654 0.282016 0.936668
    outer loop
      vertex -0.921349 43.782609 -3.438520
      vertex -0.647034 44.347826 -3.669512
      vertex -0.964391 44.347826 -3.599155
    endloop
  endfacet
  facet normal 0.125228 0.282016 0.951202
    outer loop
      vertex -0.618156 43.782609 -3.505736
      vertex -0.310259 43.782609 -3.546271
      vertex -0.324753 44.347826 -3.711941
    endloop
  endfacet
  facet normal 0.125228 0.282016 0.951202
    outer loop
      vertex -0.618156 43.782609 -3.505736
      vertex -0.324753 44.347826 -3.711941
      vertex -0.647034 44.347826 -3.669512
    endloop
  endfacet
  facet normal 0.041849 0.282016 0.958497
    outer loop
      vertex -0.310259 43.782609 -3.546271
      vertex -0.000000 43.782609 -3.559817
      vertex -0.000000 44.347826 -3.726120
    endloop
  endfacet
  facet normal 0.041849 0.282016 0.958497
    outer loop
      vertex -0.310259 43.782609 -3.546271
      vertex -0.000000 44.347826 -3.726120
      vertex -0.324753 44.347826 -3.711941
    endloop
  endfacet
  facet normal -0.041849 0.282016 0.958497
    outer loop
      vertex -0.000000 43.782609 -3.559817
      vertex 0.310259 43.782609 -3.546271
      vertex 0.324753 44.347826 -3.711941
    endloop
  endfacet
  facet normal -0.041849 0.282016 0.958497
    outer loop
      vertex -0.000000 43.782609 -3.559817
      vertex 0.324753 44.347826 -3.711941
      vertex -0.000000 44.347826 -3.726120
    endloop
  endfacet
  facet normal -0.125228 0.282016 0.951202
    outer loop
      vertex 0.310259 43.782609 -3.546271
      vertex 0.618156 43.782609 -3.505736
      vertex 0.647034 44.347826 -3.669512
    endloop
  endfacet
  facet normal -0.125228 0.282016 0.951202
    outer loop
      vertex 0.310259 43.782609 -3.546271
      vertex 0.647034 44.347826 -3.669512
      vertex 0.324753 44.347826 -3.711941
    endloop
  endfacet
  facet normal -0.207654 0.282016 0.936668
    outer loop
      vertex 0.618156 43.782609 -3.505736
      vertex 0.921349 43.782609 -3.438520
      vertex 0.964391 44.347826 -3.599155
    endloop
  endfacet
  facet normal -0.207654 0.282016 0.936668
    outer loop
      vertex 0.618156 43.782609 -3.505736
      vertex 0.964391 44.347826 -3.599155
      vertex 0.647034 44.347826 -3.669512
    endloop
  endfacet
  facet normal -0.288500 0.282016 0.915005
    outer loop
      vertex 0.921349 43.782609 -3.438520
      vertex 1.217529 43.782609 -3.345134
      vertex 1.274408 44.347826 -3.501407
    endloop
  endfacet
  facet normal -0.288500 0.282016 0.915005
    outer loop
      vertex 0.921349 43.782609 -3.438520
      vertex 1.274408 44.347826 -3.501407
      vertex 0.964391 44.347826 -3.599155
    endloop
  endfacet
  facet normal -0.367150 0.282016 0.886379
    outer loop
      vertex 1.217529 43.782609 -3.345134
      vertex 1.504444 43.782609 -3.226290
      vertex 1.574726 44.347826 -3.377011
    endloop
  endfacet
  facet normal -0.367150 0.282016 0.886379
    outer loop
      vertex 1.217529 43.782609 -3.345134
      vertex 1.574726 44.347826 -3.377011
      vertex 1.274408 44.347826 -3.501407
    endloop
  endfacet
  facet normal -0.443006 0.282016 0.851007
    outer loop
      vertex 1.504444 43.782609 -3.226290
      vertex 1.779909 43.782609 -3.082892
      vertex 1.863060 44.347826 -3.226914
    endloop
  endfacet
  facet normal -0.443006 0.282016 0.851007
    outer loop
      vertex 1.504444 43.782609 -3.226290
      vertex 1.863060 44.347826 -3.226914
      vertex 1.574726 44.347826 -3.377011
    endloop
  endfacet
  facet normal -0.515490 0.282016 0.809158
    outer loop
      vertex 1.779909 43.782609 -3.082892
      vertex 2.041827 43.782609 -2.916032
      vertex 2.137215 44.347826 -3.052259
    endloop
  endfacet
  facet normal -0.515490 0.282016 0.809158
    outer loop
      vertex 1.779909 43.782609 -3.082892
      vertex 2.137215 44.347826 -3.052259
      vertex 1.863060 44.347826 -3.226914
    endloop
  endfacet
  facet normal -0.584052 0.282016 0.761151
    outer loop
      vertex 2.041827 43.782609 -2.916032
      vertex 2.288207 43.782609 -2.726978
      vertex 2.395104 44.347826 -2.854373
    endloop
  endfacet
  facet normal -0.584052 0.282016 0.761151
    outer loop
      vertex 2.041827 43.782609 -2.916032
      vertex 2.395104 44.347826 -2.854373
      vertex 2.137215 44.347826 -3.052259
    endloop
  endfacet
  facet normal -0.648168 0.282016 0.707351
    outer loop
      vertex 2.288207 43.782609 -2.726978
      vertex 2.517171 43.782609 -2.517171
      vertex 2.634765 44.347826 -2.634765
    endloop
  endfacet
  facet normal -0.648168 0.282016 0.707351
    outer loop
      vertex 2.288207 43.782609 -2.726978
      vertex 2.634765 44.347826 -2.634765
      vertex 2.395104 44.347826 -2.854373
    endloop
  endfacet
  facet normal -0.707351 0.282016 0.648168
    outer loop
      vertex 2.517171 43.782609 -2.517171
      vertex 2.726978 43.782609 -2.288207
      vertex 2.854373 44.347826 -2.395104
    endloop
  endfacet
  facet normal -0.707351 0.282016 0.648168
    outer loop
      vertex 2.517171 43.782609 -2.517171
      vertex 2.854373 44.347826 -2.395104
      vertex 2.634765 44.347826 -2.634765
    endloop
  endfacet
  facet normal -0.761151 0.282016 0.584052
    outer loop
      vertex 2.726978 43.782609 -2.288207
      vertex 2.916032 43.782609 -2.041827
      vertex 3.052259 44.347826 -2.137215
    endloop
  endfacet
  facet normal -0.761151 0.282016 0.584052
    outer loop
      vertex 2.726978 43.782609 -2.288207
      vertex 3.052259 44.347826 -2.137215
      vertex 2.854373 44.347826 -2.395104
    endloop
  endfacet
  facet normal -0.809158 0.282016 0.515490
    outer loop
      vertex 2.916032 43.782609 -2.041827
      vertex 3.082892 43.782609 -1.779909
      vertex 3.226914 44.347826 -1.863060
    endloop
  endfacet
  facet normal -0.809158 0.282016 0.515490
    outer loop
      vertex 2.916032 43.782609 -2.041827
      vertex 3.226914 44.347826 -1.863060
      vertex 3.052259 44.347826 -2.137215
    endloop
  endfacet
  facet normal -0.851007 0.282016 0.443006
    outer loop
      vertex 3.082892 43.782609 -1.779909
      vertex 3.226290 43.782609 -1.504444
      vertex 3.377011 44.347826 -1.574726
    endloop
  endfacet
  facet normal -0.851007 0.282016 0.443006
    outer loop
      vertex 3.082892 43.782609 -1.779909
      vertex 3.377011 44.347826 -1.574726
      vertex 3.226914 44.347826 -1.863060
    endloop
  endfacet
  facet normal -0.886379 0.282016 0.367150
    outer loop
      vertex 3.226290 43.782609 -1.504444
      vertex 3.345134 43.782609 -1.217529
      vertex 3.501407 44.347826 -1.274408
    endloop
  endfacet
  facet normal -0.886379 0.282016 0.367150
    outer loop
      vertex 3.226290 43.782609 -1.504444
      vertex 3.501407 44.347826 -1.274408
      vertex 3.377011 44.347826 -1.574726
    endloop
  endfacet
  facet normal -0.915005 0.282016 0.288500
    outer loop
      vertex 3.345134 43.782609 -1.217529
      vertex 3.438520 43.782609 -0.921349
      vertex 3.599155 44.347826 -0.964391
    endloop
  endfacet
  facet normal -0.915005 0.282016 0.288500
    outer loop
      vertex 3.345134 43.782609 -1.217529
      vertex 3.599155 44.347826 -0.964391
      vertex 3.501407 44.347826 -1.274408
    endloop
  endfacet
  facet normal -0.936668 0.282016 0.207654
    outer loop
      vertex 3.438520 43.782609 -0.921349
      vertex 3.505736 43.782609 -0.618156
      vertex 3.669512 44.347826 -0.647034
    endloop
  endfacet
  facet normal -0.936668 0.282016 0.207654
    outer loop
      vertex 3.438520 43.782609 -0.921349
      vertex 3.669512 44.347826 -0.647034
      vertex 3.599155 44.347826 -0.964391
    endloop
  endfacet
  facet normal -0.951202 0.282016 0.125228
    outer loop
      vertex 3.505736 43.782609 -0.618156
      vertex 3.546271 43.782609 -0.310259
      vertex 3.711941 44.347826 -0.324753
    endloop
  endfacet
  facet normal -0.951202 0.282016 0.125228
    outer loop
      vertex 3.505736 43.782609 -0.618156
      vertex 3.711941 44.347826 -0.324753
      vertex 3.669512 44.347826 -0.647034
    endloop
  endfacet
  facet normal -0.958497 0.282016 0.041849
    outer loop
      vertex 3.546271 43.782609 -0.310259
      vertex 3.559817 43.782609 0.000000
      vertex 3.726120 44.347826 0.000000
    endloop
  endfacet
  facet normal -0.958497 0.282016 0.041849
    outer loop
      vertex 3.546271 43.782609 -0.310259
      vertex 3.726120 44.347826 0.000000
      vertex 3.711941 44.347826 -0.324753
    endloop
  endfacet
  facet normal -0.965980 0.255153 -0.042176
    outer loop
      vertex 3.726120 44.347826 0.000000
      vertex 3.711941 44.347826 0.324753
      vertex 3.860669 44.913043 0.337765
    endloop
  endfacet
  facet normal -0.965980 0.255153 -0.042176
    outer loop
      vertex 3.726120 44.347826 0.000000
      vertex 3.860669 44.913043 0.337765
      vertex 3.875416 44.913043 0.000000
    endloop
  endfacet
  facet normal -0.958629 0.255153 -0.126206
    outer loop
      vertex 3.711941 44.347826 0.324753
      vertex 3.669512 44.347826 0.647034
      vertex 3.816540 44.913043 0.672959
    endloop
  endfacet
  facet normal -0.958629 0.255153 -0.126206
    outer loop
      vertex 3.711941 44.347826 0.324753
      vertex 3.816540 44.913043 0.672959
      vertex 3.860669 44.913043 0.337765
    endloop
  endfacet
  facet normal -0.943981 0.255153 -0.209276
    outer loop
      vertex 3.669512 44.347826 0.647034
      vertex 3.599155 44.347826 0.964391
      vertex 3.743364 44.913043 1.003031
    endloop
  endfacet
  facet normal -0.943981 0.255153 -0.209276
    outer loop
      vertex 3.669512 44.347826 0.647034
      vertex 3.743364 44.913043 1.003031
      vertex 3.816540 44.913043 0.672959
    endloop
  endfacet
  facet normal -0.922150 0.255153 -0.290753
    outer loop
      vertex 3.599155 44.347826 0.964391
      vertex 3.501407 44.347826 1.274408
      vertex 3.641700 44.913043 1.325470
    endloop
  endfacet
  facet normal -0.922150 0.255153 -0.290753
    outer loop
      vertex 3.599155 44.347826 0.964391
      vertex 3.641700 44.913043 1.325470
      vertex 3.743364 44.913043 1.003031
    endloop
  endfacet
  facet normal -0.893300 0.255153 -0.370017
    outer loop
      vertex 3.501407 44.347826 1.274408
      vertex 3.377011 44.347826 1.574726
      vertex 3.512320 44.913043 1.637822
    endloop
  endfacet
  facet normal -0.893300 0.255153 -0.370017
    outer loop
      vertex 3.501407 44.347826 1.274408
      vertex 3.512320 44.913043 1.637822
      vertex 3.641700 44.913043 1.325470
    endloop
  endfacet
  facet normal -0.857651 0.255153 -0.446465
    outer loop
      vertex 3.377011 44.347826 1.574726
      vertex 3.226914 44.347826 1.863060
      vertex 3.356209 44.913043 1.937708
    endloop
  endfacet
  facet normal -0.857651 0.255153 -0.446465
    outer loop
      vertex 3.377011 44.347826 1.574726
      vertex 3.356209 44.913043 1.937708
      vertex 3.512320 44.913043 1.637822
    endloop
  endfacet
  facet normal -0.815476 0.255153 -0.519515
    outer loop
      vertex 3.226914 44.347826 1.863060
      vertex 3.052259 44.347826 2.137215
      vertex 3.174555 44.913043 2.222847
    endloop
  endfacet
  facet normal -0.815476 0.255153 -0.519515
    outer loop
      vertex 3.226914 44.347826 1.863060
      vertex 3.174555 44.913043 2.222847
      vertex 3.356209 44.913043 1.937708
    endloop
  endfacet
  facet normal -0.767094 0.255153 -0.588612
    outer loop
      vertex 3.052259 44.347826 2.137215
      vertex 2.854373 44.347826 2.395104
      vertex 2.968741 44.913043 2.491069
    endloop
  endfacet
  facet normal -0.767094 0.255153 -0.588612
    outer loop
      vertex 3.052259 44.347826 2.137215
      vertex 2.968741 44.913043 2.491069
      vertex 3.174555 44.913043 2.222847
    endloop
  endfacet
  facet normal -0.712874 0.255153 -0.653229
    outer loop
      vertex 2.854373 44.347826 2.395104
      vertex 2.634765 44.347826 2.634765
      vertex 2.740333 44.913043 2.740333
    endloop
  endfacet
  facet normal -0.712874 0.255153 -0.653229
    outer loop
      vertex 2.854373 44.347826 2.395104
      vertex 2.740333 44.913043 2.740333
      vertex 2.968741 44.913043 2.491069
    endloop
  endfacet
  facet normal -0.653229 0.255153 -0.712874
    outer loop
      vertex 2.634765 44.347826 2.634765
      vertex 2.395104 44.347826 2.854373
      vertex 2.491069 44.913043 2.968741
    endloop
  endfacet
  facet normal -0.653229 0.255153 -0.712874
    outer loop
      vertex 2.634765 44.347826 2.634765
      vertex 2.491069 44.913043 2.968741
      vertex 2.740333 44.913043 2.740333
    endloop
  endfacet
  facet normal -0.588612 0.255153 -0.767094
    outer loop
      vertex 2.395104 44.347826 2.854373
      vertex 2.137215 44.347826 3.052259
      vertex 2.222847 44.913043 3.174555
    endloop
  endfacet
  facet normal -0.588612 0.255153 -0.767094
    outer loop
      vertex 2.395104 44.347826 2.854373
      vertex 2.222847 44.913043 3.174555
      vertex 2.491069 44.913043 2.968741
    endloop
  endfacet
  facet normal -0.519515 0.255153 -0.815476
    outer loop
      vertex 2.137215 44.347826 3.052259
      vertex 1.863060 44.347826 3.226914
      vertex 1.937708 44.913043 3.356209
    endloop
  endfacet
  facet normal -0.519515 0.255153 -0.815476
    outer loop
      vertex 2.137215 44.347826 3.052259
      vertex 1.937708 44.913043 3.356209
      vertex 2.222847 44.913043 3.174555
    endloop
  endfacet
  facet normal -0.446465 0.255153 -0.857651
    outer loop
      vertex 1.863060 44.347826 3.226914
      vertex 1.574726 44.347826 3.377011
      vertex 1.637822 44.913043 3.512320
    endloop
  endfacet
  facet normal -0.446465 0.255153 -0.857651
    outer loop
      vertex 1.863060 44.347826 3.226914
      vertex 1.637822 44.913043 3.512320
      vertex 1.937708 44.913043 3.356209
    endloop
  endfacet
  facet normal -0.370017 0.255153 -0.893300
    outer loop
      vertex 1.574726 44.347826 3.377011
      vertex 1.274408 44.347826 3.501407
      vertex 1.325470 44.913043 3.641700
    endloop
  endfacet
  facet normal -0.370017 0.255153 -0.893300
    outer loop
      vertex 1.574726 44.347826 3.377011
      vertex 1.325470 44.913043 3.641700
      vertex 1.637822 44.913043 3.512320
    endloop
  endfacet
  facet normal -0.290753 0.255153 -0.922150
    outer loop
      vertex 1.274408 44.347826 3.501407
      vertex 0.964391 44.347826 3.599155
      vertex 1.003031 44.913043 3.743364
    endloop
  endfacet
  facet normal -0.290753 0.255153 -0.922150
    outer loop
      vertex 1.274408 44.347826 3.501407
      vertex 1.003031 44.913043 3.743364
      vertex 1.325470 44.913043 3.641700
    endloop
  endfacet
  facet normal -0.209276 0.255153 -0.943981
    outer loop
      vertex 0.964391 44.347826 3.599155
      vertex 0.647034 44.347826 3.669512
      vertex 0.672959 44.913043 3.816540
    endloop
  endfacet
  facet normal -0.209276 0.255153 -0.943981
    outer loop
      vertex 0.964391 44.347826 3.599155
      vertex 0.672959 44.913043 3.816540
      vertex 1.003031 44.913043 3.743364
    endloop
  endfacet
  facet normal -0.126206 0.255153 -0.958629
    outer loop
      vertex 0.647034 44.347826 3.669512
      vertex 0.324753 44.347826 3.711941
      vertex 0.337765 44.913043 3.860669
    endloop
  endfacet
  facet normal -0.126206 0.255153 -0.958629
    outer loop
      vertex 0.647034 44.347826 3.669512
      vertex 0.337765 44.913043 3.860669
      vertex 0.672959 44.913043 3.816540
    endloop
  endfacet
  facet normal -0.042176 0.255153 -0.965980
    outer loop
      vertex 0.324753 44.347826 3.711941
      vertex 0.000000 44.347826 3.726120
      vertex 0.000000 44.913043 3.875416
    endloop
  endfacet
  facet normal -0.042176 0.255153 -0.965980
    outer loop
      vertex 0.324753 44.347826 3.711941
      vertex 0.000000 44.913043 3.875416
      vertex 0.337765 44.913043 3.860669
    endloop
  endfacet
  facet normal 0.042176 0.255153 -0.965980
    outer loop
      vertex 0.000000 44.347826 3.726120
      vertex -0.324753 44.347826 3.711941
      vertex -0.337765 44.913043 3.860669
    endloop
  endfacet
  facet normal 0.042176 0.255153 -0.965980
    outer loop
      vertex 0.000000 44.347826 3.726120
      vertex -0.337765 44.913043 3.860669
      vertex 0.000000 44.913043 3.875416
    endloop
  endfacet
  facet normal 0.126206 0.255153 -0.958629
    outer loop
      vertex -0.324753 44.347826 3.711941
      vertex -0.647034 44.347826 3.669512
      vertex -0.672959 44.913043 3.816540
    endloop
  endfacet
  facet normal 0.126206 0.255153 -0.958629
    outer loop
      vertex -0.324753 44.347826 3.711941
      vertex -0.672959 44.913043 3.816540
      vertex -0.337765 44.913043 3.860669
    endloop
  endfacet
  facet normal 0.209276 0.255153 -0.943981
    outer loop
      vertex -0.647034 44.347826 3.669512
      vertex -0.964391 44.347826 3.599155
      vertex -1.003031 44.913043 3.743364
    endloop
  endfacet
  facet normal 0.209276 0.255153 -0.943981
    outer loop
      vertex -0.647034 44.347826 3.669512
      vertex -1.003031 44.913043 3.743364
      vertex -0.672959 44.913043 3.816540
    endloop
  endfacet
  facet normal 0.290753 0.255153 -0.922150
    outer loop
      vertex -0.964391 44.347826 3.599155
      vertex -1.274408 44.347826 3.501407
      vertex -1.325470 44.913043 3.641700
    endloop
  endfacet
  facet normal 0.290753 0.255153 -0.922150
    outer loop
      vertex -0.964391 44.347826 3.599155
      vertex -1.325470 44.913043 3.641700
      vertex -1.003031 44.913043 3.743364
    endloop
  endfacet
  facet normal 0.370017 0.255153 -0.893300
    outer loop
      vertex -1.274408 44.347826 3.501407
      vertex -1.574726 44.347826 3.377011
      vertex -1.637822 44.913043 3.512320
    endloop
  endfacet
  facet normal 0.370017 0.255153 -0.893300
    outer loop
      vertex -1.274408 44.347826 3.501407
      vertex -1.637822 44.913043 3.512320
      vertex -1.325470 44.913043 3.641700
    endloop
  endfacet
  facet normal 0.446465 0.255153 -0.857651
    outer loop
      vertex -1.574726 44.347826 3.377011
      vertex -1.863060 44.347826 3.226914
      vertex -1.937708 44.913043 3.356209
    endloop
  endfacet
  facet normal 0.446465 0.255153 -0.857651
    outer loop
      vertex -1.574726 44.347826 3.377011
      vertex -1.937708 44.913043 3.356209
      vertex -1.637822 44.913043 3.512320
    endloop
  endfacet
  facet normal 0.519515 0.255153 -0.815476
    outer loop
      vertex -1.863060 44.347826 3.226914
      vertex -2.137215 44.347826 3.052259
      vertex -2.222847 44.913043 3.174555
    endloop
  endfacet
  facet normal 0.519515 0.255153 -0.815476
    outer loop
      vertex -1.863060 44.347826 3.226914
      vertex -2.222847 44.913043 3.174555
      vertex -1.937708 44.913043 3.356209
    endloop
  endfacet
  facet normal 0.588612 0.255153 -0.767094
    outer loop
      vertex -2.137215 44.347826 3.052259
      vertex -2.395104 44.347826 2.854373
      vertex -2.491069 44.913043 2.968741
    endloop
  endfacet
  facet normal 0.588612 0.255153 -0.767094
    outer loop
      vertex -2.137215 44.347826 3.052259
      vertex -2.491069 44.913043 2.968741
      vertex -2.222847 44.913043 3.174555
    endloop
  endfacet
  facet normal 0.653229 0.255153 -0.712874
    outer loop
      vertex -2.395104 44.347826 2.854373
      vertex -2.634765 44.347826 2.634765
      vertex -2.740333 44.913043 2.740333
    endloop
  endfacet
  facet normal 0.653229 0.255153 -0.712874
    outer loop
      vertex -2.395104 44.347826 2.854373
      vertex -2.740333 44.913043 2.740333
      vertex -2.491069 44.913043 2.968741
    endloop
  endfacet
  facet normal 0.712874 0.255153 -0.653229
    outer loop
      vertex -2.634765 44.347826 2.634765
      vertex -2.854373 44.347826 2.395104
      vertex -2.968741 44.913043 2.491069
    endloop
  endfacet
  facet normal 0.712874 0.255153 -0.653229
    outer loop
      vertex -2.634765 44.347826 2.634765
      vertex -2.968741 44.913043 2.491069
      vertex -2.740333 44.913043 2.740333
    endloop
  endfacet
  facet normal 0.767094 0.255153 -0.588612
    outer loop
      vertex -2.854373 44.347826 2.395104
      vertex -3.052259 44.347826 2.137215
      vertex -3.174555 44.913043 2.222847
    endloop
  endfacet
  facet normal 0.767094 0.255153 -0.588612
    outer loop
      vertex -2.854373 44.347826 2.395104
      vertex -3.174555 44.913043 2.222847
      vertex -2.968741 44.913043 2.491069
    endloop
  endfacet
  facet normal 0.815476 0.255153 -0.519515
    outer loop
      vertex -3.052259 44.347826 2.137215
      vertex -3.226914 44.347826 1.863060
      vertex -3.356209 44.913043 1.937708
    endloop
  endfacet
  facet normal 0.815476 0.255153 -0.519515
    outer loop
      vertex -3.052259 44.347826 2.137215
      vertex -3.356209 44.913043 1.937708
      vertex -3.174555 44.913043 2.222847
    endloop
  endfacet
  facet normal 0.857651 0.255153 -0.446465
    outer loop
      vertex -3.226914 44.347826 1.863060
      vertex -3.377011 44.347826 1.574726
      vertex -3.512320 44.913043 1.637822
    endloop
  endfacet
  facet normal 0.857651 0.255153 -0.446465
    outer loop
      vertex -3.226914 44.347826 1.863060
      vertex -3.512320 44.913043 1.637822
      vertex -3.356209 44.913043 1.937708
    endloop
  endfacet
  facet normal 0.893300 0.255153 -0.370017
    outer loop
      vertex -3.377011 44.347826 1.574726
      vertex -3.501407 44.347826 1.274408
      vertex -3.641700 44.913043 1.325470
    endloop
  endfacet
  facet normal 0.893300 0.255153 -0.370017
    outer loop
      vertex -3.377011 44.347826 1.574726
      vertex -3.641700 44.913043 1.325470
      vertex -3.512320 44.913043 1.637822
    endloop
  endfacet
  facet normal 0.922150 0.255153 -0.290753
    outer loop
      vertex -3.501407 44.347826 1.274408
      vertex -3.599155 44.347826 0.964391
      vertex -3.743364 44.913043 1.003031
    endloop
  endfacet
  facet normal 0.922150 0.255153 -0.290753
    outer loop
      vertex -3.501407 44.347826 1.274408
      vertex -3.743364 44.913043 1.003031
      vertex -3.641700 44.913043 1.325470
    endloop
  endfacet
  facet normal 0.943981 0.255153 -0.209276
    outer loop
      vertex -3.599155 44.347826 0.964391
      vertex -3.669512 44.347826 0.647034
      vertex -3.816540 44.913043 0.672959
    endloop
  endfacet
  facet normal 0.943981 0.255153 -0.209276
    outer loop
      vertex -3.599155 44.347826 0.964391
      vertex -3.816540 44.913043 0.672959
      vertex -3.743364 44.913043 1.003031
    endloop
  endfacet
  facet normal 0.958629 0.255153 -0.126206
    outer loop
      vertex -3.669512 44.347826 0.647034
      vertex -3.711941 44.347826 0.324753
      vertex -3.860669 44.913043 0.337765
    endloop
  endfacet
  facet normal 0.958629 0.255153 -0.126206
    outer loop
      vertex -3.669512 44.347826 0.647034
      vertex -3.860669 44.913043 0.337765
      vertex -3.816540 44.913043 0.672959
    endloop
  endfacet
  facet normal 0.965980 0.255153 -0.042176
    outer loop
      vertex -3.711941 44.347826 0.324753
      vertex -3.726120 44.347826 0.000000
      vertex -3.875416 44.913043 0.000000
    endloop
  endfacet
  facet normal 0.965980 0.255153 -0.042176
    outer loop
      vertex -3.711941 44.347826 0.324753
      vertex -3.875416 44.913043 0.000000
      vertex -3.860669 44.913043 0.337765
    endloop
  endfacet
  facet normal 0.965980 0.255153 0.042176
    outer loop
      vertex -3.726120 44.347826 0.000000
      vertex -3.711941 44.347826 -0.324753
      vertex -3.860669 44.913043 -0.337765
    endloop
  endfacet
  facet normal 0.965980 0.255153 0.042176
    outer loop
      vertex -3.726120 44.347826 0.000000
      vertex -3.860669 44.913043 -0.337765
      vertex -3.875416 44.913043 0.000000
    endloop
  endfacet
  facet normal 0.958629 0.255153 0.126206
    outer loop
      vertex -3.711941 44.347826 -0.324753
      vertex -3.669512 44.347826 -0.647034
      vertex -3.816540 44.913043 -0.672959
    endloop
  endfacet
  facet normal 0.958629 0.255153 0.126206
    outer loop
      vertex -3.711941 44.347826 -0.324753
      vertex -3.816540 44.913043 -0.672959
      vertex -3.860669 44.913043 -0.337765
    endloop
  endfacet
  facet normal 0.943981 0.255153 0.209276
    outer loop
      vertex -3.669512 44.347826 -0.647034
      vertex -3.599155 44.347826 -0.964391
      vertex -3.743364 44.913043 -1.003031
    endloop
  endfacet
  facet normal 0.943981 0.255153 0.209276
    outer loop
      vertex -3.669512 44.347826 -0.647034
      vertex -3.743364 44.913043 -1.003031
      vertex -3.816540 44.913043 -0.672959
    endloop
  endfacet
  facet normal 0.922150 0.255153 0.290753
    outer loop
      vertex -3.599155 44.347826 -0.964391
      vertex -3.501407 44.347826 -1.274408
      vertex -3.641700 44.913043 -1.325470
    endloop
  endfacet
  facet normal 0.922150 0.255153 0.290753
    outer loop
      vertex -3.599155 44.347826 -0.964391
      vertex -3.641700 44.913043 -1.325470
      vertex -3.743364 44.913043 -1.003031
    endloop
  endfacet
  facet normal 0.893300 0.255153 0.370017
    outer loop
      vertex -3.501407 44.347826 -1.274408
      vertex -3.377011 44.347826 -1.574726
      vertex -3.512320 44.913043 -1.637822
    endloop
  endfacet
  facet normal 0.893300 0.255153 0.370017
    outer loop
      vertex -3.501407 44.347826 -1.274408
      vertex -3.512320 44.913043 -1.637822
      vertex -3.641700 44.913043 -1.325470
    endloop
  endfacet
  facet normal 0.857651 0.255153 0.446465
    outer loop
      vertex -3.377011 44.347826 -1.574726
      vertex -3.226914 44.347826 -1.863060
      vertex -3.356209 44.913043 -1.937708
    endloop
  endfacet
  facet normal 0.857651 0.255153 0.446465
    outer loop
      vertex -3.377011 44.347826 -1.574726
      vertex -3.356209 44.913043 -1.937708
      vertex -3.512320 44.913043 -1.637822
    endloop
  endfacet
  facet normal 0.815476 0.255153 0.519515
    outer loop
      vertex -3.226914 44.347826 -1.863060
      vertex -3.052259 44.347826 -2.137215
      vertex -3.174555 44.913043 -2.222847
    endloop
  endfacet
  facet normal 0.815476 0.255153 0.519515
    outer loop
      vertex -3.226914 44.347826 -1.863060
      vertex -3.174555 44.913043 -2.222847
      vertex -3.356209 44.913043 -1.937708
    endloop
  endfacet
  facet normal 0.767094 0.255153 0.588612
    outer loop
      vertex -3.052259 44.347826 -2.137215
      vertex -2.854373 44.347826 -2.395104
      vertex -2.968741 44.913043 -2.491069
    endloop
  endfacet
  facet normal 0.767094 0.255153 0.588612
    outer loop
      vertex -3.052259 44.347826 -2.137215
      vertex -2.968741 44.913043 -2.491069
      vertex -3.174555 44.913043 -2.222847
    endloop
  endfacet
  facet normal 0.712874 0.255153 0.653229
    outer loop
      vertex -2.854373 44.347826 -2.395104
      vertex -2.634765 44.347826 -2.634765
      vertex -2.740333 44.913043 -2.740333
    endloop
  endfacet
  facet normal 0.712874 0.255153 0.653229
    outer loop
      vertex -2.854373 44.347826 -2.395104
      vertex -2.740333 44.913043 -2.740333
      vertex -2.968741 44.913043 -2.491069
    endloop
  endfacet
  facet normal 0.653229 0.255153 0.712874
    outer loop
      vertex -2.634765 44.347826 -2.634765
      vertex -2.395104 44.347826 -2.854373
      vertex -2.491069 44.913043 -2.968741
    endloop
  endfacet
  facet normal 0.653229 0.255153 0.712874
    outer loop
      vertex -2.634765 44.347826 -2.634765
      vertex -2.491069 44.913043 -2.968741
      vertex -2.740333 44.913043 -2.740333
    endloop
  endfacet
  facet normal 0.588612 0.255153 0.767094
    outer loop
      vertex -2.395104 44.347826 -2.854373
      vertex -2.137215 44.347826 -3.052259
      vertex -2.222847 44.913043 -3.174555
    endloop
  endfacet
  facet normal 0.588612 0.255153 0.767094
    outer loop
      vertex -2.395104 44.347826 -2.854373
      vertex -2.222847 44.913043 -3.174555
      vertex -2.491069 44.913043 -2.968741
    endloop
  endfacet
  facet normal 0.519515 0.255153 0.815476
    outer loop
      vertex -2.137215 44.347826 -3.052259
      vertex -1.863060 44.347826 -3.226914
      vertex -1.937708 44.913043 -3.356209
    endloop
  endfacet
  facet normal 0.519515 0.255153 0.815476
    outer loop
      vertex -2.137215 44.347826 -3.052259
      vertex -1.937708 44.913043 -3.356209
      vertex -2.222847 44.913043 -3.174555
    endloop
  endfacet
  facet normal 0.446465 0.255153 0.857651
    outer loop
      vertex -1.863060 44.347826 -3.226914
      vertex -1.574726 44.347826 -3.377011
      vertex -1.637822 44.913043 -3.512320
    endloop
  endfacet
  facet normal 0.446465 0.255153 0.857651
    outer loop
      vertex -1.863060 44.347826 -3.226914
      vertex -1.637822 44.913043 -3.512320
      vertex -1.937708 44.913043 -3.356209
    endloop
  endfacet
  facet normal 0.370017 0.255153 0.893300
    outer loop
      vertex -1.574726 44.347826 -3.377011
      vertex -1.274408 44.347826 -3.501407
      vertex -1.325470 44.913043 -3.641700
    endloop
  endfacet
  facet normal 0.370017 0.255153 0.893300
    outer loop
      vertex -1.574726 44.347826 -3.377011
      vertex -1.325470 44.913043 -3.641700
      vertex -1.637822 44.913043 -3.512320
    endloop
  endfacet
  facet normal 0.290753 0.255153 0.922150
    outer loop
      vertex -1.274408 44.347826 -3.501407
      vertex -0.964391 44.347826 -3.599155
      vertex -1.003031 44.913043 -3.743364
    endloop
  endfacet
  facet normal 0.290753 0.255153 0.922150
    outer loop
      vertex -1.274408 44.347826 -3.501407
      vertex -1.003031 44.913043 -3.743364
      vertex -1.325470 44.913043 -3.641700
    endloop
  endfacet
  facet normal 0.209276 0.255153 0.943981
    outer loop
      vertex -0.964391 44.347826 -3.599155
      vertex -0.647034 44.347826 -3.669512
      vertex -0.672959 44.913043 -3.816540
    endloop
  endfacet
  facet normal 0.209276 0.255153 0.943981
    outer loop
      vertex -0.964391 44.347826 -3.599155
      vertex -0.672959 44.913043 -3.816540
      vertex -1.003031 44.913043 -3.743364
    endloop
  endfacet
  facet normal 0.126206 0.255153 0.958629
    outer loop
      vertex -0.647034 44.347826 -3.669512
      vertex -0.324753 44.347826 -3.711941
      vertex -0.337765 44.913043 -3.860669
    endloop
  endfacet
  facet normal 0.126206 0.255153 0.958629
    outer loop
      vertex -0.647034 44.347826 -3.669512
      vertex -0.337765 44.913043 -3.860669
      vertex -0.672959 44.913043 -3.816540
    endloop
  endfacet
  facet normal 0.042176 0.255153 0.965980
    outer loop
      vertex -0.324753 44.347826 -3.711941
      vertex -0.000000 44.347826 -3.726120
      vertex -0.000000 44.913043 -3.875416
    endloop
  endfacet
  facet normal 0.042176 0.255153 0.965980
    outer loop
      vertex -0.324753 44.347826 -3.711941
      vertex -0.000000 44.913043 -3.875416
      vertex -0.337765 44.913043 -3.860669
    endloop
  endfacet
  facet normal -0.042176 0.255153 0.965980
    outer loop
      vertex -0.000000 44.347826 -3.726120
      vertex 0.324753 44.347826 -3.711941
      vertex 0.337765 44.913043 -3.860669
    endloop
  endfacet
  facet normal -0.042176 0.255153 0.965980
    outer loop
      vertex -0.000000 44.347826 -3.726120
      vertex 0.337765 44.913043 -3.860669
      vertex -0.000000 44.913043 -3.875416
    endloop
  endfacet
  facet normal -0.126206 0.255153 0.958629
    outer loop
      vertex 0.324753 44.347826 -3.711941
      vertex 0.647034 44.347826 -3.669512
      vertex 0.672959 44.913043 -3.816540
    endloop
  endfacet
  facet normal -0.126206 0.255153 0.958629
    outer loop
      vertex 0.324753 44.347826 -3.711941
      vertex 0.672959 44.913043 -3.816540
      vertex 0.337765 44.913043 -3.860669
    endloop
  endfacet
  facet normal -0.209276 0.255153 0.943981
    outer loop
      vertex 0.647034 44.347826 -3.669512
      vertex 0.964391 44.347826 -3.599155
      vertex 1.003031 44.913043 -3.743364
    endloop
  endfacet
  facet normal -0.209276 0.255153 0.943981
    outer loop
      vertex 0.647034 44.347826 -3.669512
      vertex 1.003031 44.913043 -3.743364
      vertex 0.672959 44.913043 -3.816540
    endloop
  endfacet
  facet normal -0.290753 0.255153 0.922150
    outer loop
      vertex 0.964391 44.347826 -3.599155
      vertex 1.274408 44.347826 -3.501407
      vertex 1.325470 44.913043 -3.641700
    endloop
  endfacet
  facet normal -0.290753 0.255153 0.922150
    outer loop
      vertex 0.964391 44.347826 -3.599155
      vertex 1.325470 44.913043 -3.641700
      vertex 1.003031 44.913043 -3.743364
    endloop
  endfacet
  facet normal -0.370017 0.255153 0.893300
    outer loop
      vertex 1.274408 44.347826 -3.501407
      vertex 1.574726 44.347826 -3.377011
      vertex 1.637822 44.913043 -3.512320
    endloop
  endfacet
  facet normal -0.370017 0.255153 0.893300
    outer loop
      vertex 1.274408 44.347826 -3.501407
      vertex 1.637822 44.913043 -3.512320
      vertex 1.325470 44.913043 -3.641700
    endloop
  endfacet
  facet normal -0.446465 0.255153 0.857651
    outer loop
      vertex 1.574726 44.347826 -3.377011
      vertex 1.863060 44.347826 -3.226914
      vertex 1.937708 44.913043 -3.356209
    endloop
  endfacet
  facet normal -0.446465 0.255153 0.857651
    outer loop
      vertex 1.574726 44.347826 -3.377011
      vertex 1.937708 44.913043 -3.356209
      vertex 1.637822 44.913043 -3.512320
    endloop
  endfacet
  facet normal -0.519515 0.255153 0.815476
    outer loop
      vertex 1.863060 44.347826 -3.226914
      vertex 2.137215 44.347826 -3.052259
      vertex 2.222847 44.913043 -3.174555
    endloop
  endfacet
  facet normal -0.519515 0.255153 0.815476
    outer loop
      vertex 1.863060 44.347826 -3.226914
      vertex 2.222847 44.913043 -3.174555
      vertex 1.937708 44.913043 -3.356209
    endloop
  endfacet
  facet normal -0.588612 0.255153 0.767094
    outer loop
      vertex 2.137215 44.347826 -3.052259
      vertex 2.395104 44.347826 -2.854373
      vertex 2.491069 44.913043 -2.968741
    endloop
  endfacet
  facet normal -0.588612 0.255153 0.767094
    outer loop
      vertex 2.137215 44.347826 -3.052259
      vertex 2.491069 44.913043 -2.968741
      vertex 2.222847 44.913043 -3.174555
    endloop
  endfacet
  facet normal -0.653229 0.255153 0.712874
    outer loop
      vertex 2.395104 44.347826 -2.854373
      vertex 2.634765 44.347826 -2.634765
      vertex 2.740333 44.913043 -2.740333
    endloop
  endfacet
  facet normal -0.653229 0.255153 0.712874
    outer loop
      vertex 2.395104 44.347826 -2.854373
      vertex 2.740333 44.913043 -2.740333
      vertex 2.491069 44.913043 -2.968741
    endloop
  endfacet
  facet normal -0.712874 0.255153 0.653229
    outer loop
      vertex 2.634765 44.347826 -2.634765
      vertex 2.854373 44.347826 -2.395104
      vertex 2.968741 44.913043 -2.491069
    endloop
  endfacet
  facet normal -0.712874 0.255153 0.653229
    outer loop
      vertex 2.634765 44.347826 -2.634765
      vertex 2.968741 44.913043 -2.491069
      vertex 2.740333 44.913043 -2.740333
    endloop
  endfacet
  facet normal -0.767094 0.255153 0.588612
    outer loop
      vertex 2.854373 44.347826 -2.395104
      vertex 3.052259 44.347826 -2.137215
      vertex 3.174555 44.913043 -2.222847
    endloop
  endfacet
  facet normal -0.767094 0.255153 0.588612
    outer loop
      vertex 2.854373 44.347826 -2.395104
      vertex 3.174555 44.913043 -2.222847
      vertex 2.968741 44.913043 -2.491069
    endloop
  endfacet
  facet normal -0.815476 0.255153 0.519515
    outer loop
      vertex 3.052259 44.347826 -2.137215
      vertex 3.226914 44.347826 -1.863060
      vertex 3.356209 44.913043 -1.937708
    endloop
  endfacet
  facet normal -0.815476 0.255153 0.519515
    outer loop
      vertex 3.052259 44.347826 -2.137215
      vertex 3.356209 44.913043 -1.937708
      vertex 3.174555 44.913043 -2.222847
    endloop
  endfacet
  facet normal -0.857651 0.255153 0.446465
    outer loop
      vertex 3.226914 44.347826 -1.863060
      vertex 3.377011 44.347826 -1.574726
      vertex 3.512320 44.913043 -1.637822
    endloop
  endfacet
  facet normal -0.857651 0.255153 0.446465
    outer loop
      vertex 3.226914 44.347826 -1.863060
      vertex 3.512320 44.913043 -1.637822
      vertex 3.356209 44.913043 -1.937708
    endloop
  endfacet
  facet normal -0.893300 0.255153 0.370017
    outer loop
      vertex 3.377011 44.347826 -1.574726
      vertex 3.501407 44.347826 -1.274408
      vertex 3.641700 44.913043 -1.325470
    endloop
  endfacet
  facet normal -0.893300 0.255153 0.370017
    outer loop
      vertex 3.377011 44.347826 -1.574726
      vertex 3.641700 44.913043 -1.325470
      vertex 3.512320 44.913043 -1.637822
    endloop
  endfacet
  facet normal -0.922150 0.255153 0.290753
    outer loop
      vertex 3.501407 44.347826 -1.274408
      vertex 3.599155 44.347826 -0.964391
      vertex 3.743364 44.913043 -1.003031
    endloop
  endfacet
  facet normal -0.922150 0.255153 0.290753
    outer loop
      vertex 3.501407 44.347826 -1.274408
      vertex 3.743364 44.913043 -1.003031
      vertex 3.641700 44.913043 -1.325470
    endloop
  endfacet
  facet normal -0.943981 0.255153 0.209276
    outer loop
      vertex 3.599155 44.347826 -0.964391
      vertex 3.669512 44.347826 -0.647034
      vertex 3.816540 44.913043 -0.672959
    endloop
  endfacet
  facet normal -0.943981 0.255153 0.209276
    outer loop
      vertex 3.599155 44.347826 -0.964391
      vertex 3.816540 44.913043 -0.672959
      vertex 3.743364 44.913043 -1.003031
    endloop
  endfacet
  facet normal -0.958629 0.255153 0.126206
    outer loop
      vertex 3.669512 44.347826 -0.647034
      vertex 3.711941 44.347826 -0.324753
      vertex 3.860669 44.913043 -0.337765
    endloop
  endfacet
  facet normal -0.958629 0.255153 0.126206
    outer loop
      vertex 3.669512 44.347826 -0.647034
      vertex 3.860669 44.913043 -0.337765
      vertex 3.816540 44.913043 -0.672959
    endloop
  endfacet
  facet normal -0.965980 0.255153 0.042176
    outer loop
      vertex 3.711941 44.347826 -0.324753
      vertex 3.726120 44.347826 0.000000
      vertex 3.875416 44.913043 0.000000
    endloop
  endfacet
  facet normal -0.965980 0.255153 0.042176
    outer loop
      vertex 3.711941 44.347826 -0.324753
      vertex 3.875416 44.913043 0.000000
      vertex 3.860669 44.913043 -0.337765
    endloop
  endfacet
  facet normal -0.972666 0.228292 -0.042468
    outer loop
      vertex 3.875416 44.913043 0.000000
      vertex 3.860669 44.913043 0.337765
      vertex 3.992825 45.478261 0.349327
    endloop
  endfacet
  facet normal -0.972666 0.228292 -0.042468
    outer loop
      vertex 3.875416 44.913043 0.000000
      vertex 3.992825 45.478261 0.349327
      vertex 4.008077 45.478261 0.000000
    endloop
  endfacet
  facet normal -0.965264 0.228292 -0.127079
    outer loop
      vertex 3.860669 44.913043 0.337765
      vertex 3.816540 44.913043 0.672959
      vertex 3.947185 45.478261 0.695995
    endloop
  endfacet
  facet normal -0.965264 0.228292 -0.127079
    outer loop
      vertex 3.860669 44.913043 0.337765
      vertex 3.947185 45.478261 0.695995
      vertex 3.992825 45.478261 0.349327
    endloop
  endfacet
  facet normal -0.950515 0.228292 -0.210724
    outer loop
      vertex 3.816540 44.913043 0.672959
      vertex 3.743364 44.913043 1.003031
      vertex 3.871505 45.478261 1.037367
    endloop
  endfacet
  facet normal -0.950515 0.228292 -0.210724
    outer loop
      vertex 3.816540 44.913043 0.672959
      vertex 3.871505 45.478261 1.037367
      vertex 3.947185 45.478261 0.695995
    endloop
  endfacet
  facet normal -0.928532 0.228292 -0.292765
    outer loop
      vertex 3.743364 44.913043 1.003031
      vertex 3.641700 44.913043 1.325470
      vertex 3.766360 45.478261 1.370843
    endloop
  endfacet
  facet normal -0.928532 0.228292 -0.292765
    outer loop
      vertex 3.743364 44.913043 1.003031
      vertex 3.766360 45.478261 1.370843
      vertex 3.871505 45.478261 1.037367
    endloop
  endfacet
  facet normal -0.899482 0.228292 -0.372578
    outer loop
      vertex 3.641700 44.913043 1.325470
      vertex 3.512320 44.913043 1.637822
      vertex 3.632551 45.478261 1.693886
    endloop
  endfacet
  facet normal -0.899482 0.228292 -0.372578
    outer loop
      vertex 3.641700 44.913043 1.325470
      vertex 3.632551 45.478261 1.693886
      vertex 3.766360 45.478261 1.370843
    endloop
  endfacet
  facet normal -0.863587 0.228292 -0.449555
    outer loop
      vertex 3.512320 44.913043 1.637822
      vertex 3.356209 44.913043 1.937708
      vertex 3.471096 45.478261 2.004038
    endloop
  endfacet
  facet normal -0.863587 0.228292 -0.449555
    outer loop
      vertex 3.512320 44.913043 1.637822
      vertex 3.471096 45.478261 2.004038
      vertex 3.632551 45.478261 1.693886
    endloop
  endfacet
  facet normal -0.821120 0.228292 -0.523111
    outer loop
      vertex 3.356209 44.913043 1.937708
      vertex 3.174555 44.913043 2.222847
      vertex 3.283224 45.478261 2.298938
    endloop
  endfacet
  facet normal -0.821120 0.228292 -0.523111
    outer loop
      vertex 3.356209 44.913043 1.937708
      vertex 3.283224 45.478261 2.298938
      vertex 3.471096 45.478261 2.004038
    endloop
  endfacet
  facet normal -0.772403 0.228292 -0.592686
    outer loop
      vertex 3.174555 44.913043 2.222847
      vertex 2.968741 44.913043 2.491069
      vertex 3.070365 45.478261 2.576342
    endloop
  endfacet
  facet normal -0.772403 0.228292 -0.592686
    outer loop
      vertex 3.174555 44.913043 2.222847
      vertex 3.070365 45.478261 2.576342
      vertex 3.283224 45.478261 2.298938
    endloop
  endfacet
  facet normal -0.717808 0.228292 -0.657750
    outer loop
      vertex 2.968741 44.913043 2.491069
      vertex 2.740333 44.913043 2.740333
      vertex 2.834138 45.478261 2.834138
    endloop
  endfacet
  facet normal -0.717808 0.228292 -0.657750
    outer loop
      vertex 2.968741 44.913043 2.491069
      vertex 2.834138 45.478261 2.834138
      vertex 3.070365 45.478261 2.576342
    endloop
  endfacet
  facet normal -0.657750 0.228292 -0.717808
    outer loop
      vertex 2.740333 44.913043 2.740333
      vertex 2.491069 44.913043 2.968741
      vertex 2.576342 45.478261 3.070365
    endloop
  endfacet
  facet normal -0.657750 0.228292 -0.717808
    outer loop
      vertex 2.740333 44.913043 2.740333
      vertex 2.576342 45.478261 3.070365
      vertex 2.834138 45.478261 2.834138
    endloop
  endfacet
  facet normal -0.592686 0.228292 -0.772403
    outer loop
      vertex 2.491069 44.913043 2.968741
      vertex 2.222847 44.913043 3.174555
      vertex 2.298938 45.478261 3.283224
    endloop
  endfacet
  facet normal -0.592686 0.228292 -0.772403
    outer loop
      vertex 2.491069 44.913043 2.968741
      vertex 2.298938 45.478261 3.283224
      vertex 2.576342 45.478261 3.070365
    endloop
  endfacet
  facet normal -0.523111 0.228292 -0.821120
    outer loop
      vertex 2.222847 44.913043 3.174555
      vertex 1.937708 44.913043 3.356209
      vertex 2.004038 45.478261 3.471096
    endloop
  endfacet
  facet normal -0.523111 0.228292 -0.821120
    outer loop
      vertex 2.222847 44.913043 3.174555
      vertex 2.004038 45.478261 3.471096
      vertex 2.298938 45.478261 3.283224
    endloop
  endfacet
  facet normal -0.449555 0.228292 -0.863587
    outer loop
      vertex 1.937708 44.913043 3.356209
      vertex 1.637822 44.913043 3.512320
      vertex 1.693886 45.478261 3.632551
    endloop
  endfacet
  facet normal -0.449555 0.228292 -0.863587
    outer loop
      vertex 1.937708 44.913043 3.356209
      vertex 1.693886 45.478261 3.632551
      vertex 2.004038 45.478261 3.471096
    endloop
  endfacet
  facet normal -0.372578 0.228292 -0.899482
    outer loop
      vertex 1.637822 44.913043 3.512320
      vertex 1.325470 44.913043 3.641700
      vertex 1.370843 45.478261 3.766360
    endloop
  endfacet
  facet normal -0.372578 0.228292 -0.899482
    outer loop
      vertex 1.637822 44.913043 3.512320
      vertex 1.370843 45.478261 3.766360
      vertex 1.693886 45.478261 3.632551
    endloop
  endfacet
  facet normal -0.292765 0.228292 -0.928532
    outer loop
      vertex 1.325470 44.913043 3.641700
      vertex 1.003031 44.913043 3.743364
      vertex 1.037367 45.478261 3.871505
    endloop
  endfacet
  facet normal -0.292765 0.228292 -0.928532
    outer loop
      vertex 1.325470 44.913043 3.641700
      vertex 1.037367 45.478261 3.871505
      vertex 1.370843 45.478261 3.766360
    endloop
  endfacet
  facet normal -0.210724 0.228292 -0.950515
    outer loop
      vertex 1.003031 44.913043 3.743364
      vertex 0.672959 44.913043 3.816540
      vertex 0.695995 45.478261 3.947185
    endloop
  endfacet
  facet normal -0.210724 0.228292 -0.950515
    outer loop
      vertex 1.003031 44.913043 3.743364
      vertex 0.695995 45.478261 3.947185
      vertex 1.037367 45.478261 3.871505
    endloop
  endfacet
  facet normal -0.127079 0.228292 -0.965264
    outer loop
      vertex 0.672959 44.913043 3.816540
      vertex 0.337765 44.913043 3.860669
      vertex 0.349327 45.478261 3.992825
    endloop
  endfacet
  facet normal -0.127079 0.228292 -0.965264
    outer loop
      vertex 0.672959 44.913043 3.816540
      vertex 0.349327 45.478261 3.992825
      vertex 0.695995 45.478261 3.947185
    endloop
  endfacet
  facet normal -0.042468 0.228292 -0.972666
    outer loop
      vertex 0.337765 44.913043 3.860669
      vertex 0.000000 44.913043 3.875416
      vertex 0.000000 45.478261 4.008077
    endloop
  endfacet
  facet normal -0.042468 0.228292 -0.972666
    outer loop
      vertex 0.337765 44.913043 3.860669
      vertex 0.000000 45.478261 4.008077
      vertex 0.349327 45.478261 3.992825
    endloop
  endfacet
  facet normal 0.042468 0.228292 -0.972666
    outer loop
      vertex 0.000000 44.913043 3.875416
      vertex -0.337765 44.913043 3.860669
      vertex -0.349327 45.478261 3.992825
    endloop
  endfacet
  facet normal 0.042468 0.228292 -0.972666
    outer loop
      vertex 0.000000 44.913043 3.875416
      vertex -0.349327 45.478261 3.992825
      vertex 0.000000 45.478261 4.008077
    endloop
  endfacet
  facet normal 0.127079 0.228292 -0.965264
    outer loop
      vertex -0.337765 44.913043 3.860669
      vertex -0.672959 44.913043 3.816540
      vertex -0.695995 45.478261 3.947185
    endloop
  endfacet
  facet normal 0.127079 0.228292 -0.965264
    outer loop
      vertex -0.337765 44.913043 3.860669
      vertex -0.695995 45.478261 3.947185
      vertex -0.349327 45.478261 3.992825
    endloop
  endfacet
  facet normal 0.210724 0.228292 -0.950515
    outer loop
      vertex -0.672959 44.913043 3.816540
      vertex -1.003031 44.913043 3.743364
      vertex -1.037367 45.478261 3.871505
    endloop
  endfacet
  facet normal 0.210724 0.228292 -0.950515
    outer loop
      vertex -0.672959 44.913043 3.816540
      vertex -1.037367 45.478261 3.871505
      vertex -0.695995 45.478261 3.947185
    endloop
  endfacet
  facet normal 0.292765 0.228292 -0.928532
    outer loop
      vertex -1.003031 44.913043 3.743364
      vertex -1.325470 44.913043 3.641700
      vertex -1.370843 45.478261 3.766360
    endloop
  endfacet
  facet normal 0.292765 0.228292 -0.928532
    outer loop
      vertex -1.003031 44.913043 3.743364
      vertex -1.370843 45.478261 3.766360
      vertex -1.037367 45.478261 3.871505
    endloop
  endfacet
  facet normal 0.372578 0.228292 -0.899482
    outer loop
      vertex -1.325470 44.913043 3.641700
      vertex -1.637822 44.913043 3.512320
      vertex -1.693886 45.478261 3.632551
    endloop
  endfacet
  facet normal 0.372578 0.228292 -0.899482
    outer loop
      vertex -1.325470 44.913043 3.641700
      vertex -1.693886 45.478261 3.632551
      vertex -1.370843 45.478261 3.766360
    endloop
  endfacet
  facet normal 0.449555 0.228292 -0.863587
    outer loop
      vertex -1.637822 44.913043 3.512320
      vertex -1.937708 44.913043 3.356209
      vertex -2.004038 45.478261 3.471096
    endloop
  endfacet
  facet normal 0.449555 0.228292 -0.863587
    outer loop
      vertex -1.637822 44.913043 3.512320
      vertex -2.004038 45.478261 3.471096
      vertex -1.693886 45.478261 3.632551
    endloop
  endfacet
  facet normal 0.523111 0.228292 -0.821120
    outer loop
      vertex -1.937708 44.913043 3.356209
      vertex -2.222847 44.913043 3.174555
      vertex -2.298938 45.478261 3.283224
    endloop
  endfacet
  facet normal 0.523111 0.228292 -0.821120
    outer loop
      vertex -1.937708 44.913043 3.356209
      vertex -2.298938 45.478261 3.283224
      vertex -2.004038 45.478261 3.471096
    endloop
  endfacet
  facet normal 0.592686 0.228292 -0.772403
    outer loop
      vertex -2.222847 44.913043 3.174555
      vertex -2.491069 44.913043 2.968741
      vertex -2.576342 45.478261 3.070365
    endloop
  endfacet
  facet normal 0.592686 0.228292 -0.772403
    outer loop
      vertex -2.222847 44.913043 3.174555
      vertex -2.576342 45.478261 3.070365
      vertex -2.298938 45.478261 3.283224
    endloop
  endfacet
  facet normal 0.657750 0.228292 -0.717808
    outer loop
      vertex -2.491069 44.913043 2.968741
      vertex -2.740333 44.913043 2.740333
      vertex -2.834138 45.478261 2.834138
    endloop
  endfacet
  facet normal 0.657750 0.228292 -0.717808
    outer loop
      vertex -2.491069 44.913043 2.968741
      vertex -2.834138 45.478261 2.834138
      vertex -2.576342 45.478261 3.070365
    endloop
  endfacet
  facet normal 0.717808 0.228292 -0.657750
    outer loop
      vertex -2.740333 44.913043 2.740333
      vertex -2.968741 44.913043 2.491069
      vertex -3.070365 45.478261 2.576342
    endloop
  endfacet
  facet normal 0.717808 0.228292 -0.657750
    outer loop
      vertex -2.740333 44.913043 2.740333
      vertex -3.070365 45.478261 2.576342
      vertex -2.834138 45.478261 2.834138
    endloop
  endfacet
  facet normal 0.772403 0.228292 -0.592686
    outer loop
      vertex -2.968741 44.913043 2.491069
      vertex -3.174555 44.913043 2.222847
      vertex -3.283224 45.478261 2.298938
    endloop
  endfacet
  facet normal 0.772403 0.228292 -0.592686
    outer loop
      vertex -2.968741 44.913043 2.491069
      vertex -3.283224 45.478261 2.298938
      vertex -3.070365 45.478261 2.576342
    endloop
  endfacet
  facet normal 0.821120 0.228292 -0.523111
    outer loop
      vertex -3.174555 44.913043 2.222847
      vertex -3.356209 44.913043 1.937708
      vertex -3.471096 45.478261 2.004038
    endloop
  endfacet
  facet normal 0.821120 0.228292 -0.523111
    outer loop
      vertex -3.174555 44.913043 2.222847
      vertex -3.471096 45.478261 2.004038
      vertex -3.283224 45.478261 2.298938
    endloop
  endfacet
  facet normal 0.863587 0.228292 -0.449555
    outer loop
      vertex -3.356209 44.913043 1.937708
      vertex -3.512320 44.913043 1.637822
      vertex -3.632551 45.478261 1.693886
    endloop
  endfacet
  facet normal 0.863587 0.228292 -0.449555
    outer loop
      vertex -3.356209 44.913043 1.937708
      vertex -3.632551 45.478261 1.693886
      vertex -3.471096 45.478261 2.004038
    endloop
  endfacet
  facet normal 0.899482 0.228292 -0.372578
    outer loop
      vertex -3.512320 44.913043 1.637822
      vertex -3.641700 44.913043 1.325470
      vertex -3.766360 45.478261 1.370843
    endloop
  endfacet
  facet normal 0.899482 0.228292 -0.372578
    outer loop
      vertex -3.512320 44.913043 1.637822
      vertex -3.766360 45.478261 1.370843
      vertex -3.632551 45.478261 1.693886
    endloop
  endfacet
  facet normal 0.928532 0.228292 -0.292765
    outer loop
      vertex -3.641700 44.913043 1.325470
      vertex -3.743364 44.913043 1.003031
      vertex -3.871505 45.478261 1.037367
    endloop
  endfacet
  facet normal 0.928532 0.228292 -0.292765
    outer loop
      vertex -3.641700 44.913043 1.325470
      vertex -3.871505 45.478261 1.037367
      vertex -3.766360 45.478261 1.370843
    endloop
  endfacet
  facet normal 0.950515 0.228292 -0.210724
    outer loop
      vertex -3.743364 44.913043 1.003031
      vertex -3.816540 44.913043 0.672959
      vertex -3.947185 45.478261 0.695995
    endloop
  endfacet
  facet normal 0.950515 0.228292 -0.210724
    outer loop
      vertex -3.743364 44.913043 1.003031
      vertex -3.947185 45.478261 0.695995
      vertex -3.871505 45.478261 1.037367
    endloop
  endfacet
  facet normal 0.965264 0.228292 -0.127079
    outer loop
      vertex -3.816540 44.913043 0.672959
      vertex -3.860669 44.913043 0.337765
      vertex -3.992825 45.478261 0.349327
    endloop
  endfacet
  facet normal 0.965264 0.228292 -0.127079
    outer loop
      vertex -3.816540 44.913043 0.672959
      vertex -3.992825 45.478261 0.349327
      vertex -3.947185 45.478261 0.695995
    endloop
  endfacet
  facet normal 0.972666 0.228292 -0.042468
    outer loop
      vertex -3.860669 44.913043 0.337765
      vertex -3.875416 44.913043 0.000000
      vertex -4.008077 45.478261 0.000000
    endloop
  endfacet
  facet normal 0.972666 0.228292 -0.042468
    outer loop
      vertex -3.860669 44.913043 0.337765
      vertex -4.008077 45.478261 0.000000
      vertex -3.992825 45.478261 0.349327
    endloop
  endfacet
  facet normal 0.972666 0.228292 0.042468
    outer loop
      vertex -3.875416 44.913043 0.000000
      vertex -3.860669 44.913043 -0.337765
      vertex -3.992825 45.478261 -0.349327
    endloop
  endfacet
  facet normal 0.972666 0.228292 0.042468
    outer loop
      vertex -3.875416 44.913043 0.000000
      vertex -3.992825 45.478261 -0.349327
      vertex -4.008077 45.478261 0.000000
    endloop
  endfacet
  facet normal 0.965264 0.228292 0.127079
    outer loop
      vertex -3.860669 44.913043 -0.337765
      vertex -3.816540 44.913043 -0.672959
      vertex -3.947185 45.478261 -0.695995
    endloop
  endfacet
  facet normal 0.965264 0.228292 0.127079
    outer loop
      vertex -3.860669 44.913043 -0.337765
      vertex -3.947185 45.478261 -0.695995
      vertex -3.992825 45.478261 -0.349327
    endloop
  endfacet
  facet normal 0.950515 0.228292 0.210724
    outer loop
      vertex -3.816540 44.913043 -0.672959
      vertex -3.743364 44.913043 -1.003031
      vertex -3.871505 45.478261 -1.037367
    endloop
  endfacet
  facet normal 0.950515 0.228292 0.210724
    outer loop
      vertex -3.816540 44.913043 -0.672959
      vertex -3.871505 45.478261 -1.037367
      vertex -3.947185 45.478261 -0.695995
    endloop
  endfacet
  facet normal 0.928532 0.228292 0.292765
    outer loop
      vertex -3.743364 44.913043 -1.003031
      vertex -3.641700 44.913043 -1.325470
      vertex -3.766360 45.478261 -1.370843
    endloop
  endfacet
  facet normal 0.928532 0.228292 0.292765
    outer loop
      vertex -3.743364 44.913043 -1.003031
      vertex -3.766360 45.478261 -1.370843
      vertex -3.871505 45.478261 -1.037367
    endloop
  endfacet
  facet normal 0.899482 0.228292 0.372578
    outer loop
      vertex -3.641700 44.913043 -1.325470
      vertex -3.512320 44.913043 -1.637822
      vertex -3.632551 45.478261 -1.693886
    endloop
  endfacet
  facet normal 0.899482 0.228292 0.372578
    outer loop
      vertex -3.641700 44.913043 -1.325470
      vertex -3.632551 45.478261 -1.693886
      vertex -3.766360 45.478261 -1.370843
    endloop
  endfacet
  facet normal 0.863587 0.228292 0.449555
    outer loop
      vertex -3.512320 44.913043 -1.637822
      vertex -3.356209 44.913043 -1.937708
      vertex -3.471096 45.478261 -2.004038
    endloop
  endfacet
  facet normal 0.863587 0.228292 0.449555
    outer loop
      vertex -3.512320 44.913043 -1.637822
      vertex -3.471096 45.478261 -2.004038
      vertex -3.632551 45.478261 -1.693886
    endloop
  endfacet
  facet normal 0.821120 0.228292 0.523111
    outer loop
      vertex -3.356209 44.913043 -1.937708
      vertex -3.174555 44.913043 -2.222847
      vertex -3.283224 45.478261 -2.298938
    endloop
  endfacet
  facet normal 0.821120 0.228292 0.523111
    outer loop
      vertex -3.356209 44.913043 -1.937708
      vertex -3.283224 45.478261 -2.298938
      vertex -3.471096 45.478261 -2.004038
    endloop
  endfacet
  facet normal 0.772403 0.228292 0.592686
    outer loop
      vertex -3.174555 44.913043 -2.222847
      vertex -2.968741 44.913043 -2.491069
      vertex -3.070365 45.478261 -2.576342
    endloop
  endfacet
  facet normal 0.772403 0.228292 0.592686
    outer loop
      vertex -3.174555 44.913043 -2.222847
      vertex -3.070365 45.478261 -2.576342
      vertex -3.283224 45.478261 -2.298938
    endloop
  endfacet
  facet normal 0.717808 0.228292 0.657750
    outer loop
      vertex -2.968741 44.913043 -2.491069
      vertex -2.740333 44.913043 -2.740333
      vertex -2.834138 45.478261 -2.834138
    endloop
  endfacet
  facet normal 0.717808 0.228292 0.657750
    outer loop
      vertex -2.968741 44.913043 -2.491069
      vertex -2.834138 45.478261 -2.834138
      vertex -3.070365 45.478261 -2.576342
    endloop
  endfacet
  facet normal 0.657750 0.228292 0.717808
    outer loop
      vertex -2.740333 44.913043 -2.740333
      vertex -2.491069 44.913043 -2.968741
      vertex -2.576342 45.478261 -3.070365
    endloop
  endfacet
  facet normal 0.657750 0.228292 0.717808
    outer loop
      vertex -2.740333 44.913043 -2.740333
      vertex -2.576342 45.478261 -3.070365
      vertex -2.834138 45.478261 -2.834138
    endloop
  endfacet
  facet normal 0.592686 0.228292 0.772403
    outer loop
      vertex -2.491069 44.913043 -2.968741
      vertex -2.222847 44.913043 -3.174555
      vertex -2.298938 45.478261 -3.283224
    endloop
  endfacet
  facet normal 0.592686 0.228292 0.772403
    outer loop
      vertex -2.491069 44.913043 -2.968741
      vertex -2.298938 45.478261 -3.283224
      vertex -2.576342 45.478261 -3.070365
    endloop
  endfacet
  facet normal 0.523111 0.228292 0.821120
    outer loop
      vertex -2.222847 44.913043 -3.174555
      vertex -1.937708 44.913043 -3.356209
      vertex -2.004038 45.478261 -3.471096
    endloop
  endfacet
  facet normal 0.523111 0.228292 0.821120
    outer loop
      vertex -2.222847 44.913043 -3.174555
      vertex -2.004038 45.478261 -3.471096
      vertex -2.298938 45.478261 -3.283224
    endloop
  endfacet
  facet normal 0.449555 0.228292 0.863587
    outer loop
      vertex -1.937708 44.913043 -3.356209
      vertex -1.637822 44.913043 -3.512320
      vertex -1.693886 45.478261 -3.632551
    endloop
  endfacet
  facet normal 0.449555 0.228292 0.863587
    outer loop
      vertex -1.937708 44.913043 -3.356209
      vertex -1.693886 45.478261 -3.632551
      vertex -2.004038 45.478261 -3.471096
    endloop
  endfacet
  facet normal 0.372578 0.228292 0.899482
    outer loop
      vertex -1.637822 44.913043 -3.512320
      vertex -1.325470 44.913043 -3.641700
      vertex -1.370843 45.478261 -3.766360
    endloop
  endfacet
  facet normal 0.372578 0.228292 0.899482
    outer loop
      vertex -1.637822 44.913043 -3.512320
      vertex -1.370843 45.478261 -3.766360
      vertex -1.693886 45.478261 -3.632551
    endloop
  endfacet
  facet normal 0.292765 0.228292 0.928532
    outer loop
      vertex -1.325470 44.913043 -3.641700
      vertex -1.003031 44.913043 -3.743364
      vertex -1.037367 45.478261 -3.871505
    endloop
  endfacet
  facet normal 0.292765 0.228292 0.928532
    outer loop
      vertex -1.325470 44.913043 -3.641700
      vertex -1.037367 45.478261 -3.871505
      vertex -1.370843 45.478261 -3.766360
    endloop
  endfacet
  facet normal 0.210724 0.228292 0.950515
    outer loop
      vertex -1.003031 44.913043 -3.743364
      vertex -0.672959 44.913043 -3.816540
      vertex -0.695995 45.478261 -3.947185
    endloop
  endfacet
  facet normal 0.210724 0.228292 0.950515
    outer loop
      vertex -1.003031 44.913043 -3.743364
      vertex -0.695995 45.478261 -3.947185
      vertex -1.037367 45.478261 -3.871505
    endloop
  endfacet
  facet normal 0.127079 0.228292 0.965264
    outer loop
      vertex -0.672959 44.913043 -3.816540
      vertex -0.337765 44.913043 -3.860669
      vertex -0.349327 45.478261 -3.992825
    endloop
  endfacet
  facet normal 0.127079 0.228292 0.965264
    outer loop
      vertex -0.672959 44.913043 -3.816540
      vertex -0.349327 45.478261 -3.992825
      vertex -0.695995 45.478261 -3.947185
    endloop
  endfacet
  facet normal 0.042468 0.228292 0.972666
    outer loop
      vertex -0.337765 44.913043 -3.860669
      vertex -0.000000 44.913043 -3.875416
      vertex -0.000000 45.478261 -4.008077
    endloop
  endfacet
  facet normal 0.042468 0.228292 0.972666
    outer loop
      vertex -0.337765 44.913043 -3.860669
      vertex -0.000000 45.478261 -4.008077
      vertex -0.349327 45.478261 -3.992825
    endloop
  endfacet
  facet normal -0.042468 0.228292 0.972666
    outer loop
      vertex -0.000000 44.913043 -3.875416
      vertex 0.337765 44.913043 -3.860669
      vertex 0.349327 45.478261 -3.992825
    endloop
  endfacet
  facet normal -0.042468 0.228292 0.972666
    outer loop
      vertex -0.000000 44.913043 -3.875416
      vertex 0.349327 45.478261 -3.992825
      vertex -0.000000 45.478261 -4.008077
    endloop
  endfacet
  facet normal -0.127079 0.228292 0.965264
    outer loop
      vertex 0.337765 44.913043 -3.860669
      vertex 0.672959 44.913043 -3.816540
      vertex 0.695995 45.478261 -3.947185
    endloop
  endfacet
  facet normal -0.127079 0.228292 0.965264
    outer loop
      vertex 0.337765 44.913043 -3.860669
      vertex 0.695995 45.478261 -3.947185
      vertex 0.349327 45.478261 -3.992825
    endloop
  endfacet
  facet normal -0.210724 0.228292 0.950515
    outer loop
      vertex 0.672959 44.913043 -3.816540
      vertex 1.003031 44.913043 -3.743364
      vertex 1.037367 45.478261 -3.871505
    endloop
  endfacet
  facet normal -0.210724 0.228292 0.950515
    outer loop
      vertex 0.672959 44.913043 -3.816540
      vertex 1.037367 45.478261 -3.871505
      vertex 0.695995 45.478261 -3.947185
    endloop
  endfacet
  facet normal -0.292765 0.228292 0.928532
    outer loop
      vertex 1.003031 44.913043 -3.743364
      vertex 1.325470 44.913043 -3.641700
      vertex 1.370843 45.478261 -3.766360
    endloop
  endfacet
  facet normal -0.292765 0.228292 0.928532
    outer loop
      vertex 1.003031 44.913043 -3.743364
      vertex 1.370843 45.478261 -3.766360
      vertex 1.037367 45.478261 -3.871505
    endloop
  endfacet
  facet normal -0.372578 0.228292 0.899482
    outer loop
      vertex 1.325470 44.913043 -3.641700
      vertex 1.637822 44.913043 -3.512320
      vertex 1.693886 45.478261 -3.632551
    endloop
  endfacet
  facet normal -0.372578 0.228292 0.899482
    outer loop
      vertex 1.325470 44.913043 -3.641700
      vertex 1.693886 45.478261 -3.632551
      vertex 1.370843 45.478261 -3.766360
    endloop
  endfacet
  facet normal -0.449555 0.228292 0.863587
    outer loop
      vertex 1.637822 44.913043 -3.512320
      vertex 1.937708 44.913043 -3.356209
      vertex 2.004038 45.478261 -3.471096
    endloop
  endfacet
  facet normal -0.449555 0.228292 0.863587
    outer loop
      vertex 1.637822 44.913043 -3.512320
      vertex 2.004038 45.478261 -3.471096
      vertex 1.693886 45.478261 -3.632551
    endloop
  endfacet
  facet normal -0.523111 0.228292 0.821120
    outer loop
      vertex 1.937708 44.913043 -3.356209
      vertex 2.222847 44.913043 -3.174555
      vertex 2.298938 45.478261 -3.283224
    endloop
  endfacet
  facet normal -0.523111 0.228292 0.821120
    outer loop
      vertex 1.937708 44.913043 -3.356209
      vertex 2.298938 45.478261 -3.283224
      vertex 2.004038 45.478261 -3.471096
    endloop
  endfacet
  facet normal -0.592686 0.228292 0.772403
    outer loop
      vertex 2.222847 44.913043 -3.174555
      vertex 2.491069 44.913043 -2.968741
      vertex 2.576342 45.478261 -3.070365
    endloop
  endfacet
  facet normal -0.592686 0.228292 0.772403
    outer loop
      vertex 2.222847 44.913043 -3.174555
      vertex 2.576342 45.478261 -3.070365
      vertex 2.298938 45.478261 -3.283224
    endloop
  endfacet
  facet normal -0.657750 0.228292 0.717808
    outer loop
      vertex 2.491069 44.913043 -2.968741
      vertex 2.740333 44.913043 -2.740333
      vertex 2.834138 45.478261 -2.834138
    endloop
  endfacet
  facet normal -0.657750 0.228292 0.717808
    outer loop
      vertex 2.491069 44.913043 -2.968741
      vertex 2.834138 45.478261 -2.834138
      vertex 2.576342 45.478261 -3.070365
    endloop
  endfacet
  facet normal -0.717808 0.228292 0.657750
    outer loop
      vertex 2.740333 44.913043 -2.740333
      vertex 2.968741 44.913043 -2.491069
      vertex 3.070365 45.478261 -2.576342
    endloop
  endfacet
  facet normal -0.717808 0.228292 0.657750
    outer loop
      vertex 2.740333 44.913043 -2.740333
      vertex 3.070365 45.478261 -2.576342
      vertex 2.834138 45.478261 -2.834138
    endloop
  endfacet
  facet normal -0.772403 0.228292 0.592686
    outer loop
      vertex 2.968741 44.913043 -2.491069
      vertex 3.174555 44.913043 -2.222847
      vertex 3.283224 45.478261 -2.298938
    endloop
  endfacet
  facet normal -0.772403 0.228292 0.592686
    outer loop
      vertex 2.968741 44.913043 -2.491069
      vertex 3.283224 45.478261 -2.298938
      vertex 3.070365 45.478261 -2.576342
    endloop
  endfacet
  facet normal -0.821120 0.228292 0.523111
    outer loop
      vertex 3.174555 44.913043 -2.222847
      vertex 3.356209 44.913043 -1.937708
      vertex 3.471096 45.478261 -2.004038
    endloop
  endfacet
  facet normal -0.821120 0.228292 0.523111
    outer loop
      vertex 3.174555 44.913043 -2.222847
      vertex 3.471096 45.478261 -2.004038
      vertex 3.283224 45.478261 -2.298938
    endloop
  endfacet
  facet normal -0.863587 0.228292 0.449555
    outer loop
      vertex 3.356209 44.913043 -1.937708
      vertex 3.512320 44.913043 -1.637822
      vertex 3.632551 45.478261 -1.693886
    endloop
  endfacet
  facet normal -0.863587 0.228292 0.449555
    outer loop
      vertex 3.356209 44.913043 -1.937708
      vertex 3.632551 45.478261 -1.693886
      vertex 3.471096 45.478261 -2.004038
    endloop
  endfacet
  facet normal -0.899482 0.228292 0.372578
    outer loop
      vertex 3.512320 44.913043 -1.637822
      vertex 3.641700 44.913043 -1.325470
      vertex 3.766360 45.478261 -1.370843
    endloop
  endfacet
  facet normal -0.899482 0.228292 0.372578
    outer loop
      vertex 3.512320 44.913043 -1.637822
      vertex 3.766360 45.478261 -1.370843
      vertex 3.632551 45.478261 -1.693886
    endloop
  endfacet
  facet normal -0.928532 0.228292 0.292765
    outer loop
      vertex 3.641700 44.913043 -1.325470
      vertex 3.743364 44.913043 -1.003031
      vertex 3.871505 45.478261 -1.037367
    endloop
  endfacet
  facet normal -0.928532 0.228292 0.292765
    outer loop
      vertex 3.641700 44.913043 -1.325470
      vertex 3.871505 45.478261 -1.037367
      vertex 3.766360 45.478261 -1.370843
    endloop
  endfacet
  facet normal -0.950515 0.228292 0.210724
    outer loop
      vertex 3.743364 44.913043 -1.003031
      vertex 3.816540 44.913043 -0.672959
      vertex 3.947185 45.478261 -0.695995
    endloop
  endfacet
  facet normal -0.950515 0.228292 0.210724
    outer loop
      vertex 3.743364 44.913043 -1.003031
      vertex 3.947185 45.478261 -0.695995
      vertex 3.871505 45.478261 -1.037367
    endloop
  endfacet
  facet normal -0.965264 0.228292 0.127079
    outer loop
      vertex 3.816540 44.913043 -0.672959
      vertex 3.860669 44.913043 -0.337765
      vertex 3.992825 45.478261 -0.349327
    endloop
  endfacet
  facet normal -0.965264 0.228292 0.127079
    outer loop
      vertex 3.816540 44.913043 -0.672959
      vertex 3.992825 45.478261 -0.349327
      vertex 3.947185 45.478261 -0.695995
    endloop
  endfacet
  facet normal -0.972666 0.228292 0.042468
    outer loop
      vertex 3.860669 44.913043 -0.337765
      vertex 3.875416 44.913043 0.000000
      vertex 4.008077 45.478261 0.000000
    endloop
  endfacet
  facet normal -0.972666 0.228292 0.042468
    outer loop
      vertex 3.860669 44.913043 -0.337765
      vertex 4.008077 45.478261 0.000000
      vertex 3.992825 45.478261 -0.349327
    endloop
  endfacet
  facet normal -0.978570 0.201432 -0.042725
    outer loop
      vertex 4.008077 45.478261 0.000000
      vertex 3.992825 45.478261 0.349327
      vertex 4.108728 46.043478 0.359467
    endloop
  endfacet
  facet normal -0.978570 0.201432 -0.042725
    outer loop
      vertex 4.008077 45.478261 0.000000
      vertex 4.108728 46.043478 0.359467
      vertex 4.124422 46.043478 0.000000
    endloop
  endfacet
  facet normal -0.971123 0.201432 -0.127851
    outer loop
      vertex 3.992825 45.478261 0.349327
      vertex 3.947185 45.478261 0.695995
      vertex 4.061763 46.043478 0.716198
    endloop
  endfacet
  facet normal -0.971123 0.201432 -0.127851
    outer loop
      vertex 3.992825 45.478261 0.349327
      vertex 4.061763 46.043478 0.716198
      vertex 4.108728 46.043478 0.359467
    endloop
  endfacet
  facet normal -0.956284 0.201432 -0.212003
    outer loop
      vertex 3.947185 45.478261 0.695995
      vertex 3.871505 45.478261 1.037367
      vertex 3.983886 46.043478 1.067479
    endloop
  endfacet
  facet normal -0.956284 0.201432 -0.212003
    outer loop
      vertex 3.947185 45.478261 0.695995
      vertex 3.983886 46.043478 1.067479
      vertex 4.061763 46.043478 0.716198
    endloop
  endfacet
  facet normal -0.934168 0.201432 -0.294542
    outer loop
      vertex 3.871505 45.478261 1.037367
      vertex 3.766360 45.478261 1.370843
      vertex 3.875689 46.043478 1.410636
    endloop
  endfacet
  facet normal -0.934168 0.201432 -0.294542
    outer loop
      vertex 3.871505 45.478261 1.037367
      vertex 3.875689 46.043478 1.410636
      vertex 3.983886 46.043478 1.067479
    endloop
  endfacet
  facet normal -0.904942 0.201432 -0.374839
    outer loop
      vertex 3.766360 45.478261 1.370843
      vertex 3.632551 45.478261 1.693886
      vertex 3.737996 46.043478 1.743056
    endloop
  endfacet
  facet normal -0.904942 0.201432 -0.374839
    outer loop
      vertex 3.766360 45.478261 1.370843
      vertex 3.737996 46.043478 1.743056
      vertex 3.875689 46.043478 1.410636
    endloop
  endfacet
  facet normal -0.868829 0.201432 -0.452284
    outer loop
      vertex 3.632551 45.478261 1.693886
      vertex 3.471096 45.478261 2.004038
      vertex 3.571855 46.043478 2.062211
    endloop
  endfacet
  facet normal -0.868829 0.201432 -0.452284
    outer loop
      vertex 3.632551 45.478261 1.693886
      vertex 3.571855 46.043478 2.062211
      vertex 3.737996 46.043478 1.743056
    endloop
  endfacet
  facet normal -0.826104 0.201432 -0.526286
    outer loop
      vertex 3.471096 45.478261 2.004038
      vertex 3.283224 45.478261 2.298938
      vertex 3.378529 46.043478 2.365672
    endloop
  endfacet
  facet normal -0.826104 0.201432 -0.526286
    outer loop
      vertex 3.471096 45.478261 2.004038
      vertex 3.378529 46.043478 2.365672
      vertex 3.571855 46.043478 2.062211
    endloop
  endfacet
  facet normal -0.777092 0.201432 -0.596283
    outer loop
      vertex 3.283224 45.478261 2.298938
      vertex 3.070365 45.478261 2.576342
      vertex 3.159491 46.043478 2.651128
    endloop
  endfacet
  facet normal -0.777092 0.201432 -0.596283
    outer loop
      vertex 3.283224 45.478261 2.298938
      vertex 3.159491 46.043478 2.651128
      vertex 3.378529 46.043478 2.365672
    endloop
  endfacet
  facet normal -0.722165 0.201432 -0.661742
    outer loop
      vertex 3.070365 45.478261 2.576342
      vertex 2.834138 45.478261 2.834138
      vertex 2.916407 46.043478 2.916407
    endloop
  endfacet
  facet normal -0.722165 0.201432 -0.661742
    outer loop
      vertex 3.070365 45.478261 2.576342
      vertex 2.916407 46.043478 2.916407
      vertex 3.159491 46.043478 2.651128
    endloop
  endfacet
  facet normal -0.661742 0.201432 -0.722165
    outer loop
      vertex 2.834138 45.478261 2.834138
      vertex 2.576342 45.478261 3.070365
      vertex 2.651128 46.043478 3.159491
    endloop
  endfacet
  facet normal -0.661742 0.201432 -0.722165
    outer loop
      vertex 2.834138 45.478261 2.834138
      vertex 2.651128 46.043478 3.159491
      vertex 2.916407 46.043478 2.916407
    endloop
  endfacet
  facet normal -0.596283 0.201432 -0.777092
    outer loop
      vertex 2.576342 45.478261 3.070365
      vertex 2.298938 45.478261 3.283224
      vertex 2.365672 46.043478 3.378529
    endloop
  endfacet
  facet normal -0.596283 0.201432 -0.777092
    outer loop
      vertex 2.576342 45.478261 3.070365
      vertex 2.365672 46.043478 3.378529
      vertex 2.651128 46.043478 3.159491
    endloop
  endfacet
  facet normal -0.526286 0.201432 -0.826104
    outer loop
      vertex 2.298938 45.478261 3.283224
      vertex 2.004038 45.478261 3.471096
      vertex 2.062211 46.043478 3.571855
    endloop
  endfacet
  facet normal -0.526286 0.201432 -0.826104
    outer loop
      vertex 2.298938 45.478261 3.283224
      vertex 2.062211 46.043478 3.571855
      vertex 2.365672 46.043478 3.378529
    endloop
  endfacet
  facet normal -0.452284 0.201432 -0.868829
    outer loop
      vertex 2.004038 45.478261 3.471096
      vertex 1.693886 45.478261 3.632551
      vertex 1.743056 46.043478 3.737996
    endloop
  endfacet
  facet normal -0.452284 0.201432 -0.868829
    outer loop
      vertex 2.004038 45.478261 3.471096
      vertex 1.743056 46.043478 3.737996
      vertex 2.062211 46.043478 3.571855
    endloop
  endfacet
  facet normal -0.374839 0.201432 -0.904942
    outer loop
      vertex 1.693886 45.478261 3.632551
      vertex 1.370843 45.478261 3.766360
      vertex 1.410636 46.043478 3.875689
    endloop
  endfacet
  facet normal -0.374839 0.201432 -0.904942
    outer loop
      vertex 1.693886 45.478261 3.632551
      vertex 1.410636 46.043478 3.875689
      vertex 1.743056 46.043478 3.737996
    endloop
  endfacet
  facet normal -0.294542 0.201432 -0.934168
    outer loop
      vertex 1.370843 45.478261 3.766360
      vertex 1.037367 45.478261 3.871505
      vertex 1.067479 46.043478 3.983886
    endloop
  endfacet
  facet normal -0.294542 0.201432 -0.934168
    outer loop
      vertex 1.370843 45.478261 3.766360
      vertex 1.067479 46.043478 3.983886
      vertex 1.410636 46.043478 3.875689
    endloop
  endfacet
  facet normal -0.212003 0.201432 -0.956284
    outer loop
      vertex 1.037367 45.478261 3.871505
      vertex 0.695995 45.478261 3.947185
      vertex 0.716198 46.043478 4.061763
    endloop
  endfacet
  facet normal -0.212003 0.201432 -0.956284
    outer loop
      vertex 1.037367 45.478261 3.871505
      vertex 0.716198 46.043478 4.061763
      vertex 1.067479 46.043478 3.983886
    endloop
  endfacet
  facet normal -0.127851 0.201432 -0.971123
    outer loop
      vertex 0.695995 45.478261 3.947185
      vertex 0.349327 45.478261 3.992825
      vertex 0.359467 46.043478 4.108728
    endloop
  endfacet
  facet normal -0.127851 0.201432 -0.971123
    outer loop
      vertex 0.695995 45.478261 3.947185
      vertex 0.359467 46.043478 4.108728
      vertex 0.716198 46.043478 4.061763
    endloop
  endfacet
  facet normal -0.042725 0.201432 -0.978570
    outer loop
      vertex 0.349327 45.478261 3.992825
      vertex 0.000000 45.478261 4.008077
      vertex 0.000000 46.043478 4.124422
    endloop
  endfacet
  facet normal -0.042725 0.201432 -0.978570
    outer loop
      vertex 0.349327 45.478261 3.992825
      vertex 0.000000 46.043478 4.124422
      vertex 0.359467 46.043478 4.108728
    endloop
  endfacet
  facet normal 0.042725 0.201432 -0.978570
    outer loop
      vertex 0.000000 45.478261 4.008077
      vertex -0.349327 45.478261 3.992825
      vertex -0.359467 46.043478 4.108728
    endloop
  endfacet
  facet normal 0.042725 0.201432 -0.978570
    outer loop
      vertex 0.000000 45.478261 4.008077
      vertex -0.359467 46.043478 4.108728
      vertex 0.000000 46.043478 4.124422
    endloop
  endfacet
  facet normal 0.127851 0.201432 -0.971123
    outer loop
      vertex -0.349327 45.478261 3.992825
      vertex -0.695995 45.478261 3.947185
      vertex -0.716198 46.043478 4.061763
    endloop
  endfacet
  facet normal 0.127851 0.201432 -0.971123
    outer loop
      vertex -0.349327 45.478261 3.992825
      vertex -0.716198 46.043478 4.061763
      vertex -0.359467 46.043478 4.108728
    endloop
  endfacet
  facet normal 0.212003 0.201432 -0.956284
    outer loop
      vertex -0.695995 45.478261 3.947185
      vertex -1.037367 45.478261 3.871505
      vertex -1.067479 46.043478 3.983886
    endloop
  endfacet
  facet normal 0.212003 0.201432 -0.956284
    outer loop
      vertex -0.695995 45.478261 3.947185
      vertex -1.067479 46.043478 3.983886
      vertex -0.716198 46.043478 4.061763
    endloop
  endfacet
  facet normal 0.294542 0.201432 -0.934168
    outer loop
      vertex -1.037367 45.478261 3.871505
      vertex -1.370843 45.478261 3.766360
      vertex -1.410636 46.043478 3.875689
    endloop
  endfacet
  facet normal 0.294542 0.201432 -0.934168
    outer loop
      vertex -1.037367 45.478261 3.871505
      vertex -1.410636 46.043478 3.875689
      vertex -1.067479 46.043478 3.983886
    endloop
  endfacet
  facet normal 0.374839 0.201432 -0.904942
    outer loop
      vertex -1.370843 45.478261 3.766360
      vertex -1.693886 45.478261 3.632551
      vertex -1.743056 46.043478 3.737996
    endloop
  endfacet
  facet normal 0.374839 0.201432 -0.904942
    outer loop
      vertex -1.370843 45.478261 3.766360
      vertex -1.743056 46.043478 3.737996
      vertex -1.410636 46.043478 3.875689
    endloop
  endfacet
  facet normal 0.452284 0.201432 -0.868829
    outer loop
      vertex -1.693886 45.478261 3.632551
      vertex -2.004038 45.478261 3.471096
      vertex -2.062211 46.043478 3.571855
    endloop
  endfacet
  facet normal 0.452284 0.201432 -0.868829
    outer loop
      vertex -1.693886 45.478261 3.632551
      vertex -2.062211 46.043478 3.571855
      vertex -1.743056 46.043478 3.737996
    endloop
  endfacet
  facet normal 0.526286 0.201432 -0.826104
    outer loop
      vertex -2.004038 45.478261 3.471096
      vertex -2.298938 45.478261 3.283224
      vertex -2.365672 46.043478 3.378529
    endloop
  endfacet
  facet normal 0.526286 0.201432 -0.826104
    outer loop
      vertex -2.004038 45.478261 3.471096
      vertex -2.365672 46.043478 3.378529
      vertex -2.062211 46.043478 3.571855
    endloop
  endfacet
  facet normal 0.596283 0.201432 -0.777092
    outer loop
      vertex -2.298938 45.478261 3.283224
      vertex -2.576342 45.478261 3.070365
      vertex -2.651128 46.043478 3.159491
    endloop
  endfacet
  facet normal 0.596283 0.201432 -0.777092
    outer loop
      vertex -2.298938 45.478261 3.283224
      vertex -2.651128 46.043478 3.159491
      vertex -2.365672 46.043478 3.378529
    endloop
  endfacet
  facet normal 0.661742 0.201432 -0.722165
    outer loop
      vertex -2.576342 45.478261 3.070365
      vertex -2.834138 45.478261 2.834138
      vertex -2.916407 46.043478 2.916407
    endloop
  endfacet
  facet normal 0.661742 0.201432 -0.722165
    outer loop
      vertex -2.576342 45.478261 3.070365
      vertex -2.916407 46.043478 2.916407
      vertex -2.651128 46.043478 3.159491
    endloop
  endfacet
  facet normal 0.722165 0.201432 -0.661742
    outer loop
      vertex -2.834138 45.478261 2.834138
      vertex -3.070365 45.478261 2.576342
      vertex -3.159491 46.043478 2.651128
    endloop
  endfacet
  facet normal 0.722165 0.201432 -0.661742
    outer loop
      vertex -2.834138 45.478261 2.834138
      vertex -3.159491 46.043478 2.651128
      vertex -2.916407 46.043478 2.916407
    endloop
  endfacet
  facet normal 0.777092 0.201432 -0.596283
    outer loop
      vertex -3.070365 45.478261 2.576342
      vertex -3.283224 45.478261 2.298938
      vertex -3.378529 46.043478 2.365672
    endloop
  endfacet
  facet normal 0.777092 0.201432 -0.596283
    outer loop
      vertex -3.070365 45.478261 2.576342
      vertex -3.378529 46.043478 2.365672
      vertex -3.159491 46.043478 2.651128
    endloop
  endfacet
  facet normal 0.826104 0.201432 -0.526286
    outer loop
      vertex -3.283224 45.478261 2.298938
      vertex -3.471096 45.478261 2.004038
      vertex -3.571855 46.043478 2.062211
    endloop
  endfacet
  facet normal 0.826104 0.201432 -0.526286
    outer loop
      vertex -3.283224 45.478261 2.298938
      vertex -3.571855 46.043478 2.062211
      vertex -3.378529 46.043478 2.365672
    endloop
  endfacet
  facet normal 0.868829 0.201432 -0.452284
    outer loop
      vertex -3.471096 45.478261 2.004038
      vertex -3.632551 45.478261 1.693886
      vertex -3.737996 46.043478 1.743056
    endloop
  endfacet
  facet normal 0.868829 0.201432 -0.452284
    outer loop
      vertex -3.471096 45.478261 2.004038
      vertex -3.737996 46.043478 1.743056
      vertex -3.571855 46.043478 2.062211
    endloop
  endfacet
  facet normal 0.904942 0.201432 -0.374839
    outer loop
      vertex -3.632551 45.478261 1.693886
      vertex -3.766360 45.478261 1.370843
      vertex -3.875689 46.043478 1.410636
    endloop
  endfacet
  facet normal 0.904942 0.201432 -0.374839
    outer loop
      vertex -3.632551 45.478261 1.693886
      vertex -3.875689 46.043478 1.410636
      vertex -3.737996 46.043478 1.743056
    endloop
  endfacet
  facet normal 0.934168 0.201432 -0.294542
    outer loop
      vertex -3.766360 45.478261 1.370843
      vertex -3.871505 45.478261 1.037367
      vertex -3.983886 46.043478 1.067479
    endloop
  endfacet
  facet normal 0.934168 0.201432 -0.294542
    outer loop
      vertex -3.766360 45.478261 1.370843
      vertex -3.983886 46.043478 1.067479
      vertex -3.875689 46.043478 1.410636
    endloop
  endfacet
  facet normal 0.956284 0.201432 -0.212003
    outer loop
      vertex -3.871505 45.478261 1.037367
      vertex -3.947185 45.478261 0.695995
      vertex -4.061763 46.043478 0.716198
    endloop
  endfacet
  facet normal 0.956284 0.201432 -0.212003
    outer loop
      vertex -3.871505 45.478261 1.037367
      vertex -4.061763 46.043478 0.716198
      vertex -3.983886 46.043478 1.067479
    endloop
  endfacet
  facet normal 0.971123 0.201432 -0.127851
    outer loop
      vertex -3.947185 45.478261 0.695995
      vertex -3.992825 45.478261 0.349327
      vertex -4.108728 46.043478 0.359467
    endloop
  endfacet
  facet normal 0.971123 0.201432 -0.127851
    outer loop
      vertex -3.947185 45.478261 0.695995
      vertex -4.108728 46.043478 0.359467
      vertex -4.061763 46.043478 0.716198
    endloop
  endfacet
  facet normal 0.978570 0.201432 -0.042725
    outer loop
      vertex -3.992825 45.478261 0.349327
      vertex -4.008077 45.478261 0.000000
      vertex -4.124422 46.043478 0.000000
    endloop
  endfacet
  facet normal 0.978570 0.201432 -0.042725
    outer loop
      vertex -3.992825 45.478261 0.349327
      vertex -4.124422 46.043478 0.000000
      vertex -4.108728 46.043478 0.359467
    endloop
  endfacet
  facet normal 0.978570 0.201432 0.042725
    outer loop
      vertex -4.008077 45.478261 0.000000
      vertex -3.992825 45.478261 -0.349327
      vertex -4.108728 46.043478 -0.359467
    endloop
  endfacet
  facet normal 0.978570 0.201432 0.042725
    outer loop
      vertex -4.008077 45.478261 0.000000
      vertex -4.108728 46.043478 -0.359467
      vertex -4.124422 46.043478 0.000000
    endloop
  endfacet
  facet normal 0.971123 0.201432 0.127851
    outer loop
      vertex -3.992825 45.478261 -0.349327
      vertex -3.947185 45.478261 -0.695995
      vertex -4.061763 46.043478 -0.716198
    endloop
  endfacet
  facet normal 0.971123 0.201432 0.127851
    outer loop
      vertex -3.992825 45.478261 -0.349327
      vertex -4.061763 46.043478 -0.716198
      vertex -4.108728 46.043478 -0.359467
    endloop
  endfacet
  facet normal 0.956284 0.201432 0.212003
    outer loop
      vertex -3.947185 45.478261 -0.695995
      vertex -3.871505 45.478261 -1.037367
      vertex -3.983886 46.043478 -1.067479
    endloop
  endfacet
  facet normal 0.956284 0.201432 0.212003
    outer loop
      vertex -3.947185 45.478261 -0.695995
      vertex -3.983886 46.043478 -1.067479
      vertex -4.061763 46.043478 -0.716198
    endloop
  endfacet
  facet normal 0.934168 0.201432 0.294542
    outer loop
      vertex -3.871505 45.478261 -1.037367
      vertex -3.766360 45.478261 -1.370843
      vertex -3.875689 46.043478 -1.410636
    endloop
  endfacet
  facet normal 0.934168 0.201432 0.294542
    outer loop
      vertex -3.871505 45.478261 -1.037367
      vertex -3.875689 46.043478 -1.410636
      vertex -3.983886 46.043478 -1.067479
    endloop
  endfacet
  facet normal 0.904942 0.201432 0.374839
    outer loop
      vertex -3.766360 45.478261 -1.370843
      vertex -3.632551 45.478261 -1.693886
      vertex -3.737996 46.043478 -1.743056
    endloop
  endfacet
  facet normal 0.904942 0.201432 0.374839
    outer loop
      vertex -3.766360 45.478261 -1.370843
      vertex -3.737996 46.043478 -1.743056
      vertex -3.875689 46.043478 -1.410636
    endloop
  endfacet
  facet normal 0.868829 0.201432 0.452284
    outer loop
      vertex -3.632551 45.478261 -1.693886
      vertex -3.471096 45.478261 -2.004038
      vertex -3.571855 46.043478 -2.062211
    endloop
  endfacet
  facet normal 0.868829 0.201432 0.452284
    outer loop
      vertex -3.632551 45.478261 -1.693886
      vertex -3.571855 46.043478 -2.062211
      vertex -3.737996 46.043478 -1.743056
    endloop
  endfacet
  facet normal 0.826104 0.201432 0.526286
    outer loop
      vertex -3.471096 45.478261 -2.004038
      vertex -3.283224 45.478261 -2.298938
      vertex -3.378529 46.043478 -2.365672
    endloop
  endfacet
  facet normal 0.826104 0.201432 0.526286
    outer loop
      vertex -3.471096 45.478261 -2.004038
      vertex -3.378529 46.043478 -2.365672
      vertex -3.571855 46.043478 -2.062211
    endloop
  endfacet
  facet normal 0.777092 0.201432 0.596283
    outer loop
      vertex -3.283224 45.478261 -2.298938
      vertex -3.070365 45.478261 -2.576342
      vertex -3.159491 46.043478 -2.651128
    endloop
  endfacet
  facet normal 0.777092 0.201432 0.596283
    outer loop
      vertex -3.283224 45.478261 -2.298938
      vertex -3.159491 46.043478 -2.651128
      vertex -3.378529 46.043478 -2.365672
    endloop
  endfacet
  facet normal 0.722165 0.201432 0.661742
    outer loop
      vertex -3.070365 45.478261 -2.576342
      vertex -2.834138 45.478261 -2.834138
      vertex -2.916407 46.043478 -2.916407
    endloop
  endfacet
  facet normal 0.722165 0.201432 0.661742
    outer loop
      vertex -3.070365 45.478261 -2.576342
      vertex -2.916407 46.043478 -2.916407
      vertex -3.159491 46.043478 -2.651128
    endloop
  endfacet
  facet normal 0.661742 0.201432 0.722165
    outer loop
      vertex -2.834138 45.478261 -2.834138
      vertex -2.576342 45.478261 -3.070365
      vertex -2.651128 46.043478 -3.159491
    endloop
  endfacet
  facet normal 0.661742 0.201432 0.722165
    outer loop
      vertex -2.834138 45.478261 -2.834138
      vertex -2.651128 46.043478 -3.159491
      vertex -2.916407 46.043478 -2.916407
    endloop
  endfacet
  facet normal 0.596283 0.201432 0.777092
    outer loop
      vertex -2.576342 45.478261 -3.070365
      vertex -2.298938 45.478261 -3.283224
      vertex -2.365672 46.043478 -3.378529
    endloop
  endfacet
  facet normal 0.596283 0.201432 0.777092
    outer loop
      vertex -2.576342 45.478261 -3.070365
      vertex -2.365672 46.043478 -3.378529
      vertex -2.651128 46.043478 -3.159491
    endloop
  endfacet
  facet normal 0.526286 0.201432 0.826104
    outer loop
      vertex -2.298938 45.478261 -3.283224
      vertex -2.004038 45.478261 -3.471096
      vertex -2.062211 46.043478 -3.571855
    endloop
  endfacet
  facet normal 0.526286 0.201432 0.826104
    outer loop
      vertex -2.298938 45.478261 -3.283224
      vertex -2.062211 46.043478 -3.571855
      vertex -2.365672 46.043478 -3.378529
    endloop
  endfacet
  facet normal 0.452284 0.201432 0.868829
    outer loop
      vertex -2.004038 45.478261 -3.471096
      vertex -1.693886 45.478261 -3.632551
      vertex -1.743056 46.043478 -3.737996
    endloop
  endfacet
  facet normal 0.452284 0.201432 0.868829
    outer loop
      vertex -2.004038 45.478261 -3.471096
      vertex -1.743056 46.043478 -3.737996
      vertex -2.062211 46.043478 -3.571855
    endloop
  endfacet
  facet normal 0.374839 0.201432 0.904942
    outer loop
      vertex -1.693886 45.478261 -3.632551
      vertex -1.370843 45.478261 -3.766360
      vertex -1.410636 46.043478 -3.875689
    endloop
  endfacet
  facet normal 0.374839 0.201432 0.904942
    outer loop
      vertex -1.693886 45.478261 -3.632551
      vertex -1.410636 46.043478 -3.875689
      vertex -1.743056 46.043478 -3.737996
    endloop
  endfacet
  facet normal 0.294542 0.201432 0.934168
    outer loop
      vertex -1.370843 45.478261 -3.766360
      vertex -1.037367 45.478261 -3.871505
      vertex -1.067479 46.043478 -3.983886
    endloop
  endfacet
  facet normal 0.294542 0.201432 0.934168
    outer loop
      vertex -1.370843 45.478261 -3.766360
      vertex -1.067479 46.043478 -3.983886
      vertex -1.410636 46.043478 -3.875689
    endloop
  endfacet
  facet normal 0.212003 0.201432 0.956284
    outer loop
      vertex -1.037367 45.478261 -3.871505
      vertex -0.695995 45.478261 -3.947185
      vertex -0.716198 46.043478 -4.061763
    endloop
  endfacet
  facet normal 0.212003 0.201432 0.956284
    outer loop
      vertex -1.037367 45.478261 -3.871505
      vertex -0.716198 46.043478 -4.061763
      vertex -1.067479 46.043478 -3.983886
    endloop
  endfacet
  facet normal 0.127851 0.201432 0.971123
    outer loop
      vertex -0.695995 45.478261 -3.947185
      vertex -0.349327 45.478261 -3.992825
      vertex -0.359467 46.043478 -4.108728
    endloop
  endfacet
  facet normal 0.127851 0.201432 0.971123
    outer loop
      vertex -0.695995 45.478261 -3.947185
      vertex -0.359467 46.043478 -4.108728
      vertex -0.716198 46.043478 -4.061763
    endloop
  endfacet
  facet normal 0.042725 0.201432 0.978570
    outer loop
      vertex -0.349327 45.478261 -3.992825
      vertex -0.000000 45.478261 -4.008077
      vertex -0.000000 46.043478 -4.124422
    endloop
  endfacet
  facet normal 0.042725 0.201432 0.978570
    outer loop
      vertex -0.349327 45.478261 -3.992825
      vertex -0.000000 46.043478 -4.124422
      vertex -0.359467 46.043478 -4.108728
    endloop
  endfacet
  facet normal -0.042725 0.201432 0.978570
    outer loop
      vertex -0.000000 45.478261 -4.008077
      vertex 0.349327 45.478261 -3.992825
      vertex 0.359467 46.043478 -4.108728
    endloop
  endfacet
  facet normal -0.042725 0.201432 0.978570
    outer loop
      vertex -0.000000 45.478261 -4.008077
      vertex 0.359467 46.043478 -4.108728
      vertex -0.000000 46.043478 -4.124422
    endloop
  endfacet
  facet normal -0.127851 0.201432 0.971123
    outer loop
      vertex 0.349327 45.478261 -3.992825
      vertex 0.695995 45.478261 -3.947185
      vertex 0.716198 46.043478 -4.061763
    endloop
  endfacet
  facet normal -0.127851 0.201432 0.971123
    outer loop
      vertex 0.349327 45.478261 -3.992825
      vertex 0.716198 46.043478 -4.061763
      vertex 0.359467 46.043478 -4.108728
    endloop
  endfacet
  facet normal -0.212003 0.201432 0.956284
    outer loop
      vertex 0.695995 45.478261 -3.947185
      vertex 1.037367 45.478261 -3.871505
      vertex 1.067479 46.043478 -3.983886
    endloop
  endfacet
  facet normal -0.212003 0.201432 0.956284
    outer loop
      vertex 0.695995 45.478261 -3.947185
      vertex 1.067479 46.043478 -3.983886
      vertex 0.716198 46.043478 -4.061763
    endloop
  endfacet
  facet normal -0.294542 0.201432 0.934168
    outer loop
      vertex 1.037367 45.478261 -3.871505
      vertex 1.370843 45.478261 -3.766360
      vertex 1.410636 46.043478 -3.875689
    endloop
  endfacet
  facet normal -0.294542 0.201432 0.934168
    outer loop
      vertex 1.037367 45.478261 -3.871505
      vertex 1.410636 46.043478 -3.875689
      vertex 1.067479 46.043478 -3.983886
    endloop
  endfacet
  facet normal -0.374839 0.201432 0.904942
    outer loop
      vertex 1.370843 45.478261 -3.766360
      vertex 1.693886 45.478261 -3.632551
      vertex 1.743056 46.043478 -3.737996
    endloop
  endfacet
  facet normal -0.374839 0.201432 0.904942
    outer loop
      vertex 1.370843 45.478261 -3.766360
      vertex 1.743056 46.043478 -3.737996
      vertex 1.410636 46.043478 -3.875689
    endloop
  endfacet
  facet normal -0.452284 0.201432 0.868829
    outer loop
      vertex 1.693886 45.478261 -3.632551
      vertex 2.004038 45.478261 -3.471096
      vertex 2.062211 46.043478 -3.571855
    endloop
  endfacet
  facet normal -0.452284 0.201432 0.868829
    outer loop
      vertex 1.693886 45.478261 -3.632551
      vertex 2.062211 46.043478 -3.571855
      vertex 1.743056 46.043478 -3.737996
    endloop
  endfacet
  facet normal -0.526286 0.201432 0.826104
    outer loop
      vertex 2.004038 45.478261 -3.471096
      vertex 2.298938 45.478261 -3.283224
      vertex 2.365672 46.043478 -3.378529
    endloop
  endfacet
  facet normal -0.526286 0.201432 0.826104
    outer loop
      vertex 2.004038 45.478261 -3.471096
      vertex 2.365672 46.043478 -3.378529
      vertex 2.062211 46.043478 -3.571855
    endloop
  endfacet
  facet normal -0.596283 0.201432 0.777092
    outer loop
      vertex 2.298938 45.478261 -3.283224
      vertex 2.576342 45.478261 -3.070365
      vertex 2.651128 46.043478 -3.159491
    endloop
  endfacet
  facet normal -0.596283 0.201432 0.777092
    outer loop
      vertex 2.298938 45.478261 -3.283224
      vertex 2.651128 46.043478 -3.159491
      vertex 2.365672 46.043478 -3.378529
    endloop
  endfacet
  facet normal -0.661742 0.201432 0.722165
    outer loop
      vertex 2.576342 45.478261 -3.070365
      vertex 2.834138 45.478261 -2.834138
      vertex 2.916407 46.043478 -2.916407
    endloop
  endfacet
  facet normal -0.661742 0.201432 0.722165
    outer loop
      vertex 2.576342 45.478261 -3.070365
      vertex 2.916407 46.043478 -2.916407
      vertex 2.651128 46.043478 -3.159491
    endloop
  endfacet
  facet normal -0.722165 0.201432 0.661742
    outer loop
      vertex 2.834138 45.478261 -2.834138
      vertex 3.070365 45.478261 -2.576342
      vertex 3.159491 46.043478 -2.651128
    endloop
  endfacet
  facet normal -0.722165 0.201432 0.661742
    outer loop
      vertex 2.834138 45.478261 -2.834138
      vertex 3.159491 46.043478 -2.651128
      vertex 2.916407 46.043478 -2.916407
    endloop
  endfacet
  facet normal -0.777092 0.201432 0.596283
    outer loop
      vertex 3.070365 45.478261 -2.576342
      vertex 3.283224 45.478261 -2.298938
      vertex 3.378529 46.043478 -2.365672
    endloop
  endfacet
  facet normal -0.777092 0.201432 0.596283
    outer loop
      vertex 3.070365 45.478261 -2.576342
      vertex 3.378529 46.043478 -2.365672
      vertex 3.159491 46.043478 -2.651128
    endloop
  endfacet
  facet normal -0.826104 0.201432 0.526286
    outer loop
      vertex 3.283224 45.478261 -2.298938
      vertex 3.471096 45.478261 -2.004038
      vertex 3.571855 46.043478 -2.062211
    endloop
  endfacet
  facet normal -0.826104 0.201432 0.526286
    outer loop
      vertex 3.283224 45.478261 -2.298938
      vertex 3.571855 46.043478 -2.062211
      vertex 3.378529 46.043478 -2.365672
    endloop
  endfacet
  facet normal -0.868829 0.201432 0.452284
    outer loop
      vertex 3.471096 45.478261 -2.004038
      vertex 3.632551 45.478261 -1.693886
      vertex 3.737996 46.043478 -1.743056
    endloop
  endfacet
  facet normal -0.868829 0.201432 0.452284
    outer loop
      vertex 3.471096 45.478261 -2.004038
      vertex 3.737996 46.043478 -1.743056
      vertex 3.571855 46.043478 -2.062211
    endloop
  endfacet
  facet normal -0.904942 0.201432 0.374839
    outer loop
      vertex 3.632551 45.478261 -1.693886
      vertex 3.766360 45.478261 -1.370843
      vertex 3.875689 46.043478 -1.410636
    endloop
  endfacet
  facet normal -0.904942 0.201432 0.374839
    outer loop
      vertex 3.632551 45.478261 -1.693886
      vertex 3.875689 46.043478 -1.410636
      vertex 3.737996 46.043478 -1.743056
    endloop
  endfacet
  facet normal -0.934168 0.201432 0.294542
    outer loop
      vertex 3.766360 45.478261 -1.370843
      vertex 3.871505 45.478261 -1.037367
      vertex 3.983886 46.043478 -1.067479
    endloop
  endfacet
  facet normal -0.934168 0.201432 0.294542
    outer loop
      vertex 3.766360 45.478261 -1.370843
      vertex 3.983886 46.043478 -1.067479
      vertex 3.875689 46.043478 -1.410636
    endloop
  endfacet
  facet normal -0.956284 0.201432 0.212003
    outer loop
      vertex 3.871505 45.478261 -1.037367
      vertex 3.947185 45.478261 -0.695995
      vertex 4.061763 46.043478 -0.716198
    endloop
  endfacet
  facet normal -0.956284 0.201432 0.212003
    outer loop
      vertex 3.871505 45.478261 -1.037367
      vertex 4.061763 46.043478 -0.716198
      vertex 3.983886 46.043478 -1.067479
    endloop
  endfacet
  facet normal -0.971123 0.201432 0.127851
    outer loop
      vertex 3.947185 45.478261 -0.695995
      vertex 3.992825 45.478261 -0.349327
      vertex 4.108728 46.043478 -0.359467
    endloop
  endfacet
  facet normal -0.971123 0.201432 0.127851
    outer loop
      vertex 3.947185 45.478261 -0.695995
      vertex 4.108728 46.043478 -0.359467
      vertex 4.061763 46.043478 -0.716198
    endloop
  endfacet
  facet normal -0.978570 0.201432 0.042725
    outer loop
      vertex 3.992825 45.478261 -0.349327
      vertex 4.008077 45.478261 0.000000
      vertex 4.124422 46.043478 0.000000
    endloop
  endfacet
  facet normal -0.978570 0.201432 0.042725
    outer loop
      vertex 3.992825 45.478261 -0.349327
      vertex 4.124422 46.043478 0.000000
      vertex 4.108728 46.043478 -0.359467
    endloop
  endfacet
  facet normal -0.983707 0.174572 -0.042950
    outer loop
      vertex 4.124422 46.043478 0.000000
      vertex 4.108728 46.043478 0.359467
      vertex 4.208652 46.608696 0.368209
    endloop
  endfacet
  facet normal -0.983707 0.174572 -0.042950
    outer loop
      vertex 4.124422 46.043478 0.000000
      vertex 4.208652 46.608696 0.368209
      vertex 4.224728 46.608696 0.000000
    endloop
  endfacet
  facet normal -0.976221 0.174572 -0.128522
    outer loop
      vertex 4.108728 46.043478 0.359467
      vertex 4.061763 46.043478 0.716198
      vertex 4.160545 46.608696 0.733616
    endloop
  endfacet
  facet normal -0.976221 0.174572 -0.128522
    outer loop
      vertex 4.108728 46.043478 0.359467
      vertex 4.160545 46.608696 0.733616
      vertex 4.208652 46.608696 0.368209
    endloop
  endfacet
  facet normal -0.961304 0.174572 -0.213116
    outer loop
      vertex 4.061763 46.043478 0.716198
      vertex 3.983886 46.043478 1.067479
      vertex 4.080774 46.608696 1.093440
    endloop
  endfacet
  facet normal -0.961304 0.174572 -0.213116
    outer loop
      vertex 4.061763 46.043478 0.716198
      vertex 4.080774 46.608696 1.093440
      vertex 4.160545 46.608696 0.733616
    endloop
  endfacet
  facet normal -0.939072 0.174572 -0.296088
    outer loop
      vertex 3.983886 46.043478 1.067479
      vertex 3.875689 46.043478 1.410636
      vertex 3.969946 46.608696 1.444942
    endloop
  endfacet
  facet normal -0.939072 0.174572 -0.296088
    outer loop
      vertex 3.983886 46.043478 1.067479
      vertex 3.969946 46.608696 1.444942
      vertex 4.080774 46.608696 1.093440
    endloop
  endfacet
  facet normal -0.909693 0.174572 -0.376807
    outer loop
      vertex 3.875689 46.043478 1.410636
      vertex 3.737996 46.043478 1.743056
      vertex 3.828904 46.608696 1.785447
    endloop
  endfacet
  facet normal -0.909693 0.174572 -0.376807
    outer loop
      vertex 3.875689 46.043478 1.410636
      vertex 3.828904 46.608696 1.785447
      vertex 3.969946 46.608696 1.444942
    endloop
  endfacet
  facet normal -0.873390 0.174572 -0.454658
    outer loop
      vertex 3.737996 46.043478 1.743056
      vertex 3.571855 46.043478 2.062211
      vertex 3.658722 46.608696 2.112364
    endloop
  endfacet
  facet normal -0.873390 0.174572 -0.454658
    outer loop
      vertex 3.737996 46.043478 1.743056
      vertex 3.658722 46.608696 2.112364
      vertex 3.828904 46.608696 1.785447
    endloop
  endfacet
  facet normal -0.830441 0.174572 -0.529049
    outer loop
      vertex 3.571855 46.043478 2.062211
      vertex 3.378529 46.043478 2.365672
      vertex 3.460695 46.608696 2.423204
    endloop
  endfacet
  facet normal -0.830441 0.174572 -0.529049
    outer loop
      vertex 3.571855 46.043478 2.062211
      vertex 3.460695 46.608696 2.423204
      vertex 3.658722 46.608696 2.112364
    endloop
  endfacet
  facet normal -0.781171 0.174572 -0.599414
    outer loop
      vertex 3.378529 46.043478 2.365672
      vertex 3.159491 46.043478 2.651128
      vertex 3.236329 46.608696 2.715603
    endloop
  endfacet
  facet normal -0.781171 0.174572 -0.599414
    outer loop
      vertex 3.378529 46.043478 2.365672
      vertex 3.236329 46.608696 2.715603
      vertex 3.460695 46.608696 2.423204
    endloop
  endfacet
  facet normal -0.725956 0.174572 -0.665216
    outer loop
      vertex 3.159491 46.043478 2.651128
      vertex 2.916407 46.043478 2.916407
      vertex 2.987334 46.608696 2.987334
    endloop
  endfacet
  facet normal -0.725956 0.174572 -0.665216
    outer loop
      vertex 3.159491 46.043478 2.651128
      vertex 2.987334 46.608696 2.987334
      vertex 3.236329 46.608696 2.715603
    endloop
  endfacet
  facet normal -0.665216 0.174572 -0.725956
    outer loop
      vertex 2.916407 46.043478 2.916407
      vertex 2.651128 46.043478 3.159491
      vertex 2.715603 46.608696 3.236329
    endloop
  endfacet
  facet normal -0.665216 0.174572 -0.725956
    outer loop
      vertex 2.916407 46.043478 2.916407
      vertex 2.715603 46.608696 3.236329
      vertex 2.987334 46.608696 2.987334
    endloop
  endfacet
  facet normal -0.599414 0.174572 -0.781171
    outer loop
      vertex 2.651128 46.043478 3.159491
      vertex 2.365672 46.043478 3.378529
      vertex 2.423204 46.608696 3.460695
    endloop
  endfacet
  facet normal -0.599414 0.174572 -0.781171
    outer loop
      vertex 2.651128 46.043478 3.159491
      vertex 2.423204 46.608696 3.460695
      vertex 2.715603 46.608696 3.236329
    endloop
  endfacet
  facet normal -0.529049 0.174572 -0.830441
    outer loop
      vertex 2.365672 46.043478 3.378529
      vertex 2.062211 46.043478 3.571855
      vertex 2.112364 46.608696 3.658722
    endloop
  endfacet
  facet normal -0.529049 0.174572 -0.830441
    outer loop
      vertex 2.365672 46.043478 3.378529
      vertex 2.112364 46.608696 3.658722
      vertex 2.423204 46.608696 3.460695
    endloop
  endfacet
  facet normal -0.454658 0.174572 -0.873390
    outer loop
      vertex 2.062211 46.043478 3.571855
      vertex 1.743056 46.043478 3.737996
      vertex 1.785447 46.608696 3.828904
    endloop
  endfacet
  facet normal -0.454658 0.174572 -0.873390
    outer loop
      vertex 2.062211 46.043478 3.571855
      vertex 1.785447 46.608696 3.828904
      vertex 2.112364 46.608696 3.658722
    endloop
  endfacet
  facet normal -0.376807 0.174572 -0.909693
    outer loop
      vertex 1.743056 46.043478 3.737996
      vertex 1.410636 46.043478 3.875689
      vertex 1.444942 46.608696 3.969946
    endloop
  endfacet
  facet normal -0.376807 0.174572 -0.909693
    outer loop
      vertex 1.743056 46.043478 3.737996
      vertex 1.444942 46.608696 3.969946
      vertex 1.785447 46.608696 3.828904
    endloop
  endfacet
  facet normal -0.296088 0.174572 -0.939072
    outer loop
      vertex 1.410636 46.043478 3.875689
      vertex 1.067479 46.043478 3.983886
      vertex 1.093440 46.608696 4.080774
    endloop
  endfacet
  facet normal -0.296088 0.174572 -0.939072
    outer loop
      vertex 1.410636 46.043478 3.875689
      vertex 1.093440 46.608696 4.080774
      vertex 1.444942 46.608696 3.969946
    endloop
  endfacet
  facet normal -0.213116 0.174572 -0.961304
    outer loop
      vertex 1.067479 46.043478 3.983886
      vertex 0.716198 46.043478 4.061763
      vertex 0.733616 46.608696 4.160545
    endloop
  endfacet
  facet normal -0.213116 0.174572 -0.961304
    outer loop
      vertex 1.067479 46.043478 3.983886
      vertex 0.733616 46.608696 4.160545
      vertex 1.093440 46.608696 4.080774
    endloop
  endfacet
  facet normal -0.128522 0.174572 -0.976221
    outer loop
      vertex 0.716198 46.043478 4.061763
      vertex 0.359467 46.043478 4.108728
      vertex 0.368209 46.608696 4.208652
    endloop
  endfacet
  facet normal -0.128522 0.174572 -0.976221
    outer loop
      vertex 0.716198 46.043478 4.061763
      vertex 0.368209 46.608696 4.208652
      vertex 0.733616 46.608696 4.160545
    endloop
  endfacet
  facet normal -0.042950 0.174572 -0.983707
    outer loop
      vertex 0.359467 46.043478 4.108728
      vertex 0.000000 46.043478 4.124422
      vertex 0.000000 46.608696 4.224728
    endloop
  endfacet
  facet normal -0.042950 0.174572 -0.983707
    outer loop
      vertex 0.359467 46.043478 4.108728
      vertex 0.000000 46.608696 4.224728
      vertex 0.368209 46.608696 4.208652
    endloop
  endfacet
  facet normal 0.042950 0.174572 -0.983707
    outer loop
      vertex 0.000000 46.043478 4.124422
      vertex -0.359467 46.043478 4.108728
      vertex -0.368209 46.608696 4.208652
    endloop
  endfacet
  facet normal 0.042950 0.174572 -0.983707
    outer loop
      vertex 0.000000 46.043478 4.124422
      vertex -0.368209 46.608696 4.208652
      vertex 0.000000 46.608696 4.224728
    endloop
  endfacet
  facet normal 0.128522 0.174572 -0.976221
    outer loop
      vertex -0.359467 46.043478 4.108728
      vertex -0.716198 46.043478 4.061763
      vertex -0.733616 46.608696 4.160545
    endloop
  endfacet
  facet normal 0.128522 0.174572 -0.976221
    outer loop
      vertex -0.359467 46.043478 4.108728
      vertex -0.733616 46.608696 4.160545
      vertex -0.368209 46.608696 4.208652
    endloop
  endfacet
  facet normal 0.213116 0.174572 -0.961304
    outer loop
      vertex -0.716198 46.043478 4.061763
      vertex -1.067479 46.043478 3.983886
      vertex -1.093440 46.608696 4.080774
    endloop
  endfacet
  facet normal 0.213116 0.174572 -0.961304
    outer loop
      vertex -0.716198 46.043478 4.061763
      vertex -1.093440 46.608696 4.080774
      vertex -0.733616 46.608696 4.160545
    endloop
  endfacet
  facet normal 0.296088 0.174572 -0.939072
    outer loop
      vertex -1.067479 46.043478 3.983886
      vertex -1.410636 46.043478 3.875689
      vertex -1.444942 46.608696 3.969946
    endloop
  endfacet
  facet normal 0.296088 0.174572 -0.939072
    outer loop
      vertex -1.067479 46.043478 3.983886
      vertex -1.444942 46.608696 3.969946
      vertex -1.093440 46.608696 4.080774
    endloop
  endfacet
  facet normal 0.376807 0.174572 -0.909693
    outer loop
      vertex -1.410636 46.043478 3.875689
      vertex -1.743056 46.043478 3.737996
      vertex -1.785447 46.608696 3.828904
    endloop
  endfacet
  facet normal 0.376807 0.174572 -0.909693
    outer loop
      vertex -1.410636 46.043478 3.875689
      vertex -1.785447 46.608696 3.828904
      vertex -1.444942 46.608696 3.969946
    endloop
  endfacet
  facet normal 0.454658 0.174572 -0.873390
    outer loop
      vertex -1.743056 46.043478 3.737996
      vertex -2.062211 46.043478 3.571855
      vertex -2.112364 46.608696 3.658722
    endloop
  endfacet
  facet normal 0.454658 0.174572 -0.873390
    outer loop
      vertex -1.743056 46.043478 3.737996
      vertex -2.112364 46.608696 3.658722
      vertex -1.785447 46.608696 3.828904
    endloop
  endfacet
  facet normal 0.529049 0.174572 -0.830441
    outer loop
      vertex -2.062211 46.043478 3.571855
      vertex -2.365672 46.043478 3.378529
      vertex -2.423204 46.608696 3.460695
    endloop
  endfacet
  facet normal 0.529049 0.174572 -0.830441
    outer loop
      vertex -2.062211 46.043478 3.571855
      vertex -2.423204 46.608696 3.460695
      vertex -2.112364 46.608696 3.658722
    endloop
  endfacet
  facet normal 0.599414 0.174572 -0.781171
    outer loop
      vertex -2.365672 46.043478 3.378529
      vertex -2.651128 46.043478 3.159491
      vertex -2.715603 46.608696 3.236329
    endloop
  endfacet
  facet normal 0.599414 0.174572 -0.781171
    outer loop
      vertex -2.365672 46.043478 3.378529
      vertex -2.715603 46.608696 3.236329
      vertex -2.423204 46.608696 3.460695
    endloop
  endfacet
  facet normal 0.665216 0.174572 -0.725956
    outer loop
      vertex -2.651128 46.043478 3.159491
      vertex -2.916407 46.043478 2.916407
      vertex -2.987334 46.608696 2.987334
    endloop
  endfacet
  facet normal 0.665216 0.174572 -0.725956
    outer loop
      vertex -2.651128 46.043478 3.159491
      vertex -2.987334 46.608696 2.987334
      vertex -2.715603 46.608696 3.236329
    endloop
  endfacet
  facet normal 0.725956 0.174572 -0.665216
    outer loop
      vertex -2.916407 46.043478 2.916407
      vertex -3.159491 46.043478 2.651128
      vertex -3.236329 46.608696 2.715603
    endloop
  endfacet
  facet normal 0.725956 0.174572 -0.665216
    outer loop
      vertex -2.916407 46.043478 2.916407
      vertex -3.236329 46.608696 2.715603
      vertex -2.987334 46.608696 2.987334
    endloop
  endfacet
  facet normal 0.781171 0.174572 -0.599414
    outer loop
      vertex -3.159491 46.043478 2.651128
      vertex -3.378529 46.043478 2.365672
      vertex -3.460695 46.608696 2.423204
    endloop
  endfacet
  facet normal 0.781171 0.174572 -0.599414
    outer loop
      vertex -3.159491 46.043478 2.651128
      vertex -3.460695 46.608696 2.423204
      vertex -3.236329 46.608696 2.715603
    endloop
  endfacet
  facet normal 0.830441 0.174572 -0.529049
    outer loop
      vertex -3.378529 46.043478 2.365672
      vertex -3.571855 46.043478 2.062211
      vertex -3.658722 46.608696 2.112364
    endloop
  endfacet
  facet normal 0.830441 0.174572 -0.529049
    outer loop
      vertex -3.378529 46.043478 2.365672
      vertex -3.658722 46.608696 2.112364
      vertex -3.460695 46.608696 2.423204
    endloop
  endfacet
  facet normal 0.873390 0.174572 -0.454658
    outer loop
      vertex -3.571855 46.043478 2.062211
      vertex -3.737996 46.043478 1.743056
      vertex -3.828904 46.608696 1.785447
    endloop
  endfacet
  facet normal 0.873390 0.174572 -0.454658
    outer loop
      vertex -3.571855 46.043478 2.062211
      vertex -3.828904 46.608696 1.785447
      vertex -3.658722 46.608696 2.112364
    endloop
  endfacet
  facet normal 0.909693 0.174572 -0.376807
    outer loop
      vertex -3.737996 46.043478 1.743056
      vertex -3.875689 46.043478 1.410636
      vertex -3.969946 46.608696 1.444942
    endloop
  endfacet
  facet normal 0.909693 0.174572 -0.376807
    outer loop
      vertex -3.737996 46.043478 1.743056
      vertex -3.969946 46.608696 1.444942
      vertex -3.828904 46.608696 1.785447
    endloop
  endfacet
  facet normal 0.939072 0.174572 -0.296088
    outer loop
      vertex -3.875689 46.043478 1.410636
      vertex -3.983886 46.043478 1.067479
      vertex -4.080774 46.608696 1.093440
    endloop
  endfacet
  facet normal 0.939072 0.174572 -0.296088
    outer loop
      vertex -3.875689 46.043478 1.410636
      vertex -4.080774 46.608696 1.093440
      vertex -3.969946 46.608696 1.444942
    endloop
  endfacet
  facet normal 0.961304 0.174572 -0.213116
    outer loop
      vertex -3.983886 46.043478 1.067479
      vertex -4.061763 46.043478 0.716198
      vertex -4.160545 46.608696 0.733616
    endloop
  endfacet
  facet normal 0.961304 0.174572 -0.213116
    outer loop
      vertex -3.983886 46.043478 1.067479
      vertex -4.160545 46.608696 0.733616
      vertex -4.080774 46.608696 1.093440
    endloop
  endfacet
  facet normal 0.976221 0.174572 -0.128522
    outer loop
      vertex -4.061763 46.043478 0.716198
      vertex -4.108728 46.043478 0.359467
      vertex -4.208652 46.608696 0.368209
    endloop
  endfacet
  facet normal 0.976221 0.174572 -0.128522
    outer loop
      vertex -4.061763 46.043478 0.716198
      vertex -4.208652 46.608696 0.368209
      vertex -4.160545 46.608696 0.733616
    endloop
  endfacet
  facet normal 0.983707 0.174572 -0.042950
    outer loop
      vertex -4.108728 46.043478 0.359467
      vertex -4.124422 46.043478 0.000000
      vertex -4.224728 46.608696 0.000000
    endloop
  endfacet
  facet normal 0.983707 0.174572 -0.042950
    outer loop
      vertex -4.108728 46.043478 0.359467
      vertex -4.224728 46.608696 0.000000
      vertex -4.208652 46.608696 0.368209
    endloop
  endfacet
  facet normal 0.983707 0.174572 0.042950
    outer loop
      vertex -4.124422 46.043478 0.000000
      vertex -4.108728 46.043478 -0.359467
      vertex -4.208652 46.608696 -0.368209
    endloop
  endfacet
  facet normal 0.983707 0.174572 0.042950
    outer loop
      vertex -4.124422 46.043478 0.000000
      vertex -4.208652 46.608696 -0.368209
      vertex -4.224728 46.608696 0.000000
    endloop
  endfacet
  facet normal 0.976221 0.174572 0.128522
    outer loop
      vertex -4.108728 46.043478 -0.359467
      vertex -4.061763 46.043478 -0.716198
      vertex -4.160545 46.608696 -0.733616
    endloop
  endfacet
  facet normal 0.976221 0.174572 0.128522
    outer loop
      vertex -4.108728 46.043478 -0.359467
      vertex -4.160545 46.608696 -0.733616
      vertex -4.208652 46.608696 -0.368209
    endloop
  endfacet
  facet normal 0.961304 0.174572 0.213116
    outer loop
      vertex -4.061763 46.043478 -0.716198
      vertex -3.983886 46.043478 -1.067479
      vertex -4.080774 46.608696 -1.093440
    endloop
  endfacet
  facet normal 0.961304 0.174572 0.213116
    outer loop
      vertex -4.061763 46.043478 -0.716198
      vertex -4.080774 46.608696 -1.093440
      vertex -4.160545 46.608696 -0.733616
    endloop
  endfacet
  facet normal 0.939072 0.174572 0.296088
    outer loop
      vertex -3.983886 46.043478 -1.067479
      vertex -3.875689 46.043478 -1.410636
      vertex -3.969946 46.608696 -1.444942
    endloop
  endfacet
  facet normal 0.939072 0.174572 0.296088
    outer loop
      vertex -3.983886 46.043478 -1.067479
      vertex -3.969946 46.608696 -1.444942
      vertex -4.080774 46.608696 -1.093440
    endloop
  endfacet
  facet normal 0.909693 0.174572 0.376807
    outer loop
      vertex -3.875689 46.043478 -1.410636
      vertex -3.737996 46.043478 -1.743056
      vertex -3.828904 46.608696 -1.785447
    endloop
  endfacet
  facet normal 0.909693 0.174572 0.376807
    outer loop
      vertex -3.875689 46.043478 -1.410636
      vertex -3.828904 46.608696 -1.785447
      vertex -3.969946 46.608696 -1.444942
    endloop
  endfacet
  facet normal 0.873390 0.174572 0.454658
    outer loop
      vertex -3.737996 46.043478 -1.743056
      vertex -3.571855 46.043478 -2.062211
      vertex -3.658722 46.608696 -2.112364
    endloop
  endfacet
  facet normal 0.873390 0.174572 0.454658
    outer loop
      vertex -3.737996 46.043478 -1.743056
      vertex -3.658722 46.608696 -2.112364
      vertex -3.828904 46.608696 -1.785447
    endloop
  endfacet
  facet normal 0.830441 0.174572 0.529049
    outer loop
      vertex -3.571855 46.043478 -2.062211
      vertex -3.378529 46.043478 -2.365672
      vertex -3.460695 46.608696 -2.423204
    endloop
  endfacet
  facet normal 0.830441 0.174572 0.529049
    outer loop
      vertex -3.571855 46.043478 -2.062211
      vertex -3.460695 46.608696 -2.423204
      vertex -3.658722 46.608696 -2.112364
    endloop
  endfacet
  facet normal 0.781171 0.174572 0.599414
    outer loop
      vertex -3.378529 46.043478 -2.365672
      vertex -3.159491 46.043478 -2.651128
      vertex -3.236329 46.608696 -2.715603
    endloop
  endfacet
  facet normal 0.781171 0.174572 0.599414
    outer loop
      vertex -3.378529 46.043478 -2.365672
      vertex -3.236329 46.608696 -2.715603
      vertex -3.460695 46.608696 -2.423204
    endloop
  endfacet
  facet normal 0.725956 0.174572 0.665216
    outer loop
      vertex -3.159491 46.043478 -2.651128
      vertex -2.916407 46.043478 -2.916407
      vertex -2.987334 46.608696 -2.987334
    endloop
  endfacet
  facet normal 0.725956 0.174572 0.665216
    outer loop
      vertex -3.159491 46.043478 -2.651128
      vertex -2.987334 46.608696 -2.987334
      vertex -3.236329 46.608696 -2.715603
    endloop
  endfacet
  facet normal 0.665216 0.174572 0.725956
    outer loop
      vertex -2.916407 46.043478 -2.916407
      vertex -2.651128 46.043478 -3.159491
      vertex -2.715603 46.608696 -3.236329
    endloop
  endfacet
  facet normal 0.665216 0.174572 0.725956
    outer loop
      vertex -2.916407 46.043478 -2.916407
      vertex -2.715603 46.608696 -3.236329
      vertex -2.987334 46.608696 -2.987334
    endloop
  endfacet
  facet normal 0.599414 0.174572 0.781171
    outer loop
      vertex -2.651128 46.043478 -3.159491
      vertex -2.365672 46.043478 -3.378529
      vertex -2.423204 46.608696 -3.460695
    endloop
  endfacet
  facet normal 0.599414 0.174572 0.781171
    outer loop
      vertex -2.651128 46.043478 -3.159491
      vertex -2.423204 46.608696 -3.460695
      vertex -2.715603 46.608696 -3.236329
    endloop
  endfacet
  facet normal 0.529049 0.174572 0.830441
    outer loop
      vertex -2.365672 46.043478 -3.378529
      vertex -2.062211 46.043478 -3.571855
      vertex -2.112364 46.608696 -3.658722
    endloop
  endfacet
  facet normal 0.529049 0.174572 0.830441
    outer loop
      vertex -2.365672 46.043478 -3.378529
      vertex -2.112364 46.608696 -3.658722
      vertex -2.423204 46.608696 -3.460695
    endloop
  endfacet
  facet normal 0.454658 0.174572 0.873390
    outer loop
      vertex -2.062211 46.043478 -3.571855
      vertex -1.743056 46.043478 -3.737996
      vertex -1.785447 46.608696 -3.828904
    endloop
  endfacet
  facet normal 0.454658 0.174572 0.873390
    outer loop
      vertex -2.062211 46.043478 -3.571855
      vertex -1.785447 46.608696 -3.828904
      vertex -2.112364 46.608696 -3.658722
    endloop
  endfacet
  facet normal 0.376807 0.174572 0.909693
    outer loop
      vertex -1.743056 46.043478 -3.737996
      vertex -1.410636 46.043478 -3.875689
      vertex -1.444942 46.608696 -3.969946
    endloop
  endfacet
  facet normal 0.376807 0.174572 0.909693
    outer loop
      vertex -1.743056 46.043478 -3.737996
      vertex -1.444942 46.608696 -3.969946
      vertex -1.785447 46.608696 -3.828904
    endloop
  endfacet
  facet normal 0.296088 0.174572 0.939072
    outer loop
      vertex -1.410636 46.043478 -3.875689
      vertex -1.067479 46.043478 -3.983886
      vertex -1.093440 46.608696 -4.080774
    endloop
  endfacet
  facet normal 0.296088 0.174572 0.939072
    outer loop
      vertex -1.410636 46.043478 -3.875689
      vertex -1.093440 46.608696 -4.080774
      vertex -1.444942 46.608696 -3.969946
    endloop
  endfacet
  facet normal 0.213116 0.174572 0.961304
    outer loop
      vertex -1.067479 46.043478 -3.983886
      vertex -0.716198 46.043478 -4.061763
      vertex -0.733616 46.608696 -4.160545
    endloop
  endfacet
  facet normal 0.213116 0.174572 0.961304
    outer loop
      vertex -1.067479 46.043478 -3.983886
      vertex -0.733616 46.608696 -4.160545
      vertex -1.093440 46.608696 -4.080774
    endloop
  endfacet
  facet normal 0.128522 0.174572 0.976221
    outer loop
      vertex -0.716198 46.043478 -4.061763
      vertex -0.359467 46.043478 -4.108728
      vertex -0.368209 46.608696 -4.208652
    endloop
  endfacet
  facet normal 0.128522 0.174572 0.976221
    outer loop
      vertex -0.716198 46.043478 -4.061763
      vertex -0.368209 46.608696 -4.208652
      vertex -0.733616 46.608696 -4.160545
    endloop
  endfacet
  facet normal 0.042950 0.174572 0.983707
    outer loop
      vertex -0.359467 46.043478 -4.108728
      vertex -0.000000 46.043478 -4.124422
      vertex -0.000000 46.608696 -4.224728
    endloop
  endfacet
  facet normal 0.042950 0.174572 0.983707
    outer loop
      vertex -0.359467 46.043478 -4.108728
      vertex -0.000000 46.608696 -4.224728
      vertex -0.368209 46.608696 -4.208652
    endloop
  endfacet
  facet normal -0.042950 0.174572 0.983707
    outer loop
      vertex -0.000000 46.043478 -4.124422
      vertex 0.359467 46.043478 -4.108728
      vertex 0.368209 46.608696 -4.208652
    endloop
  endfacet
  facet normal -0.042950 0.174572 0.983707
    outer loop
      vertex -0.000000 46.043478 -4.124422
      vertex 0.368209 46.608696 -4.208652
      vertex -0.000000 46.608696 -4.224728
    endloop
  endfacet
  facet normal -0.128522 0.174572 0.976221
    outer loop
      vertex 0.359467 46.043478 -4.108728
      vertex 0.716198 46.043478 -4.061763
      vertex 0.733616 46.608696 -4.160545
    endloop
  endfacet
  facet normal -0.128522 0.174572 0.976221
    outer loop
      vertex 0.359467 46.043478 -4.108728
      vertex 0.733616 46.608696 -4.160545
      vertex 0.368209 46.608696 -4.208652
    endloop
  endfacet
  facet normal -0.213116 0.174572 0.961304
    outer loop
      vertex 0.716198 46.043478 -4.061763
      vertex 1.067479 46.043478 -3.983886
      vertex 1.093440 46.608696 -4.080774
    endloop
  endfacet
  facet normal -0.213116 0.174572 0.961304
    outer loop
      vertex 0.716198 46.043478 -4.061763
      vertex 1.093440 46.608696 -4.080774
      vertex 0.733616 46.608696 -4.160545
    endloop
  endfacet
  facet normal -0.296088 0.174572 0.939072
    outer loop
      vertex 1.067479 46.043478 -3.983886
      vertex 1.410636 46.043478 -3.875689
      vertex 1.444942 46.608696 -3.969946
    endloop
  endfacet
  facet normal -0.296088 0.174572 0.939072
    outer loop
      vertex 1.067479 46.043478 -3.983886
      vertex 1.444942 46.608696 -3.969946
      vertex 1.093440 46.608696 -4.080774
    endloop
  endfacet
  facet normal -0.376807 0.174572 0.909693
    outer loop
      vertex 1.410636 46.043478 -3.875689
      vertex 1.743056 46.043478 -3.737996
      vertex 1.785447 46.608696 -3.828904
    endloop
  endfacet
  facet normal -0.376807 0.174572 0.909693
    outer loop
      vertex 1.410636 46.043478 -3.875689
      vertex 1.785447 46.608696 -3.828904
      vertex 1.444942 46.608696 -3.969946
    endloop
  endfacet
  facet normal -0.454658 0.174572 0.873390
    outer loop
      vertex 1.743056 46.043478 -3.737996
      vertex 2.062211 46.043478 -3.571855
      vertex 2.112364 46.608696 -3.658722
    endloop
  endfacet
  facet normal -0.454658 0.174572 0.873390
    outer loop
      vertex 1.743056 46.043478 -3.737996
      vertex 2.112364 46.608696 -3.658722
      vertex 1.785447 46.608696 -3.828904
    endloop
  endfacet
  facet normal -0.529049 0.174572 0.830441
    outer loop
      vertex 2.062211 46.043478 -3.571855
      vertex 2.365672 46.043478 -3.378529
      vertex 2.423204 46.608696 -3.460695
    endloop
  endfacet
  facet normal -0.529049 0.174572 0.830441
    outer loop
      vertex 2.062211 46.043478 -3.571855
      vertex 2.423204 46.608696 -3.460695
      vertex 2.112364 46.608696 -3.658722
    endloop
  endfacet
  facet normal -0.599414 0.174572 0.781171
    outer loop
      vertex 2.365672 46.043478 -3.378529
      vertex 2.651128 46.043478 -3.159491
      vertex 2.715603 46.608696 -3.236329
    endloop
  endfacet
  facet normal -0.599414 0.174572 0.781171
    outer loop
      vertex 2.365672 46.043478 -3.378529
      vertex 2.715603 46.608696 -3.236329
      vertex 2.423204 46.608696 -3.460695
    endloop
  endfacet
  facet normal -0.665216 0.174572 0.725956
    outer loop
      vertex 2.651128 46.043478 -3.159491
      vertex 2.916407 46.043478 -2.916407
      vertex 2.987334 46.608696 -2.987334
    endloop
  endfacet
  facet normal -0.665216 0.174572 0.725956
    outer loop
      vertex 2.651128 46.043478 -3.159491
      vertex 2.987334 46.608696 -2.987334
      vertex 2.715603 46.608696 -3.236329
    endloop
  endfacet
  facet normal -0.725956 0.174572 0.665216
    outer loop
      vertex 2.916407 46.043478 -2.916407
      vertex 3.159491 46.043478 -2.651128
      vertex 3.236329 46.608696 -2.715603
    endloop
  endfacet
  facet normal -0.725956 0.174572 0.665216
    outer loop
      vertex 2.916407 46.043478 -2.916407
      vertex 3.236329 46.608696 -2.715603
      vertex 2.987334 46.608696 -2.987334
    endloop
  endfacet
  facet normal -0.781171 0.174572 0.599414
    outer loop
      vertex 3.159491 46.043478 -2.651128
      vertex 3.378529 46.043478 -2.365672
      vertex 3.460695 46.608696 -2.423204
    endloop
  endfacet
  facet normal -0.781171 0.174572 0.599414
    outer loop
      vertex 3.159491 46.043478 -2.651128
      vertex 3.460695 46.608696 -2.423204
      vertex 3.236329 46.608696 -2.715603
    endloop
  endfacet
  facet normal -0.830441 0.174572 0.529049
    outer loop
      vertex 3.378529 46.043478 -2.365672
      vertex 3.571855 46.043478 -2.062211
      vertex 3.658722 46.608696 -2.112364
    endloop
  endfacet
  facet normal -0.830441 0.174572 0.529049
    outer loop
      vertex 3.378529 46.043478 -2.365672
      vertex 3.658722 46.608696 -2.112364
      vertex 3.460695 46.608696 -2.423204
    endloop
  endfacet
  facet normal -0.873390 0.174572 0.454658
    outer loop
      vertex 3.571855 46.043478 -2.062211
      vertex 3.737996 46.043478 -1.743056
      vertex 3.828904 46.608696 -1.785447
    endloop
  endfacet
  facet normal -0.873390 0.174572 0.454658
    outer loop
      vertex 3.571855 46.043478 -2.062211
      vertex 3.828904 46.608696 -1.785447
      vertex 3.658722 46.608696 -2.112364
    endloop
  endfacet
  facet normal -0.909693 0.174572 0.376807
    outer loop
      vertex 3.737996 46.043478 -1.743056
      vertex 3.875689 46.043478 -1.410636
      vertex 3.969946 46.608696 -1.444942
    endloop
  endfacet
  facet normal -0.909693 0.174572 0.376807
    outer loop
      vertex 3.737996 46.043478 -1.743056
      vertex 3.969946 46.608696 -1.444942
      vertex 3.828904 46.608696 -1.785447
    endloop
  endfacet
  facet normal -0.939072 0.174572 0.296088
    outer loop
      vertex 3.875689 46.043478 -1.410636
      vertex 3.983886 46.043478 -1.067479
      vertex 4.080774 46.608696 -1.093440
    endloop
  endfacet
  facet normal -0.939072 0.174572 0.296088
    outer loop
      vertex 3.875689 46.043478 -1.410636
      vertex 4.080774 46.608696 -1.093440
      vertex 3.969946 46.608696 -1.444942
    endloop
  endfacet
  facet normal -0.961304 0.174572 0.213116
    outer loop
      vertex 3.983886 46.043478 -1.067479
      vertex 4.061763 46.043478 -0.716198
      vertex 4.160545 46.608696 -0.733616
    endloop
  endfacet
  facet normal -0.961304 0.174572 0.213116
    outer loop
      vertex 3.983886 46.043478 -1.067479
      vertex 4.160545 46.608696 -0.733616
      vertex 4.080774 46.608696 -1.093440
    endloop
  endfacet
  facet normal -0.976221 0.174572 0.128522
    outer loop
      vertex 4.061763 46.043478 -0.716198
      vertex 4.108728 46.043478 -0.359467
      vertex 4.208652 46.608696 -0.368209
    endloop
  endfacet
  facet normal -0.976221 0.174572 0.128522
    outer loop
      vertex 4.061763 46.043478 -0.716198
      vertex 4.208652 46.608696 -0.368209
      vertex 4.160545 46.608696 -0.733616
    endloop
  endfacet
  facet normal -0.983707 0.174572 0.042950
    outer loop
      vertex 4.108728 46.043478 -0.359467
      vertex 4.124422 46.043478 0.000000
      vertex 4.224728 46.608696 0.000000
    endloop
  endfacet
  facet normal -0.983707 0.174572 0.042950
    outer loop
      vertex 4.108728 46.043478 -0.359467
      vertex 4.224728 46.608696 0.000000
      vertex 4.208652 46.608696 -0.368209
    endloop
  endfacet
  facet normal -0.988089 0.147714 -0.043141
    outer loop
      vertex 4.224728 46.608696 0.000000
      vertex 4.208652 46.608696 0.368209
      vertex 4.292827 47.173913 0.375574
    endloop
  endfacet
  facet normal -0.988089 0.147714 -0.043141
    outer loop
      vertex 4.224728 46.608696 0.000000
      vertex 4.292827 47.173913 0.375574
      vertex 4.309225 47.173913 0.000000
    endloop
  endfacet
  facet normal -0.980569 0.147714 -0.129094
    outer loop
      vertex 4.208652 46.608696 0.368209
      vertex 4.160545 46.608696 0.733616
      vertex 4.243758 47.173913 0.748289
    endloop
  endfacet
  facet normal -0.980569 0.147714 -0.129094
    outer loop
      vertex 4.208652 46.608696 0.368209
      vertex 4.243758 47.173913 0.748289
      vertex 4.292827 47.173913 0.375574
    endloop
  endfacet
  facet normal -0.965586 0.147714 -0.214065
    outer loop
      vertex 4.160545 46.608696 0.733616
      vertex 4.080774 46.608696 1.093440
      vertex 4.162391 47.173913 1.115309
    endloop
  endfacet
  facet normal -0.965586 0.147714 -0.214065
    outer loop
      vertex 4.160545 46.608696 0.733616
      vertex 4.162391 47.173913 1.115309
      vertex 4.243758 47.173913 0.748289
    endloop
  endfacet
  facet normal -0.943255 0.147714 -0.297407
    outer loop
      vertex 4.080774 46.608696 1.093440
      vertex 3.969946 46.608696 1.444942
      vertex 4.049347 47.173913 1.473842
    endloop
  endfacet
  facet normal -0.943255 0.147714 -0.297407
    outer loop
      vertex 4.080774 46.608696 1.093440
      vertex 4.049347 47.173913 1.473842
      vertex 4.162391 47.173913 1.115309
    endloop
  endfacet
  facet normal -0.913745 0.147714 -0.378485
    outer loop
      vertex 3.969946 46.608696 1.444942
      vertex 3.828904 46.608696 1.785447
      vertex 3.905484 47.173913 1.821157
    endloop
  endfacet
  facet normal -0.913745 0.147714 -0.378485
    outer loop
      vertex 3.969946 46.608696 1.444942
      vertex 3.905484 47.173913 1.821157
      vertex 4.049347 47.173913 1.473842
    endloop
  endfacet
  facet normal -0.877280 0.147714 -0.456683
    outer loop
      vertex 3.828904 46.608696 1.785447
      vertex 3.658722 46.608696 2.112364
      vertex 3.731898 47.173913 2.154612
    endloop
  endfacet
  facet normal -0.877280 0.147714 -0.456683
    outer loop
      vertex 3.828904 46.608696 1.785447
      vertex 3.731898 47.173913 2.154612
      vertex 3.905484 47.173913 1.821157
    endloop
  endfacet
  facet normal -0.834140 0.147714 -0.531406
    outer loop
      vertex 3.658722 46.608696 2.112364
      vertex 3.460695 46.608696 2.423204
      vertex 3.529910 47.173913 2.471670
    endloop
  endfacet
  facet normal -0.834140 0.147714 -0.531406
    outer loop
      vertex 3.658722 46.608696 2.112364
      vertex 3.529910 47.173913 2.471670
      vertex 3.731898 47.173913 2.154612
    endloop
  endfacet
  facet normal -0.784650 0.147714 -0.602083
    outer loop
      vertex 3.460695 46.608696 2.423204
      vertex 3.236329 46.608696 2.715603
      vertex 3.301058 47.173913 2.769916
    endloop
  endfacet
  facet normal -0.784650 0.147714 -0.602083
    outer loop
      vertex 3.460695 46.608696 2.423204
      vertex 3.301058 47.173913 2.769916
      vertex 3.529910 47.173913 2.471670
    endloop
  endfacet
  facet normal -0.729190 0.147714 -0.668179
    outer loop
      vertex 3.236329 46.608696 2.715603
      vertex 2.987334 46.608696 2.987334
      vertex 3.047082 47.173913 3.047082
    endloop
  endfacet
  facet normal -0.729190 0.147714 -0.668179
    outer loop
      vertex 3.236329 46.608696 2.715603
      vertex 3.047082 47.173913 3.047082
      vertex 3.301058 47.173913 2.769916
    endloop
  endfacet
  facet normal -0.668179 0.147714 -0.729190
    outer loop
      vertex 2.987334 46.608696 2.987334
      vertex 2.715603 46.608696 3.236329
      vertex 2.769916 47.173913 3.301058
    endloop
  endfacet
  facet normal -0.668179 0.147714 -0.729190
    outer loop
      vertex 2.987334 46.608696 2.987334
      vertex 2.769916 47.173913 3.301058
      vertex 3.047082 47.173913 3.047082
    endloop
  endfacet
  facet normal -0.602083 0.147714 -0.784650
    outer loop
      vertex 2.715603 46.608696 3.236329
      vertex 2.423204 46.608696 3.460695
      vertex 2.471670 47.173913 3.529910
    endloop
  endfacet
  facet normal -0.602083 0.147714 -0.784650
    outer loop
      vertex 2.715603 46.608696 3.236329
      vertex 2.471670 47.173913 3.529910
      vertex 2.769916 47.173913 3.301058
    endloop
  endfacet
  facet normal -0.531406 0.147714 -0.834140
    outer loop
      vertex 2.423204 46.608696 3.460695
      vertex 2.112364 46.608696 3.658722
      vertex 2.154612 47.173913 3.731898
    endloop
  endfacet
  facet normal -0.531406 0.147714 -0.834140
    outer loop
      vertex 2.423204 46.608696 3.460695
      vertex 2.154612 47.173913 3.731898
      vertex 2.471670 47.173913 3.529910
    endloop
  endfacet
  facet normal -0.456683 0.147714 -0.877280
    outer loop
      vertex 2.112364 46.608696 3.658722
      vertex 1.785447 46.608696 3.828904
      vertex 1.821157 47.173913 3.905484
    endloop
  endfacet
  facet normal -0.456683 0.147714 -0.877280
    outer loop
      vertex 2.112364 46.608696 3.658722
      vertex 1.821157 47.173913 3.905484
      vertex 2.154612 47.173913 3.731898
    endloop
  endfacet
  facet normal -0.378485 0.147714 -0.913745
    outer loop
      vertex 1.785447 46.608696 3.828904
      vertex 1.444942 46.608696 3.969946
      vertex 1.473842 47.173913 4.049347
    endloop
  endfacet
  facet normal -0.378485 0.147714 -0.913745
    outer loop
      vertex 1.785447 46.608696 3.828904
      vertex 1.473842 47.173913 4.049347
      vertex 1.821157 47.173913 3.905484
    endloop
  endfacet
  facet normal -0.297407 0.147714 -0.943255
    outer loop
      vertex 1.444942 46.608696 3.969946
      vertex 1.093440 46.608696 4.080774
      vertex 1.115309 47.173913 4.162391
    endloop
  endfacet
  facet normal -0.297407 0.147714 -0.943255
    outer loop
      vertex 1.444942 46.608696 3.969946
      vertex 1.115309 47.173913 4.162391
      vertex 1.473842 47.173913 4.049347
    endloop
  endfacet
  facet normal -0.214065 0.147714 -0.965586
    outer loop
      vertex 1.093440 46.608696 4.080774
      vertex 0.733616 46.608696 4.160545
      vertex 0.748289 47.173913 4.243758
    endloop
  endfacet
  facet normal -0.214065 0.147714 -0.965586
    outer loop
      vertex 1.093440 46.608696 4.080774
      vertex 0.748289 47.173913 4.243758
      vertex 1.115309 47.173913 4.162391
    endloop
  endfacet
  facet normal -0.129094 0.147714 -0.980569
    outer loop
      vertex 0.733616 46.608696 4.160545
      vertex 0.368209 46.608696 4.208652
      vertex 0.375574 47.173913 4.292827
    endloop
  endfacet
  facet normal -0.129094 0.147714 -0.980569
    outer loop
      vertex 0.733616 46.608696 4.160545
      vertex 0.375574 47.173913 4.292827
      vertex 0.748289 47.173913 4.243758
    endloop
  endfacet
  facet normal -0.043141 0.147714 -0.988089
    outer loop
      vertex 0.368209 46.608696 4.208652
      vertex 0.000000 46.608696 4.224728
      vertex 0.000000 47.173913 4.309225
    endloop
  endfacet
  facet normal -0.043141 0.147714 -0.988089
    outer loop
      vertex 0.368209 46.608696 4.208652
      vertex 0.000000 47.173913 4.309225
      vertex 0.375574 47.173913 4.292827
    endloop
  endfacet
  facet normal 0.043141 0.147714 -0.988089
    outer loop
      vertex 0.000000 46.608696 4.224728
      vertex -0.368209 46.608696 4.208652
      vertex -0.375574 47.173913 4.292827
    endloop
  endfacet
  facet normal 0.043141 0.147714 -0.988089
    outer loop
      vertex 0.000000 46.608696 4.224728
      vertex -0.375574 47.173913 4.292827
      vertex 0.000000 47.173913 4.309225
    endloop
  endfacet
  facet normal 0.129094 0.147714 -0.980569
    outer loop
      vertex -0.368209 46.608696 4.208652
      vertex -0.733616 46.608696 4.160545
      vertex -0.748289 47.173913 4.243758
    endloop
  endfacet
  facet normal 0.129094 0.147714 -0.980569
    outer loop
      vertex -0.368209 46.608696 4.208652
      vertex -0.748289 47.173913 4.243758
      vertex -0.375574 47.173913 4.292827
    endloop
  endfacet
  facet normal 0.214065 0.147714 -0.965586
    outer loop
      vertex -0.733616 46.608696 4.160545
      vertex -1.093440 46.608696 4.080774
      vertex -1.115309 47.173913 4.162391
    endloop
  endfacet
  facet normal 0.214065 0.147714 -0.965586
    outer loop
      vertex -0.733616 46.608696 4.160545
      vertex -1.115309 47.173913 4.162391
      vertex -0.748289 47.173913 4.243758
    endloop
  endfacet
  facet normal 0.297407 0.147714 -0.943255
    outer loop
      vertex -1.093440 46.608696 4.080774
      vertex -1.444942 46.608696 3.969946
      vertex -1.473842 47.173913 4.049347
    endloop
  endfacet
  facet normal 0.297407 0.147714 -0.943255
    outer loop
      vertex -1.093440 46.608696 4.080774
      vertex -1.473842 47.173913 4.049347
      vertex -1.115309 47.173913 4.162391
    endloop
  endfacet
  facet normal 0.378485 0.147714 -0.913745
    outer loop
      vertex -1.444942 46.608696 3.969946
      vertex -1.785447 46.608696 3.828904
      vertex -1.821157 47.173913 3.905484
    endloop
  endfacet
  facet normal 0.378485 0.147714 -0.913745
    outer loop
      vertex -1.444942 46.608696 3.969946
      vertex -1.821157 47.173913 3.905484
      vertex -1.473842 47.173913 4.049347
    endloop
  endfacet
  facet normal 0.456683 0.147714 -0.877280
    outer loop
      vertex -1.785447 46.608696 3.828904
      vertex -2.112364 46.608696 3.658722
      vertex -2.154612 47.173913 3.731898
    endloop
  endfacet
  facet normal 0.456683 0.147714 -0.877280
    outer loop
      vertex -1.785447 46.608696 3.828904
      vertex -2.154612 47.173913 3.731898
      vertex -1.821157 47.173913 3.905484
    endloop
  endfacet
  facet normal 0.531406 0.147714 -0.834140
    outer loop
      vertex -2.112364 46.608696 3.658722
      vertex -2.423204 46.608696 3.460695
      vertex -2.471670 47.173913 3.529910
    endloop
  endfacet
  facet normal 0.531406 0.147714 -0.834140
    outer loop
      vertex -2.112364 46.608696 3.658722
      vertex -2.471670 47.173913 3.529910
      vertex -2.154612 47.173913 3.731898
    endloop
  endfacet
  facet normal 0.602083 0.147714 -0.784650
    outer loop
      vertex -2.423204 46.608696 3.460695
      vertex -2.715603 46.608696 3.236329
      vertex -2.769916 47.173913 3.301058
    endloop
  endfacet
  facet normal 0.602083 0.147714 -0.784650
    outer loop
      vertex -2.423204 46.608696 3.460695
      vertex -2.769916 47.173913 3.301058
      vertex -2.471670 47.173913 3.529910
    endloop
  endfacet
  facet normal 0.668179 0.147714 -0.729190
    outer loop
      vertex -2.715603 46.608696 3.236329
      vertex -2.987334 46.608696 2.987334
      vertex -3.047082 47.173913 3.047082
    endloop
  endfacet
  facet normal 0.668179 0.147714 -0.729190
    outer loop
      vertex -2.715603 46.608696 3.236329
      vertex -3.047082 47.173913 3.047082
      vertex -2.769916 47.173913 3.301058
    endloop
  endfacet
  facet normal 0.729190 0.147714 -0.668179
    outer loop
      vertex -2.987334 46.608696 2.987334
      vertex -3.236329 46.608696 2.715603
      vertex -3.301058 47.173913 2.769916
    endloop
  endfacet
  facet normal 0.729190 0.147714 -0.668179
    outer loop
      vertex -2.987334 46.608696 2.987334
      vertex -3.301058 47.173913 2.769916
      vertex -3.047082 47.173913 3.047082
    endloop
  endfacet
  facet normal 0.784650 0.147714 -0.602083
    outer loop
      vertex -3.236329 46.608696 2.715603
      vertex -3.460695 46.608696 2.423204
      vertex -3.529910 47.173913 2.471670
    endloop
  endfacet
  facet normal 0.784650 0.147714 -0.602083
    outer loop
      vertex -3.236329 46.608696 2.715603
      vertex -3.529910 47.173913 2.471670
      vertex -3.301058 47.173913 2.769916
    endloop
  endfacet
  facet normal 0.834140 0.147714 -0.531406
    outer loop
      vertex -3.460695 46.608696 2.423204
      vertex -3.658722 46.608696 2.112364
      vertex -3.731898 47.173913 2.154612
    endloop
  endfacet
  facet normal 0.834140 0.147714 -0.531406
    outer loop
      vertex -3.460695 46.608696 2.423204
      vertex -3.731898 47.173913 2.154612
      vertex -3.529910 47.173913 2.471670
    endloop
  endfacet
  facet normal 0.877280 0.147714 -0.456683
    outer loop
      vertex -3.658722 46.608696 2.112364
      vertex -3.828904 46.608696 1.785447
      vertex -3.905484 47.173913 1.821157
    endloop
  endfacet
  facet normal 0.877280 0.147714 -0.456683
    outer loop
      vertex -3.658722 46.608696 2.112364
      vertex -3.905484 47.173913 1.821157
      vertex -3.731898 47.173913 2.154612
    endloop
  endfacet
  facet normal 0.913745 0.147714 -0.378485
    outer loop
      vertex -3.828904 46.608696 1.785447
      vertex -3.969946 46.608696 1.444942
      vertex -4.049347 47.173913 1.473842
    endloop
  endfacet
  facet normal 0.913745 0.147714 -0.378485
    outer loop
      vertex -3.828904 46.608696 1.785447
      vertex -4.049347 47.173913 1.473842
      vertex -3.905484 47.173913 1.821157
    endloop
  endfacet
  facet normal 0.943255 0.147714 -0.297407
    outer loop
      vertex -3.969946 46.608696 1.444942
      vertex -4.080774 46.608696 1.093440
      vertex -4.162391 47.173913 1.115309
    endloop
  endfacet
  facet normal 0.943255 0.147714 -0.297407
    outer loop
      vertex -3.969946 46.608696 1.444942
      vertex -4.162391 47.173913 1.115309
      vertex -4.049347 47.173913 1.473842
    endloop
  endfacet
  facet normal 0.965586 0.147714 -0.214065
    outer loop
      vertex -4.080774 46.608696 1.093440
      vertex -4.160545 46.608696 0.733616
      vertex -4.243758 47.173913 0.748289
    endloop
  endfacet
  facet normal 0.965586 0.147714 -0.214065
    outer loop
      vertex -4.080774 46.608696 1.093440
      vertex -4.243758 47.173913 0.748289
      vertex -4.162391 47.173913 1.115309
    endloop
  endfacet
  facet normal 0.980569 0.147714 -0.129094
    outer loop
      vertex -4.160545 46.608696 0.733616
      vertex -4.208652 46.608696 0.368209
      vertex -4.292827 47.173913 0.375574
    endloop
  endfacet
  facet normal 0.980569 0.147714 -0.129094
    outer loop
      vertex -4.160545 46.608696 0.733616
      vertex -4.292827 47.173913 0.375574
      vertex -4.243758 47.173913 0.748289
    endloop
  endfacet
  facet normal 0.988089 0.147714 -0.043141
    outer loop
      vertex -4.208652 46.608696 0.368209
      vertex -4.224728 46.608696 0.000000
      vertex -4.309225 47.173913 0.000000
    endloop
  endfacet
  facet normal 0.988089 0.147714 -0.043141
    outer loop
      vertex -4.208652 46.608696 0.368209
      vertex -4.309225 47.173913 0.000000
      vertex -4.292827 47.173913 0.375574
    endloop
  endfacet
  facet normal 0.988089 0.147714 0.043141
    outer loop
      vertex -4.224728 46.608696 0.000000
      vertex -4.208652 46.608696 -0.368209
      vertex -4.292827 47.173913 -0.375574
    endloop
  endfacet
  facet normal 0.988089 0.147714 0.043141
    outer loop
      vertex -4.224728 46.608696 0.000000
      vertex -4.292827 47.173913 -0.375574
      vertex -4.309225 47.173913 0.000000
    endloop
  endfacet
  facet normal 0.980569 0.147714 0.129094
    outer loop
      vertex -4.208652 46.608696 -0.368209
      vertex -4.160545 46.608696 -0.733616
      vertex -4.243758 47.173913 -0.748289
    endloop
  endfacet
  facet normal 0.980569 0.147714 0.129094
    outer loop
      vertex -4.208652 46.608696 -0.368209
      vertex -4.243758 47.173913 -0.748289
      vertex -4.292827 47.173913 -0.375574
    endloop
  endfacet
  facet normal 0.965586 0.147714 0.214065
    outer loop
      vertex -4.160545 46.608696 -0.733616
      vertex -4.080774 46.608696 -1.093440
      vertex -4.162391 47.173913 -1.115309
    endloop
  endfacet
  facet normal 0.965586 0.147714 0.214065
    outer loop
      vertex -4.160545 46.608696 -0.733616
      vertex -4.162391 47.173913 -1.115309
      vertex -4.243758 47.173913 -0.748289
    endloop
  endfacet
  facet normal 0.943255 0.147714 0.297407
    outer loop
      vertex -4.080774 46.608696 -1.093440
      vertex -3.969946 46.608696 -1.444942
      vertex -4.049347 47.173913 -1.473842
    endloop
  endfacet
  facet normal 0.943255 0.147714 0.297407
    outer loop
      vertex -4.080774 46.608696 -1.093440
      vertex -4.049347 47.173913 -1.473842
      vertex -4.162391 47.173913 -1.115309
    endloop
  endfacet
  facet normal 0.913745 0.147714 0.378485
    outer loop
      vertex -3.969946 46.608696 -1.444942
      vertex -3.828904 46.608696 -1.785447
      vertex -3.905484 47.173913 -1.821157
    endloop
  endfacet
  facet normal 0.913745 0.147714 0.378485
    outer loop
      vertex -3.969946 46.608696 -1.444942
      vertex -3.905484 47.173913 -1.821157
      vertex -4.049347 47.173913 -1.473842
    endloop
  endfacet
  facet normal 0.877280 0.147714 0.456683
    outer loop
      vertex -3.828904 46.608696 -1.785447
      vertex -3.658722 46.608696 -2.112364
      vertex -3.731898 47.173913 -2.154612
    endloop
  endfacet
  facet normal 0.877280 0.147714 0.456683
    outer loop
      vertex -3.828904 46.608696 -1.785447
      vertex -3.731898 47.173913 -2.154612
      vertex -3.905484 47.173913 -1.821157
    endloop
  endfacet
  facet normal 0.834140 0.147714 0.531406
    outer loop
      vertex -3.658722 46.608696 -2.112364
      vertex -3.460695 46.608696 -2.423204
      vertex -3.529910 47.173913 -2.471670
    endloop
  endfacet
  facet normal 0.834140 0.147714 0.531406
    outer loop
      vertex -3.658722 46.608696 -2.112364
      vertex -3.529910 47.173913 -2.471670
      vertex -3.731898 47.173913 -2.154612
    endloop
  endfacet
  facet normal 0.784650 0.147714 0.602083
    outer loop
      vertex -3.460695 46.608696 -2.423204
      vertex -3.236329 46.608696 -2.715603
      vertex -3.301058 47.173913 -2.769916
    endloop
  endfacet
  facet normal 0.784650 0.147714 0.602083
    outer loop
      vertex -3.460695 46.608696 -2.423204
      vertex -3.301058 47.173913 -2.769916
      vertex -3.529910 47.173913 -2.471670
    endloop
  endfacet
  facet normal 0.729190 0.147714 0.668179
    outer loop
      vertex -3.236329 46.608696 -2.715603
      vertex -2.987334 46.608696 -2.987334
      vertex -3.047082 47.173913 -3.047082
    endloop
  endfacet
  facet normal 0.729190 0.147714 0.668179
    outer loop
      vertex -3.236329 46.608696 -2.715603
      vertex -3.047082 47.173913 -3.047082
      vertex -3.301058 47.173913 -2.769916
    endloop
  endfacet
  facet normal 0.668179 0.147714 0.729190
    outer loop
      vertex -2.987334 46.608696 -2.987334
      vertex -2.715603 46.608696 -3.236329
      vertex -2.769916 47.173913 -3.301058
    endloop
  endfacet
  facet normal 0.668179 0.147714 0.729190
    outer loop
      vertex -2.987334 46.608696 -2.987334
      vertex -2.769916 47.173913 -3.301058
      vertex -3.047082 47.173913 -3.047082
    endloop
  endfacet
  facet normal 0.602083 0.147714 0.784650
    outer loop
      vertex -2.715603 46.608696 -3.236329
      vertex -2.423204 46.608696 -3.460695
      vertex -2.471670 47.173913 -3.529910
    endloop
  endfacet
  facet normal 0.602083 0.147714 0.784650
    outer loop
      vertex -2.715603 46.608696 -3.236329
      vertex -2.471670 47.173913 -3.529910
      vertex -2.769916 47.173913 -3.301058
    endloop
  endfacet
  facet normal 0.531406 0.147714 0.834140
    outer loop
      vertex -2.423204 46.608696 -3.460695
      vertex -2.112364 46.608696 -3.658722
      vertex -2.154612 47.173913 -3.731898
    endloop
  endfacet
  facet normal 0.531406 0.147714 0.834140
    outer loop
      vertex -2.423204 46.608696 -3.460695
      vertex -2.154612 47.173913 -3.731898
      vertex -2.471670 47.173913 -3.529910
    endloop
  endfacet
  facet normal 0.456683 0.147714 0.877280
    outer loop
      vertex -2.112364 46.608696 -3.658722
      vertex -1.785447 46.608696 -3.828904
      vertex -1.821157 47.173913 -3.905484
    endloop
  endfacet
  facet normal 0.456683 0.147714 0.877280
    outer loop
      vertex -2.112364 46.608696 -3.658722
      vertex -1.821157 47.173913 -3.905484
      vertex -2.154612 47.173913 -3.731898
    endloop
  endfacet
  facet normal 0.378485 0.147714 0.913745
    outer loop
      vertex -1.785447 46.608696 -3.828904
      vertex -1.444942 46.608696 -3.969946
      vertex -1.473842 47.173913 -4.049347
    endloop
  endfacet
  facet normal 0.378485 0.147714 0.913745
    outer loop
      vertex -1.785447 46.608696 -3.828904
      vertex -1.473842 47.173913 -4.049347
      vertex -1.821157 47.173913 -3.905484
    endloop
  endfacet
  facet normal 0.297407 0.147714 0.943255
    outer loop
      vertex -1.444942 46.608696 -3.969946
      vertex -1.093440 46.608696 -4.080774
      vertex -1.115309 47.173913 -4.162391
    endloop
  endfacet
  facet normal 0.297407 0.147714 0.943255
    outer loop
      vertex -1.444942 46.608696 -3.969946
      vertex -1.115309 47.173913 -4.162391
      vertex -1.473842 47.173913 -4.049347
    endloop
  endfacet
  facet normal 0.214065 0.147714 0.965586
    outer loop
      vertex -1.093440 46.608696 -4.080774
      vertex -0.733616 46.608696 -4.160545
      vertex -0.748289 47.173913 -4.243758
    endloop
  endfacet
  facet normal 0.214065 0.147714 0.965586
    outer loop
      vertex -1.093440 46.608696 -4.080774
      vertex -0.748289 47.173913 -4.243758
      vertex -1.115309 47.173913 -4.162391
    endloop
  endfacet
  facet normal 0.129094 0.147714 0.980569
    outer loop
      vertex -0.733616 46.608696 -4.160545
      vertex -0.368209 46.608696 -4.208652
      vertex -0.375574 47.173913 -4.292827
    endloop
  endfacet
  facet normal 0.129094 0.147714 0.980569
    outer loop
      vertex -0.733616 46.608696 -4.160545
      vertex -0.375574 47.173913 -4.292827
      vertex -0.748289 47.173913 -4.243758
    endloop
  endfacet
  facet normal 0.043141 0.147714 0.988089
    outer loop
      vertex -0.368209 46.608696 -4.208652
      vertex -0.000000 46.608696 -4.224728
      vertex -0.000000 47.173913 -4.309225
    endloop
  endfacet
  facet normal 0.043141 0.147714 0.988089
    outer loop
      vertex -0.368209 46.608696 -4.208652
      vertex -0.000000 47.173913 -4.309225
      vertex -0.375574 47.173913 -4.292827
    endloop
  endfacet
  facet normal -0.043141 0.147714 0.988089
    outer loop
      vertex -0.000000 46.608696 -4.224728
      vertex 0.368209 46.608696 -4.208652
      vertex 0.375574 47.173913 -4.292827
    endloop
  endfacet
  facet normal -0.043141 0.147714 0.988089
    outer loop
      vertex -0.000000 46.608696 -4.224728
      vertex 0.375574 47.173913 -4.292827
      vertex -0.000000 47.173913 -4.309225
    endloop
  endfacet
  facet normal -0.129094 0.147714 0.980569
    outer loop
      vertex 0.368209 46.608696 -4.208652
      vertex 0.733616 46.608696 -4.160545
      vertex 0.748289 47.173913 -4.243758
    endloop
  endfacet
  facet normal -0.129094 0.147714 0.980569
    outer loop
      vertex 0.368209 46.608696 -4.208652
      vertex 0.748289 47.173913 -4.243758
      vertex 0.375574 47.173913 -4.292827
    endloop
  endfacet
  facet normal -0.214065 0.147714 0.965586
    outer loop
      vertex 0.733616 46.608696 -4.160545
      vertex 1.093440 46.608696 -4.080774
      vertex 1.115309 47.173913 -4.162391
    endloop
  endfacet
  facet normal -0.214065 0.147714 0.965586
    outer loop
      vertex 0.733616 46.608696 -4.160545
      vertex 1.115309 47.173913 -4.162391
      vertex 0.748289 47.173913 -4.243758
    endloop
  endfacet
  facet normal -0.297407 0.147714 0.943255
    outer loop
      vertex 1.093440 46.608696 -4.080774
      vertex 1.444942 46.608696 -3.969946
      vertex 1.473842 47.173913 -4.049347
    endloop
  endfacet
  facet normal -0.297407 0.147714 0.943255
    outer loop
      vertex 1.093440 46.608696 -4.080774
      vertex 1.473842 47.173913 -4.049347
      vertex 1.115309 47.173913 -4.162391
    endloop
  endfacet
  facet normal -0.378485 0.147714 0.913745
    outer loop
      vertex 1.444942 46.608696 -3.969946
      vertex 1.785447 46.608696 -3.828904
      vertex 1.821157 47.173913 -3.905484
    endloop
  endfacet
  facet normal -0.378485 0.147714 0.913745
    outer loop
      vertex 1.444942 46.608696 -3.969946
      vertex 1.821157 47.173913 -3.905484
      vertex 1.473842 47.173913 -4.049347
    endloop
  endfacet
  facet normal -0.456683 0.147714 0.877280
    outer loop
      vertex 1.785447 46.608696 -3.828904
      vertex 2.112364 46.608696 -3.658722
      vertex 2.154612 47.173913 -3.731898
    endloop
  endfacet
  facet normal -0.456683 0.147714 0.877280
    outer loop
      vertex 1.785447 46.608696 -3.828904
      vertex 2.154612 47.173913 -3.731898
      vertex 1.821157 47.173913 -3.905484
    endloop
  endfacet
  facet normal -0.531406 0.147714 0.834140
    outer loop
      vertex 2.112364 46.608696 -3.658722
      vertex 2.423204 46.608696 -3.460695
      vertex 2.471670 47.173913 -3.529910
    endloop
  endfacet
  facet normal -0.531406 0.147714 0.834140
    outer loop
      vertex 2.112364 46.608696 -3.658722
      vertex 2.471670 47.173913 -3.529910
      vertex 2.154612 47.173913 -3.731898
    endloop
  endfacet
  facet normal -0.602083 0.147714 0.784650
    outer loop
      vertex 2.423204 46.608696 -3.460695
      vertex 2.715603 46.608696 -3.236329
      vertex 2.769916 47.173913 -3.301058
    endloop
  endfacet
  facet normal -0.602083 0.147714 0.784650
    outer loop
      vertex 2.423204 46.608696 -3.460695
      vertex 2.769916 47.173913 -3.301058
      vertex 2.471670 47.173913 -3.529910
    endloop
  endfacet
  facet normal -0.668179 0.147714 0.729190
    outer loop
      vertex 2.715603 46.608696 -3.236329
      vertex 2.987334 46.608696 -2.987334
      vertex 3.047082 47.173913 -3.047082
    endloop
  endfacet
  facet normal -0.668179 0.147714 0.729190
    outer loop
      vertex 2.715603 46.608696 -3.236329
      vertex 3.047082 47.173913 -3.047082
      vertex 2.769916 47.173913 -3.301058
    endloop
  endfacet
  facet normal -0.729190 0.147714 0.668179
    outer loop
      vertex 2.987334 46.608696 -2.987334
      vertex 3.236329 46.608696 -2.715603
      vertex 3.301058 47.173913 -2.769916
    endloop
  endfacet
  facet normal -0.729190 0.147714 0.668179
    outer loop
      vertex 2.987334 46.608696 -2.987334
      vertex 3.301058 47.173913 -2.769916
      vertex 3.047082 47.173913 -3.047082
    endloop
  endfacet
  facet normal -0.784650 0.147714 0.602083
    outer loop
      vertex 3.236329 46.608696 -2.715603
      vertex 3.460695 46.608696 -2.423204
      vertex 3.529910 47.173913 -2.471670
    endloop
  endfacet
  facet normal -0.784650 0.147714 0.602083
    outer loop
      vertex 3.236329 46.608696 -2.715603
      vertex 3.529910 47.173913 -2.471670
      vertex 3.301058 47.173913 -2.769916
    endloop
  endfacet
  facet normal -0.834140 0.147714 0.531406
    outer loop
      vertex 3.460695 46.608696 -2.423204
      vertex 3.658722 46.608696 -2.112364
      vertex 3.731898 47.173913 -2.154612
    endloop
  endfacet
  facet normal -0.834140 0.147714 0.531406
    outer loop
      vertex 3.460695 46.608696 -2.423204
      vertex 3.731898 47.173913 -2.154612
      vertex 3.529910 47.173913 -2.471670
    endloop
  endfacet
  facet normal -0.877280 0.147714 0.456683
    outer loop
      vertex 3.658722 46.608696 -2.112364
      vertex 3.828904 46.608696 -1.785447
      vertex 3.905484 47.173913 -1.821157
    endloop
  endfacet
  facet normal -0.877280 0.147714 0.456683
    outer loop
      vertex 3.658722 46.608696 -2.112364
      vertex 3.905484 47.173913 -1.821157
      vertex 3.731898 47.173913 -2.154612
    endloop
  endfacet
  facet normal -0.913745 0.147714 0.378485
    outer loop
      vertex 3.828904 46.608696 -1.785447
      vertex 3.969946 46.608696 -1.444942
      vertex 4.049347 47.173913 -1.473842
    endloop
  endfacet
  facet normal -0.913745 0.147714 0.378485
    outer loop
      vertex 3.828904 46.608696 -1.785447
      vertex 4.049347 47.173913 -1.473842
      vertex 3.905484 47.173913 -1.821157
    endloop
  endfacet
  facet normal -0.943255 0.147714 0.297407
    outer loop
      vertex 3.969946 46.608696 -1.444942
      vertex 4.080774 46.608696 -1.093440
      vertex 4.162391 47.173913 -1.115309
    endloop
  endfacet
  facet normal -0.943255 0.147714 0.297407
    outer loop
      vertex 3.969946 46.608696 -1.444942
      vertex 4.162391 47.173913 -1.115309
      vertex 4.049347 47.173913 -1.473842
    endloop
  endfacet
  facet normal -0.965586 0.147714 0.214065
    outer loop
      vertex 4.080774 46.608696 -1.093440
      vertex 4.160545 46.608696 -0.733616
      vertex 4.243758 47.173913 -0.748289
    endloop
  endfacet
  facet normal -0.965586 0.147714 0.214065
    outer loop
      vertex 4.080774 46.608696 -1.093440
      vertex 4.243758 47.173913 -0.748289
      vertex 4.162391 47.173913 -1.115309
    endloop
  endfacet
  facet normal -0.980569 0.147714 0.129094
    outer loop
      vertex 4.160545 46.608696 -0.733616
      vertex 4.208652 46.608696 -0.368209
      vertex 4.292827 47.173913 -0.375574
    endloop
  endfacet
  facet normal -0.980569 0.147714 0.129094
    outer loop
      vertex 4.160545 46.608696 -0.733616
      vertex 4.292827 47.173913 -0.375574
      vertex 4.243758 47.173913 -0.748289
    endloop
  endfacet
  facet normal -0.988089 0.147714 0.043141
    outer loop
      vertex 4.208652 46.608696 -0.368209
      vertex 4.224728 46.608696 0.000000
      vertex 4.309225 47.173913 0.000000
    endloop
  endfacet
  facet normal -0.988089 0.147714 0.043141
    outer loop
      vertex 4.208652 46.608696 -0.368209
      vertex 4.309225 47.173913 0.000000
      vertex 4.292827 47.173913 -0.375574
    endloop
  endfacet
  facet normal -0.991725 0.120856 -0.043300
    outer loop
      vertex 4.309225 47.173913 0.000000
      vertex 4.292827 47.173913 0.375574
      vertex 4.361444 47.739130 0.381577
    endloop
  endfacet
  facet normal -0.991725 0.120856 -0.043300
    outer loop
      vertex 4.309225 47.173913 0.000000
      vertex 4.361444 47.739130 0.381577
      vertex 4.378104 47.739130 0.000000
    endloop
  endfacet
  facet normal -0.984178 0.120856 -0.129569
    outer loop
      vertex 4.292827 47.173913 0.375574
      vertex 4.243758 47.173913 0.748289
      vertex 4.311591 47.739130 0.760250
    endloop
  endfacet
  facet normal -0.984178 0.120856 -0.129569
    outer loop
      vertex 4.292827 47.173913 0.375574
      vertex 4.311591 47.739130 0.760250
      vertex 4.361444 47.739130 0.381577
    endloop
  endfacet
  facet normal -0.969140 0.120856 -0.214853
    outer loop
      vertex 4.243758 47.173913 0.748289
      vertex 4.162391 47.173913 1.115309
      vertex 4.228924 47.739130 1.133137
    endloop
  endfacet
  facet normal -0.969140 0.120856 -0.214853
    outer loop
      vertex 4.243758 47.173913 0.748289
      vertex 4.228924 47.739130 1.133137
      vertex 4.311591 47.739130 0.760250
    endloop
  endfacet
  facet normal -0.946726 0.120856 -0.298502
    outer loop
      vertex 4.162391 47.173913 1.115309
      vertex 4.049347 47.173913 1.473842
      vertex 4.114072 47.739130 1.497400
    endloop
  endfacet
  facet normal -0.946726 0.120856 -0.298502
    outer loop
      vertex 4.162391 47.173913 1.115309
      vertex 4.114072 47.739130 1.497400
      vertex 4.228924 47.739130 1.133137
    endloop
  endfacet
  facet normal -0.917108 0.120856 -0.379878
    outer loop
      vertex 4.049347 47.173913 1.473842
      vertex 3.905484 47.173913 1.821157
      vertex 3.967910 47.739130 1.850267
    endloop
  endfacet
  facet normal -0.917108 0.120856 -0.379878
    outer loop
      vertex 4.049347 47.173913 1.473842
      vertex 3.967910 47.739130 1.850267
      vertex 4.114072 47.739130 1.497400
    endloop
  endfacet
  facet normal -0.880509 0.120856 -0.458364
    outer loop
      vertex 3.905484 47.173913 1.821157
      vertex 3.731898 47.173913 2.154612
      vertex 3.791550 47.739130 2.189052
    endloop
  endfacet
  facet normal -0.880509 0.120856 -0.458364
    outer loop
      vertex 3.905484 47.173913 1.821157
      vertex 3.791550 47.739130 2.189052
      vertex 3.967910 47.739130 1.850267
    endloop
  endfacet
  facet normal -0.837209 0.120856 -0.533361
    outer loop
      vertex 3.731898 47.173913 2.154612
      vertex 3.529910 47.173913 2.471670
      vertex 3.586333 47.739130 2.511177
    endloop
  endfacet
  facet normal -0.837209 0.120856 -0.533361
    outer loop
      vertex 3.731898 47.173913 2.154612
      vertex 3.586333 47.739130 2.511177
      vertex 3.791550 47.739130 2.189052
    endloop
  endfacet
  facet normal -0.787538 0.120856 -0.604299
    outer loop
      vertex 3.529910 47.173913 2.471670
      vertex 3.301058 47.173913 2.769916
      vertex 3.353823 47.739130 2.814191
    endloop
  endfacet
  facet normal -0.787538 0.120856 -0.604299
    outer loop
      vertex 3.529910 47.173913 2.471670
      vertex 3.353823 47.739130 2.814191
      vertex 3.586333 47.739130 2.511177
    endloop
  endfacet
  facet normal -0.731873 0.120856 -0.670638
    outer loop
      vertex 3.301058 47.173913 2.769916
      vertex 3.047082 47.173913 3.047082
      vertex 3.095787 47.739130 3.095787
    endloop
  endfacet
  facet normal -0.731873 0.120856 -0.670638
    outer loop
      vertex 3.301058 47.173913 2.769916
      vertex 3.095787 47.739130 3.095787
      vertex 3.353823 47.739130 2.814191
    endloop
  endfacet
  facet normal -0.670638 0.120856 -0.731873
    outer loop
      vertex 3.047082 47.173913 3.047082
      vertex 2.769916 47.173913 3.301058
      vertex 2.814191 47.739130 3.353823
    endloop
  endfacet
  facet normal -0.670638 0.120856 -0.731873
    outer loop
      vertex 3.047082 47.173913 3.047082
      vertex 2.814191 47.739130 3.353823
      vertex 3.095787 47.739130 3.095787
    endloop
  endfacet
  facet normal -0.604299 0.120856 -0.787538
    outer loop
      vertex 2.769916 47.173913 3.301058
      vertex 2.471670 47.173913 3.529910
      vertex 2.511177 47.739130 3.586333
    endloop
  endfacet
  facet normal -0.604299 0.120856 -0.787538
    outer loop
      vertex 2.769916 47.173913 3.301058
      vertex 2.511177 47.739130 3.586333
      vertex 2.814191 47.739130 3.353823
    endloop
  endfacet
  facet normal -0.533361 0.120856 -0.837209
    outer loop
      vertex 2.471670 47.173913 3.529910
      vertex 2.154612 47.173913 3.731898
      vertex 2.189052 47.739130 3.791550
    endloop
  endfacet
  facet normal -0.533361 0.120856 -0.837209
    outer loop
      vertex 2.471670 47.173913 3.529910
      vertex 2.189052 47.739130 3.791550
      vertex 2.511177 47.739130 3.586333
    endloop
  endfacet
  facet normal -0.458364 0.120856 -0.880509
    outer loop
      vertex 2.154612 47.173913 3.731898
      vertex 1.821157 47.173913 3.905484
      vertex 1.850267 47.739130 3.967910
    endloop
  endfacet
  facet normal -0.458364 0.120856 -0.880509
    outer loop
      vertex 2.154612 47.173913 3.731898
      vertex 1.850267 47.739130 3.967910
      vertex 2.189052 47.739130 3.791550
    endloop
  endfacet
  facet normal -0.379878 0.120856 -0.917108
    outer loop
      vertex 1.821157 47.173913 3.905484
      vertex 1.473842 47.173913 4.049347
      vertex 1.497400 47.739130 4.114072
    endloop
  endfacet
  facet normal -0.379878 0.120856 -0.917108
    outer loop
      vertex 1.821157 47.173913 3.905484
      vertex 1.497400 47.739130 4.114072
      vertex 1.850267 47.739130 3.967910
    endloop
  endfacet
  facet normal -0.298502 0.120856 -0.946726
    outer loop
      vertex 1.473842 47.173913 4.049347
      vertex 1.115309 47.173913 4.162391
      vertex 1.133137 47.739130 4.228924
    endloop
  endfacet
  facet normal -0.298502 0.120856 -0.946726
    outer loop
      vertex 1.473842 47.173913 4.049347
      vertex 1.133137 47.739130 4.228924
      vertex 1.497400 47.739130 4.114072
    endloop
  endfacet
  facet normal -0.214853 0.120856 -0.969140
    outer loop
      vertex 1.115309 47.173913 4.162391
      vertex 0.748289 47.173913 4.243758
      vertex 0.760250 47.739130 4.311591
    endloop
  endfacet
  facet normal -0.214853 0.120856 -0.969140
    outer loop
      vertex 1.115309 47.173913 4.162391
      vertex 0.760250 47.739130 4.311591
      vertex 1.133137 47.739130 4.228924
    endloop
  endfacet
  facet normal -0.129569 0.120856 -0.984178
    outer loop
      vertex 0.748289 47.173913 4.243758
      vertex 0.375574 47.173913 4.292827
      vertex 0.381577 47.739130 4.361444
    endloop
  endfacet
  facet normal -0.129569 0.120856 -0.984178
    outer loop
      vertex 0.748289 47.173913 4.243758
      vertex 0.381577 47.739130 4.361444
      vertex 0.760250 47.739130 4.311591
    endloop
  endfacet
  facet normal -0.043300 0.120856 -0.991725
    outer loop
      vertex 0.375574 47.173913 4.292827
      vertex 0.000000 47.173913 4.309225
      vertex 0.000000 47.739130 4.378104
    endloop
  endfacet
  facet normal -0.043300 0.120856 -0.991725
    outer loop
      vertex 0.375574 47.173913 4.292827
      vertex 0.000000 47.739130 4.378104
      vertex 0.381577 47.739130 4.361444
    endloop
  endfacet
  facet normal 0.043300 0.120856 -0.991725
    outer loop
      vertex 0.000000 47.173913 4.309225
      vertex -0.375574 47.173913 4.292827
      vertex -0.381577 47.739130 4.361444
    endloop
  endfacet
  facet normal 0.043300 0.120856 -0.991725
    outer loop
      vertex 0.000000 47.173913 4.309225
      vertex -0.381577 47.739130 4.361444
      vertex 0.000000 47.739130 4.378104
    endloop
  endfacet
  facet normal 0.129569 0.120856 -0.984178
    outer loop
      vertex -0.375574 47.173913 4.292827
      vertex -0.748289 47.173913 4.243758
      vertex -0.760250 47.739130 4.311591
    endloop
  endfacet
  facet normal 0.129569 0.120856 -0.984178
    outer loop
      vertex -0.375574 47.173913 4.292827
      vertex -0.760250 47.739130 4.311591
      vertex -0.381577 47.739130 4.361444
    endloop
  endfacet
  facet normal 0.214853 0.120856 -0.969140
    outer loop
      vertex -0.748289 47.173913 4.243758
      vertex -1.115309 47.173913 4.162391
      vertex -1.133137 47.739130 4.228924
    endloop
  endfacet
  facet normal 0.214853 0.120856 -0.969140
    outer loop
      vertex -0.748289 47.173913 4.243758
      vertex -1.133137 47.739130 4.228924
      vertex -0.760250 47.739130 4.311591
    endloop
  endfacet
  facet normal 0.298502 0.120856 -0.946726
    outer loop
      vertex -1.115309 47.173913 4.162391
      vertex -1.473842 47.173913 4.049347
      vertex -1.497400 47.739130 4.114072
    endloop
  endfacet
  facet normal 0.298502 0.120856 -0.946726
    outer loop
      vertex -1.115309 47.173913 4.162391
      vertex -1.497400 47.739130 4.114072
      vertex -1.133137 47.739130 4.228924
    endloop
  endfacet
  facet normal 0.379878 0.120856 -0.917108
    outer loop
      vertex -1.473842 47.173913 4.049347
      vertex -1.821157 47.173913 3.905484
      vertex -1.850267 47.739130 3.967910
    endloop
  endfacet
  facet normal 0.379878 0.120856 -0.917108
    outer loop
      vertex -1.473842 47.173913 4.049347
      vertex -1.850267 47.739130 3.967910
      vertex -1.497400 47.739130 4.114072
    endloop
  endfacet
  facet normal 0.458364 0.120856 -0.880509
    outer loop
      vertex -1.821157 47.173913 3.905484
      vertex -2.154612 47.173913 3.731898
      vertex -2.189052 47.739130 3.791550
    endloop
  endfacet
  facet normal 0.458364 0.120856 -0.880509
    outer loop
      vertex -1.821157 47.173913 3.905484
      vertex -2.189052 47.739130 3.791550
      vertex -1.850267 47.739130 3.967910
    endloop
  endfacet
  facet normal 0.533361 0.120856 -0.837209
    outer loop
      vertex -2.154612 47.173913 3.731898
      vertex -2.471670 47.173913 3.529910
      vertex -2.511177 47.739130 3.586333
    endloop
  endfacet
  facet normal 0.533361 0.120856 -0.837209
    outer loop
      vertex -2.154612 47.173913 3.731898
      vertex -2.511177 47.739130 3.586333
      vertex -2.189052 47.739130 3.791550
    endloop
  endfacet
  facet normal 0.604299 0.120856 -0.787538
    outer loop
      vertex -2.471670 47.173913 3.529910
      vertex -2.769916 47.173913 3.301058
      vertex -2.814191 47.739130 3.353823
    endloop
  endfacet
  facet normal 0.604299 0.120856 -0.787538
    outer loop
      vertex -2.471670 47.173913 3.529910
      vertex -2.814191 47.739130 3.353823
      vertex -2.511177 47.739130 3.586333
    endloop
  endfacet
  facet normal 0.670638 0.120856 -0.731873
    outer loop
      vertex -2.769916 47.173913 3.301058
      vertex -3.047082 47.173913 3.047082
      vertex -3.095787 47.739130 3.095787
    endloop
  endfacet
  facet normal 0.670638 0.120856 -0.731873
    outer loop
      vertex -2.769916 47.173913 3.301058
      vertex -3.095787 47.739130 3.095787
      vertex -2.814191 47.739130 3.353823
    endloop
  endfacet
  facet normal 0.731873 0.120856 -0.670638
    outer loop
      vertex -3.047082 47.173913 3.047082
      vertex -3.301058 47.173913 2.769916
      vertex -3.353823 47.739130 2.814191
    endloop
  endfacet
  facet normal 0.731873 0.120856 -0.670638
    outer loop
      vertex -3.047082 47.173913 3.047082
      vertex -3.353823 47.739130 2.814191
      vertex -3.095787 47.739130 3.095787
    endloop
  endfacet
  facet normal 0.787538 0.120856 -0.604299
    outer loop
      vertex -3.301058 47.173913 2.769916
      vertex -3.529910 47.173913 2.471670
      vertex -3.586333 47.739130 2.511177
    endloop
  endfacet
  facet normal 0.787538 0.120856 -0.604299
    outer loop
      vertex -3.301058 47.173913 2.769916
      vertex -3.586333 47.739130 2.511177
      vertex -3.353823 47.739130 2.814191
    endloop
  endfacet
  facet normal 0.837209 0.120856 -0.533361
    outer loop
      vertex -3.529910 47.173913 2.471670
      vertex -3.731898 47.173913 2.154612
      vertex -3.791550 47.739130 2.189052
    endloop
  endfacet
  facet normal 0.837209 0.120856 -0.533361
    outer loop
      vertex -3.529910 47.173913 2.471670
      vertex -3.791550 47.739130 2.189052
      vertex -3.586333 47.739130 2.511177
    endloop
  endfacet
  facet normal 0.880509 0.120856 -0.458364
    outer loop
      vertex -3.731898 47.173913 2.154612
      vertex -3.905484 47.173913 1.821157
      vertex -3.967910 47.739130 1.850267
    endloop
  endfacet
  facet normal 0.880509 0.120856 -0.458364
    outer loop
      vertex -3.731898 47.173913 2.154612
      vertex -3.967910 47.739130 1.850267
      vertex -3.791550 47.739130 2.189052
    endloop
  endfacet
  facet normal 0.917108 0.120856 -0.379878
    outer loop
      vertex -3.905484 47.173913 1.821157
      vertex -4.049347 47.173913 1.473842
      vertex -4.114072 47.739130 1.497400
    endloop
  endfacet
  facet normal 0.917108 0.120856 -0.379878
    outer loop
      vertex -3.905484 47.173913 1.821157
      vertex -4.114072 47.739130 1.497400
      vertex -3.967910 47.739130 1.850267
    endloop
  endfacet
  facet normal 0.946726 0.120856 -0.298502
    outer loop
      vertex -4.049347 47.173913 1.473842
      vertex -4.162391 47.173913 1.115309
      vertex -4.228924 47.739130 1.133137
    endloop
  endfacet
  facet normal 0.946726 0.120856 -0.298502
    outer loop
      vertex -4.049347 47.173913 1.473842
      vertex -4.228924 47.739130 1.133137
      vertex -4.114072 47.739130 1.497400
    endloop
  endfacet
  facet normal 0.969140 0.120856 -0.214853
    outer loop
      vertex -4.162391 47.173913 1.115309
      vertex -4.243758 47.173913 0.748289
      vertex -4.311591 47.739130 0.760250
    endloop
  endfacet
  facet normal 0.969140 0.120856 -0.214853
    outer loop
      vertex -4.162391 47.173913 1.115309
      vertex -4.311591 47.739130 0.760250
      vertex -4.228924 47.739130 1.133137
    endloop
  endfacet
  facet normal 0.984178 0.120856 -0.129569
    outer loop
      vertex -4.243758 47.173913 0.748289
      vertex -4.292827 47.173913 0.375574
      vertex -4.361444 47.739130 0.381577
    endloop
  endfacet
  facet normal 0.984178 0.120856 -0.129569
    outer loop
      vertex -4.243758 47.173913 0.748289
      vertex -4.361444 47.739130 0.381577
      vertex -4.311591 47.739130 0.760250
    endloop
  endfacet
  facet normal 0.991725 0.120856 -0.043300
    outer loop
      vertex -4.292827 47.173913 0.375574
      vertex -4.309225 47.173913 0.000000
      vertex -4.378104 47.739130 0.000000
    endloop
  endfacet
  facet normal 0.991725 0.120856 -0.043300
    outer loop
      vertex -4.292827 47.173913 0.375574
      vertex -4.378104 47.739130 0.000000
      vertex -4.361444 47.739130 0.381577
    endloop
  endfacet
  facet normal 0.991725 0.120856 0.043300
    outer loop
      vertex -4.309225 47.173913 0.000000
      vertex -4.292827 47.173913 -0.375574
      vertex -4.361444 47.739130 -0.381577
    endloop
  endfacet
  facet normal 0.991725 0.120856 0.043300
    outer loop
      vertex -4.309225 47.173913 0.000000
      vertex -4.361444 47.739130 -0.381577
      vertex -4.378104 47.739130 0.000000
    endloop
  endfacet
  facet normal 0.984178 0.120856 0.129569
    outer loop
      vertex -4.292827 47.173913 -0.375574
      vertex -4.243758 47.173913 -0.748289
      vertex -4.311591 47.739130 -0.760250
    endloop
  endfacet
  facet normal 0.984178 0.120856 0.129569
    outer loop
      vertex -4.292827 47.173913 -0.375574
      vertex -4.311591 47.739130 -0.760250
      vertex -4.361444 47.739130 -0.381577
    endloop
  endfacet
  facet normal 0.969140 0.120856 0.214853
    outer loop
      vertex -4.243758 47.173913 -0.748289
      vertex -4.162391 47.173913 -1.115309
      vertex -4.228924 47.739130 -1.133137
    endloop
  endfacet
  facet normal 0.969140 0.120856 0.214853
    outer loop
      vertex -4.243758 47.173913 -0.748289
      vertex -4.228924 47.739130 -1.133137
      vertex -4.311591 47.739130 -0.760250
    endloop
  endfacet
  facet normal 0.946726 0.120856 0.298502
    outer loop
      vertex -4.162391 47.173913 -1.115309
      vertex -4.049347 47.173913 -1.473842
      vertex -4.114072 47.739130 -1.497400
    endloop
  endfacet
  facet normal 0.946726 0.120856 0.298502
    outer loop
      vertex -4.162391 47.173913 -1.115309
      vertex -4.114072 47.739130 -1.497400
      vertex -4.228924 47.739130 -1.133137
    endloop
  endfacet
  facet normal 0.917108 0.120856 0.379878
    outer loop
      vertex -4.049347 47.173913 -1.473842
      vertex -3.905484 47.173913 -1.821157
      vertex -3.967910 47.739130 -1.850267
    endloop
  endfacet
  facet normal 0.917108 0.120856 0.379878
    outer loop
      vertex -4.049347 47.173913 -1.473842
      vertex -3.967910 47.739130 -1.850267
      vertex -4.114072 47.739130 -1.497400
    endloop
  endfacet
  facet normal 0.880509 0.120856 0.458364
    outer loop
      vertex -3.905484 47.173913 -1.821157
      vertex -3.731898 47.173913 -2.154612
      vertex -3.791550 47.739130 -2.189052
    endloop
  endfacet
  facet normal 0.880509 0.120856 0.458364
    outer loop
      vertex -3.905484 47.173913 -1.821157
      vertex -3.791550 47.739130 -2.189052
      vertex -3.967910 47.739130 -1.850267
    endloop
  endfacet
  facet normal 0.837209 0.120856 0.533361
    outer loop
      vertex -3.731898 47.173913 -2.154612
      vertex -3.529910 47.173913 -2.471670
      vertex -3.586333 47.739130 -2.511177
    endloop
  endfacet
  facet normal 0.837209 0.120856 0.533361
    outer loop
      vertex -3.731898 47.173913 -2.154612
      vertex -3.586333 47.739130 -2.511177
      vertex -3.791550 47.739130 -2.189052
    endloop
  endfacet
  facet normal 0.787538 0.120856 0.604299
    outer loop
      vertex -3.529910 47.173913 -2.471670
      vertex -3.301058 47.173913 -2.769916
      vertex -3.353823 47.739130 -2.814191
    endloop
  endfacet
  facet normal 0.787538 0.120856 0.604299
    outer loop
      vertex -3.529910 47.173913 -2.471670
      vertex -3.353823 47.739130 -2.814191
      vertex -3.586333 47.739130 -2.511177
    endloop
  endfacet
  facet normal 0.731873 0.120856 0.670638
    outer loop
      vertex -3.301058 47.173913 -2.769916
      vertex -3.047082 47.173913 -3.047082
      vertex -3.095787 47.739130 -3.095787
    endloop
  endfacet
  facet normal 0.731873 0.120856 0.670638
    outer loop
      vertex -3.301058 47.173913 -2.769916
      vertex -3.095787 47.739130 -3.095787
      vertex -3.353823 47.739130 -2.814191
    endloop
  endfacet
  facet normal 0.670638 0.120856 0.731873
    outer loop
      vertex -3.047082 47.173913 -3.047082
      vertex -2.769916 47.173913 -3.301058
      vertex -2.814191 47.739130 -3.353823
    endloop
  endfacet
  facet normal 0.670638 0.120856 0.731873
    outer loop
      vertex -3.047082 47.173913 -3.047082
      vertex -2.814191 47.739130 -3.353823
      vertex -3.095787 47.739130 -3.095787
    endloop
  endfacet
  facet normal 0.604299 0.120856 0.787538
    outer loop
      vertex -2.769916 47.173913 -3.301058
      vertex -2.471670 47.173913 -3.529910
      vertex -2.511177 47.739130 -3.586333
    endloop
  endfacet
  facet normal 0.604299 0.120856 0.787538
    outer loop
      vertex -2.769916 47.173913 -3.301058
      vertex -2.511177 47.739130 -3.586333
      vertex -2.814191 47.739130 -3.353823
    endloop
  endfacet
  facet normal 0.533361 0.120856 0.837209
    outer loop
      vertex -2.471670 47.173913 -3.529910
      vertex -2.154612 47.173913 -3.731898
      vertex -2.189052 47.739130 -3.791550
    endloop
  endfacet
  facet normal 0.533361 0.120856 0.837209
    outer loop
      vertex -2.471670 47.173913 -3.529910
      vertex -2.189052 47.739130 -3.791550
      vertex -2.511177 47.739130 -3.586333
    endloop
  endfacet
  facet normal 0.458364 0.120856 0.880509
    outer loop
      vertex -2.154612 47.173913 -3.731898
      vertex -1.821157 47.173913 -3.905484
      vertex -1.850267 47.739130 -3.967910
    endloop
  endfacet
  facet normal 0.458364 0.120856 0.880509
    outer loop
      vertex -2.154612 47.173913 -3.731898
      vertex -1.850267 47.739130 -3.967910
      vertex -2.189052 47.739130 -3.791550
    endloop
  endfacet
  facet normal 0.379878 0.120856 0.917108
    outer loop
      vertex -1.821157 47.173913 -3.905484
      vertex -1.473842 47.173913 -4.049347
      vertex -1.497400 47.739130 -4.114072
    endloop
  endfacet
  facet normal 0.379878 0.120856 0.917108
    outer loop
      vertex -1.821157 47.173913 -3.905484
      vertex -1.497400 47.739130 -4.114072
      vertex -1.850267 47.739130 -3.967910
    endloop
  endfacet
  facet normal 0.298502 0.120856 0.946726
    outer loop
      vertex -1.473842 47.173913 -4.049347
      vertex -1.115309 47.173913 -4.162391
      vertex -1.133137 47.739130 -4.228924
    endloop
  endfacet
  facet normal 0.298502 0.120856 0.946726
    outer loop
      vertex -1.473842 47.173913 -4.049347
      vertex -1.133137 47.739130 -4.228924
      vertex -1.497400 47.739130 -4.114072
    endloop
  endfacet
  facet normal 0.214853 0.120856 0.969140
    outer loop
      vertex -1.115309 47.173913 -4.162391
      vertex -0.748289 47.173913 -4.243758
      vertex -0.760250 47.739130 -4.311591
    endloop
  endfacet
  facet normal 0.214853 0.120856 0.969140
    outer loop
      vertex -1.115309 47.173913 -4.162391
      vertex -0.760250 47.739130 -4.311591
      vertex -1.133137 47.739130 -4.228924
    endloop
  endfacet
  facet normal 0.129569 0.120856 0.984178
    outer loop
      vertex -0.748289 47.173913 -4.243758
      vertex -0.375574 47.173913 -4.292827
      vertex -0.381577 47.739130 -4.361444
    endloop
  endfacet
  facet normal 0.129569 0.120856 0.984178
    outer loop
      vertex -0.748289 47.173913 -4.243758
      vertex -0.381577 47.739130 -4.361444
      vertex -0.760250 47.739130 -4.311591
    endloop
  endfacet
  facet normal 0.043300 0.120856 0.991725
    outer loop
      vertex -0.375574 47.173913 -4.292827
      vertex -0.000000 47.173913 -4.309225
      vertex -0.000000 47.739130 -4.378104
    endloop
  endfacet
  facet normal 0.043300 0.120856 0.991725
    outer loop
      vertex -0.375574 47.173913 -4.292827
      vertex -0.000000 47.739130 -4.378104
      vertex -0.381577 47.739130 -4.361444
    endloop
  endfacet
  facet normal -0.043300 0.120856 0.991725
    outer loop
      vertex -0.000000 47.173913 -4.309225
      vertex 0.375574 47.173913 -4.292827
      vertex 0.381577 47.739130 -4.361444
    endloop
  endfacet
  facet normal -0.043300 0.120856 0.991725
    outer loop
      vertex -0.000000 47.173913 -4.309225
      vertex 0.381577 47.739130 -4.361444
      vertex -0.000000 47.739130 -4.378104
    endloop
  endfacet
  facet normal -0.129569 0.120856 0.984178
    outer loop
      vertex 0.375574 47.173913 -4.292827
      vertex 0.748289 47.173913 -4.243758
      vertex 0.760250 47.739130 -4.311591
    endloop
  endfacet
  facet normal -0.129569 0.120856 0.984178
    outer loop
      vertex 0.375574 47.173913 -4.292827
      vertex 0.760250 47.739130 -4.311591
      vertex 0.381577 47.739130 -4.361444
    endloop
  endfacet
  facet normal -0.214853 0.120856 0.969140
    outer loop
      vertex 0.748289 47.173913 -4.243758
      vertex 1.115309 47.173913 -4.162391
      vertex 1.133137 47.739130 -4.228924
    endloop
  endfacet
  facet normal -0.214853 0.120856 0.969140
    outer loop
      vertex 0.748289 47.173913 -4.243758
      vertex 1.133137 47.739130 -4.228924
      vertex 0.760250 47.739130 -4.311591
    endloop
  endfacet
  facet normal -0.298502 0.120856 0.946726
    outer loop
      vertex 1.115309 47.173913 -4.162391
      vertex 1.473842 47.173913 -4.049347
      vertex 1.497400 47.739130 -4.114072
    endloop
  endfacet
  facet normal -0.298502 0.120856 0.946726
    outer loop
      vertex 1.115309 47.173913 -4.162391
      vertex 1.497400 47.739130 -4.114072
      vertex 1.133137 47.739130 -4.228924
    endloop
  endfacet
  facet normal -0.379878 0.120856 0.917108
    outer loop
      vertex 1.473842 47.173913 -4.049347
      vertex 1.821157 47.173913 -3.905484
      vertex 1.850267 47.739130 -3.967910
    endloop
  endfacet
  facet normal -0.379878 0.120856 0.917108
    outer loop
      vertex 1.473842 47.173913 -4.049347
      vertex 1.850267 47.739130 -3.967910
      vertex 1.497400 47.739130 -4.114072
    endloop
  endfacet
  facet normal -0.458364 0.120856 0.880509
    outer loop
      vertex 1.821157 47.173913 -3.905484
      vertex 2.154612 47.173913 -3.731898
      vertex 2.189052 47.739130 -3.791550
    endloop
  endfacet
  facet normal -0.458364 0.120856 0.880509
    outer loop
      vertex 1.821157 47.173913 -3.905484
      vertex 2.189052 47.739130 -3.791550
      vertex 1.850267 47.739130 -3.967910
    endloop
  endfacet
  facet normal -0.533361 0.120856 0.837209
    outer loop
      vertex 2.154612 47.173913 -3.731898
      vertex 2.471670 47.173913 -3.529910
      vertex 2.511177 47.739130 -3.586333
    endloop
  endfacet
  facet normal -0.533361 0.120856 0.837209
    outer loop
      vertex 2.154612 47.173913 -3.731898
      vertex 2.511177 47.739130 -3.586333
      vertex 2.189052 47.739130 -3.791550
    endloop
  endfacet
  facet normal -0.604299 0.120856 0.787538
    outer loop
      vertex 2.471670 47.173913 -3.529910
      vertex 2.769916 47.173913 -3.301058
      vertex 2.814191 47.739130 -3.353823
    endloop
  endfacet
  facet normal -0.604299 0.120856 0.787538
    outer loop
      vertex 2.471670 47.173913 -3.529910
      vertex 2.814191 47.739130 -3.353823
      vertex 2.511177 47.739130 -3.586333
    endloop
  endfacet
  facet normal -0.670638 0.120856 0.731873
    outer loop
      vertex 2.769916 47.173913 -3.301058
      vertex 3.047082 47.173913 -3.047082
      vertex 3.095787 47.739130 -3.095787
    endloop
  endfacet
  facet normal -0.670638 0.120856 0.731873
    outer loop
      vertex 2.769916 47.173913 -3.301058
      vertex 3.095787 47.739130 -3.095787
      vertex 2.814191 47.739130 -3.353823
    endloop
  endfacet
  facet normal -0.731873 0.120856 0.670638
    outer loop
      vertex 3.047082 47.173913 -3.047082
      vertex 3.301058 47.173913 -2.769916
      vertex 3.353823 47.739130 -2.814191
    endloop
  endfacet
  facet normal -0.731873 0.120856 0.670638
    outer loop
      vertex 3.047082 47.173913 -3.047082
      vertex 3.353823 47.739130 -2.814191
      vertex 3.095787 47.739130 -3.095787
    endloop
  endfacet
  facet normal -0.787538 0.120856 0.604299
    outer loop
      vertex 3.301058 47.173913 -2.769916
      vertex 3.529910 47.173913 -2.471670
      vertex 3.586333 47.739130 -2.511177
    endloop
  endfacet
  facet normal -0.787538 0.120856 0.604299
    outer loop
      vertex 3.301058 47.173913 -2.769916
      vertex 3.586333 47.739130 -2.511177
      vertex 3.353823 47.739130 -2.814191
    endloop
  endfacet
  facet normal -0.837209 0.120856 0.533361
    outer loop
      vertex 3.529910 47.173913 -2.471670
      vertex 3.731898 47.173913 -2.154612
      vertex 3.791550 47.739130 -2.189052
    endloop
  endfacet
  facet normal -0.837209 0.120856 0.533361
    outer loop
      vertex 3.529910 47.173913 -2.471670
      vertex 3.791550 47.739130 -2.189052
      vertex 3.586333 47.739130 -2.511177
    endloop
  endfacet
  facet normal -0.880509 0.120856 0.458364
    outer loop
      vertex 3.731898 47.173913 -2.154612
      vertex 3.905484 47.173913 -1.821157
      vertex 3.967910 47.739130 -1.850267
    endloop
  endfacet
  facet normal -0.880509 0.120856 0.458364
    outer loop
      vertex 3.731898 47.173913 -2.154612
      vertex 3.967910 47.739130 -1.850267
      vertex 3.791550 47.739130 -2.189052
    endloop
  endfacet
  facet normal -0.917108 0.120856 0.379878
    outer loop
      vertex 3.905484 47.173913 -1.821157
      vertex 4.049347 47.173913 -1.473842
      vertex 4.114072 47.739130 -1.497400
    endloop
  endfacet
  facet normal -0.917108 0.120856 0.379878
    outer loop
      vertex 3.905484 47.173913 -1.821157
      vertex 4.114072 47.739130 -1.497400
      vertex 3.967910 47.739130 -1.850267
    endloop
  endfacet
  facet normal -0.946726 0.120856 0.298502
    outer loop
      vertex 4.049347 47.173913 -1.473842
      vertex 4.162391 47.173913 -1.115309
      vertex 4.228924 47.739130 -1.133137
    endloop
  endfacet
  facet normal -0.946726 0.120856 0.298502
    outer loop
      vertex 4.049347 47.173913 -1.473842
      vertex 4.228924 47.739130 -1.133137
      vertex 4.114072 47.739130 -1.497400
    endloop
  endfacet
  facet normal -0.969140 0.120856 0.214853
    outer loop
      vertex 4.162391 47.173913 -1.115309
      vertex 4.243758 47.173913 -0.748289
      vertex 4.311591 47.739130 -0.760250
    endloop
  endfacet
  facet normal -0.969140 0.120856 0.214853
    outer loop
      vertex 4.162391 47.173913 -1.115309
      vertex 4.311591 47.739130 -0.760250
      vertex 4.228924 47.739130 -1.133137
    endloop
  endfacet
  facet normal -0.984178 0.120856 0.129569
    outer loop
      vertex 4.243758 47.173913 -0.748289
      vertex 4.292827 47.173913 -0.375574
      vertex 4.361444 47.739130 -0.381577
    endloop
  endfacet
  facet normal -0.984178 0.120856 0.129569
    outer loop
      vertex 4.243758 47.173913 -0.748289
      vertex 4.361444 47.739130 -0.381577
      vertex 4.311591 47.739130 -0.760250
    endloop
  endfacet
  facet normal -0.991725 0.120856 0.043300
    outer loop
      vertex 4.292827 47.173913 -0.375574
      vertex 4.309225 47.173913 0.000000
      vertex 4.378104 47.739130 0.000000
    endloop
  endfacet
  facet normal -0.991725 0.120856 0.043300
    outer loop
      vertex 4.292827 47.173913 -0.375574
      vertex 4.378104 47.739130 0.000000
      vertex 4.361444 47.739130 -0.381577
    endloop
  endfacet
  facet normal -0.994625 0.093998 -0.043426
    outer loop
      vertex 4.378104 47.739130 0.000000
      vertex 4.361444 47.739130 0.381577
      vertex 4.414658 48.304348 0.386232
    endloop
  endfacet
  facet normal -0.994625 0.093998 -0.043426
    outer loop
      vertex 4.378104 47.739130 0.000000
      vertex 4.414658 48.304348 0.386232
      vertex 4.431521 48.304348 0.000000
    endloop
  endfacet
  facet normal -0.987055 0.093998 -0.129948
    outer loop
      vertex 4.361444 47.739130 0.381577
      vertex 4.311591 47.739130 0.760250
      vertex 4.364196 48.304348 0.769526
    endloop
  endfacet
  facet normal -0.987055 0.093998 -0.129948
    outer loop
      vertex 4.361444 47.739130 0.381577
      vertex 4.364196 48.304348 0.769526
      vertex 4.414658 48.304348 0.386232
    endloop
  endfacet
  facet normal -0.971973 0.093998 -0.215481
    outer loop
      vertex 4.311591 47.739130 0.760250
      vertex 4.228924 47.739130 1.133137
      vertex 4.280521 48.304348 1.146962
    endloop
  endfacet
  facet normal -0.971973 0.093998 -0.215481
    outer loop
      vertex 4.311591 47.739130 0.760250
      vertex 4.280521 48.304348 1.146962
      vertex 4.364196 48.304348 0.769526
    endloop
  endfacet
  facet normal -0.949494 0.093998 -0.299374
    outer loop
      vertex 4.228924 47.739130 1.133137
      vertex 4.114072 47.739130 1.497400
      vertex 4.164268 48.304348 1.515669
    endloop
  endfacet
  facet normal -0.949494 0.093998 -0.299374
    outer loop
      vertex 4.228924 47.739130 1.133137
      vertex 4.164268 48.304348 1.515669
      vertex 4.280521 48.304348 1.146962
    endloop
  endfacet
  facet normal -0.919789 0.093998 -0.380989
    outer loop
      vertex 4.114072 47.739130 1.497400
      vertex 3.967910 47.739130 1.850267
      vertex 4.016322 48.304348 1.872842
    endloop
  endfacet
  facet normal -0.919789 0.093998 -0.380989
    outer loop
      vertex 4.114072 47.739130 1.497400
      vertex 4.016322 48.304348 1.872842
      vertex 4.164268 48.304348 1.515669
    endloop
  endfacet
  facet normal -0.883083 0.093998 -0.459704
    outer loop
      vertex 3.967910 47.739130 1.850267
      vertex 3.791550 47.739130 2.189052
      vertex 3.837810 48.304348 2.215760
    endloop
  endfacet
  facet normal -0.883083 0.093998 -0.459704
    outer loop
      vertex 3.967910 47.739130 1.850267
      vertex 3.837810 48.304348 2.215760
      vertex 4.016322 48.304348 1.872842
    endloop
  endfacet
  facet normal -0.839657 0.093998 -0.534921
    outer loop
      vertex 3.791550 47.739130 2.189052
      vertex 3.586333 47.739130 2.511177
      vertex 3.630089 48.304348 2.541816
    endloop
  endfacet
  facet normal -0.839657 0.093998 -0.534921
    outer loop
      vertex 3.791550 47.739130 2.189052
      vertex 3.630089 48.304348 2.541816
      vertex 3.837810 48.304348 2.215760
    endloop
  endfacet
  facet normal -0.789841 0.093998 -0.606066
    outer loop
      vertex 3.586333 47.739130 2.511177
      vertex 3.353823 47.739130 2.814191
      vertex 3.394742 48.304348 2.848527
    endloop
  endfacet
  facet normal -0.789841 0.093998 -0.606066
    outer loop
      vertex 3.586333 47.739130 2.511177
      vertex 3.394742 48.304348 2.848527
      vertex 3.630089 48.304348 2.541816
    endloop
  endfacet
  facet normal -0.734013 0.093998 -0.672599
    outer loop
      vertex 3.353823 47.739130 2.814191
      vertex 3.095787 47.739130 3.095787
      vertex 3.133558 48.304348 3.133558
    endloop
  endfacet
  facet normal -0.734013 0.093998 -0.672599
    outer loop
      vertex 3.353823 47.739130 2.814191
      vertex 3.133558 48.304348 3.133558
      vertex 3.394742 48.304348 2.848527
    endloop
  endfacet
  facet normal -0.672599 0.093998 -0.734013
    outer loop
      vertex 3.095787 47.739130 3.095787
      vertex 2.814191 47.739130 3.353823
      vertex 2.848527 48.304348 3.394742
    endloop
  endfacet
  facet normal -0.672599 0.093998 -0.734013
    outer loop
      vertex 3.095787 47.739130 3.095787
      vertex 2.848527 48.304348 3.394742
      vertex 3.133558 48.304348 3.133558
    endloop
  endfacet
  facet normal -0.606066 0.093998 -0.789841
    outer loop
      vertex 2.814191 47.739130 3.353823
      vertex 2.511177 47.739130 3.586333
      vertex 2.541816 48.304348 3.630089
    endloop
  endfacet
  facet normal -0.606066 0.093998 -0.789841
    outer loop
      vertex 2.814191 47.739130 3.353823
      vertex 2.541816 48.304348 3.630089
      vertex 2.848527 48.304348 3.394742
    endloop
  endfacet
  facet normal -0.534921 0.093998 -0.839657
    outer loop
      vertex 2.511177 47.739130 3.586333
      vertex 2.189052 47.739130 3.791550
      vertex 2.215760 48.304348 3.837810
    endloop
  endfacet
  facet normal -0.534921 0.093998 -0.839657
    outer loop
      vertex 2.511177 47.739130 3.586333
      vertex 2.215760 48.304348 3.837810
      vertex 2.541816 48.304348 3.630089
    endloop
  endfacet
  facet normal -0.459704 0.093998 -0.883083
    outer loop
      vertex 2.189052 47.739130 3.791550
      vertex 1.850267 47.739130 3.967910
      vertex 1.872842 48.304348 4.016322
    endloop
  endfacet
  facet normal -0.459704 0.093998 -0.883083
    outer loop
      vertex 2.189052 47.739130 3.791550
      vertex 1.872842 48.304348 4.016322
      vertex 2.215760 48.304348 3.837810
    endloop
  endfacet
  facet normal -0.380989 0.093998 -0.919789
    outer loop
      vertex 1.850267 47.739130 3.967910
      vertex 1.497400 47.739130 4.114072
      vertex 1.515669 48.304348 4.164268
    endloop
  endfacet
  facet normal -0.380989 0.093998 -0.919789
    outer loop
      vertex 1.850267 47.739130 3.967910
      vertex 1.515669 48.304348 4.164268
      vertex 1.872842 48.304348 4.016322
    endloop
  endfacet
  facet normal -0.299374 0.093998 -0.949494
    outer loop
      vertex 1.497400 47.739130 4.114072
      vertex 1.133137 47.739130 4.228924
      vertex 1.146962 48.304348 4.280521
    endloop
  endfacet
  facet normal -0.299374 0.093998 -0.949494
    outer loop
      vertex 1.497400 47.739130 4.114072
      vertex 1.146962 48.304348 4.280521
      vertex 1.515669 48.304348 4.164268
    endloop
  endfacet
  facet normal -0.215481 0.093998 -0.971973
    outer loop
      vertex 1.133137 47.739130 4.228924
      vertex 0.760250 47.739130 4.311591
      vertex 0.769526 48.304348 4.364196
    endloop
  endfacet
  facet normal -0.215481 0.093998 -0.971973
    outer loop
      vertex 1.133137 47.739130 4.228924
      vertex 0.769526 48.304348 4.364196
      vertex 1.146962 48.304348 4.280521
    endloop
  endfacet
  facet normal -0.129948 0.093998 -0.987055
    outer loop
      vertex 0.760250 47.739130 4.311591
      vertex 0.381577 47.739130 4.361444
      vertex 0.386232 48.304348 4.414658
    endloop
  endfacet
  facet normal -0.129948 0.093998 -0.987055
    outer loop
      vertex 0.760250 47.739130 4.311591
      vertex 0.386232 48.304348 4.414658
      vertex 0.769526 48.304348 4.364196
    endloop
  endfacet
  facet normal -0.043426 0.093998 -0.994625
    outer loop
      vertex 0.381577 47.739130 4.361444
      vertex 0.000000 47.739130 4.378104
      vertex 0.000000 48.304348 4.431521
    endloop
  endfacet
  facet normal -0.043426 0.093998 -0.994625
    outer loop
      vertex 0.381577 47.739130 4.361444
      vertex 0.000000 48.304348 4.431521
      vertex 0.386232 48.304348 4.414658
    endloop
  endfacet
  facet normal 0.043426 0.093998 -0.994625
    outer loop
      vertex 0.000000 47.739130 4.378104
      vertex -0.381577 47.739130 4.361444
      vertex -0.386232 48.304348 4.414658
    endloop
  endfacet
  facet normal 0.043426 0.093998 -0.994625
    outer loop
      vertex 0.000000 47.739130 4.378104
      vertex -0.386232 48.304348 4.414658
      vertex 0.000000 48.304348 4.431521
    endloop
  endfacet
  facet normal 0.129948 0.093998 -0.987055
    outer loop
      vertex -0.381577 47.739130 4.361444
      vertex -0.760250 47.739130 4.311591
      vertex -0.769526 48.304348 4.364196
    endloop
  endfacet
  facet normal 0.129948 0.093998 -0.987055
    outer loop
      vertex -0.381577 47.739130 4.361444
      vertex -0.769526 48.304348 4.364196
      vertex -0.386232 48.304348 4.414658
    endloop
  endfacet
  facet normal 0.215481 0.093998 -0.971973
    outer loop
      vertex -0.760250 47.739130 4.311591
      vertex -1.133137 47.739130 4.228924
      vertex -1.146962 48.304348 4.280521
    endloop
  endfacet
  facet normal 0.215481 0.093998 -0.971973
    outer loop
      vertex -0.760250 47.739130 4.311591
      vertex -1.146962 48.304348 4.280521
      vertex -0.769526 48.304348 4.364196
    endloop
  endfacet
  facet normal 0.299374 0.093998 -0.949494
    outer loop
      vertex -1.133137 47.739130 4.228924
      vertex -1.497400 47.739130 4.114072
      vertex -1.515669 48.304348 4.164268
    endloop
  endfacet
  facet normal 0.299374 0.093998 -0.949494
    outer loop
      vertex -1.133137 47.739130 4.228924
      vertex -1.515669 48.304348 4.164268
      vertex -1.146962 48.304348 4.280521
    endloop
  endfacet
  facet normal 0.380989 0.093998 -0.919789
    outer loop
      vertex -1.497400 47.739130 4.114072
      vertex -1.850267 47.739130 3.967910
      vertex -1.872842 48.304348 4.016322
    endloop
  endfacet
  facet normal 0.380989 0.093998 -0.919789
    outer loop
      vertex -1.497400 47.739130 4.114072
      vertex -1.872842 48.304348 4.016322
      vertex -1.515669 48.304348 4.164268
    endloop
  endfacet
  facet normal 0.459704 0.093998 -0.883083
    outer loop
      vertex -1.850267 47.739130 3.967910
      vertex -2.189052 47.739130 3.791550
      vertex -2.215760 48.304348 3.837810
    endloop
  endfacet
  facet normal 0.459704 0.093998 -0.883083
    outer loop
      vertex -1.850267 47.739130 3.967910
      vertex -2.215760 48.304348 3.837810
      vertex -1.872842 48.304348 4.016322
    endloop
  endfacet
  facet normal 0.534921 0.093998 -0.839657
    outer loop
      vertex -2.189052 47.739130 3.791550
      vertex -2.511177 47.739130 3.586333
      vertex -2.541816 48.304348 3.630089
    endloop
  endfacet
  facet normal 0.534921 0.093998 -0.839657
    outer loop
      vertex -2.189052 47.739130 3.791550
      vertex -2.541816 48.304348 3.630089
      vertex -2.215760 48.304348 3.837810
    endloop
  endfacet
  facet normal 0.606066 0.093998 -0.789841
    outer loop
      vertex -2.511177 47.739130 3.586333
      vertex -2.814191 47.739130 3.353823
      vertex -2.848527 48.304348 3.394742
    endloop
  endfacet
  facet normal 0.606066 0.093998 -0.789841
    outer loop
      vertex -2.511177 47.739130 3.586333
      vertex -2.848527 48.304348 3.394742
      vertex -2.541816 48.304348 3.630089
    endloop
  endfacet
  facet normal 0.672599 0.093998 -0.734013
    outer loop
      vertex -2.814191 47.739130 3.353823
      vertex -3.095787 47.739130 3.095787
      vertex -3.133558 48.304348 3.133558
    endloop
  endfacet
  facet normal 0.672599 0.093998 -0.734013
    outer loop
      vertex -2.814191 47.739130 3.353823
      vertex -3.133558 48.304348 3.133558
      vertex -2.848527 48.304348 3.394742
    endloop
  endfacet
  facet normal 0.734013 0.093998 -0.672599
    outer loop
      vertex -3.095787 47.739130 3.095787
      vertex -3.353823 47.739130 2.814191
      vertex -3.394742 48.304348 2.848527
    endloop
  endfacet
  facet normal 0.734013 0.093998 -0.672599
    outer loop
      vertex -3.095787 47.739130 3.095787
      vertex -3.394742 48.304348 2.848527
      vertex -3.133558 48.304348 3.133558
    endloop
  endfacet
  facet normal 0.789841 0.093998 -0.606066
    outer loop
      vertex -3.353823 47.739130 2.814191
      vertex -3.586333 47.739130 2.511177
      vertex -3.630089 48.304348 2.541816
    endloop
  endfacet
  facet normal 0.789841 0.093998 -0.606066
    outer loop
      vertex -3.353823 47.739130 2.814191
      vertex -3.630089 48.304348 2.541816
      vertex -3.394742 48.304348 2.848527
    endloop
  endfacet
  facet normal 0.839657 0.093998 -0.534921
    outer loop
      vertex -3.586333 47.739130 2.511177
      vertex -3.791550 47.739130 2.189052
      vertex -3.837810 48.304348 2.215760
    endloop
  endfacet
  facet normal 0.839657 0.093998 -0.534921
    outer loop
      vertex -3.586333 47.739130 2.511177
      vertex -3.837810 48.304348 2.215760
      vertex -3.630089 48.304348 2.541816
    endloop
  endfacet
  facet normal 0.883083 0.093998 -0.459704
    outer loop
      vertex -3.791550 47.739130 2.189052
      vertex -3.967910 47.739130 1.850267
      vertex -4.016322 48.304348 1.872842
    endloop
  endfacet
  facet normal 0.883083 0.093998 -0.459704
    outer loop
      vertex -3.791550 47.739130 2.189052
      vertex -4.016322 48.304348 1.872842
      vertex -3.837810 48.304348 2.215760
    endloop
  endfacet
  facet normal 0.919789 0.093998 -0.380989
    outer loop
      vertex -3.967910 47.739130 1.850267
      vertex -4.114072 47.739130 1.497400
      vertex -4.164268 48.304348 1.515669
    endloop
  endfacet
  facet normal 0.919789 0.093998 -0.380989
    outer loop
      vertex -3.967910 47.739130 1.850267
      vertex -4.164268 48.304348 1.515669
      vertex -4.016322 48.304348 1.872842
    endloop
  endfacet
  facet normal 0.949494 0.093998 -0.299374
    outer loop
      vertex -4.114072 47.739130 1.497400
      vertex -4.228924 47.739130 1.133137
      vertex -4.280521 48.304348 1.146962
    endloop
  endfacet
  facet normal 0.949494 0.093998 -0.299374
    outer loop
      vertex -4.114072 47.739130 1.497400
      vertex -4.280521 48.304348 1.146962
      vertex -4.164268 48.304348 1.515669
    endloop
  endfacet
  facet normal 0.971973 0.093998 -0.215481
    outer loop
      vertex -4.228924 47.739130 1.133137
      vertex -4.311591 47.739130 0.760250
      vertex -4.364196 48.304348 0.769526
    endloop
  endfacet
  facet normal 0.971973 0.093998 -0.215481
    outer loop
      vertex -4.228924 47.739130 1.133137
      vertex -4.364196 48.304348 0.769526
      vertex -4.280521 48.304348 1.146962
    endloop
  endfacet
  facet normal 0.987055 0.093998 -0.129948
    outer loop
      vertex -4.311591 47.739130 0.760250
      vertex -4.361444 47.739130 0.381577
      vertex -4.414658 48.304348 0.386232
    endloop
  endfacet
  facet normal 0.987055 0.093998 -0.129948
    outer loop
      vertex -4.311591 47.739130 0.760250
      vertex -4.414658 48.304348 0.386232
      vertex -4.364196 48.304348 0.769526
    endloop
  endfacet
  facet normal 0.994625 0.093998 -0.043426
    outer loop
      vertex -4.361444 47.739130 0.381577
      vertex -4.378104 47.739130 0.000000
      vertex -4.431521 48.304348 0.000000
    endloop
  endfacet
  facet normal 0.994625 0.093998 -0.043426
    outer loop
      vertex -4.361444 47.739130 0.381577
      vertex -4.431521 48.304348 0.000000
      vertex -4.414658 48.304348 0.386232
    endloop
  endfacet
  facet normal 0.994625 0.093998 0.043426
    outer loop
      vertex -4.378104 47.739130 0.000000
      vertex -4.361444 47.739130 -0.381577
      vertex -4.414658 48.304348 -0.386232
    endloop
  endfacet
  facet normal 0.994625 0.093998 0.043426
    outer loop
      vertex -4.378104 47.739130 0.000000
      vertex -4.414658 48.304348 -0.386232
      vertex -4.431521 48.304348 0.000000
    endloop
  endfacet
  facet normal 0.987055 0.093998 0.129948
    outer loop
      vertex -4.361444 47.739130 -0.381577
      vertex -4.311591 47.739130 -0.760250
      vertex -4.364196 48.304348 -0.769526
    endloop
  endfacet
  facet normal 0.987055 0.093998 0.129948
    outer loop
      vertex -4.361444 47.739130 -0.381577
      vertex -4.364196 48.304348 -0.769526
      vertex -4.414658 48.304348 -0.386232
    endloop
  endfacet
  facet normal 0.971973 0.093998 0.215481
    outer loop
      vertex -4.311591 47.739130 -0.760250
      vertex -4.228924 47.739130 -1.133137
      vertex -4.280521 48.304348 -1.146962
    endloop
  endfacet
  facet normal 0.971973 0.093998 0.215481
    outer loop
      vertex -4.311591 47.739130 -0.760250
      vertex -4.280521 48.304348 -1.146962
      vertex -4.364196 48.304348 -0.769526
    endloop
  endfacet
  facet normal 0.949494 0.093998 0.299374
    outer loop
      vertex -4.228924 47.739130 -1.133137
      vertex -4.114072 47.739130 -1.497400
      vertex -4.164268 48.304348 -1.515669
    endloop
  endfacet
  facet normal 0.949494 0.093998 0.299374
    outer loop
      vertex -4.228924 47.739130 -1.133137
      vertex -4.164268 48.304348 -1.515669
      vertex -4.280521 48.304348 -1.146962
    endloop
  endfacet
  facet normal 0.919789 0.093998 0.380989
    outer loop
      vertex -4.114072 47.739130 -1.497400
      vertex -3.967910 47.739130 -1.850267
      vertex -4.016322 48.304348 -1.872842
    endloop
  endfacet
  facet normal 0.919789 0.093998 0.380989
    outer loop
      vertex -4.114072 47.739130 -1.497400
      vertex -4.016322 48.304348 -1.872842
      vertex -4.164268 48.304348 -1.515669
    endloop
  endfacet
  facet normal 0.883083 0.093998 0.459704
    outer loop
      vertex -3.967910 47.739130 -1.850267
      vertex -3.791550 47.739130 -2.189052
      vertex -3.837810 48.304348 -2.215760
    endloop
  endfacet
  facet normal 0.883083 0.093998 0.459704
    outer loop
      vertex -3.967910 47.739130 -1.850267
      vertex -3.837810 48.304348 -2.215760
      vertex -4.016322 48.304348 -1.872842
    endloop
  endfacet
  facet normal 0.839657 0.093998 0.534921
    outer loop
      vertex -3.791550 47.739130 -2.189052
      vertex -3.586333 47.739130 -2.511177
      vertex -3.630089 48.304348 -2.541816
    endloop
  endfacet
  facet normal 0.839657 0.093998 0.534921
    outer loop
      vertex -3.791550 47.739130 -2.189052
      vertex -3.630089 48.304348 -2.541816
      vertex -3.837810 48.304348 -2.215760
    endloop
  endfacet
  facet normal 0.789841 0.093998 0.606066
    outer loop
      vertex -3.586333 47.739130 -2.511177
      vertex -3.353823 47.739130 -2.814191
      vertex -3.394742 48.304348 -2.848527
    endloop
  endfacet
  facet normal 0.789841 0.093998 0.606066
    outer loop
      vertex -3.586333 47.739130 -2.511177
      vertex -3.394742 48.304348 -2.848527
      vertex -3.630089 48.304348 -2.541816
    endloop
  endfacet
  facet normal 0.734013 0.093998 0.672599
    outer loop
      vertex -3.353823 47.739130 -2.814191
      vertex -3.095787 47.739130 -3.095787
      vertex -3.133558 48.304348 -3.133558
    endloop
  endfacet
  facet normal 0.734013 0.093998 0.672599
    outer loop
      vertex -3.353823 47.739130 -2.814191
      vertex -3.133558 48.304348 -3.133558
      vertex -3.394742 48.304348 -2.848527
    endloop
  endfacet
  facet normal 0.672599 0.093998 0.734013
    outer loop
      vertex -3.095787 47.739130 -3.095787
      vertex -2.814191 47.739130 -3.353823
      vertex -2.848527 48.304348 -3.394742
    endloop
  endfacet
  facet normal 0.672599 0.093998 0.734013
    outer loop
      vertex -3.095787 47.739130 -3.095787
      vertex -2.848527 48.304348 -3.394742
      vertex -3.133558 48.304348 -3.133558
    endloop
  endfacet
  facet normal 0.606066 0.093998 0.789841
    outer loop
      vertex -2.814191 47.739130 -3.353823
      vertex -2.511177 47.739130 -3.586333
      vertex -2.541816 48.304348 -3.630089
    endloop
  endfacet
  facet normal 0.606066 0.093998 0.789841
    outer loop
      vertex -2.814191 47.739130 -3.353823
      vertex -2.541816 48.304348 -3.630089
      vertex -2.848527 48.304348 -3.394742
    endloop
  endfacet
  facet normal 0.534921 0.093998 0.839657
    outer loop
      vertex -2.511177 47.739130 -3.586333
      vertex -2.189052 47.739130 -3.791550
      vertex -2.215760 48.304348 -3.837810
    endloop
  endfacet
  facet normal 0.534921 0.093998 0.839657
    outer loop
      vertex -2.511177 47.739130 -3.586333
      vertex -2.215760 48.304348 -3.837810
      vertex -2.541816 48.304348 -3.630089
    endloop
  endfacet
  facet normal 0.459704 0.093998 0.883083
    outer loop
      vertex -2.189052 47.739130 -3.791550
      vertex -1.850267 47.739130 -3.967910
      vertex -1.872842 48.304348 -4.016322
    endloop
  endfacet
  facet normal 0.459704 0.093998 0.883083
    outer loop
      vertex -2.189052 47.739130 -3.791550
      vertex -1.872842 48.304348 -4.016322
      vertex -2.215760 48.304348 -3.837810
    endloop
  endfacet
  facet normal 0.380989 0.093998 0.919789
    outer loop
      vertex -1.850267 47.739130 -3.967910
      vertex -1.497400 47.739130 -4.114072
      vertex -1.515669 48.304348 -4.164268
    endloop
  endfacet
  facet normal 0.380989 0.093998 0.919789
    outer loop
      vertex -1.850267 47.739130 -3.967910
      vertex -1.515669 48.304348 -4.164268
      vertex -1.872842 48.304348 -4.016322
    endloop
  endfacet
  facet normal 0.299374 0.093998 0.949494
    outer loop
      vertex -1.497400 47.739130 -4.114072
      vertex -1.133137 47.739130 -4.228924
      vertex -1.146962 48.304348 -4.280521
    endloop
  endfacet
  facet normal 0.299374 0.093998 0.949494
    outer loop
      vertex -1.497400 47.739130 -4.114072
      vertex -1.146962 48.304348 -4.280521
      vertex -1.515669 48.304348 -4.164268
    endloop
  endfacet
  facet normal 0.215481 0.093998 0.971973
    outer loop
      vertex -1.133137 47.739130 -4.228924
      vertex -0.760250 47.739130 -4.311591
      vertex -0.769526 48.304348 -4.364196
    endloop
  endfacet
  facet normal 0.215481 0.093998 0.971973
    outer loop
      vertex -1.133137 47.739130 -4.228924
      vertex -0.769526 48.304348 -4.364196
      vertex -1.146962 48.304348 -4.280521
    endloop
  endfacet
  facet normal 0.129948 0.093998 0.987055
    outer loop
      vertex -0.760250 47.739130 -4.311591
      vertex -0.381577 47.739130 -4.361444
      vertex -0.386232 48.304348 -4.414658
    endloop
  endfacet
  facet normal 0.129948 0.093998 0.987055
    outer loop
      vertex -0.760250 47.739130 -4.311591
      vertex -0.386232 48.304348 -4.414658
      vertex -0.769526 48.304348 -4.364196
    endloop
  endfacet
  facet normal 0.043426 0.093998 0.994625
    outer loop
      vertex -0.381577 47.739130 -4.361444
      vertex -0.000000 47.739130 -4.378104
      vertex -0.000000 48.304348 -4.431521
    endloop
  endfacet
  facet normal 0.043426 0.093998 0.994625
    outer loop
      vertex -0.381577 47.739130 -4.361444
      vertex -0.000000 48.304348 -4.431521
      vertex -0.386232 48.304348 -4.414658
    endloop
  endfacet
  facet normal -0.043426 0.093998 0.994625
    outer loop
      vertex -0.000000 47.739130 -4.378104
      vertex 0.381577 47.739130 -4.361444
      vertex 0.386232 48.304348 -4.414658
    endloop
  endfacet
  facet normal -0.043426 0.093998 0.994625
    outer loop
      vertex -0.000000 47.739130 -4.378104
      vertex 0.386232 48.304348 -4.414658
      vertex -0.000000 48.304348 -4.431521
    endloop
  endfacet
  facet normal -0.129948 0.093998 0.987055
    outer loop
      vertex 0.381577 47.739130 -4.361444
      vertex 0.760250 47.739130 -4.311591
      vertex 0.769526 48.304348 -4.364196
    endloop
  endfacet
  facet normal -0.129948 0.093998 0.987055
    outer loop
      vertex 0.381577 47.739130 -4.361444
      vertex 0.769526 48.304348 -4.364196
      vertex 0.386232 48.304348 -4.414658
    endloop
  endfacet
  facet normal -0.215481 0.093998 0.971973
    outer loop
      vertex 0.760250 47.739130 -4.311591
      vertex 1.133137 47.739130 -4.228924
      vertex 1.146962 48.304348 -4.280521
    endloop
  endfacet
  facet normal -0.215481 0.093998 0.971973
    outer loop
      vertex 0.760250 47.739130 -4.311591
      vertex 1.146962 48.304348 -4.280521
      vertex 0.769526 48.304348 -4.364196
    endloop
  endfacet
  facet normal -0.299374 0.093998 0.949494
    outer loop
      vertex 1.133137 47.739130 -4.228924
      vertex 1.497400 47.739130 -4.114072
      vertex 1.515669 48.304348 -4.164268
    endloop
  endfacet
  facet normal -0.299374 0.093998 0.949494
    outer loop
      vertex 1.133137 47.739130 -4.228924
      vertex 1.515669 48.304348 -4.164268
      vertex 1.146962 48.304348 -4.280521
    endloop
  endfacet
  facet normal -0.380989 0.093998 0.919789
    outer loop
      vertex 1.497400 47.739130 -4.114072
      vertex 1.850267 47.739130 -3.967910
      vertex 1.872842 48.304348 -4.016322
    endloop
  endfacet
  facet normal -0.380989 0.093998 0.919789
    outer loop
      vertex 1.497400 47.739130 -4.114072
      vertex 1.872842 48.304348 -4.016322
      vertex 1.515669 48.304348 -4.164268
    endloop
  endfacet
  facet normal -0.459704 0.093998 0.883083
    outer loop
      vertex 1.850267 47.739130 -3.967910
      vertex 2.189052 47.739130 -3.791550
      vertex 2.215760 48.304348 -3.837810
    endloop
  endfacet
  facet normal -0.459704 0.093998 0.883083
    outer loop
      vertex 1.850267 47.739130 -3.967910
      vertex 2.215760 48.304348 -3.837810
      vertex 1.872842 48.304348 -4.016322
    endloop
  endfacet
  facet normal -0.534921 0.093998 0.839657
    outer loop
      vertex 2.189052 47.739130 -3.791550
      vertex 2.511177 47.739130 -3.586333
      vertex 2.541816 48.304348 -3.630089
    endloop
  endfacet
  facet normal -0.534921 0.093998 0.839657
    outer loop
      vertex 2.189052 47.739130 -3.791550
      vertex 2.541816 48.304348 -3.630089
      vertex 2.215760 48.304348 -3.837810
    endloop
  endfacet
  facet normal -0.606066 0.093998 0.789841
    outer loop
      vertex 2.511177 47.739130 -3.586333
      vertex 2.814191 47.739130 -3.353823
      vertex 2.848527 48.304348 -3.394742
    endloop
  endfacet
  facet normal -0.606066 0.093998 0.789841
    outer loop
      vertex 2.511177 47.739130 -3.586333
      vertex 2.848527 48.304348 -3.394742
      vertex 2.541816 48.304348 -3.630089
    endloop
  endfacet
  facet normal -0.672599 0.093998 0.734013
    outer loop
      vertex 2.814191 47.739130 -3.353823
      vertex 3.095787 47.739130 -3.095787
      vertex 3.133558 48.304348 -3.133558
    endloop
  endfacet
  facet normal -0.672599 0.093998 0.734013
    outer loop
      vertex 2.814191 47.739130 -3.353823
      vertex 3.133558 48.304348 -3.133558
      vertex 2.848527 48.304348 -3.394742
    endloop
  endfacet
  facet normal -0.734013 0.093998 0.672599
    outer loop
      vertex 3.095787 47.739130 -3.095787
      vertex 3.353823 47.739130 -2.814191
      vertex 3.394742 48.304348 -2.848527
    endloop
  endfacet
  facet normal -0.734013 0.093998 0.672599
    outer loop
      vertex 3.095787 47.739130 -3.095787
      vertex 3.394742 48.304348 -2.848527
      vertex 3.133558 48.304348 -3.133558
    endloop
  endfacet
  facet normal -0.789841 0.093998 0.606066
    outer loop
      vertex 3.353823 47.739130 -2.814191
      vertex 3.586333 47.739130 -2.511177
      vertex 3.630089 48.304348 -2.541816
    endloop
  endfacet
  facet normal -0.789841 0.093998 0.606066
    outer loop
      vertex 3.353823 47.739130 -2.814191
      vertex 3.630089 48.304348 -2.541816
      vertex 3.394742 48.304348 -2.848527
    endloop
  endfacet
  facet normal -0.839657 0.093998 0.534921
    outer loop
      vertex 3.586333 47.739130 -2.511177
      vertex 3.791550 47.739130 -2.189052
      vertex 3.837810 48.304348 -2.215760
    endloop
  endfacet
  facet normal -0.839657 0.093998 0.534921
    outer loop
      vertex 3.586333 47.739130 -2.511177
      vertex 3.837810 48.304348 -2.215760
      vertex 3.630089 48.304348 -2.541816
    endloop
  endfacet
  facet normal -0.883083 0.093998 0.459704
    outer loop
      vertex 3.791550 47.739130 -2.189052
      vertex 3.967910 47.739130 -1.850267
      vertex 4.016322 48.304348 -1.872842
    endloop
  endfacet
  facet normal -0.883083 0.093998 0.459704
    outer loop
      vertex 3.791550 47.739130 -2.189052
      vertex 4.016322 48.304348 -1.872842
      vertex 3.837810 48.304348 -2.215760
    endloop
  endfacet
  facet normal -0.919789 0.093998 0.380989
    outer loop
      vertex 3.967910 47.739130 -1.850267
      vertex 4.114072 47.739130 -1.497400
      vertex 4.164268 48.304348 -1.515669
    endloop
  endfacet
  facet normal -0.919789 0.093998 0.380989
    outer loop
      vertex 3.967910 47.739130 -1.850267
      vertex 4.164268 48.304348 -1.515669
      vertex 4.016322 48.304348 -1.872842
    endloop
  endfacet
  facet normal -0.949494 0.093998 0.299374
    outer loop
      vertex 4.114072 47.739130 -1.497400
      vertex 4.228924 47.739130 -1.133137
      vertex 4.280521 48.304348 -1.146962
    endloop
  endfacet
  facet normal -0.949494 0.093998 0.299374
    outer loop
      vertex 4.114072 47.739130 -1.497400
      vertex 4.280521 48.304348 -1.146962
      vertex 4.164268 48.304348 -1.515669
    endloop
  endfacet
  facet normal -0.971973 0.093998 0.215481
    outer loop
      vertex 4.228924 47.739130 -1.133137
      vertex 4.311591 47.739130 -0.760250
      vertex 4.364196 48.304348 -0.769526
    endloop
  endfacet
  facet normal -0.971973 0.093998 0.215481
    outer loop
      vertex 4.228924 47.739130 -1.133137
      vertex 4.364196 48.304348 -0.769526
      vertex 4.280521 48.304348 -1.146962
    endloop
  endfacet
  facet normal -0.987055 0.093998 0.129948
    outer loop
      vertex 4.311591 47.739130 -0.760250
      vertex 4.361444 47.739130 -0.381577
      vertex 4.414658 48.304348 -0.386232
    endloop
  endfacet
  facet normal -0.987055 0.093998 0.129948
    outer loop
      vertex 4.311591 47.739130 -0.760250
      vertex 4.414658 48.304348 -0.386232
      vertex 4.364196 48.304348 -0.769526
    endloop
  endfacet
  facet normal -0.994625 0.093998 0.043426
    outer loop
      vertex 4.361444 47.739130 -0.381577
      vertex 4.378104 47.739130 0.000000
      vertex 4.431521 48.304348 0.000000
    endloop
  endfacet
  facet normal -0.994625 0.093998 0.043426
    outer loop
      vertex 4.361444 47.739130 -0.381577
      vertex 4.431521 48.304348 0.000000
      vertex 4.414658 48.304348 -0.386232
    endloop
  endfacet
  facet normal -0.996794 0.067141 -0.043521
    outer loop
      vertex 4.431521 48.304348 0.000000
      vertex 4.414658 48.304348 0.386232
      vertex 4.452584 48.869565 0.389551
    endloop
  endfacet
  facet normal -0.996794 0.067141 -0.043521
    outer loop
      vertex 4.431521 48.304348 0.000000
      vertex 4.452584 48.869565 0.389551
      vertex 4.469592 48.869565 0.000000
    endloop
  endfacet
  facet normal -0.989208 0.067141 -0.130232
    outer loop
      vertex 4.414658 48.304348 0.386232
      vertex 4.364196 48.304348 0.769526
      vertex 4.401689 48.869565 0.776137
    endloop
  endfacet
  facet normal -0.989208 0.067141 -0.130232
    outer loop
      vertex 4.414658 48.304348 0.386232
      vertex 4.401689 48.869565 0.776137
      vertex 4.452584 48.869565 0.389551
    endloop
  endfacet
  facet normal -0.974093 0.067141 -0.215951
    outer loop
      vertex 4.364196 48.304348 0.769526
      vertex 4.280521 48.304348 1.146962
      vertex 4.317295 48.869565 1.156816
    endloop
  endfacet
  facet normal -0.974093 0.067141 -0.215951
    outer loop
      vertex 4.364196 48.304348 0.769526
      vertex 4.317295 48.869565 1.156816
      vertex 4.401689 48.869565 0.776137
    endloop
  endfacet
  facet normal -0.951565 0.067141 -0.300027
    outer loop
      vertex 4.280521 48.304348 1.146962
      vertex 4.164268 48.304348 1.515669
      vertex 4.200043 48.869565 1.528691
    endloop
  endfacet
  facet normal -0.951565 0.067141 -0.300027
    outer loop
      vertex 4.280521 48.304348 1.146962
      vertex 4.200043 48.869565 1.528691
      vertex 4.317295 48.869565 1.156816
    endloop
  endfacet
  facet normal -0.921795 0.067141 -0.381820
    outer loop
      vertex 4.164268 48.304348 1.515669
      vertex 4.016322 48.304348 1.872842
      vertex 4.050826 48.869565 1.888931
    endloop
  endfacet
  facet normal -0.921795 0.067141 -0.381820
    outer loop
      vertex 4.164268 48.304348 1.515669
      vertex 4.050826 48.869565 1.888931
      vertex 4.200043 48.869565 1.528691
    endloop
  endfacet
  facet normal -0.885009 0.067141 -0.460707
    outer loop
      vertex 4.016322 48.304348 1.872842
      vertex 3.837810 48.304348 2.215760
      vertex 3.870781 48.869565 2.234796
    endloop
  endfacet
  facet normal -0.885009 0.067141 -0.460707
    outer loop
      vertex 4.016322 48.304348 1.872842
      vertex 3.870781 48.869565 2.234796
      vertex 4.050826 48.869565 1.888931
    endloop
  endfacet
  facet normal -0.841488 0.067141 -0.536087
    outer loop
      vertex 3.837810 48.304348 2.215760
      vertex 3.630089 48.304348 2.541816
      vertex 3.661276 48.869565 2.563653
    endloop
  endfacet
  facet normal -0.841488 0.067141 -0.536087
    outer loop
      vertex 3.837810 48.304348 2.215760
      vertex 3.661276 48.869565 2.563653
      vertex 3.870781 48.869565 2.234796
    endloop
  endfacet
  facet normal -0.791563 0.067141 -0.607388
    outer loop
      vertex 3.630089 48.304348 2.541816
      vertex 3.394742 48.304348 2.848527
      vertex 3.423906 48.869565 2.872999
    endloop
  endfacet
  facet normal -0.791563 0.067141 -0.607388
    outer loop
      vertex 3.630089 48.304348 2.541816
      vertex 3.423906 48.869565 2.872999
      vertex 3.661276 48.869565 2.563653
    endloop
  endfacet
  facet normal -0.735614 0.067141 -0.674066
    outer loop
      vertex 3.394742 48.304348 2.848527
      vertex 3.133558 48.304348 3.133558
      vertex 3.160479 48.869565 3.160479
    endloop
  endfacet
  facet normal -0.735614 0.067141 -0.674066
    outer loop
      vertex 3.394742 48.304348 2.848527
      vertex 3.160479 48.869565 3.160479
      vertex 3.423906 48.869565 2.872999
    endloop
  endfacet
  facet normal -0.674066 0.067141 -0.735614
    outer loop
      vertex 3.133558 48.304348 3.133558
      vertex 2.848527 48.304348 3.394742
      vertex 2.872999 48.869565 3.423906
    endloop
  endfacet
  facet normal -0.674066 0.067141 -0.735614
    outer loop
      vertex 3.133558 48.304348 3.133558
      vertex 2.872999 48.869565 3.423906
      vertex 3.160479 48.869565 3.160479
    endloop
  endfacet
  facet normal -0.607388 0.067141 -0.791563
    outer loop
      vertex 2.848527 48.304348 3.394742
      vertex 2.541816 48.304348 3.630089
      vertex 2.563653 48.869565 3.661276
    endloop
  endfacet
  facet normal -0.607388 0.067141 -0.791563
    outer loop
      vertex 2.848527 48.304348 3.394742
      vertex 2.563653 48.869565 3.661276
      vertex 2.872999 48.869565 3.423906
    endloop
  endfacet
  facet normal -0.536087 0.067141 -0.841488
    outer loop
      vertex 2.541816 48.304348 3.630089
      vertex 2.215760 48.304348 3.837810
      vertex 2.234796 48.869565 3.870781
    endloop
  endfacet
  facet normal -0.536087 0.067141 -0.841488
    outer loop
      vertex 2.541816 48.304348 3.630089
      vertex 2.234796 48.869565 3.870781
      vertex 2.563653 48.869565 3.661276
    endloop
  endfacet
  facet normal -0.460707 0.067141 -0.885009
    outer loop
      vertex 2.215760 48.304348 3.837810
      vertex 1.872842 48.304348 4.016322
      vertex 1.888931 48.869565 4.050826
    endloop
  endfacet
  facet normal -0.460707 0.067141 -0.885009
    outer loop
      vertex 2.215760 48.304348 3.837810
      vertex 1.888931 48.869565 4.050826
      vertex 2.234796 48.869565 3.870781
    endloop
  endfacet
  facet normal -0.381820 0.067141 -0.921795
    outer loop
      vertex 1.872842 48.304348 4.016322
      vertex 1.515669 48.304348 4.164268
      vertex 1.528691 48.869565 4.200043
    endloop
  endfacet
  facet normal -0.381820 0.067141 -0.921795
    outer loop
      vertex 1.872842 48.304348 4.016322
      vertex 1.528691 48.869565 4.200043
      vertex 1.888931 48.869565 4.050826
    endloop
  endfacet
  facet normal -0.300027 0.067141 -0.951565
    outer loop
      vertex 1.515669 48.304348 4.164268
      vertex 1.146962 48.304348 4.280521
      vertex 1.156816 48.869565 4.317295
    endloop
  endfacet
  facet normal -0.300027 0.067141 -0.951565
    outer loop
      vertex 1.515669 48.304348 4.164268
      vertex 1.156816 48.869565 4.317295
      vertex 1.528691 48.869565 4.200043
    endloop
  endfacet
  facet normal -0.215951 0.067141 -0.974093
    outer loop
      vertex 1.146962 48.304348 4.280521
      vertex 0.769526 48.304348 4.364196
      vertex 0.776137 48.869565 4.401689
    endloop
  endfacet
  facet normal -0.215951 0.067141 -0.974093
    outer loop
      vertex 1.146962 48.304348 4.280521
      vertex 0.776137 48.869565 4.401689
      vertex 1.156816 48.869565 4.317295
    endloop
  endfacet
  facet normal -0.130232 0.067141 -0.989208
    outer loop
      vertex 0.769526 48.304348 4.364196
      vertex 0.386232 48.304348 4.414658
      vertex 0.389551 48.869565 4.452584
    endloop
  endfacet
  facet normal -0.130232 0.067141 -0.989208
    outer loop
      vertex 0.769526 48.304348 4.364196
      vertex 0.389551 48.869565 4.452584
      vertex 0.776137 48.869565 4.401689
    endloop
  endfacet
  facet normal -0.043521 0.067141 -0.996794
    outer loop
      vertex 0.386232 48.304348 4.414658
      vertex 0.000000 48.304348 4.431521
      vertex 0.000000 48.869565 4.469592
    endloop
  endfacet
  facet normal -0.043521 0.067141 -0.996794
    outer loop
      vertex 0.386232 48.304348 4.414658
      vertex 0.000000 48.869565 4.469592
      vertex 0.389551 48.869565 4.452584
    endloop
  endfacet
  facet normal 0.043521 0.067141 -0.996794
    outer loop
      vertex 0.000000 48.304348 4.431521
      vertex -0.386232 48.304348 4.414658
      vertex -0.389551 48.869565 4.452584
    endloop
  endfacet
  facet normal 0.043521 0.067141 -0.996794
    outer loop
      vertex 0.000000 48.304348 4.431521
      vertex -0.389551 48.869565 4.452584
      vertex 0.000000 48.869565 4.469592
    endloop
  endfacet
  facet normal 0.130232 0.067141 -0.989208
    outer loop
      vertex -0.386232 48.304348 4.414658
      vertex -0.769526 48.304348 4.364196
      vertex -0.776137 48.869565 4.401689
    endloop
  endfacet
  facet normal 0.130232 0.067141 -0.989208
    outer loop
      vertex -0.386232 48.304348 4.414658
      vertex -0.776137 48.869565 4.401689
      vertex -0.389551 48.869565 4.452584
    endloop
  endfacet
  facet normal 0.215951 0.067141 -0.974093
    outer loop
      vertex -0.769526 48.304348 4.364196
      vertex -1.146962 48.304348 4.280521
      vertex -1.156816 48.869565 4.317295
    endloop
  endfacet
  facet normal 0.215951 0.067141 -0.974093
    outer loop
      vertex -0.769526 48.304348 4.364196
      vertex -1.156816 48.869565 4.317295
      vertex -0.776137 48.869565 4.401689
    endloop
  endfacet
  facet normal 0.300027 0.067141 -0.951565
    outer loop
      vertex -1.146962 48.304348 4.280521
      vertex -1.515669 48.304348 4.164268
      vertex -1.528691 48.869565 4.200043
    endloop
  endfacet
  facet normal 0.300027 0.067141 -0.951565
    outer loop
      vertex -1.146962 48.304348 4.280521
      vertex -1.528691 48.869565 4.200043
      vertex -1.156816 48.869565 4.317295
    endloop
  endfacet
  facet normal 0.381820 0.067141 -0.921795
    outer loop
      vertex -1.515669 48.304348 4.164268
      vertex -1.872842 48.304348 4.016322
      vertex -1.888931 48.869565 4.050826
    endloop
  endfacet
  facet normal 0.381820 0.067141 -0.921795
    outer loop
      vertex -1.515669 48.304348 4.164268
      vertex -1.888931 48.869565 4.050826
      vertex -1.528691 48.869565 4.200043
    endloop
  endfacet
  facet normal 0.460707 0.067141 -0.885009
    outer loop
      vertex -1.872842 48.304348 4.016322
      vertex -2.215760 48.304348 3.837810
      vertex -2.234796 48.869565 3.870781
    endloop
  endfacet
  facet normal 0.460707 0.067141 -0.885009
    outer loop
      vertex -1.872842 48.304348 4.016322
      vertex -2.234796 48.869565 3.870781
      vertex -1.888931 48.869565 4.050826
    endloop
  endfacet
  facet normal 0.536087 0.067141 -0.841488
    outer loop
      vertex -2.215760 48.304348 3.837810
      vertex -2.541816 48.304348 3.630089
      vertex -2.563653 48.869565 3.661276
    endloop
  endfacet
  facet normal 0.536087 0.067141 -0.841488
    outer loop
      vertex -2.215760 48.304348 3.837810
      vertex -2.563653 48.869565 3.661276
      vertex -2.234796 48.869565 3.870781
    endloop
  endfacet
  facet normal 0.607388 0.067141 -0.791563
    outer loop
      vertex -2.541816 48.304348 3.630089
      vertex -2.848527 48.304348 3.394742
      vertex -2.872999 48.869565 3.423906
    endloop
  endfacet
  facet normal 0.607388 0.067141 -0.791563
    outer loop
      vertex -2.541816 48.304348 3.630089
      vertex -2.872999 48.869565 3.423906
      vertex -2.563653 48.869565 3.661276
    endloop
  endfacet
  facet normal 0.674066 0.067141 -0.735614
    outer loop
      vertex -2.848527 48.304348 3.394742
      vertex -3.133558 48.304348 3.133558
      vertex -3.160479 48.869565 3.160479
    endloop
  endfacet
  facet normal 0.674066 0.067141 -0.735614
    outer loop
      vertex -2.848527 48.304348 3.394742
      vertex -3.160479 48.869565 3.160479
      vertex -2.872999 48.869565 3.423906
    endloop
  endfacet
  facet normal 0.735614 0.067141 -0.674066
    outer loop
      vertex -3.133558 48.304348 3.133558
      vertex -3.394742 48.304348 2.848527
      vertex -3.423906 48.869565 2.872999
    endloop
  endfacet
  facet normal 0.735614 0.067141 -0.674066
    outer loop
      vertex -3.133558 48.304348 3.133558
      vertex -3.423906 48.869565 2.872999
      vertex -3.160479 48.869565 3.160479
    endloop
  endfacet
  facet normal 0.791563 0.067141 -0.607388
    outer loop
      vertex -3.394742 48.304348 2.848527
      vertex -3.630089 48.304348 2.541816
      vertex -3.661276 48.869565 2.563653
    endloop
  endfacet
  facet normal 0.791563 0.067141 -0.607388
    outer loop
      vertex -3.394742 48.304348 2.848527
      vertex -3.661276 48.869565 2.563653
      vertex -3.423906 48.869565 2.872999
    endloop
  endfacet
  facet normal 0.841488 0.067141 -0.536087
    outer loop
      vertex -3.630089 48.304348 2.541816
      vertex -3.837810 48.304348 2.215760
      vertex -3.870781 48.869565 2.234796
    endloop
  endfacet
  facet normal 0.841488 0.067141 -0.536087
    outer loop
      vertex -3.630089 48.304348 2.541816
      vertex -3.870781 48.869565 2.234796
      vertex -3.661276 48.869565 2.563653
    endloop
  endfacet
  facet normal 0.885009 0.067141 -0.460707
    outer loop
      vertex -3.837810 48.304348 2.215760
      vertex -4.016322 48.304348 1.872842
      vertex -4.050826 48.869565 1.888931
    endloop
  endfacet
  facet normal 0.885009 0.067141 -0.460707
    outer loop
      vertex -3.837810 48.304348 2.215760
      vertex -4.050826 48.869565 1.888931
      vertex -3.870781 48.869565 2.234796
    endloop
  endfacet
  facet normal 0.921795 0.067141 -0.381820
    outer loop
      vertex -4.016322 48.304348 1.872842
      vertex -4.164268 48.304348 1.515669
      vertex -4.200043 48.869565 1.528691
    endloop
  endfacet
  facet normal 0.921795 0.067141 -0.381820
    outer loop
      vertex -4.016322 48.304348 1.872842
      vertex -4.200043 48.869565 1.528691
      vertex -4.050826 48.869565 1.888931
    endloop
  endfacet
  facet normal 0.951565 0.067141 -0.300027
    outer loop
      vertex -4.164268 48.304348 1.515669
      vertex -4.280521 48.304348 1.146962
      vertex -4.317295 48.869565 1.156816
    endloop
  endfacet
  facet normal 0.951565 0.067141 -0.300027
    outer loop
      vertex -4.164268 48.304348 1.515669
      vertex -4.317295 48.869565 1.156816
      vertex -4.200043 48.869565 1.528691
    endloop
  endfacet
  facet normal 0.974093 0.067141 -0.215951
    outer loop
      vertex -4.280521 48.304348 1.146962
      vertex -4.364196 48.304348 0.769526
      vertex -4.401689 48.869565 0.776137
    endloop
  endfacet
  facet normal 0.974093 0.067141 -0.215951
    outer loop
      vertex -4.280521 48.304348 1.146962
      vertex -4.401689 48.869565 0.776137
      vertex -4.317295 48.869565 1.156816
    endloop
  endfacet
  facet normal 0.989208 0.067141 -0.130232
    outer loop
      vertex -4.364196 48.304348 0.769526
      vertex -4.414658 48.304348 0.386232
      vertex -4.452584 48.869565 0.389551
    endloop
  endfacet
  facet normal 0.989208 0.067141 -0.130232
    outer loop
      vertex -4.364196 48.304348 0.769526
      vertex -4.452584 48.869565 0.389551
      vertex -4.401689 48.869565 0.776137
    endloop
  endfacet
  facet normal 0.996794 0.067141 -0.043521
    outer loop
      vertex -4.414658 48.304348 0.386232
      vertex -4.431521 48.304348 0.000000
      vertex -4.469592 48.869565 0.000000
    endloop
  endfacet
  facet normal 0.996794 0.067141 -0.043521
    outer loop
      vertex -4.414658 48.304348 0.386232
      vertex -4.469592 48.869565 0.000000
      vertex -4.452584 48.869565 0.389551
    endloop
  endfacet
  facet normal 0.996794 0.067141 0.043521
    outer loop
      vertex -4.431521 48.304348 0.000000
      vertex -4.414658 48.304348 -0.386232
      vertex -4.452584 48.869565 -0.389551
    endloop
  endfacet
  facet normal 0.996794 0.067141 0.043521
    outer loop
      vertex -4.431521 48.304348 0.000000
      vertex -4.452584 48.869565 -0.389551
      vertex -4.469592 48.869565 0.000000
    endloop
  endfacet
  facet normal 0.989208 0.067141 0.130232
    outer loop
      vertex -4.414658 48.304348 -0.386232
      vertex -4.364196 48.304348 -0.769526
      vertex -4.401689 48.869565 -0.776137
    endloop
  endfacet
  facet normal 0.989208 0.067141 0.130232
    outer loop
      vertex -4.414658 48.304348 -0.386232
      vertex -4.401689 48.869565 -0.776137
      vertex -4.452584 48.869565 -0.389551
    endloop
  endfacet
  facet normal 0.974093 0.067141 0.215951
    outer loop
      vertex -4.364196 48.304348 -0.769526
      vertex -4.280521 48.304348 -1.146962
      vertex -4.317295 48.869565 -1.156816
    endloop
  endfacet
  facet normal 0.974093 0.067141 0.215951
    outer loop
      vertex -4.364196 48.304348 -0.769526
      vertex -4.317295 48.869565 -1.156816
      vertex -4.401689 48.869565 -0.776137
    endloop
  endfacet
  facet normal 0.951565 0.067141 0.300027
    outer loop
      vertex -4.280521 48.304348 -1.146962
      vertex -4.164268 48.304348 -1.515669
      vertex -4.200043 48.869565 -1.528691
    endloop
  endfacet
  facet normal 0.951565 0.067141 0.300027
    outer loop
      vertex -4.280521 48.304348 -1.146962
      vertex -4.200043 48.869565 -1.528691
      vertex -4.317295 48.869565 -1.156816
    endloop
  endfacet
  facet normal 0.921795 0.067141 0.381820
    outer loop
      vertex -4.164268 48.304348 -1.515669
      vertex -4.016322 48.304348 -1.872842
      vertex -4.050826 48.869565 -1.888931
    endloop
  endfacet
  facet normal 0.921795 0.067141 0.381820
    outer loop
      vertex -4.164268 48.304348 -1.515669
      vertex -4.050826 48.869565 -1.888931
      vertex -4.200043 48.869565 -1.528691
    endloop
  endfacet
  facet normal 0.885009 0.067141 0.460707
    outer loop
      vertex -4.016322 48.304348 -1.872842
      vertex -3.837810 48.304348 -2.215760
      vertex -3.870781 48.869565 -2.234796
    endloop
  endfacet
  facet normal 0.885009 0.067141 0.460707
    outer loop
      vertex -4.016322 48.304348 -1.872842
      vertex -3.870781 48.869565 -2.234796
      vertex -4.050826 48.869565 -1.888931
    endloop
  endfacet
  facet normal 0.841488 0.067141 0.536087
    outer loop
      vertex -3.837810 48.304348 -2.215760
      vertex -3.630089 48.304348 -2.541816
      vertex -3.661276 48.869565 -2.563653
    endloop
  endfacet
  facet normal 0.841488 0.067141 0.536087
    outer loop
      vertex -3.837810 48.304348 -2.215760
      vertex -3.661276 48.869565 -2.563653
      vertex -3.870781 48.869565 -2.234796
    endloop
  endfacet
  facet normal 0.791563 0.067141 0.607388
    outer loop
      vertex -3.630089 48.304348 -2.541816
      vertex -3.394742 48.304348 -2.848527
      vertex -3.423906 48.869565 -2.872999
    endloop
  endfacet
  facet normal 0.791563 0.067141 0.607388
    outer loop
      vertex -3.630089 48.304348 -2.541816
      vertex -3.423906 48.869565 -2.872999
      vertex -3.661276 48.869565 -2.563653
    endloop
  endfacet
  facet normal 0.735614 0.067141 0.674066
    outer loop
      vertex -3.394742 48.304348 -2.848527
      vertex -3.133558 48.304348 -3.133558
      vertex -3.160479 48.869565 -3.160479
    endloop
  endfacet
  facet normal 0.735614 0.067141 0.674066
    outer loop
      vertex -3.394742 48.304348 -2.848527
      vertex -3.160479 48.869565 -3.160479
      vertex -3.423906 48.869565 -2.872999
    endloop
  endfacet
  facet normal 0.674066 0.067141 0.735614
    outer loop
      vertex -3.133558 48.304348 -3.133558
      vertex -2.848527 48.304348 -3.394742
      vertex -2.872999 48.869565 -3.423906
    endloop
  endfacet
  facet normal 0.674066 0.067141 0.735614
    outer loop
      vertex -3.133558 48.304348 -3.133558
      vertex -2.872999 48.869565 -3.423906
      vertex -3.160479 48.869565 -3.160479
    endloop
  endfacet
  facet normal 0.607388 0.067141 0.791563
    outer loop
      vertex -2.848527 48.304348 -3.394742
      vertex -2.541816 48.304348 -3.630089
      vertex -2.563653 48.869565 -3.661276
    endloop
  endfacet
  facet normal 0.607388 0.067141 0.791563
    outer loop
      vertex -2.848527 48.304348 -3.394742
      vertex -2.563653 48.869565 -3.661276
      vertex -2.872999 48.869565 -3.423906
    endloop
  endfacet
  facet normal 0.536087 0.067141 0.841488
    outer loop
      vertex -2.541816 48.304348 -3.630089
      vertex -2.215760 48.304348 -3.837810
      vertex -2.234796 48.869565 -3.870781
    endloop
  endfacet
  facet normal 0.536087 0.067141 0.841488
    outer loop
      vertex -2.541816 48.304348 -3.630089
      vertex -2.234796 48.869565 -3.870781
      vertex -2.563653 48.869565 -3.661276
    endloop
  endfacet
  facet normal 0.460707 0.067141 0.885009
    outer loop
      vertex -2.215760 48.304348 -3.837810
      vertex -1.872842 48.304348 -4.016322
      vertex -1.888931 48.869565 -4.050826
    endloop
  endfacet
  facet normal 0.460707 0.067141 0.885009
    outer loop
      vertex -2.215760 48.304348 -3.837810
      vertex -1.888931 48.869565 -4.050826
      vertex -2.234796 48.869565 -3.870781
    endloop
  endfacet
  facet normal 0.381820 0.067141 0.921795
    outer loop
      vertex -1.872842 48.304348 -4.016322
      vertex -1.515669 48.304348 -4.164268
      vertex -1.528691 48.869565 -4.200043
    endloop
  endfacet
  facet normal 0.381820 0.067141 0.921795
    outer loop
      vertex -1.872842 48.304348 -4.016322
      vertex -1.528691 48.869565 -4.200043
      vertex -1.888931 48.869565 -4.050826
    endloop
  endfacet
  facet normal 0.300027 0.067141 0.951565
    outer loop
      vertex -1.515669 48.304348 -4.164268
      vertex -1.146962 48.304348 -4.280521
      vertex -1.156816 48.869565 -4.317295
    endloop
  endfacet
  facet normal 0.300027 0.067141 0.951565
    outer loop
      vertex -1.515669 48.304348 -4.164268
      vertex -1.156816 48.869565 -4.317295
      vertex -1.528691 48.869565 -4.200043
    endloop
  endfacet
  facet normal 0.215951 0.067141 0.974093
    outer loop
      vertex -1.146962 48.304348 -4.280521
      vertex -0.769526 48.304348 -4.364196
      vertex -0.776137 48.869565 -4.401689
    endloop
  endfacet
  facet normal 0.215951 0.067141 0.974093
    outer loop
      vertex -1.146962 48.304348 -4.280521
      vertex -0.776137 48.869565 -4.401689
      vertex -1.156816 48.869565 -4.317295
    endloop
  endfacet
  facet normal 0.130232 0.067141 0.989208
    outer loop
      vertex -0.769526 48.304348 -4.364196
      vertex -0.386232 48.304348 -4.414658
      vertex -0.389551 48.869565 -4.452584
    endloop
  endfacet
  facet normal 0.130232 0.067141 0.989208
    outer loop
      vertex -0.769526 48.304348 -4.364196
      vertex -0.389551 48.869565 -4.452584
      vertex -0.776137 48.869565 -4.401689
    endloop
  endfacet
  facet normal 0.043521 0.067141 0.996794
    outer loop
      vertex -0.386232 48.304348 -4.414658
      vertex -0.000000 48.304348 -4.431521
      vertex -0.000000 48.869565 -4.469592
    endloop
  endfacet
  facet normal 0.043521 0.067141 0.996794
    outer loop
      vertex -0.386232 48.304348 -4.414658
      vertex -0.000000 48.869565 -4.469592
      vertex -0.389551 48.869565 -4.452584
    endloop
  endfacet
  facet normal -0.043521 0.067141 0.996794
    outer loop
      vertex -0.000000 48.304348 -4.431521
      vertex 0.386232 48.304348 -4.414658
      vertex 0.389551 48.869565 -4.452584
    endloop
  endfacet
  facet normal -0.043521 0.067141 0.996794
    outer loop
      vertex -0.000000 48.304348 -4.431521
      vertex 0.389551 48.869565 -4.452584
      vertex -0.000000 48.869565 -4.469592
    endloop
  endfacet
  facet normal -0.130232 0.067141 0.989208
    outer loop
      vertex 0.386232 48.304348 -4.414658
      vertex 0.769526 48.304348 -4.364196
      vertex 0.776137 48.869565 -4.401689
    endloop
  endfacet
  facet normal -0.130232 0.067141 0.989208
    outer loop
      vertex 0.386232 48.304348 -4.414658
      vertex 0.776137 48.869565 -4.401689
      vertex 0.389551 48.869565 -4.452584
    endloop
  endfacet
  facet normal -0.215951 0.067141 0.974093
    outer loop
      vertex 0.769526 48.304348 -4.364196
      vertex 1.146962 48.304348 -4.280521
      vertex 1.156816 48.869565 -4.317295
    endloop
  endfacet
  facet normal -0.215951 0.067141 0.974093
    outer loop
      vertex 0.769526 48.304348 -4.364196
      vertex 1.156816 48.869565 -4.317295
      vertex 0.776137 48.869565 -4.401689
    endloop
  endfacet
  facet normal -0.300027 0.067141 0.951565
    outer loop
      vertex 1.146962 48.304348 -4.280521
      vertex 1.515669 48.304348 -4.164268
      vertex 1.528691 48.869565 -4.200043
    endloop
  endfacet
  facet normal -0.300027 0.067141 0.951565
    outer loop
      vertex 1.146962 48.304348 -4.280521
      vertex 1.528691 48.869565 -4.200043
      vertex 1.156816 48.869565 -4.317295
    endloop
  endfacet
  facet normal -0.381820 0.067141 0.921795
    outer loop
      vertex 1.515669 48.304348 -4.164268
      vertex 1.872842 48.304348 -4.016322
      vertex 1.888931 48.869565 -4.050826
    endloop
  endfacet
  facet normal -0.381820 0.067141 0.921795
    outer loop
      vertex 1.515669 48.304348 -4.164268
      vertex 1.888931 48.869565 -4.050826
      vertex 1.528691 48.869565 -4.200043
    endloop
  endfacet
  facet normal -0.460707 0.067141 0.885009
    outer loop
      vertex 1.872842 48.304348 -4.016322
      vertex 2.215760 48.304348 -3.837810
      vertex 2.234796 48.869565 -3.870781
    endloop
  endfacet
  facet normal -0.460707 0.067141 0.885009
    outer loop
      vertex 1.872842 48.304348 -4.016322
      vertex 2.234796 48.869565 -3.870781
      vertex 1.888931 48.869565 -4.050826
    endloop
  endfacet
  facet normal -0.536087 0.067141 0.841488
    outer loop
      vertex 2.215760 48.304348 -3.837810
      vertex 2.541816 48.304348 -3.630089
      vertex 2.563653 48.869565 -3.661276
    endloop
  endfacet
  facet normal -0.536087 0.067141 0.841488
    outer loop
      vertex 2.215760 48.304348 -3.837810
      vertex 2.563653 48.869565 -3.661276
      vertex 2.234796 48.869565 -3.870781
    endloop
  endfacet
  facet normal -0.607388 0.067141 0.791563
    outer loop
      vertex 2.541816 48.304348 -3.630089
      vertex 2.848527 48.304348 -3.394742
      vertex 2.872999 48.869565 -3.423906
    endloop
  endfacet
  facet normal -0.607388 0.067141 0.791563
    outer loop
      vertex 2.541816 48.304348 -3.630089
      vertex 2.872999 48.869565 -3.423906
      vertex 2.563653 48.869565 -3.661276
    endloop
  endfacet
  facet normal -0.674066 0.067141 0.735614
    outer loop
      vertex 2.848527 48.304348 -3.394742
      vertex 3.133558 48.304348 -3.133558
      vertex 3.160479 48.869565 -3.160479
    endloop
  endfacet
  facet normal -0.674066 0.067141 0.735614
    outer loop
      vertex 2.848527 48.304348 -3.394742
      vertex 3.160479 48.869565 -3.160479
      vertex 2.872999 48.869565 -3.423906
    endloop
  endfacet
  facet normal -0.735614 0.067141 0.674066
    outer loop
      vertex 3.133558 48.304348 -3.133558
      vertex 3.394742 48.304348 -2.848527
      vertex 3.423906 48.869565 -2.872999
    endloop
  endfacet
  facet normal -0.735614 0.067141 0.674066
    outer loop
      vertex 3.133558 48.304348 -3.133558
      vertex 3.423906 48.869565 -2.872999
      vertex 3.160479 48.869565 -3.160479
    endloop
  endfacet
  facet normal -0.791563 0.067141 0.607388
    outer loop
      vertex 3.394742 48.304348 -2.848527
      vertex 3.630089 48.304348 -2.541816
      vertex 3.661276 48.869565 -2.563653
    endloop
  endfacet
  facet normal -0.791563 0.067141 0.607388
    outer loop
      vertex 3.394742 48.304348 -2.848527
      vertex 3.661276 48.869565 -2.563653
      vertex 3.423906 48.869565 -2.872999
    endloop
  endfacet
  facet normal -0.841488 0.067141 0.536087
    outer loop
      vertex 3.630089 48.304348 -2.541816
      vertex 3.837810 48.304348 -2.215760
      vertex 3.870781 48.869565 -2.234796
    endloop
  endfacet
  facet normal -0.841488 0.067141 0.536087
    outer loop
      vertex 3.630089 48.304348 -2.541816
      vertex 3.870781 48.869565 -2.234796
      vertex 3.661276 48.869565 -2.563653
    endloop
  endfacet
  facet normal -0.885009 0.067141 0.460707
    outer loop
      vertex 3.837810 48.304348 -2.215760
      vertex 4.016322 48.304348 -1.872842
      vertex 4.050826 48.869565 -1.888931
    endloop
  endfacet
  facet normal -0.885009 0.067141 0.460707
    outer loop
      vertex 3.837810 48.304348 -2.215760
      vertex 4.050826 48.869565 -1.888931
      vertex 3.870781 48.869565 -2.234796
    endloop
  endfacet
  facet normal -0.921795 0.067141 0.381820
    outer loop
      vertex 4.016322 48.304348 -1.872842
      vertex 4.164268 48.304348 -1.515669
      vertex 4.200043 48.869565 -1.528691
    endloop
  endfacet
  facet normal -0.921795 0.067141 0.381820
    outer loop
      vertex 4.016322 48.304348 -1.872842
      vertex 4.200043 48.869565 -1.528691
      vertex 4.050826 48.869565 -1.888931
    endloop
  endfacet
  facet normal -0.951565 0.067141 0.300027
    outer loop
      vertex 4.164268 48.304348 -1.515669
      vertex 4.280521 48.304348 -1.146962
      vertex 4.317295 48.869565 -1.156816
    endloop
  endfacet
  facet normal -0.951565 0.067141 0.300027
    outer loop
      vertex 4.164268 48.304348 -1.515669
      vertex 4.317295 48.869565 -1.156816
      vertex 4.200043 48.869565 -1.528691
    endloop
  endfacet
  facet normal -0.974093 0.067141 0.215951
    outer loop
      vertex 4.280521 48.304348 -1.146962
      vertex 4.364196 48.304348 -0.769526
      vertex 4.401689 48.869565 -0.776137
    endloop
  endfacet
  facet normal -0.974093 0.067141 0.215951
    outer loop
      vertex 4.280521 48.304348 -1.146962
      vertex 4.401689 48.869565 -0.776137
      vertex 4.317295 48.869565 -1.156816
    endloop
  endfacet
  facet normal -0.989208 0.067141 0.130232
    outer loop
      vertex 4.364196 48.304348 -0.769526
      vertex 4.414658 48.304348 -0.386232
      vertex 4.452584 48.869565 -0.389551
    endloop
  endfacet
  facet normal -0.989208 0.067141 0.130232
    outer loop
      vertex 4.364196 48.304348 -0.769526
      vertex 4.452584 48.869565 -0.389551
      vertex 4.401689 48.869565 -0.776137
    endloop
  endfacet
  facet normal -0.996794 0.067141 0.043521
    outer loop
      vertex 4.414658 48.304348 -0.386232
      vertex 4.431521 48.304348 0.000000
      vertex 4.469592 48.869565 0.000000
    endloop
  endfacet
  facet normal -0.996794 0.067141 0.043521
    outer loop
      vertex 4.414658 48.304348 -0.386232
      vertex 4.469592 48.869565 0.000000
      vertex 4.452584 48.869565 -0.389551
    endloop
  endfacet
  facet normal -0.998237 0.040285 -0.043584
    outer loop
      vertex 4.469592 48.869565 0.000000
      vertex 4.452584 48.869565 0.389551
      vertex 4.475307 49.434783 0.391539
    endloop
  endfacet
  facet normal -0.998237 0.040285 -0.043584
    outer loop
      vertex 4.469592 48.869565 0.000000
      vertex 4.475307 49.434783 0.391539
      vertex 4.492402 49.434783 0.000000
    endloop
  endfacet
  facet normal -0.990640 0.040285 -0.130420
    outer loop
      vertex 4.452584 48.869565 0.389551
      vertex 4.401689 48.869565 0.776137
      vertex 4.424153 49.434783 0.780097
    endloop
  endfacet
  facet normal -0.990640 0.040285 -0.130420
    outer loop
      vertex 4.452584 48.869565 0.389551
      vertex 4.424153 49.434783 0.780097
      vertex 4.475307 49.434783 0.391539
    endloop
  endfacet
  facet normal -0.975503 0.040285 -0.216264
    outer loop
      vertex 4.401689 48.869565 0.776137
      vertex 4.317295 48.869565 1.156816
      vertex 4.339327 49.434783 1.162719
    endloop
  endfacet
  facet normal -0.975503 0.040285 -0.216264
    outer loop
      vertex 4.401689 48.869565 0.776137
      vertex 4.339327 49.434783 1.162719
      vertex 4.424153 49.434783 0.780097
    endloop
  endfacet
  facet normal -0.952943 0.040285 -0.300462
    outer loop
      vertex 4.317295 48.869565 1.156816
      vertex 4.200043 48.869565 1.528691
      vertex 4.221477 49.434783 1.536492
    endloop
  endfacet
  facet normal -0.952943 0.040285 -0.300462
    outer loop
      vertex 4.317295 48.869565 1.156816
      vertex 4.221477 49.434783 1.536492
      vertex 4.339327 49.434783 1.162719
    endloop
  endfacet
  facet normal -0.923130 0.040285 -0.382373
    outer loop
      vertex 4.200043 48.869565 1.528691
      vertex 4.050826 48.869565 1.888931
      vertex 4.071499 49.434783 1.898571
    endloop
  endfacet
  facet normal -0.923130 0.040285 -0.382373
    outer loop
      vertex 4.200043 48.869565 1.528691
      vertex 4.071499 49.434783 1.898571
      vertex 4.221477 49.434783 1.536492
    endloop
  endfacet
  facet normal -0.886291 0.040285 -0.461374
    outer loop
      vertex 4.050826 48.869565 1.888931
      vertex 3.870781 48.869565 2.234796
      vertex 3.890534 49.434783 2.246201
    endloop
  endfacet
  facet normal -0.886291 0.040285 -0.461374
    outer loop
      vertex 4.050826 48.869565 1.888931
      vertex 3.890534 49.434783 2.246201
      vertex 4.071499 49.434783 1.898571
    endloop
  endfacet
  facet normal -0.842707 0.040285 -0.536863
    outer loop
      vertex 3.870781 48.869565 2.234796
      vertex 3.661276 48.869565 2.563653
      vertex 3.679960 49.434783 2.576736
    endloop
  endfacet
  facet normal -0.842707 0.040285 -0.536863
    outer loop
      vertex 3.870781 48.869565 2.234796
      vertex 3.679960 49.434783 2.576736
      vertex 3.890534 49.434783 2.246201
    endloop
  endfacet
  facet normal -0.792709 0.040285 -0.608267
    outer loop
      vertex 3.661276 48.869565 2.563653
      vertex 3.423906 48.869565 2.872999
      vertex 3.441380 49.434783 2.887660
    endloop
  endfacet
  facet normal -0.792709 0.040285 -0.608267
    outer loop
      vertex 3.661276 48.869565 2.563653
      vertex 3.441380 49.434783 2.887660
      vertex 3.679960 49.434783 2.576736
    endloop
  endfacet
  facet normal -0.736679 0.040285 -0.675042
    outer loop
      vertex 3.423906 48.869565 2.872999
      vertex 3.160479 48.869565 3.160479
      vertex 3.176608 49.434783 3.176608
    endloop
  endfacet
  facet normal -0.736679 0.040285 -0.675042
    outer loop
      vertex 3.423906 48.869565 2.872999
      vertex 3.176608 49.434783 3.176608
      vertex 3.441380 49.434783 2.887660
    endloop
  endfacet
  facet normal -0.675042 0.040285 -0.736679
    outer loop
      vertex 3.160479 48.869565 3.160479
      vertex 2.872999 48.869565 3.423906
      vertex 2.887660 49.434783 3.441380
    endloop
  endfacet
  facet normal -0.675042 0.040285 -0.736679
    outer loop
      vertex 3.160479 48.869565 3.160479
      vertex 2.887660 49.434783 3.441380
      vertex 3.176608 49.434783 3.176608
    endloop
  endfacet
  facet normal -0.608267 0.040285 -0.792709
    outer loop
      vertex 2.872999 48.869565 3.423906
      vertex 2.563653 48.869565 3.661276
      vertex 2.576736 49.434783 3.679960
    endloop
  endfacet
  facet normal -0.608267 0.040285 -0.792709
    outer loop
      vertex 2.872999 48.869565 3.423906
      vertex 2.576736 49.434783 3.679960
      vertex 2.887660 49.434783 3.441380
    endloop
  endfacet
  facet normal -0.536863 0.040285 -0.842707
    outer loop
      vertex 2.563653 48.869565 3.661276
      vertex 2.234796 48.869565 3.870781
      vertex 2.246201 49.434783 3.890534
    endloop
  endfacet
  facet normal -0.536863 0.040285 -0.842707
    outer loop
      vertex 2.563653 48.869565 3.661276
      vertex 2.246201 49.434783 3.890534
      vertex 2.576736 49.434783 3.679960
    endloop
  endfacet
  facet normal -0.461374 0.040285 -0.886291
    outer loop
      vertex 2.234796 48.869565 3.870781
      vertex 1.888931 48.869565 4.050826
      vertex 1.898571 49.434783 4.071499
    endloop
  endfacet
  facet normal -0.461374 0.040285 -0.886291
    outer loop
      vertex 2.234796 48.869565 3.870781
      vertex 1.898571 49.434783 4.071499
      vertex 2.246201 49.434783 3.890534
    endloop
  endfacet
  facet normal -0.382373 0.040285 -0.923130
    outer loop
      vertex 1.888931 48.869565 4.050826
      vertex 1.528691 48.869565 4.200043
      vertex 1.536492 49.434783 4.221477
    endloop
  endfacet
  facet normal -0.382373 0.040285 -0.923130
    outer loop
      vertex 1.888931 48.869565 4.050826
      vertex 1.536492 49.434783 4.221477
      vertex 1.898571 49.434783 4.071499
    endloop
  endfacet
  facet normal -0.300462 0.040285 -0.952943
    outer loop
      vertex 1.528691 48.869565 4.200043
      vertex 1.156816 48.869565 4.317295
      vertex 1.162719 49.434783 4.339327
    endloop
  endfacet
  facet normal -0.300462 0.040285 -0.952943
    outer loop
      vertex 1.528691 48.869565 4.200043
      vertex 1.162719 49.434783 4.339327
      vertex 1.536492 49.434783 4.221477
    endloop
  endfacet
  facet normal -0.216264 0.040285 -0.975503
    outer loop
      vertex 1.156816 48.869565 4.317295
      vertex 0.776137 48.869565 4.401689
      vertex 0.780097 49.434783 4.424153
    endloop
  endfacet
  facet normal -0.216264 0.040285 -0.975503
    outer loop
      vertex 1.156816 48.869565 4.317295
      vertex 0.780097 49.434783 4.424153
      vertex 1.162719 49.434783 4.339327
    endloop
  endfacet
  facet normal -0.130420 0.040285 -0.990640
    outer loop
      vertex 0.776137 48.869565 4.401689
      vertex 0.389551 48.869565 4.452584
      vertex 0.391539 49.434783 4.475307
    endloop
  endfacet
  facet normal -0.130420 0.040285 -0.990640
    outer loop
      vertex 0.776137 48.869565 4.401689
      vertex 0.391539 49.434783 4.475307
      vertex 0.780097 49.434783 4.424153
    endloop
  endfacet
  facet normal -0.043584 0.040285 -0.998237
    outer loop
      vertex 0.389551 48.869565 4.452584
      vertex 0.000000 48.869565 4.469592
      vertex 0.000000 49.434783 4.492402
    endloop
  endfacet
  facet normal -0.043584 0.040285 -0.998237
    outer loop
      vertex 0.389551 48.869565 4.452584
      vertex 0.000000 49.434783 4.492402
      vertex 0.391539 49.434783 4.475307
    endloop
  endfacet
  facet normal 0.043584 0.040285 -0.998237
    outer loop
      vertex 0.000000 48.869565 4.469592
      vertex -0.389551 48.869565 4.452584
      vertex -0.391539 49.434783 4.475307
    endloop
  endfacet
  facet normal 0.043584 0.040285 -0.998237
    outer loop
      vertex 0.000000 48.869565 4.469592
      vertex -0.391539 49.434783 4.475307
      vertex 0.000000 49.434783 4.492402
    endloop
  endfacet
  facet normal 0.130420 0.040285 -0.990640
    outer loop
      vertex -0.389551 48.869565 4.452584
      vertex -0.776137 48.869565 4.401689
      vertex -0.780097 49.434783 4.424153
    endloop
  endfacet
  facet normal 0.130420 0.040285 -0.990640
    outer loop
      vertex -0.389551 48.869565 4.452584
      vertex -0.780097 49.434783 4.424153
      vertex -0.391539 49.434783 4.475307
    endloop
  endfacet
  facet normal 0.216264 0.040285 -0.975503
    outer loop
      vertex -0.776137 48.869565 4.401689
      vertex -1.156816 48.869565 4.317295
      vertex -1.162719 49.434783 4.339327
    endloop
  endfacet
  facet normal 0.216264 0.040285 -0.975503
    outer loop
      vertex -0.776137 48.869565 4.401689
      vertex -1.162719 49.434783 4.339327
      vertex -0.780097 49.434783 4.424153
    endloop
  endfacet
  facet normal 0.300462 0.040285 -0.952943
    outer loop
      vertex -1.156816 48.869565 4.317295
      vertex -1.528691 48.869565 4.200043
      vertex -1.536492 49.434783 4.221477
    endloop
  endfacet
  facet normal 0.300462 0.040285 -0.952943
    outer loop
      vertex -1.156816 48.869565 4.317295
      vertex -1.536492 49.434783 4.221477
      vertex -1.162719 49.434783 4.339327
    endloop
  endfacet
  facet normal 0.382373 0.040285 -0.923130
    outer loop
      vertex -1.528691 48.869565 4.200043
      vertex -1.888931 48.869565 4.050826
      vertex -1.898571 49.434783 4.071499
    endloop
  endfacet
  facet normal 0.382373 0.040285 -0.923130
    outer loop
      vertex -1.528691 48.869565 4.200043
      vertex -1.898571 49.434783 4.071499
      vertex -1.536492 49.434783 4.221477
    endloop
  endfacet
  facet normal 0.461374 0.040285 -0.886291
    outer loop
      vertex -1.888931 48.869565 4.050826
      vertex -2.234796 48.869565 3.870781
      vertex -2.246201 49.434783 3.890534
    endloop
  endfacet
  facet normal 0.461374 0.040285 -0.886291
    outer loop
      vertex -1.888931 48.869565 4.050826
      vertex -2.246201 49.434783 3.890534
      vertex -1.898571 49.434783 4.071499
    endloop
  endfacet
  facet normal 0.536863 0.040285 -0.842707
    outer loop
      vertex -2.234796 48.869565 3.870781
      vertex -2.563653 48.869565 3.661276
      vertex -2.576736 49.434783 3.679960
    endloop
  endfacet
  facet normal 0.536863 0.040285 -0.842707
    outer loop
      vertex -2.234796 48.869565 3.870781
      vertex -2.576736 49.434783 3.679960
      vertex -2.246201 49.434783 3.890534
    endloop
  endfacet
  facet normal 0.608267 0.040285 -0.792709
    outer loop
      vertex -2.563653 48.869565 3.661276
      vertex -2.872999 48.869565 3.423906
      vertex -2.887660 49.434783 3.441380
    endloop
  endfacet
  facet normal 0.608267 0.040285 -0.792709
    outer loop
      vertex -2.563653 48.869565 3.661276
      vertex -2.887660 49.434783 3.441380
      vertex -2.576736 49.434783 3.679960
    endloop
  endfacet
  facet normal 0.675042 0.040285 -0.736679
    outer loop
      vertex -2.872999 48.869565 3.423906
      vertex -3.160479 48.869565 3.160479
      vertex -3.176608 49.434783 3.176608
    endloop
  endfacet
  facet normal 0.675042 0.040285 -0.736679
    outer loop
      vertex -2.872999 48.869565 3.423906
      vertex -3.176608 49.434783 3.176608
      vertex -2.887660 49.434783 3.441380
    endloop
  endfacet
  facet normal 0.736679 0.040285 -0.675042
    outer loop
      vertex -3.160479 48.869565 3.160479
      vertex -3.423906 48.869565 2.872999
      vertex -3.441380 49.434783 2.887660
    endloop
  endfacet
  facet normal 0.736679 0.040285 -0.675042
    outer loop
      vertex -3.160479 48.869565 3.160479
      vertex -3.441380 49.434783 2.887660
      vertex -3.176608 49.434783 3.176608
    endloop
  endfacet
  facet normal 0.792709 0.040285 -0.608267
    outer loop
      vertex -3.423906 48.869565 2.872999
      vertex -3.661276 48.869565 2.563653
      vertex -3.679960 49.434783 2.576736
    endloop
  endfacet
  facet normal 0.792709 0.040285 -0.608267
    outer loop
      vertex -3.423906 48.869565 2.872999
      vertex -3.679960 49.434783 2.576736
      vertex -3.441380 49.434783 2.887660
    endloop
  endfacet
  facet normal 0.842707 0.040285 -0.536863
    outer loop
      vertex -3.661276 48.869565 2.563653
      vertex -3.870781 48.869565 2.234796
      vertex -3.890534 49.434783 2.246201
    endloop
  endfacet
  facet normal 0.842707 0.040285 -0.536863
    outer loop
      vertex -3.661276 48.869565 2.563653
      vertex -3.890534 49.434783 2.246201
      vertex -3.679960 49.434783 2.576736
    endloop
  endfacet
  facet normal 0.886291 0.040285 -0.461374
    outer loop
      vertex -3.870781 48.869565 2.234796
      vertex -4.050826 48.869565 1.888931
      vertex -4.071499 49.434783 1.898571
    endloop
  endfacet
  facet normal 0.886291 0.040285 -0.461374
    outer loop
      vertex -3.870781 48.869565 2.234796
      vertex -4.071499 49.434783 1.898571
      vertex -3.890534 49.434783 2.246201
    endloop
  endfacet
  facet normal 0.923130 0.040285 -0.382373
    outer loop
      vertex -4.050826 48.869565 1.888931
      vertex -4.200043 48.869565 1.528691
      vertex -4.221477 49.434783 1.536492
    endloop
  endfacet
  facet normal 0.923130 0.040285 -0.382373
    outer loop
      vertex -4.050826 48.869565 1.888931
      vertex -4.221477 49.434783 1.536492
      vertex -4.071499 49.434783 1.898571
    endloop
  endfacet
  facet normal 0.952943 0.040285 -0.300462
    outer loop
      vertex -4.200043 48.869565 1.528691
      vertex -4.317295 48.869565 1.156816
      vertex -4.339327 49.434783 1.162719
    endloop
  endfacet
  facet normal 0.952943 0.040285 -0.300462
    outer loop
      vertex -4.200043 48.869565 1.528691
      vertex -4.339327 49.434783 1.162719
      vertex -4.221477 49.434783 1.536492
    endloop
  endfacet
  facet normal 0.975503 0.040285 -0.216264
    outer loop
      vertex -4.317295 48.869565 1.156816
      vertex -4.401689 48.869565 0.776137
      vertex -4.424153 49.434783 0.780097
    endloop
  endfacet
  facet normal 0.975503 0.040285 -0.216264
    outer loop
      vertex -4.317295 48.869565 1.156816
      vertex -4.424153 49.434783 0.780097
      vertex -4.339327 49.434783 1.162719
    endloop
  endfacet
  facet normal 0.990640 0.040285 -0.130420
    outer loop
      vertex -4.401689 48.869565 0.776137
      vertex -4.452584 48.869565 0.389551
      vertex -4.475307 49.434783 0.391539
    endloop
  endfacet
  facet normal 0.990640 0.040285 -0.130420
    outer loop
      vertex -4.401689 48.869565 0.776137
      vertex -4.475307 49.434783 0.391539
      vertex -4.424153 49.434783 0.780097
    endloop
  endfacet
  facet normal 0.998237 0.040285 -0.043584
    outer loop
      vertex -4.452584 48.869565 0.389551
      vertex -4.469592 48.869565 0.000000
      vertex -4.492402 49.434783 0.000000
    endloop
  endfacet
  facet normal 0.998237 0.040285 -0.043584
    outer loop
      vertex -4.452584 48.869565 0.389551
      vertex -4.492402 49.434783 0.000000
      vertex -4.475307 49.434783 0.391539
    endloop
  endfacet
  facet normal 0.998237 0.040285 0.043584
    outer loop
      vertex -4.469592 48.869565 0.000000
      vertex -4.452584 48.869565 -0.389551
      vertex -4.475307 49.434783 -0.391539
    endloop
  endfacet
  facet normal 0.998237 0.040285 0.043584
    outer loop
      vertex -4.469592 48.869565 0.000000
      vertex -4.475307 49.434783 -0.391539
      vertex -4.492402 49.434783 0.000000
    endloop
  endfacet
  facet normal 0.990640 0.040285 0.130420
    outer loop
      vertex -4.452584 48.869565 -0.389551
      vertex -4.401689 48.869565 -0.776137
      vertex -4.424153 49.434783 -0.780097
    endloop
  endfacet
  facet normal 0.990640 0.040285 0.130420
    outer loop
      vertex -4.452584 48.869565 -0.389551
      vertex -4.424153 49.434783 -0.780097
      vertex -4.475307 49.434783 -0.391539
    endloop
  endfacet
  facet normal 0.975503 0.040285 0.216264
    outer loop
      vertex -4.401689 48.869565 -0.776137
      vertex -4.317295 48.869565 -1.156816
      vertex -4.339327 49.434783 -1.162719
    endloop
  endfacet
  facet normal 0.975503 0.040285 0.216264
    outer loop
      vertex -4.401689 48.869565 -0.776137
      vertex -4.339327 49.434783 -1.162719
      vertex -4.424153 49.434783 -0.780097
    endloop
  endfacet
  facet normal 0.952943 0.040285 0.300462
    outer loop
      vertex -4.317295 48.869565 -1.156816
      vertex -4.200043 48.869565 -1.528691
      vertex -4.221477 49.434783 -1.536492
    endloop
  endfacet
  facet normal 0.952943 0.040285 0.300462
    outer loop
      vertex -4.317295 48.869565 -1.156816
      vertex -4.221477 49.434783 -1.536492
      vertex -4.339327 49.434783 -1.162719
    endloop
  endfacet
  facet normal 0.923130 0.040285 0.382373
    outer loop
      vertex -4.200043 48.869565 -1.528691
      vertex -4.050826 48.869565 -1.888931
      vertex -4.071499 49.434783 -1.898571
    endloop
  endfacet
  facet normal 0.923130 0.040285 0.382373
    outer loop
      vertex -4.200043 48.869565 -1.528691
      vertex -4.071499 49.434783 -1.898571
      vertex -4.221477 49.434783 -1.536492
    endloop
  endfacet
  facet normal 0.886291 0.040285 0.461374
    outer loop
      vertex -4.050826 48.869565 -1.888931
      vertex -3.870781 48.869565 -2.234796
      vertex -3.890534 49.434783 -2.246201
    endloop
  endfacet
  facet normal 0.886291 0.040285 0.461374
    outer loop
      vertex -4.050826 48.869565 -1.888931
      vertex -3.890534 49.434783 -2.246201
      vertex -4.071499 49.434783 -1.898571
    endloop
  endfacet
  facet normal 0.842707 0.040285 0.536863
    outer loop
      vertex -3.870781 48.869565 -2.234796
      vertex -3.661276 48.869565 -2.563653
      vertex -3.679960 49.434783 -2.576736
    endloop
  endfacet
  facet normal 0.842707 0.040285 0.536863
    outer loop
      vertex -3.870781 48.869565 -2.234796
      vertex -3.679960 49.434783 -2.576736
      vertex -3.890534 49.434783 -2.246201
    endloop
  endfacet
  facet normal 0.792709 0.040285 0.608267
    outer loop
      vertex -3.661276 48.869565 -2.563653
      vertex -3.423906 48.869565 -2.872999
      vertex -3.441380 49.434783 -2.887660
    endloop
  endfacet
  facet normal 0.792709 0.040285 0.608267
    outer loop
      vertex -3.661276 48.869565 -2.563653
      vertex -3.441380 49.434783 -2.887660
      vertex -3.679960 49.434783 -2.576736
    endloop
  endfacet
  facet normal 0.736679 0.040285 0.675042
    outer loop
      vertex -3.423906 48.869565 -2.872999
      vertex -3.160479 48.869565 -3.160479
      vertex -3.176608 49.434783 -3.176608
    endloop
  endfacet
  facet normal 0.736679 0.040285 0.675042
    outer loop
      vertex -3.423906 48.869565 -2.872999
      vertex -3.176608 49.434783 -3.176608
      vertex -3.441380 49.434783 -2.887660
    endloop
  endfacet
  facet normal 0.675042 0.040285 0.736679
    outer loop
      vertex -3.160479 48.869565 -3.160479
      vertex -2.872999 48.869565 -3.423906
      vertex -2.887660 49.434783 -3.441380
    endloop
  endfacet
  facet normal 0.675042 0.040285 0.736679
    outer loop
      vertex -3.160479 48.869565 -3.160479
      vertex -2.887660 49.434783 -3.441380
      vertex -3.176608 49.434783 -3.176608
    endloop
  endfacet
  facet normal 0.608267 0.040285 0.792709
    outer loop
      vertex -2.872999 48.869565 -3.423906
      vertex -2.563653 48.869565 -3.661276
      vertex -2.576736 49.434783 -3.679960
    endloop
  endfacet
  facet normal 0.608267 0.040285 0.792709
    outer loop
      vertex -2.872999 48.869565 -3.423906
      vertex -2.576736 49.434783 -3.679960
      vertex -2.887660 49.434783 -3.441380
    endloop
  endfacet
  facet normal 0.536863 0.040285 0.842707
    outer loop
      vertex -2.563653 48.869565 -3.661276
      vertex -2.234796 48.869565 -3.870781
      vertex -2.246201 49.434783 -3.890534
    endloop
  endfacet
  facet normal 0.536863 0.040285 0.842707
    outer loop
      vertex -2.563653 48.869565 -3.661276
      vertex -2.246201 49.434783 -3.890534
      vertex -2.576736 49.434783 -3.679960
    endloop
  endfacet
  facet normal 0.461374 0.040285 0.886291
    outer loop
      vertex -2.234796 48.869565 -3.870781
      vertex -1.888931 48.869565 -4.050826
      vertex -1.898571 49.434783 -4.071499
    endloop
  endfacet
  facet normal 0.461374 0.040285 0.886291
    outer loop
      vertex -2.234796 48.869565 -3.870781
      vertex -1.898571 49.434783 -4.071499
      vertex -2.246201 49.434783 -3.890534
    endloop
  endfacet
  facet normal 0.382373 0.040285 0.923130
    outer loop
      vertex -1.888931 48.869565 -4.050826
      vertex -1.528691 48.869565 -4.200043
      vertex -1.536492 49.434783 -4.221477
    endloop
  endfacet
  facet normal 0.382373 0.040285 0.923130
    outer loop
      vertex -1.888931 48.869565 -4.050826
      vertex -1.536492 49.434783 -4.221477
      vertex -1.898571 49.434783 -4.071499
    endloop
  endfacet
  facet normal 0.300462 0.040285 0.952943
    outer loop
      vertex -1.528691 48.869565 -4.200043
      vertex -1.156816 48.869565 -4.317295
      vertex -1.162719 49.434783 -4.339327
    endloop
  endfacet
  facet normal 0.300462 0.040285 0.952943
    outer loop
      vertex -1.528691 48.869565 -4.200043
      vertex -1.162719 49.434783 -4.339327
      vertex -1.536492 49.434783 -4.221477
    endloop
  endfacet
  facet normal 0.216264 0.040285 0.975503
    outer loop
      vertex -1.156816 48.869565 -4.317295
      vertex -0.776137 48.869565 -4.401689
      vertex -0.780097 49.434783 -4.424153
    endloop
  endfacet
  facet normal 0.216264 0.040285 0.975503
    outer loop
      vertex -1.156816 48.869565 -4.317295
      vertex -0.780097 49.434783 -4.424153
      vertex -1.162719 49.434783 -4.339327
    endloop
  endfacet
  facet normal 0.130420 0.040285 0.990640
    outer loop
      vertex -0.776137 48.869565 -4.401689
      vertex -0.389551 48.869565 -4.452584
      vertex -0.391539 49.434783 -4.475307
    endloop
  endfacet
  facet normal 0.130420 0.040285 0.990640
    outer loop
      vertex -0.776137 48.869565 -4.401689
      vertex -0.391539 49.434783 -4.475307
      vertex -0.780097 49.434783 -4.424153
    endloop
  endfacet
  facet normal 0.043584 0.040285 0.998237
    outer loop
      vertex -0.389551 48.869565 -4.452584
      vertex -0.000000 48.869565 -4.469592
      vertex -0.000000 49.434783 -4.492402
    endloop
  endfacet
  facet normal 0.043584 0.040285 0.998237
    outer loop
      vertex -0.389551 48.869565 -4.452584
      vertex -0.000000 49.434783 -4.492402
      vertex -0.391539 49.434783 -4.475307
    endloop
  endfacet
  facet normal -0.043584 0.040285 0.998237
    outer loop
      vertex -0.000000 48.869565 -4.469592
      vertex 0.389551 48.869565 -4.452584
      vertex 0.391539 49.434783 -4.475307
    endloop
  endfacet
  facet normal -0.043584 0.040285 0.998237
    outer loop
      vertex -0.000000 48.869565 -4.469592
      vertex 0.391539 49.434783 -4.475307
      vertex -0.000000 49.434783 -4.492402
    endloop
  endfacet
  facet normal -0.130420 0.040285 0.990640
    outer loop
      vertex 0.389551 48.869565 -4.452584
      vertex 0.776137 48.869565 -4.401689
      vertex 0.780097 49.434783 -4.424153
    endloop
  endfacet
  facet normal -0.130420 0.040285 0.990640
    outer loop
      vertex 0.389551 48.869565 -4.452584
      vertex 0.780097 49.434783 -4.424153
      vertex 0.391539 49.434783 -4.475307
    endloop
  endfacet
  facet normal -0.216264 0.040285 0.975503
    outer loop
      vertex 0.776137 48.869565 -4.401689
      vertex 1.156816 48.869565 -4.317295
      vertex 1.162719 49.434783 -4.339327
    endloop
  endfacet
  facet normal -0.216264 0.040285 0.975503
    outer loop
      vertex 0.776137 48.869565 -4.401689
      vertex 1.162719 49.434783 -4.339327
      vertex 0.780097 49.434783 -4.424153
    endloop
  endfacet
  facet normal -0.300462 0.040285 0.952943
    outer loop
      vertex 1.156816 48.869565 -4.317295
      vertex 1.528691 48.869565 -4.200043
      vertex 1.536492 49.434783 -4.221477
    endloop
  endfacet
  facet normal -0.300462 0.040285 0.952943
    outer loop
      vertex 1.156816 48.869565 -4.317295
      vertex 1.536492 49.434783 -4.221477
      vertex 1.162719 49.434783 -4.339327
    endloop
  endfacet
  facet normal -0.382373 0.040285 0.923130
    outer loop
      vertex 1.528691 48.869565 -4.200043
      vertex 1.888931 48.869565 -4.050826
      vertex 1.898571 49.434783 -4.071499
    endloop
  endfacet
  facet normal -0.382373 0.040285 0.923130
    outer loop
      vertex 1.528691 48.869565 -4.200043
      vertex 1.898571 49.434783 -4.071499
      vertex 1.536492 49.434783 -4.221477
    endloop
  endfacet
  facet normal -0.461374 0.040285 0.886291
    outer loop
      vertex 1.888931 48.869565 -4.050826
      vertex 2.234796 48.869565 -3.870781
      vertex 2.246201 49.434783 -3.890534
    endloop
  endfacet
  facet normal -0.461374 0.040285 0.886291
    outer loop
      vertex 1.888931 48.869565 -4.050826
      vertex 2.246201 49.434783 -3.890534
      vertex 1.898571 49.434783 -4.071499
    endloop
  endfacet
  facet normal -0.536863 0.040285 0.842707
    outer loop
      vertex 2.234796 48.869565 -3.870781
      vertex 2.563653 48.869565 -3.661276
      vertex 2.576736 49.434783 -3.679960
    endloop
  endfacet
  facet normal -0.536863 0.040285 0.842707
    outer loop
      vertex 2.234796 48.869565 -3.870781
      vertex 2.576736 49.434783 -3.679960
      vertex 2.246201 49.434783 -3.890534
    endloop
  endfacet
  facet normal -0.608267 0.040285 0.792709
    outer loop
      vertex 2.563653 48.869565 -3.661276
      vertex 2.872999 48.869565 -3.423906
      vertex 2.887660 49.434783 -3.441380
    endloop
  endfacet
  facet normal -0.608267 0.040285 0.792709
    outer loop
      vertex 2.563653 48.869565 -3.661276
      vertex 2.887660 49.434783 -3.441380
      vertex 2.576736 49.434783 -3.679960
    endloop
  endfacet
  facet normal -0.675042 0.040285 0.736679
    outer loop
      vertex 2.872999 48.869565 -3.423906
      vertex 3.160479 48.869565 -3.160479
      vertex 3.176608 49.434783 -3.176608
    endloop
  endfacet
  facet normal -0.675042 0.040285 0.736679
    outer loop
      vertex 2.872999 48.869565 -3.423906
      vertex 3.176608 49.434783 -3.176608
      vertex 2.887660 49.434783 -3.441380
    endloop
  endfacet
  facet normal -0.736679 0.040285 0.675042
    outer loop
      vertex 3.160479 48.869565 -3.160479
      vertex 3.423906 48.869565 -2.872999
      vertex 3.441380 49.434783 -2.887660
    endloop
  endfacet
  facet normal -0.736679 0.040285 0.675042
    outer loop
      vertex 3.160479 48.869565 -3.160479
      vertex 3.441380 49.434783 -2.887660
      vertex 3.176608 49.434783 -3.176608
    endloop
  endfacet
  facet normal -0.792709 0.040285 0.608267
    outer loop
      vertex 3.423906 48.869565 -2.872999
      vertex 3.661276 48.869565 -2.563653
      vertex 3.679960 49.434783 -2.576736
    endloop
  endfacet
  facet normal -0.792709 0.040285 0.608267
    outer loop
      vertex 3.423906 48.869565 -2.872999
      vertex 3.679960 49.434783 -2.576736
      vertex 3.441380 49.434783 -2.887660
    endloop
  endfacet
  facet normal -0.842707 0.040285 0.536863
    outer loop
      vertex 3.661276 48.869565 -2.563653
      vertex 3.870781 48.869565 -2.234796
      vertex 3.890534 49.434783 -2.246201
    endloop
  endfacet
  facet normal -0.842707 0.040285 0.536863
    outer loop
      vertex 3.661276 48.869565 -2.563653
      vertex 3.890534 49.434783 -2.246201
      vertex 3.679960 49.434783 -2.576736
    endloop
  endfacet
  facet normal -0.886291 0.040285 0.461374
    outer loop
      vertex 3.870781 48.869565 -2.234796
      vertex 4.050826 48.869565 -1.888931
      vertex 4.071499 49.434783 -1.898571
    endloop
  endfacet
  facet normal -0.886291 0.040285 0.461374
    outer loop
      vertex 3.870781 48.869565 -2.234796
      vertex 4.071499 49.434783 -1.898571
      vertex 3.890534 49.434783 -2.246201
    endloop
  endfacet
  facet normal -0.923130 0.040285 0.382373
    outer loop
      vertex 4.050826 48.869565 -1.888931
      vertex 4.200043 48.869565 -1.528691
      vertex 4.221477 49.434783 -1.536492
    endloop
  endfacet
  facet normal -0.923130 0.040285 0.382373
    outer loop
      vertex 4.050826 48.869565 -1.888931
      vertex 4.221477 49.434783 -1.536492
      vertex 4.071499 49.434783 -1.898571
    endloop
  endfacet
  facet normal -0.952943 0.040285 0.300462
    outer loop
      vertex 4.200043 48.869565 -1.528691
      vertex 4.317295 48.869565 -1.156816
      vertex 4.339327 49.434783 -1.162719
    endloop
  endfacet
  facet normal -0.952943 0.040285 0.300462
    outer loop
      vertex 4.200043 48.869565 -1.528691
      vertex 4.339327 49.434783 -1.162719
      vertex 4.221477 49.434783 -1.536492
    endloop
  endfacet
  facet normal -0.975503 0.040285 0.216264
    outer loop
      vertex 4.317295 48.869565 -1.156816
      vertex 4.401689 48.869565 -0.776137
      vertex 4.424153 49.434783 -0.780097
    endloop
  endfacet
  facet normal -0.975503 0.040285 0.216264
    outer loop
      vertex 4.317295 48.869565 -1.156816
      vertex 4.424153 49.434783 -0.780097
      vertex 4.339327 49.434783 -1.162719
    endloop
  endfacet
  facet normal -0.990640 0.040285 0.130420
    outer loop
      vertex 4.401689 48.869565 -0.776137
      vertex 4.452584 48.869565 -0.389551
      vertex 4.475307 49.434783 -0.391539
    endloop
  endfacet
  facet normal -0.990640 0.040285 0.130420
    outer loop
      vertex 4.401689 48.869565 -0.776137
      vertex 4.475307 49.434783 -0.391539
      vertex 4.424153 49.434783 -0.780097
    endloop
  endfacet
  facet normal -0.998237 0.040285 0.043584
    outer loop
      vertex 4.452584 48.869565 -0.389551
      vertex 4.469592 48.869565 0.000000
      vertex 4.492402 49.434783 0.000000
    endloop
  endfacet
  facet normal -0.998237 0.040285 0.043584
    outer loop
      vertex 4.452584 48.869565 -0.389551
      vertex 4.492402 49.434783 0.000000
      vertex 4.475307 49.434783 -0.391539
    endloop
  endfacet
  facet normal -0.998958 0.013428 -0.043615
    outer loop
      vertex 4.492402 49.434783 0.000000
      vertex 4.475307 49.434783 0.391539
      vertex 4.482876 50.000000 0.392201
    endloop
  endfacet
  facet normal -0.998958 0.013428 -0.043615
    outer loop
      vertex 4.492402 49.434783 0.000000
      vertex 4.482876 50.000000 0.392201
      vertex 4.500000 50.000000 0.000000
    endloop
  endfacet
  facet normal -0.991355 0.013428 -0.130514
    outer loop
      vertex 4.475307 49.434783 0.391539
      vertex 4.424153 49.434783 0.780097
      vertex 4.431635 50.000000 0.781417
    endloop
  endfacet
  facet normal -0.991355 0.013428 -0.130514
    outer loop
      vertex 4.475307 49.434783 0.391539
      vertex 4.431635 50.000000 0.781417
      vertex 4.482876 50.000000 0.392201
    endloop
  endfacet
  facet normal -0.976208 0.013428 -0.216420
    outer loop
      vertex 4.424153 49.434783 0.780097
      vertex 4.339327 49.434783 1.162719
      vertex 4.346666 50.000000 1.164686
    endloop
  endfacet
  facet normal -0.976208 0.013428 -0.216420
    outer loop
      vertex 4.424153 49.434783 0.780097
      vertex 4.346666 50.000000 1.164686
      vertex 4.431635 50.000000 0.781417
    endloop
  endfacet
  facet normal -0.953631 0.013428 -0.300679
    outer loop
      vertex 4.339327 49.434783 1.162719
      vertex 4.221477 49.434783 1.536492
      vertex 4.228617 50.000000 1.539091
    endloop
  endfacet
  facet normal -0.953631 0.013428 -0.300679
    outer loop
      vertex 4.339327 49.434783 1.162719
      vertex 4.228617 50.000000 1.539091
      vertex 4.346666 50.000000 1.164686
    endloop
  endfacet
  facet normal -0.923796 0.013428 -0.382649
    outer loop
      vertex 4.221477 49.434783 1.536492
      vertex 4.071499 49.434783 1.898571
      vertex 4.078385 50.000000 1.901782
    endloop
  endfacet
  facet normal -0.923796 0.013428 -0.382649
    outer loop
      vertex 4.221477 49.434783 1.536492
      vertex 4.078385 50.000000 1.901782
      vertex 4.228617 50.000000 1.539091
    endloop
  endfacet
  facet normal -0.886931 0.013428 -0.461707
    outer loop
      vertex 4.071499 49.434783 1.898571
      vertex 3.890534 49.434783 2.246201
      vertex 3.897114 50.000000 2.250000
    endloop
  endfacet
  facet normal -0.886931 0.013428 -0.461707
    outer loop
      vertex 4.071499 49.434783 1.898571
      vertex 3.897114 50.000000 2.250000
      vertex 4.078385 50.000000 1.901782
    endloop
  endfacet
  facet normal -0.843315 0.013428 -0.537251
    outer loop
      vertex 3.890534 49.434783 2.246201
      vertex 3.679960 49.434783 2.576736
      vertex 3.686184 50.000000 2.581094
    endloop
  endfacet
  facet normal -0.843315 0.013428 -0.537251
    outer loop
      vertex 3.890534 49.434783 2.246201
      vertex 3.686184 50.000000 2.581094
      vertex 3.897114 50.000000 2.250000
    endloop
  endfacet
  facet normal -0.793282 0.013428 -0.608707
    outer loop
      vertex 3.679960 49.434783 2.576736
      vertex 3.441380 49.434783 2.887660
      vertex 3.447200 50.000000 2.892544
    endloop
  endfacet
  facet normal -0.793282 0.013428 -0.608707
    outer loop
      vertex 3.679960 49.434783 2.576736
      vertex 3.447200 50.000000 2.892544
      vertex 3.686184 50.000000 2.581094
    endloop
  endfacet
  facet normal -0.737211 0.013428 -0.675529
    outer loop
      vertex 3.441380 49.434783 2.887660
      vertex 3.176608 49.434783 3.176608
      vertex 3.181981 50.000000 3.181981
    endloop
  endfacet
  facet normal -0.737211 0.013428 -0.675529
    outer loop
      vertex 3.441380 49.434783 2.887660
      vertex 3.181981 50.000000 3.181981
      vertex 3.447200 50.000000 2.892544
    endloop
  endfacet
  facet normal -0.675529 0.013428 -0.737211
    outer loop
      vertex 3.176608 49.434783 3.176608
      vertex 2.887660 49.434783 3.441380
      vertex 2.892544 50.000000 3.447200
    endloop
  endfacet
  facet normal -0.675529 0.013428 -0.737211
    outer loop
      vertex 3.176608 49.434783 3.176608
      vertex 2.892544 50.000000 3.447200
      vertex 3.181981 50.000000 3.181981
    endloop
  endfacet
  facet normal -0.608707 0.013428 -0.793282
    outer loop
      vertex 2.887660 49.434783 3.441380
      vertex 2.576736 49.434783 3.679960
      vertex 2.581094 50.000000 3.686184
    endloop
  endfacet
  facet normal -0.608707 0.013428 -0.793282
    outer loop
      vertex 2.887660 49.434783 3.441380
      vertex 2.581094 50.000000 3.686184
      vertex 2.892544 50.000000 3.447200
    endloop
  endfacet
  facet normal -0.537251 0.013428 -0.843315
    outer loop
      vertex 2.576736 49.434783 3.679960
      vertex 2.246201 49.434783 3.890534
      vertex 2.250000 50.000000 3.897114
    endloop
  endfacet
  facet normal -0.537251 0.013428 -0.843315
    outer loop
      vertex 2.576736 49.434783 3.679960
      vertex 2.250000 50.000000 3.897114
      vertex 2.581094 50.000000 3.686184
    endloop
  endfacet
  facet normal -0.461707 0.013428 -0.886931
    outer loop
      vertex 2.246201 49.434783 3.890534
      vertex 1.898571 49.434783 4.071499
      vertex 1.901782 50.000000 4.078385
    endloop
  endfacet
  facet normal -0.461707 0.013428 -0.886931
    outer loop
      vertex 2.246201 49.434783 3.890534
      vertex 1.901782 50.000000 4.078385
      vertex 2.250000 50.000000 3.897114
    endloop
  endfacet
  facet normal -0.382649 0.013428 -0.923796
    outer loop
      vertex 1.898571 49.434783 4.071499
      vertex 1.536492 49.434783 4.221477
      vertex 1.539091 50.000000 4.228617
    endloop
  endfacet
  facet normal -0.382649 0.013428 -0.923796
    outer loop
      vertex 1.898571 49.434783 4.071499
      vertex 1.539091 50.000000 4.228617
      vertex 1.901782 50.000000 4.078385
    endloop
  endfacet
  facet normal -0.300679 0.013428 -0.953631
    outer loop
      vertex 1.536492 49.434783 4.221477
      vertex 1.162719 49.434783 4.339327
      vertex 1.164686 50.000000 4.346666
    endloop
  endfacet
  facet normal -0.300679 0.013428 -0.953631
    outer loop
      vertex 1.536492 49.434783 4.221477
      vertex 1.164686 50.000000 4.346666
      vertex 1.539091 50.000000 4.228617
    endloop
  endfacet
  facet normal -0.216420 0.013428 -0.976208
    outer loop
      vertex 1.162719 49.434783 4.339327
      vertex 0.780097 49.434783 4.424153
      vertex 0.781417 50.000000 4.431635
    endloop
  endfacet
  facet normal -0.216420 0.013428 -0.976208
    outer loop
      vertex 1.162719 49.434783 4.339327
      vertex 0.781417 50.000000 4.431635
      vertex 1.164686 50.000000 4.346666
    endloop
  endfacet
  facet normal -0.130514 0.013428 -0.991355
    outer loop
      vertex 0.780097 49.434783 4.424153
      vertex 0.391539 49.434783 4.475307
      vertex 0.392201 50.000000 4.482876
    endloop
  endfacet
  facet normal -0.130514 0.013428 -0.991355
    outer loop
      vertex 0.780097 49.434783 4.424153
      vertex 0.392201 50.000000 4.482876
      vertex 0.781417 50.000000 4.431635
    endloop
  endfacet
  facet normal -0.043615 0.013428 -0.998958
    outer loop
      vertex 0.391539 49.434783 4.475307
      vertex 0.000000 49.434783 4.492402
      vertex 0.000000 50.000000 4.500000
    endloop
  endfacet
  facet normal -0.043615 0.013428 -0.998958
    outer loop
      vertex 0.391539 49.434783 4.475307
      vertex 0.000000 50.000000 4.500000
      vertex 0.392201 50.000000 4.482876
    endloop
  endfacet
  facet normal 0.043615 0.013428 -0.998958
    outer loop
      vertex 0.000000 49.434783 4.492402
      vertex -0.391539 49.434783 4.475307
      vertex -0.392201 50.000000 4.482876
    endloop
  endfacet
  facet normal 0.043615 0.013428 -0.998958
    outer loop
      vertex 0.000000 49.434783 4.492402
      vertex -0.392201 50.000000 4.482876
      vertex 0.000000 50.000000 4.500000
    endloop
  endfacet
  facet normal 0.130514 0.013428 -0.991355
    outer loop
      vertex -0.391539 49.434783 4.475307
      vertex -0.780097 49.434783 4.424153
      vertex -0.781417 50.000000 4.431635
    endloop
  endfacet
  facet normal 0.130514 0.013428 -0.991355
    outer loop
      vertex -0.391539 49.434783 4.475307
      vertex -0.781417 50.000000 4.431635
      vertex -0.392201 50.000000 4.482876
    endloop
  endfacet
  facet normal 0.216420 0.013428 -0.976208
    outer loop
      vertex -0.780097 49.434783 4.424153
      vertex -1.162719 49.434783 4.339327
      vertex -1.164686 50.000000 4.346666
    endloop
  endfacet
  facet normal 0.216420 0.013428 -0.976208
    outer loop
      vertex -0.780097 49.434783 4.424153
      vertex -1.164686 50.000000 4.346666
      vertex -0.781417 50.000000 4.431635
    endloop
  endfacet
  facet normal 0.300679 0.013428 -0.953631
    outer loop
      vertex -1.162719 49.434783 4.339327
      vertex -1.536492 49.434783 4.221477
      vertex -1.539091 50.000000 4.228617
    endloop
  endfacet
  facet normal 0.300679 0.013428 -0.953631
    outer loop
      vertex -1.162719 49.434783 4.339327
      vertex -1.539091 50.000000 4.228617
      vertex -1.164686 50.000000 4.346666
    endloop
  endfacet
  facet normal 0.382649 0.013428 -0.923796
    outer loop
      vertex -1.536492 49.434783 4.221477
      vertex -1.898571 49.434783 4.071499
      vertex -1.901782 50.000000 4.078385
    endloop
  endfacet
  facet normal 0.382649 0.013428 -0.923796
    outer loop
      vertex -1.536492 49.434783 4.221477
      vertex -1.901782 50.000000 4.078385
      vertex -1.539091 50.000000 4.228617
    endloop
  endfacet
  facet normal 0.461707 0.013428 -0.886931
    outer loop
      vertex -1.898571 49.434783 4.071499
      vertex -2.246201 49.434783 3.890534
      vertex -2.250000 50.000000 3.897114
    endloop
  endfacet
  facet normal 0.461707 0.013428 -0.886931
    outer loop
      vertex -1.898571 49.434783 4.071499
      vertex -2.250000 50.000000 3.897114
      vertex -1.901782 50.000000 4.078385
    endloop
  endfacet
  facet normal 0.537251 0.013428 -0.843315
    outer loop
      vertex -2.246201 49.434783 3.890534
      vertex -2.576736 49.434783 3.679960
      vertex -2.581094 50.000000 3.686184
    endloop
  endfacet
  facet normal 0.537251 0.013428 -0.843315
    outer loop
      vertex -2.246201 49.434783 3.890534
      vertex -2.581094 50.000000 3.686184
      vertex -2.250000 50.000000 3.897114
    endloop
  endfacet
  facet normal 0.608707 0.013428 -0.793282
    outer loop
      vertex -2.576736 49.434783 3.679960
      vertex -2.887660 49.434783 3.441380
      vertex -2.892544 50.000000 3.447200
    endloop
  endfacet
  facet normal 0.608707 0.013428 -0.793282
    outer loop
      vertex -2.576736 49.434783 3.679960
      vertex -2.892544 50.000000 3.447200
      vertex -2.581094 50.000000 3.686184
    endloop
  endfacet
  facet normal 0.675529 0.013428 -0.737211
    outer loop
      vertex -2.887660 49.434783 3.441380
      vertex -3.176608 49.434783 3.176608
      vertex -3.181981 50.000000 3.181981
    endloop
  endfacet
  facet normal 0.675529 0.013428 -0.737211
    outer loop
      vertex -2.887660 49.434783 3.441380
      vertex -3.181981 50.000000 3.181981
      vertex -2.892544 50.000000 3.447200
    endloop
  endfacet
  facet normal 0.737211 0.013428 -0.675529
    outer loop
      vertex -3.176608 49.434783 3.176608
      vertex -3.441380 49.434783 2.887660
      vertex -3.447200 50.000000 2.892544
    endloop
  endfacet
  facet normal 0.737211 0.013428 -0.675529
    outer loop
      vertex -3.176608 49.434783 3.176608
      vertex -3.447200 50.000000 2.892544
      vertex -3.181981 50.000000 3.181981
    endloop
  endfacet
  facet normal 0.793282 0.013428 -0.608707
    outer loop
      vertex -3.441380 49.434783 2.887660
      vertex -3.679960 49.434783 2.576736
      vertex -3.686184 50.000000 2.581094
    endloop
  endfacet
  facet normal 0.793282 0.013428 -0.608707
    outer loop
      vertex -3.441380 49.434783 2.887660
      vertex -3.686184 50.000000 2.581094
      vertex -3.447200 50.000000 2.892544
    endloop
  endfacet
  facet normal 0.843315 0.013428 -0.537251
    outer loop
      vertex -3.679960 49.434783 2.576736
      vertex -3.890534 49.434783 2.246201
      vertex -3.897114 50.000000 2.250000
    endloop
  endfacet
  facet normal 0.843315 0.013428 -0.537251
    outer loop
      vertex -3.679960 49.434783 2.576736
      vertex -3.897114 50.000000 2.250000
      vertex -3.686184 50.000000 2.581094
    endloop
  endfacet
  facet normal 0.886931 0.013428 -0.461707
    outer loop
      vertex -3.890534 49.434783 2.246201
      vertex -4.071499 49.434783 1.898571
      vertex -4.078385 50.000000 1.901782
    endloop
  endfacet
  facet normal 0.886931 0.013428 -0.461707
    outer loop
      vertex -3.890534 49.434783 2.246201
      vertex -4.078385 50.000000 1.901782
      vertex -3.897114 50.000000 2.250000
    endloop
  endfacet
  facet normal 0.923796 0.013428 -0.382649
    outer loop
      vertex -4.071499 49.434783 1.898571
      vertex -4.221477 49.434783 1.536492
      vertex -4.228617 50.000000 1.539091
    endloop
  endfacet
  facet normal 0.923796 0.013428 -0.382649
    outer loop
      vertex -4.071499 49.434783 1.898571
      vertex -4.228617 50.000000 1.539091
      vertex -4.078385 50.000000 1.901782
    endloop
  endfacet
  facet normal 0.953631 0.013428 -0.300679
    outer loop
      vertex -4.221477 49.434783 1.536492
      vertex -4.339327 49.434783 1.162719
      vertex -4.346666 50.000000 1.164686
    endloop
  endfacet
  facet normal 0.953631 0.013428 -0.300679
    outer loop
      vertex -4.221477 49.434783 1.536492
      vertex -4.346666 50.000000 1.164686
      vertex -4.228617 50.000000 1.539091
    endloop
  endfacet
  facet normal 0.976208 0.013428 -0.216420
    outer loop
      vertex -4.339327 49.434783 1.162719
      vertex -4.424153 49.434783 0.780097
      vertex -4.431635 50.000000 0.781417
    endloop
  endfacet
  facet normal 0.976208 0.013428 -0.216420
    outer loop
      vertex -4.339327 49.434783 1.162719
      vertex -4.431635 50.000000 0.781417
      vertex -4.346666 50.000000 1.164686
    endloop
  endfacet
  facet normal 0.991355 0.013428 -0.130514
    outer loop
      vertex -4.424153 49.434783 0.780097
      vertex -4.475307 49.434783 0.391539
      vertex -4.482876 50.000000 0.392201
    endloop
  endfacet
  facet normal 0.991355 0.013428 -0.130514
    outer loop
      vertex -4.424153 49.434783 0.780097
      vertex -4.482876 50.000000 0.392201
      vertex -4.431635 50.000000 0.781417
    endloop
  endfacet
  facet normal 0.998958 0.013428 -0.043615
    outer loop
      vertex -4.475307 49.434783 0.391539
      vertex -4.492402 49.434783 0.000000
      vertex -4.500000 50.000000 0.000000
    endloop
  endfacet
  facet normal 0.998958 0.013428 -0.043615
    outer loop
      vertex -4.475307 49.434783 0.391539
      vertex -4.500000 50.000000 0.000000
      vertex -4.482876 50.000000 0.392201
    endloop
  endfacet
  facet normal 0.998958 0.013428 0.043615
    outer loop
      vertex -4.492402 49.434783 0.000000
      vertex -4.475307 49.434783 -0.391539
      vertex -4.482876 50.000000 -0.392201
    endloop
  endfacet
  facet normal 0.998958 0.013428 0.043615
    outer loop
      vertex -4.492402 49.434783 0.000000
      vertex -4.482876 50.000000 -0.392201
      vertex -4.500000 50.000000 0.000000
    endloop
  endfacet
  facet normal 0.991355 0.013428 0.130514
    outer loop
      vertex -4.475307 49.434783 -0.391539
      vertex -4.424153 49.434783 -0.780097
      vertex -4.431635 50.000000 -0.781417
    endloop
  endfacet
  facet normal 0.991355 0.013428 0.130514
    outer loop
      vertex -4.475307 49.434783 -0.391539
      vertex -4.431635 50.000000 -0.781417
      vertex -4.482876 50.000000 -0.392201
    endloop
  endfacet
  facet normal 0.976208 0.013428 0.216420
    outer loop
      vertex -4.424153 49.434783 -0.780097
      vertex -4.339327 49.434783 -1.162719
      vertex -4.346666 50.000000 -1.164686
    endloop
  endfacet
  facet normal 0.976208 0.013428 0.216420
    outer loop
      vertex -4.424153 49.434783 -0.780097
      vertex -4.346666 50.000000 -1.164686
      vertex -4.431635 50.000000 -0.781417
    endloop
  endfacet
  facet normal 0.953631 0.013428 0.300679
    outer loop
      vertex -4.339327 49.434783 -1.162719
      vertex -4.221477 49.434783 -1.536492
      vertex -4.228617 50.000000 -1.539091
    endloop
  endfacet
  facet normal 0.953631 0.013428 0.300679
    outer loop
      vertex -4.339327 49.434783 -1.162719
      vertex -4.228617 50.000000 -1.539091
      vertex -4.346666 50.000000 -1.164686
    endloop
  endfacet
  facet normal 0.923796 0.013428 0.382649
    outer loop
      vertex -4.221477 49.434783 -1.536492
      vertex -4.071499 49.434783 -1.898571
      vertex -4.078385 50.000000 -1.901782
    endloop
  endfacet
  facet normal 0.923796 0.013428 0.382649
    outer loop
      vertex -4.221477 49.434783 -1.536492
      vertex -4.078385 50.000000 -1.901782
      vertex -4.228617 50.000000 -1.539091
    endloop
  endfacet
  facet normal 0.886931 0.013428 0.461707
    outer loop
      vertex -4.071499 49.434783 -1.898571
      vertex -3.890534 49.434783 -2.246201
      vertex -3.897114 50.000000 -2.250000
    endloop
  endfacet
  facet normal 0.886931 0.013428 0.461707
    outer loop
      vertex -4.071499 49.434783 -1.898571
      vertex -3.897114 50.000000 -2.250000
      vertex -4.078385 50.000000 -1.901782
    endloop
  endfacet
  facet normal 0.843315 0.013428 0.537251
    outer loop
      vertex -3.890534 49.434783 -2.246201
      vertex -3.679960 49.434783 -2.576736
      vertex -3.686184 50.000000 -2.581094
    endloop
  endfacet
  facet normal 0.843315 0.013428 0.537251
    outer loop
      vertex -3.890534 49.434783 -2.246201
      vertex -3.686184 50.000000 -2.581094
      vertex -3.897114 50.000000 -2.250000
    endloop
  endfacet
  facet normal 0.793282 0.013428 0.608707
    outer loop
      vertex -3.679960 49.434783 -2.576736
      vertex -3.441380 49.434783 -2.887660
      vertex -3.447200 50.000000 -2.892544
    endloop
  endfacet
  facet normal 0.793282 0.013428 0.608707
    outer loop
      vertex -3.679960 49.434783 -2.576736
      vertex -3.447200 50.000000 -2.892544
      vertex -3.686184 50.000000 -2.581094
    endloop
  endfacet
  facet normal 0.737211 0.013428 0.675529
    outer loop
      vertex -3.441380 49.434783 -2.887660
      vertex -3.176608 49.434783 -3.176608
      vertex -3.181981 50.000000 -3.181981
    endloop
  endfacet
  facet normal 0.737211 0.013428 0.675529
    outer loop
      vertex -3.441380 49.434783 -2.887660
      vertex -3.181981 50.000000 -3.181981
      vertex -3.447200 50.000000 -2.892544
    endloop
  endfacet
  facet normal 0.675529 0.013428 0.737211
    outer loop
      vertex -3.176608 49.434783 -3.176608
      vertex -2.887660 49.434783 -3.441380
      vertex -2.892544 50.000000 -3.447200
    endloop
  endfacet
  facet normal 0.675529 0.013428 0.737211
    outer loop
      vertex -3.176608 49.434783 -3.176608
      vertex -2.892544 50.000000 -3.447200
      vertex -3.181981 50.000000 -3.181981
    endloop
  endfacet
  facet normal 0.608707 0.013428 0.793282
    outer loop
      vertex -2.887660 49.434783 -3.441380
      vertex -2.576736 49.434783 -3.679960
      vertex -2.581094 50.000000 -3.686184
    endloop
  endfacet
  facet normal 0.608707 0.013428 0.793282
    outer loop
      vertex -2.887660 49.434783 -3.441380
      vertex -2.581094 50.000000 -3.686184
      vertex -2.892544 50.000000 -3.447200
    endloop
  endfacet
  facet normal 0.537251 0.013428 0.843315
    outer loop
      vertex -2.576736 49.434783 -3.679960
      vertex -2.246201 49.434783 -3.890534
      vertex -2.250000 50.000000 -3.897114
    endloop
  endfacet
  facet normal 0.537251 0.013428 0.843315
    outer loop
      vertex -2.576736 49.434783 -3.679960
      vertex -2.250000 50.000000 -3.897114
      vertex -2.581094 50.000000 -3.686184
    endloop
  endfacet
  facet normal 0.461707 0.013428 0.886931
    outer loop
      vertex -2.246201 49.434783 -3.890534
      vertex -1.898571 49.434783 -4.071499
      vertex -1.901782 50.000000 -4.078385
    endloop
  endfacet
  facet normal 0.461707 0.013428 0.886931
    outer loop
      vertex -2.246201 49.434783 -3.890534
      vertex -1.901782 50.000000 -4.078385
      vertex -2.250000 50.000000 -3.897114
    endloop
  endfacet
  facet normal 0.382649 0.013428 0.923796
    outer loop
      vertex -1.898571 49.434783 -4.071499
      vertex -1.536492 49.434783 -4.221477
      vertex -1.539091 50.000000 -4.228617
    endloop
  endfacet
  facet normal 0.382649 0.013428 0.923796
    outer loop
      vertex -1.898571 49.434783 -4.071499
      vertex -1.539091 50.000000 -4.228617
      vertex -1.901782 50.000000 -4.078385
    endloop
  endfacet
  facet normal 0.300679 0.013428 0.953631
    outer loop
      vertex -1.536492 49.434783 -4.221477
      vertex -1.162719 49.434783 -4.339327
      vertex -1.164686 50.000000 -4.346666
    endloop
  endfacet
  facet normal 0.300679 0.013428 0.953631
    outer loop
      vertex -1.536492 49.434783 -4.221477
      vertex -1.164686 50.000000 -4.346666
      vertex -1.539091 50.000000 -4.228617
    endloop
  endfacet
  facet normal 0.216420 0.013428 0.976208
    outer loop
      vertex -1.162719 49.434783 -4.339327
      vertex -0.780097 49.434783 -4.424153
      vertex -0.781417 50.000000 -4.431635
    endloop
  endfacet
  facet normal 0.216420 0.013428 0.976208
    outer loop
      vertex -1.162719 49.434783 -4.339327
      vertex -0.781417 50.000000 -4.431635
      vertex -1.164686 50.000000 -4.346666
    endloop
  endfacet
  facet normal 0.130514 0.013428 0.991355
    outer loop
      vertex -0.780097 49.434783 -4.424153
      vertex -0.391539 49.434783 -4.475307
      vertex -0.392201 50.000000 -4.482876
    endloop
  endfacet
  facet normal 0.130514 0.013428 0.991355
    outer loop
      vertex -0.780097 49.434783 -4.424153
      vertex -0.392201 50.000000 -4.482876
      vertex -0.781417 50.000000 -4.431635
    endloop
  endfacet
  facet normal 0.043615 0.013428 0.998958
    outer loop
      vertex -0.391539 49.434783 -4.475307
      vertex -0.000000 49.434783 -4.492402
      vertex -0.000000 50.000000 -4.500000
    endloop
  endfacet
  facet normal 0.043615 0.013428 0.998958
    outer loop
      vertex -0.391539 49.434783 -4.475307
      vertex -0.000000 50.000000 -4.500000
      vertex -0.392201 50.000000 -4.482876
    endloop
  endfacet
  facet normal -0.043615 0.013428 0.998958
    outer loop
      vertex -0.000000 49.434783 -4.492402
      vertex 0.391539 49.434783 -4.475307
      vertex 0.392201 50.000000 -4.482876
    endloop
  endfacet
  facet normal -0.043615 0.013428 0.998958
    outer loop
      vertex -0.000000 49.434783 -4.492402
      vertex 0.392201 50.000000 -4.482876
      vertex -0.000000 50.000000 -4.500000
    endloop
  endfacet
  facet normal -0.130514 0.013428 0.991355
    outer loop
      vertex 0.391539 49.434783 -4.475307
      vertex 0.780097 49.434783 -4.424153
      vertex 0.781417 50.000000 -4.431635
    endloop
  endfacet
  facet normal -0.130514 0.013428 0.991355
    outer loop
      vertex 0.391539 49.434783 -4.475307
      vertex 0.781417 50.000000 -4.431635
      vertex 0.392201 50.000000 -4.482876
    endloop
  endfacet
  facet normal -0.216420 0.013428 0.976208
    outer loop
      vertex 0.780097 49.434783 -4.424153
      vertex 1.162719 49.434783 -4.339327
      vertex 1.164686 50.000000 -4.346666
    endloop
  endfacet
  facet normal -0.216420 0.013428 0.976208
    outer loop
      vertex 0.780097 49.434783 -4.424153
      vertex 1.164686 50.000000 -4.346666
      vertex 0.781417 50.000000 -4.431635
    endloop
  endfacet
  facet normal -0.300679 0.013428 0.953631
    outer loop
      vertex 1.162719 49.434783 -4.339327
      vertex 1.536492 49.434783 -4.221477
      vertex 1.539091 50.000000 -4.228617
    endloop
  endfacet
  facet normal -0.300679 0.013428 0.953631
    outer loop
      vertex 1.162719 49.434783 -4.339327
      vertex 1.539091 50.000000 -4.228617
      vertex 1.164686 50.000000 -4.346666
    endloop
  endfacet
  facet normal -0.382649 0.013428 0.923796
    outer loop
      vertex 1.536492 49.434783 -4.221477
      vertex 1.898571 49.434783 -4.071499
      vertex 1.901782 50.000000 -4.078385
    endloop
  endfacet
  facet normal -0.382649 0.013428 0.923796
    outer loop
      vertex 1.536492 49.434783 -4.221477
      vertex 1.901782 50.000000 -4.078385
      vertex 1.539091 50.000000 -4.228617
    endloop
  endfacet
  facet normal -0.461707 0.013428 0.886931
    outer loop
      vertex 1.898571 49.434783 -4.071499
      vertex 2.246201 49.434783 -3.890534
      vertex 2.250000 50.000000 -3.897114
    endloop
  endfacet
  facet normal -0.461707 0.013428 0.886931
    outer loop
      vertex 1.898571 49.434783 -4.071499
      vertex 2.250000 50.000000 -3.897114
      vertex 1.901782 50.000000 -4.078385
    endloop
  endfacet
  facet normal -0.537251 0.013428 0.843315
    outer loop
      vertex 2.246201 49.434783 -3.890534
      vertex 2.576736 49.434783 -3.679960
      vertex 2.581094 50.000000 -3.686184
    endloop
  endfacet
  facet normal -0.537251 0.013428 0.843315
    outer loop
      vertex 2.246201 49.434783 -3.890534
      vertex 2.581094 50.000000 -3.686184
      vertex 2.250000 50.000000 -3.897114
    endloop
  endfacet
  facet normal -0.608707 0.013428 0.793282
    outer loop
      vertex 2.576736 49.434783 -3.679960
      vertex 2.887660 49.434783 -3.441380
      vertex 2.892544 50.000000 -3.447200
    endloop
  endfacet
  facet normal -0.608707 0.013428 0.793282
    outer loop
      vertex 2.576736 49.434783 -3.679960
      vertex 2.892544 50.000000 -3.447200
      vertex 2.581094 50.000000 -3.686184
    endloop
  endfacet
  facet normal -0.675529 0.013428 0.737211
    outer loop
      vertex 2.887660 49.434783 -3.441380
      vertex 3.176608 49.434783 -3.176608
      vertex 3.181981 50.000000 -3.181981
    endloop
  endfacet
  facet normal -0.675529 0.013428 0.737211
    outer loop
      vertex 2.887660 49.434783 -3.441380
      vertex 3.181981 50.000000 -3.181981
      vertex 2.892544 50.000000 -3.447200
    endloop
  endfacet
  facet normal -0.737211 0.013428 0.675529
    outer loop
      vertex 3.176608 49.434783 -3.176608
      vertex 3.441380 49.434783 -2.887660
      vertex 3.447200 50.000000 -2.892544
    endloop
  endfacet
  facet normal -0.737211 0.013428 0.675529
    outer loop
      vertex 3.176608 49.434783 -3.176608
      vertex 3.447200 50.000000 -2.892544
      vertex 3.181981 50.000000 -3.181981
    endloop
  endfacet
  facet normal -0.793282 0.013428 0.608707
    outer loop
      vertex 3.441380 49.434783 -2.887660
      vertex 3.679960 49.434783 -2.576736
      vertex 3.686184 50.000000 -2.581094
    endloop
  endfacet
  facet normal -0.793282 0.013428 0.608707
    outer loop
      vertex 3.441380 49.434783 -2.887660
      vertex 3.686184 50.000000 -2.581094
      vertex 3.447200 50.000000 -2.892544
    endloop
  endfacet
  facet normal -0.843315 0.013428 0.537251
    outer loop
      vertex 3.679960 49.434783 -2.576736
      vertex 3.890534 49.434783 -2.246201
      vertex 3.897114 50.000000 -2.250000
    endloop
  endfacet
  facet normal -0.843315 0.013428 0.537251
    outer loop
      vertex 3.679960 49.434783 -2.576736
      vertex 3.897114 50.000000 -2.250000
      vertex 3.686184 50.000000 -2.581094
    endloop
  endfacet
  facet normal -0.886931 0.013428 0.461707
    outer loop
      vertex 3.890534 49.434783 -2.246201
      vertex 4.071499 49.434783 -1.898571
      vertex 4.078385 50.000000 -1.901782
    endloop
  endfacet
  facet normal -0.886931 0.013428 0.461707
    outer loop
      vertex 3.890534 49.434783 -2.246201
      vertex 4.078385 50.000000 -1.901782
      vertex 3.897114 50.000000 -2.250000
    endloop
  endfacet
  facet normal -0.923796 0.013428 0.382649
    outer loop
      vertex 4.071499 49.434783 -1.898571
      vertex 4.221477 49.434783 -1.536492
      vertex 4.228617 50.000000 -1.539091
    endloop
  endfacet
  facet normal -0.923796 0.013428 0.382649
    outer loop
      vertex 4.071499 49.434783 -1.898571
      vertex 4.228617 50.000000 -1.539091
      vertex 4.078385 50.000000 -1.901782
    endloop
  endfacet
  facet normal -0.953631 0.013428 0.300679
    outer loop
      vertex 4.221477 49.434783 -1.536492
      vertex 4.339327 49.434783 -1.162719
      vertex 4.346666 50.000000 -1.164686
    endloop
  endfacet
  facet normal -0.953631 0.013428 0.300679
    outer loop
      vertex 4.221477 49.434783 -1.536492
      vertex 4.346666 50.000000 -1.164686
      vertex 4.228617 50.000000 -1.539091
    endloop
  endfacet
  facet normal -0.976208 0.013428 0.216420
    outer loop
      vertex 4.339327 49.434783 -1.162719
      vertex 4.424153 49.434783 -0.780097
      vertex 4.431635 50.000000 -0.781417
    endloop
  endfacet
  facet normal -0.976208 0.013428 0.216420
    outer loop
      vertex 4.339327 49.434783 -1.162719
      vertex 4.431635 50.000000 -0.781417
      vertex 4.346666 50.000000 -1.164686
    endloop
  endfacet
  facet normal -0.991355 0.013428 0.130514
    outer loop
      vertex 4.424153 49.434783 -0.780097
      vertex 4.475307 49.434783 -0.391539
      vertex 4.482876 50.000000 -0.392201
    endloop
  endfacet
  facet normal -0.991355 0.013428 0.130514
    outer loop
      vertex 4.424153 49.434783 -0.780097
      vertex 4.482876 50.000000 -0.392201
      vertex 4.431635 50.000000 -0.781417
    endloop
  endfacet
  facet normal -0.998958 0.013428 0.043615
    outer loop
      vertex 4.475307 49.434783 -0.391539
      vertex 4.492402 49.434783 0.000000
      vertex 4.500000 50.000000 0.000000
    endloop
  endfacet
  facet normal -0.998958 0.013428 0.043615
    outer loop
      vertex 4.475307 49.434783 -0.391539
      vertex 4.500000 50.000000 0.000000
      vertex 4.482876 50.000000 -0.392201
    endloop
  endfacet
  facet normal 0.000000 1.000000 0.000000
    outer loop
      vertex 0.000000 50.000000 0.000000
      vertex 4.482876 50.000000 0.392201
      vertex 4.500000 50.000000 0.000000
    endloop
  endfacet
  facet normal 0.000000 1.000000 0.000000
    outer loop
      vertex 0.000000 50.000000 0.000000
      vertex 4.431635 50.000000 0.781417
      vertex 4.482876 50.000000 0.392201
    endloop
  endfacet
  facet normal 0.000000 1.000000 0.000000
    outer loop
      vertex 0.000000 50.000000 0.000000
      vertex 4.346666 50.000000 1.164686
      vertex 4.431635 50.000000 0.781417
    endloop
  endfacet
  facet normal 0.000000 1.000000 0.000000
    outer loop
      vertex 0.000000 50.000000 0.000000
      vertex 4.228617 50.000000 1.539091
      vertex 4.346666 50.000000 1.164686
    endloop
  endfacet
  facet normal 0.000000 1.000000 0.000000
    outer loop
      vertex 0.000000 50.000000 0.000000
      vertex 4.078385 50.000000 1.901782
      vertex 4.228617 50.000000 1.539091
    endloop
  endfacet
  facet normal 0.000000 1.000000 0.000000
    outer loop
      vertex 0.000000 50.000000 0.000000
      vertex 3.897114 50.000000 2.250000
      vertex 4.078385 50.000000 1.901782
    endloop
  endfacet
  facet normal 0.000000 1.000000 0.000000
    outer loop
      vertex 0.000000 50.000000 0.000000
      vertex 3.686184 50.000000 2.581094
      vertex 3.897114 50.000000 2.250000
    endloop
  endfacet
  facet normal 0.000000 1.000000 0.000000
    outer loop
      vertex 0.000000 50.000000 0.000000
      vertex 3.447200 50.000000 2.892544
      vertex 3.686184 50.000000 2.581094
    endloop
  endfacet
  facet normal 0.000000 1.000000 0.000000
    outer loop
      vertex 0.000000 50.000000 0.000000
      vertex 3.181981 50.000000 3.181981
      vertex 3.447200 50.000000 2.892544
    endloop
  endfacet
  facet normal 0.000000 1.000000 0.000000
    outer loop
      vertex 0.000000 50.000000 0.000000
      vertex 2.892544 50.000000 3.447200
      vertex 3.181981 50.000000 3.181981
    endloop
  endfacet
  facet normal 0.000000 1.000000 0.000000
    outer loop
      vertex 0.000000 50.000000 0.000000
      vertex 2.581094 50.000000 3.686184
      vertex 2.892544 50.000000 3.447200
    endloop
  endfacet
  facet normal 0.000000 1.000000 0.000000
    outer loop
      vertex 0.000000 50.000000 0.000000
      vertex 2.250000 50.000000 3.897114
      vertex 2.581094 50.000000 3.686184
    endloop
  endfacet
  facet normal 0.000000 1.000000 0.000000
    outer loop
      vertex 0.000000 50.000000 0.000000
      vertex 1.901782 50.000000 4.078385
      vertex 2.250000 50.000000 3.897114
    endloop
  endfacet
  facet normal 0.000000 1.000000 0.000000
    outer loop
      vertex 0.000000 50.000000 0.000000
      vertex 1.539091 50.000000 4.228617
      vertex 1.901782 50.000000 4.078385
    endloop
  endfacet
  facet normal 0.000000 1.000000 0.000000
    outer loop
      vertex 0.000000 50.000000 0.000000
      vertex 1.164686 50.000000 4.346666
      vertex 1.539091 50.000000 4.228617
    endloop
  endfacet
  facet normal 0.000000 1.000000 0.000000
    outer loop
      vertex 0.000000 50.000000 0.000000
      vertex 0.781417 50.000000 4.431635
      vertex 1.164686 50.000000 4.346666
    endloop
  endfacet
  facet normal 0.000000 1.000000 0.000000
    outer loop
      vertex 0.000000 50.000000 0.000000
      vertex 0.392201 50.000000 4.482876
      vertex 0.781417 50.000000 4.431635
    endloop
  endfacet
  facet normal 0.000000 1.000000 0.000000
    outer loop
      vertex 0.000000 50.000000 0.000000
      vertex 0.000000 50.000000 4.500000
      vertex 0.392201 50.000000 4.482876
    endloop
  endfacet
  facet normal 0.000000 1.000000 -0.000000
    outer loop
      vertex 0.000000 50.000000 0.000000
      vertex -0.392201 50.000000 4.482876
      vertex 0.000000 50.000000 4.500000
    endloop
  endfacet
  facet normal 0.000000 1.000000 0.000000
    outer loop
      vertex 0.000000 50.000000 0.000000
      vertex -0.781417 50.000000 4.431635
      vertex -0.392201 50.000000 4.482876
    endloop
  endfacet
  facet normal 0.000000 1.000000 0.000000
    outer loop
      vertex 0.000000 50.000000 0.000000
      vertex -1.164686 50.000000 4.346666
      vertex -0.781417 50.000000 4.431635
    endloop
  endfacet
  facet normal 0.000000 1.000000 0.000000
    outer loop
      vertex 0.000000 50.000000 0.000000
      vertex -1.539091 50.000000 4.228617
      vertex -1.164686 50.000000 4.346666
    endloop
  endfacet
  facet normal 0.000000 1.000000 0.000000
    outer loop
      vertex 0.000000 50.000000 0.000000
      vertex -1.901782 50.000000 4.078385
      vertex -1.539091 50.000000 4.228617
    endloop
  endfacet
  facet normal 0.000000 1.000000 0.000000
    outer loop
      vertex 0.000000 50.000000 0.000000
      vertex -2.250000 50.000000 3.897114
      vertex -1.901782 50.000000 4.078385
    endloop
  endfacet
  facet normal 0.000000 1.000000 0.000000
    outer loop
      vertex 0.000000 50.000000 0.000000
      vertex -2.581094 50.000000 3.686184
      vertex -2.250000 50.000000 3.897114
    endloop
  endfacet
  facet normal 0.000000 1.000000 0.000000
    outer loop
      vertex 0.000000 50.000000 0.000000
      vertex -2.892544 50.000000 3.447200
      vertex -2.581094 50.000000 3.686184
    endloop
  endfacet
  facet normal 0.000000 1.000000 0.000000
    outer loop
      vertex 0.000000 50.000000 0.000000
      vertex -3.181981 50.000000 3.181981
      vertex -2.892544 50.000000 3.447200
    endloop
  endfacet
  facet normal 0.000000 1.000000 0.000000
    outer loop
      vertex 0.000000 50.000000 0.000000
      vertex -3.447200 50.000000 2.892544
      vertex -3.181981 50.000000 3.181981
    endloop
  endfacet
  facet normal 0.000000 1.000000 0.000000
    outer loop
      vertex 0.000000 50.000000 0.000000
      vertex -3.686184 50.000000 2.581094
      vertex -3.447200 50.000000 2.892544
    endloop
  endfacet
  facet normal 0.000000 1.000000 0.000000
    outer loop
      vertex 0.000000 50.000000 0.000000
      vertex -3.897114 50.000000 2.250000
      vertex -3.686184 50.000000 2.581094
    endloop
  endfacet
  facet normal 0.000000 1.000000 0.000000
    outer loop
      vertex 0.000000 50.000000 0.000000
      vertex -4.078385 50.000000 1.901782
      vertex -3.897114 50.000000 2.250000
    endloop
  endfacet
  facet normal 0.000000 1.000000 0.000000
    outer loop
      vertex 0.000000 50.000000 0.000000
      vertex -4.228617 50.000000 1.539091
      vertex -4.078385 50.000000 1.901782
    endloop
  endfacet
  facet normal 0.000000 1.000000 0.000000
    outer loop
      vertex 0.000000 50.000000 0.000000
      vertex -4.346666 50.000000 1.164686
      vertex -4.228617 50.000000 1.539091
    endloop
  endfacet
  facet normal 0.000000 1.000000 0.000000
    outer loop
      vertex 0.000000 50.000000 0.000000
      vertex -4.431635 50.000000 0.781417
      vertex -4.346666 50.000000 1.164686
    endloop
  endfacet
  facet normal 0.000000 1.000000 0.000000
    outer loop
      vertex 0.000000 50.000000 0.000000
      vertex -4.482876 50.000000 0.392201
      vertex -4.431635 50.000000 0.781417
    endloop
  endfacet
  facet normal 0.000000 1.000000 0.000000
    outer loop
      vertex 0.000000 50.000000 0.000000
      vertex -4.500000 50.000000 0.000000
      vertex -4.482876 50.000000 0.392201
    endloop
  endfacet
  facet normal 0.000000 1.000000 0.000000
    outer loop
      vertex 0.000000 50.000000 0.000000
      vertex -4.482876 50.000000 -0.392201
      vertex -4.500000 50.000000 0.000000
    endloop
  endfacet
  facet normal 0.000000 1.000000 0.000000
    outer loop
      vertex 0.000000 50.000000 0.000000
      vertex -4.431635 50.000000 -0.781417
      vertex -4.482876 50.000000 -0.392201
    endloop
  endfacet
  facet normal 0.000000 1.000000 0.000000
    outer loop
      vertex 0.000000 50.000000 0.000000
      vertex -4.346666 50.000000 -1.164686
      vertex -4.431635 50.000000 -0.781417
    endloop
  endfacet
  facet normal 0.000000 1.000000 0.000000
    outer loop
      vertex 0.000000 50.000000 0.000000
      vertex -4.228617 50.000000 -1.539091
      vertex -4.346666 50.000000 -1.164686
    endloop
  endfacet
  facet normal 0.000000 1.000000 0.000000
    outer loop
      vertex 0.000000 50.000000 0.000000
      vertex -4.078385 50.000000 -1.901782
      vertex -4.228617 50.000000 -1.539091
    endloop
  endfacet
  facet normal 0.000000 1.000000 0.000000
    outer loop
      vertex 0.000000 50.000000 0.000000
      vertex -3.897114 50.000000 -2.250000
      vertex -4.078385 50.000000 -1.901782
    endloop
  endfacet
  facet normal 0.000000 1.000000 0.000000
    outer loop
      vertex 0.000000 50.000000 0.000000
      vertex -3.686184 50.000000 -2.581094
      vertex -3.897114 50.000000 -2.250000
    endloop
  endfacet
  facet normal 0.000000 1.000000 0.000000
    outer loop
      vertex 0.000000 50.000000 0.000000
      vertex -3.447200 50.000000 -2.892544
      vertex -3.686184 50.000000 -2.581094
    endloop
  endfacet
  facet normal 0.000000 1.000000 0.000000
    outer loop
      vertex 0.000000 50.000000 0.000000
      vertex -3.181981 50.000000 -3.181981
      vertex -3.447200 50.000000 -2.892544
    endloop
  endfacet
  facet normal 0.000000 1.000000 0.000000
    outer loop
      vertex 0.000000 50.000000 0.000000
      vertex -2.892544 50.000000 -3.447200
      vertex -3.181981 50.000000 -3.181981
    endloop
  endfacet
  facet normal 0.000000 1.000000 0.000000
    outer loop
      vertex 0.000000 50.000000 0.000000
      vertex -2.581094 50.000000 -3.686184
      vertex -2.892544 50.000000 -3.447200
    endloop
  endfacet
  facet normal 0.000000 1.000000 0.000000
    outer loop
      vertex 0.000000 50.000000 0.000000
      vertex -2.250000 50.000000 -3.897114
      vertex -2.581094 50.000000 -3.686184
    endloop
  endfacet
  facet normal 0.000000 1.000000 0.000000
    outer loop
      vertex 0.000000 50.000000 0.000000
      vertex -1.901782 50.000000 -4.078385
      vertex -2.250000 50.000000 -3.897114
    endloop
  endfacet
  facet normal 0.000000 1.000000 0.000000
    outer loop
      vertex 0.000000 50.000000 0.000000
      vertex -1.539091 50.000000 -4.228617
      vertex -1.901782 50.000000 -4.078385
    endloop
  endfacet
  facet normal 0.000000 1.000000 0.000000
    outer loop
      vertex 0.000000 50.000000 0.000000
      vertex -1.164686 50.000000 -4.346666
      vertex -1.539091 50.000000 -4.228617
    endloop
  endfacet
  facet normal 0.000000 1.000000 0.000000
    outer loop
      vertex 0.000000 50.000000 0.000000
      vertex -0.781417 50.000000 -4.431635
      vertex -1.164686 50.000000 -4.346666
    endloop
  endfacet
  facet normal 0.000000 1.000000 0.000000
    outer loop
      vertex 0.000000 50.000000 0.000000
      vertex -0.392201 50.000000 -4.482876
      vertex -0.781417 50.000000 -4.431635
    endloop
  endfacet
  facet normal 0.000000 1.000000 0.000000
    outer loop
      vertex 0.000000 50.000000 0.000000
      vertex -0.000000 50.000000 -4.500000
      vertex -0.392201 50.000000 -4.482876
    endloop
  endfacet
  facet normal 0.000000 1.000000 0.000000
    outer loop
      vertex 0.000000 50.000000 0.000000
      vertex 0.392201 50.000000 -4.482876
      vertex -0.000000 50.000000 -4.500000
    endloop
  endfacet
  facet normal 0.000000 1.000000 0.000000
    outer loop
      vertex 0.000000 50.000000 0.000000
      vertex 0.781417 50.000000 -4.431635
      vertex 0.392201 50.000000 -4.482876
    endloop
  endfacet
  facet normal 0.000000 1.000000 0.000000
    outer loop
      vertex 0.000000 50.000000 0.000000
      vertex 1.164686 50.000000 -4.346666
      vertex 0.781417 50.000000 -4.431635
    endloop
  endfacet
  facet normal 0.000000 1.000000 0.000000
    outer loop
      vertex 0.000000 50.000000 0.000000
      vertex 1.539091 50.000000 -4.228617
      vertex 1.164686 50.000000 -4.346666
    endloop
  endfacet
  facet normal 0.000000 1.000000 0.000000
    outer loop
      vertex 0.000000 50.000000 0.000000
      vertex 1.901782 50.000000 -4.078385
      vertex 1.539091 50.000000 -4.228617
    endloop
  endfacet
  facet normal 0.000000 1.000000 0.000000
    outer loop
      vertex 0.000000 50.000000 0.000000
      vertex 2.250000 50.000000 -3.897114
      vertex 1.901782 50.000000 -4.078385
    endloop
  endfacet
  facet normal 0.000000 1.000000 0.000000
    outer loop
      vertex 0.000000 50.000000 0.000000
      vertex 2.581094 50.000000 -3.686184
      vertex 2.250000 50.000000 -3.897114
    endloop
  endfacet
  facet normal 0.000000 1.000000 0.000000
    outer loop
      vertex 0.000000 50.000000 0.000000
      vertex 2.892544 50.000000 -3.447200
      vertex 2.581094 50.000000 -3.686184
    endloop
  endfacet
  facet normal 0.000000 1.000000 0.000000
    outer loop
      vertex 0.000000 50.000000 0.000000
      vertex 3.181981 50.000000 -3.181981
      vertex 2.892544 50.000000 -3.447200
    endloop
  endfacet
  facet normal 0.000000 1.000000 0.000000
    outer loop
      vertex 0.000000 50.000000 0.000000
      vertex 3.447200 50.000000 -2.892544
      vertex 3.181981 50.000000 -3.181981
    endloop
  endfacet
  facet normal 0.000000 1.000000 0.000000
    outer loop
      vertex 0.000000 50.000000 0.000000
      vertex 3.686184 50.000000 -2.581094
      vertex 3.447200 50.000000 -2.892544
    endloop
  endfacet
  facet normal 0.000000 1.000000 0.000000
    outer loop
      vertex 0.000000 50.000000 0.000000
      vertex 3.897114 50.000000 -2.250000
      vertex 3.686184 50.000000 -2.581094
    endloop
  endfacet
  facet normal 0.000000 1.000000 0.000000
    outer loop
      vertex 0.000000 50.000000 0.000000
      vertex 4.078385 50.000000 -1.901782
      vertex 3.897114 50.000000 -2.250000
    endloop
  endfacet
  facet normal 0.000000 1.000000 0.000000
    outer loop
      vertex 0.000000 50.000000 0.000000
      vertex 4.228617 50.000000 -1.539091
      vertex 4.078385 50.000000 -1.901782
    endloop
  endfacet
  facet normal 0.000000 1.000000 0.000000
    outer loop
      vertex 0.000000 50.000000 0.000000
      vertex 4.346666 50.000000 -1.164686
      vertex 4.228617 50.000000 -1.539091
    endloop
  endfacet
  facet normal 0.000000 1.000000 0.000000
    outer loop
      vertex 0.000000 50.000000 0.000000
      vertex 4.431635 50.000000 -0.781417
      vertex 4.346666 50.000000 -1.164686
    endloop
  endfacet
  facet normal 0.000000 1.000000 0.000000
    outer loop
      vertex 0.000000 50.000000 0.000000
      vertex 4.482876 50.000000 -0.392201
      vertex 4.431635 50.000000 -0.781417
    endloop
  endfacet
  facet normal -0.000000 1.000000 0.000000
    outer loop
      vertex 0.000000 50.000000 0.000000
      vertex 4.500000 50.000000 0.000000
      vertex 4.482876 50.000000 -0.392201
    endloop
  endfacet
  facet normal 0.000000 -1.000000 0.000000
    outer loop
      vertex 0.000000 37.000000 0.000000
      vertex 0.001000 37.000000 0.000000
      vertex 0.000996 37.000000 0.000087
    endloop
  endfacet
  facet normal 0.000000 -1.000000 0.000000
    outer loop
      vertex 0.000000 37.000000 0.000000
      vertex 0.000996 37.000000 0.000087
      vertex 0.000985 37.000000 0.000174
    endloop
  endfacet
  facet normal 0.000000 -1.000000 0.000000
    outer loop
      vertex 0.000000 37.000000 0.000000
      vertex 0.000985 37.000000 0.000174
      vertex 0.000966 37.000000 0.000259
    endloop
  endfacet
  facet normal 0.000000 -1.000000 0.000000
    outer loop
      vertex 0.000000 37.000000 0.000000
      vertex 0.000966 37.000000 0.000259
      vertex 0.000940 37.000000 0.000342
    endloop
  endfacet
  facet normal 0.000000 -1.000000 0.000000
    outer loop
      vertex 0.000000 37.000000 0.000000
      vertex 0.000940 37.000000 0.000342
      vertex 0.000906 37.000000 0.000423
    endloop
  endfacet
  facet normal 0.000000 -1.000000 0.000000
    outer loop
      vertex 0.000000 37.000000 0.000000
      vertex 0.000906 37.000000 0.000423
      vertex 0.000866 37.000000 0.000500
    endloop
  endfacet
  facet normal 0.000000 -1.000000 0.000000
    outer loop
      vertex 0.000000 37.000000 0.000000
      vertex 0.000866 37.000000 0.000500
      vertex 0.000819 37.000000 0.000574
    endloop
  endfacet
  facet normal 0.000000 -1.000000 0.000000
    outer loop
      vertex 0.000000 37.000000 0.000000
      vertex 0.000819 37.000000 0.000574
      vertex 0.000766 37.000000 0.000643
    endloop
  endfacet
  facet normal 0.000000 -1.000000 0.000000
    outer loop
      vertex 0.000000 37.000000 0.000000
      vertex 0.000766 37.000000 0.000643
      vertex 0.000707 37.000000 0.000707
    endloop
  endfacet
  facet normal 0.000000 -1.000000 0.000000
    outer loop
      vertex 0.000000 37.000000 0.000000
      vertex 0.000707 37.000000 0.000707
      vertex 0.000643 37.000000 0.000766
    endloop
  endfacet
  facet normal 0.000000 -1.000000 0.000000
    outer loop
      vertex 0.000000 37.000000 0.000000
      vertex 0.000643 37.000000 0.000766
      vertex 0.000574 37.000000 0.000819
    endloop
  endfacet
  facet normal 0.000000 -1.000000 0.000000
    outer loop
      vertex 0.000000 37.000000 0.000000
      vertex 0.000574 37.000000 0.000819
      vertex 0.000500 37.000000 0.000866
    endloop
  endfacet
  facet normal 0.000000 -1.000000 0.000000
    outer loop
      vertex 0.000000 37.000000 0.000000
      vertex 0.000500 37.000000 0.000866
      vertex 0.000423 37.000000 0.000906
    endloop
  endfacet
  facet normal 0.000000 -1.000000 0.000000
    outer loop
      vertex 0.000000 37.000000 0.000000
      vertex 0.000423 37.000000 0.000906
      vertex 0.000342 37.000000 0.000940
    endloop
  endfacet
  facet normal 0.000000 -1.000000 0.000000
    outer loop
      vertex 0.000000 37.000000 0.000000
      vertex 0.000342 37.000000 0.000940
      vertex 0.000259 37.000000 0.000966
    endloop
  endfacet
  facet normal 0.000000 -1.000000 0.000000
    outer loop
      vertex 0.000000 37.000000 0.000000
      vertex 0.000259 37.000000 0.000966
      vertex 0.000174 37.000000 0.000985
    endloop
  endfacet
  facet normal 0.000000 -1.000000 0.000000
    outer loop
      vertex 0.000000 37.000000 0.000000
      vertex 0.000174 37.000000 0.000985
      vertex 0.000087 37.000000 0.000996
    endloop
  endfacet
  facet normal 0.000000 -1.000000 0.000000
    outer loop
      vertex 0.000000 37.000000 0.000000
      vertex 0.000087 37.000000 0.000996
      vertex 0.000000 37.000000 0.001000
    endloop
  endfacet
  facet normal 0.000000 -1.000000 0.000000
    outer loop
      vertex 0.000000 37.000000 0.000000
      vertex 0.000000 37.000000 0.001000
      vertex -0.000087 37.000000 0.000996
    endloop
  endfacet
  facet normal 0.000000 -1.000000 0.000000
    outer loop
      vertex 0.000000 37.000000 0.000000
      vertex -0.000087 37.000000 0.000996
      vertex -0.000174 37.000000 0.000985
    endloop
  endfacet
  facet normal 0.000000 -1.000000 0.000000
    outer loop
      vertex 0.000000 37.000000 0.000000
      vertex -0.000174 37.000000 0.000985
      vertex -0.000259 37.000000 0.000966
    endloop
  endfacet
  facet normal 0.000000 -1.000000 0.000000
    outer loop
      vertex 0.000000 37.000000 0.000000
      vertex -0.000259 37.000000 0.000966
      vertex -0.000342 37.000000 0.000940
    endloop
  endfacet
  facet normal 0.000000 -1.000000 0.000000
    outer loop
      vertex 0.000000 37.000000 0.000000
      vertex -0.000342 37.000000 0.000940
      vertex -0.000423 37.000000 0.000906
    endloop
  endfacet
  facet normal 0.000000 -1.000000 0.000000
    outer loop
      vertex 0.000000 37.000000 0.000000
      vertex -0.000423 37.000000 0.000906
      vertex -0.000500 37.000000 0.000866
    endloop
  endfacet
  facet normal 0.000000 -1.000000 0.000000
    outer loop
      vertex 0.000000 37.000000 0.000000
      vertex -0.000500 37.000000 0.000866
      vertex -0.000574 37.000000 0.000819
    endloop
  endfacet
  facet normal 0.000000 -1.000000 0.000000
    outer loop
      vertex 0.000000 37.000000 0.000000
      vertex -0.000574 37.000000 0.000819
      vertex -0.000643 37.000000 0.000766
    endloop
  endfacet
  facet normal 0.000000 -1.000000 0.000000
    outer loop
      vertex 0.000000 37.000000 0.000000
      vertex -0.000643 37.000000 0.000766
      vertex -0.000707 37.000000 0.000707
    endloop
  endfacet
  facet normal 0.000000 -1.000000 0.000000
    outer loop
      vertex 0.000000 37.000000 0.000000
      vertex -0.000707 37.000000 0.000707
      vertex -0.000766 37.000000 0.000643
    endloop
  endfacet
  facet normal 0.000000 -1.000000 0.000000
    outer loop
      vertex 0.000000 37.000000 0.000000
      vertex -0.000766 37.000000 0.000643
      vertex -0.000819 37.000000 0.000574
    endloop
  endfacet
  facet normal 0.000000 -1.000000 0.000000
    outer loop
      vertex 0.000000 37.000000 0.000000
      vertex -0.000819 37.000000 0.000574
      vertex -0.000866 37.000000 0.000500
    endloop
  endfacet
  facet normal 0.000000 -1.000000 0.000000
    outer loop
      vertex 0.000000 37.000000 0.000000
      vertex -0.000866 37.000000 0.000500
      vertex -0.000906 37.000000 0.000423
    endloop
  endfacet
  facet normal 0.000000 -1.000000 0.000000
    outer loop
      vertex 0.000000 37.000000 0.000000
      vertex -0.000906 37.000000 0.000423
      vertex -0.000940 37.000000 0.000342
    endloop
  endfacet
  facet normal 0.000000 -1.000000 0.000000
    outer loop
      vertex 0.000000 37.000000 0.000000
      vertex -0.000940 37.000000 0.000342
      vertex -0.000966 37.000000 0.000259
    endloop
  endfacet
  facet normal 0.000000 -1.000000 0.000000
    outer loop
      vertex 0.000000 37.000000 0.000000
      vertex -0.000966 37.000000 0.000259
      vertex -0.000985 37.000000 0.000174
    endloop
  endfacet
  facet normal 0.000000 -1.000000 0.000000
    outer loop
      vertex 0.000000 37.000000 0.000000
      vertex -0.000985 37.000000 0.000174
      vertex -0.000996 37.000000 0.000087
    endloop
  endfacet
  facet normal 0.000000 -1.000000 0.000000
    outer loop
      vertex 0.000000 37.000000 0.000000
      vertex -0.000996 37.000000 0.000087
      vertex -0.001000 37.000000 0.000000
    endloop
  endfacet
  facet normal -0.000000 -1.000000 0.000000
    outer loop
      vertex 0.000000 37.000000 0.000000
      vertex -0.001000 37.000000 0.000000
      vertex -0.000996 37.000000 -0.000087
    endloop
  endfacet
  facet normal 0.000000 -1.000000 0.000000
    outer loop
      vertex 0.000000 37.000000 0.000000
      vertex -0.000996 37.000000 -0.000087
      vertex -0.000985 37.000000 -0.000174
    endloop
  endfacet
  facet normal 0.000000 -1.000000 0.000000
    outer loop
      vertex 0.000000 37.000000 0.000000
      vertex -0.000985 37.000000 -0.000174
      vertex -0.000966 37.000000 -0.000259
    endloop
  endfacet
  facet normal 0.000000 -1.000000 0.000000
    outer loop
      vertex 0.000000 37.000000 0.000000
      vertex -0.000966 37.000000 -0.000259
      vertex -0.000940 37.000000 -0.000342
    endloop
  endfacet
  facet normal 0.000000 -1.000000 0.000000
    outer loop
      vertex 0.000000 37.000000 0.000000
      vertex -0.000940 37.000000 -0.000342
      vertex -0.000906 37.000000 -0.000423
    endloop
  endfacet
  facet normal 0.000000 -1.000000 0.000000
    outer loop
      vertex 0.000000 37.000000 0.000000
      vertex -0.000906 37.000000 -0.000423
      vertex -0.000866 37.000000 -0.000500
    endloop
  endfacet
  facet normal 0.000000 -1.000000 0.000000
    outer loop
      vertex 0.000000 37.000000 0.000000
      vertex -0.000866 37.000000 -0.000500
      vertex -0.000819 37.000000 -0.000574
    endloop
  endfacet
  facet normal 0.000000 -1.000000 0.000000
    outer loop
      vertex 0.000000 37.000000 0.000000
      vertex -0.000819 37.000000 -0.000574
      vertex -0.000766 37.000000 -0.000643
    endloop
  endfacet
  facet normal 0.000000 -1.000000 0.000000
    outer loop
      vertex 0.000000 37.000000 0.000000
      vertex -0.000766 37.000000 -0.000643
      vertex -0.000707 37.000000 -0.000707
    endloop
  endfacet
  facet normal 0.000000 -1.000000 0.000000
    outer loop
      vertex 0.000000 37.000000 0.000000
      vertex -0.000707 37.000000 -0.000707
      vertex -0.000643 37.000000 -0.000766
    endloop
  endfacet
  facet normal 0.000000 -1.000000 0.000000
    outer loop
      vertex 0.000000 37.000000 0.000000
      vertex -0.000643 37.000000 -0.000766
      vertex -0.000574 37.000000 -0.000819
    endloop
  endfacet
  facet normal 0.000000 -1.000000 0.000000
    outer loop
      vertex 0.000000 37.000000 0.000000
      vertex -0.000574 37.000000 -0.000819
      vertex -0.000500 37.000000 -0.000866
    endloop
  endfacet
  facet normal 0.000000 -1.000000 0.000000
    outer loop
      vertex 0.000000 37.000000 0.000000
      vertex -0.000500 37.000000 -0.000866
      vertex -0.000423 37.000000 -0.000906
    endloop
  endfacet
  facet normal 0.000000 -1.000000 0.000000
    outer loop
      vertex 0.000000 37.000000 0.000000
      vertex -0.000423 37.000000 -0.000906
      vertex -0.000342 37.000000 -0.000940
    endloop
  endfacet
  facet normal 0.000000 -1.000000 0.000000
    outer loop
      vertex 0.000000 37.000000 0.000000
      vertex -0.000342 37.000000 -0.000940
      vertex -0.000259 37.000000 -0.000966
    endloop
  endfacet
  facet normal 0.000000 -1.000000 0.000000
    outer loop
      vertex 0.000000 37.000000 0.000000
      vertex -0.000259 37.000000 -0.000966
      vertex -0.000174 37.000000 -0.000985
    endloop
  endfacet
  facet normal 0.000000 -1.000000 0.000000
    outer loop
      vertex 0.000000 37.000000 0.000000
      vertex -0.000174 37.000000 -0.000985
      vertex -0.000087 37.000000 -0.000996
    endloop
  endfacet
  facet normal 0.000000 -1.000000 0.000000
    outer loop
      vertex 0.000000 37.000000 0.000000
      vertex -0.000087 37.000000 -0.000996
      vertex -0.000000 37.000000 -0.001000
    endloop
  endfacet
  facet normal 0.000000 -1.000000 -0.000000
    outer loop
      vertex 0.000000 37.000000 0.000000
      vertex -0.000000 37.000000 -0.001000
      vertex 0.000087 37.000000 -0.000996
    endloop
  endfacet
  facet normal 0.000000 -1.000000 0.000000
    outer loop
      vertex 0.000000 37.000000 0.000000
      vertex 0.000087 37.000000 -0.000996
      vertex 0.000174 37.000000 -0.000985
    endloop
  endfacet
  facet normal 0.000000 -1.000000 0.000000
    outer loop
      vertex 0.000000 37.000000 0.000000
      vertex 0.000174 37.000000 -0.000985
      vertex 0.000259 37.000000 -0.000966
    endloop
  endfacet
  facet normal 0.000000 -1.000000 0.000000
    outer loop
      vertex 0.000000 37.000000 0.000000
      vertex 0.000259 37.000000 -0.000966
      vertex 0.000342 37.000000 -0.000940
    endloop
  endfacet
  facet normal 0.000000 -1.000000 0.000000
    outer loop
      vertex 0.000000 37.000000 0.000000
      vertex 0.000342 37.000000 -0.000940
      vertex 0.000423 37.000000 -0.000906
    endloop
  endfacet
  facet normal 0.000000 -1.000000 0.000000
    outer loop
      vertex 0.000000 37.000000 0.000000
      vertex 0.000423 37.000000 -0.000906
      vertex 0.000500 37.000000 -0.000866
    endloop
  endfacet
  facet normal 0.000000 -1.000000 0.000000
    outer loop
      vertex 0.000000 37.000000 0.000000
      vertex 0.000500 37.000000 -0.000866
      vertex 0.000574 37.000000 -0.000819
    endloop
  endfacet
  facet normal 0.000000 -1.000000 0.000000
    outer loop
      vertex 0.000000 37.000000 0.000000
      vertex 0.000574 37.000000 -0.000819
      vertex 0.000643 37.000000 -0.000766
    endloop
  endfacet
  facet normal 0.000000 -1.000000 0.000000
    outer loop
      vertex 0.000000 37.000000 0.000000
      vertex 0.000643 37.000000 -0.000766
      vertex 0.000707 37.000000 -0.000707
    endloop
  endfacet
  facet normal 0.000000 -1.000000 0.000000
    outer loop
      vertex 0.000000 37.000000 0.000000
      vertex 0.000707 37.000000 -0.000707
      vertex 0.000766 37.000000 -0.000643
    endloop
  endfacet
  facet normal 0.000000 -1.000000 0.000000
    outer loop
      vertex 0.000000 37.000000 0.000000
      vertex 0.000766 37.000000 -0.000643
      vertex 0.000819 37.000000 -0.000574
    endloop
  endfacet
  facet normal 0.000000 -1.000000 0.000000
    outer loop
      vertex 0.000000 37.000000 0.000000
      vertex 0.000819 37.000000 -0.000574
      vertex 0.000866 37.000000 -0.000500
    endloop
  endfacet
  facet normal 0.000000 -1.000000 0.000000
    outer loop
      vertex 0.000000 37.000000 0.000000
      vertex 0.000866 37.000000 -0.000500
      vertex 0.000906 37.000000 -0.000423
    endloop
  endfacet
  facet normal 0.000000 -1.000000 0.000000
    outer loop
      vertex 0.000000 37.000000 0.000000
      vertex 0.000906 37.000000 -0.000423
      vertex 0.000940 37.000000 -0.000342
    endloop
  endfacet
  facet normal 0.000000 -1.000000 0.000000
    outer loop
      vertex 0.000000 37.000000 0.000000
      vertex 0.000940 37.000000 -0.000342
      vertex 0.000966 37.000000 -0.000259
    endloop
  endfacet
  facet normal 0.000000 -1.000000 0.000000
    outer loop
      vertex 0.000000 37.000000 0.000000
      vertex 0.000966 37.000000 -0.000259
      vertex 0.000985 37.000000 -0.000174
    endloop
  endfacet
  facet normal 0.000000 -1.000000 0.000000
    outer loop
      vertex 0.000000 37.000000 0.000000
      vertex 0.000985 37.000000 -0.000174
      vertex 0.000996 37.000000 -0.000087
    endloop
  endfacet
  facet normal 0.000000 -1.000000 0.000000
    outer loop
      vertex 0.000000 37.000000 0.000000
      vertex 0.000996 37.000000 -0.000087
      vertex 0.001000 37.000000 0.000000
    endloop
  endfacet
  facet normal 0.000000 0.000000 -1.000000
    outer loop
      vertex 4.500000 3.000000 0.400000
      vertex 4.500000 18.000000 0.400000
      vertex 8.500000 14.625000 0.400000
    endloop
  endfacet
  facet normal 0.000000 0.000000 -1.000000
    outer loop
      vertex 4.500000 3.000000 0.400000
      vertex 8.500000 14.625000 0.400000
      vertex 8.500000 6.375000 0.400000
    endloop
  endfacet
  facet normal 0.000000 0.000000 1.000000
    outer loop
      vertex 4.500000 3.000000 -0.400000
      vertex 8.500000 6.375000 -0.400000
      vertex 8.500000 14.625000 -0.400000
    endloop
  endfacet
  facet normal 0.000000 0.000000 1.000000
    outer loop
      vertex 4.500000 3.000000 -0.400000
      vertex 8.500000 14.625000 -0.400000
      vertex 4.500000 18.000000 -0.400000
    endloop
  endfacet
  facet normal 1.000000 0.000000 0.000000
    outer loop
      vertex 4.500000 3.000000 0.400000
      vertex 4.500000 3.000000 -0.400000
      vertex 4.500000 18.000000 -0.400000
    endloop
  endfacet
  facet normal 1.000000 -0.000000 0.000000
    outer loop
      vertex 4.500000 3.000000 0.400000
      vertex 4.500000 18.000000 -0.400000
      vertex 4.500000 18.000000 0.400000
    endloop
  endfacet
  facet normal -1.000000 0.000000 0.000000
    outer loop
      vertex 8.500000 6.375000 0.400000
      vertex 8.500000 14.625000 0.400000
      vertex 8.500000 14.625000 -0.400000
    endloop
  endfacet
  facet normal -1.000000 0.000000 0.000000
    outer loop
      vertex 8.500000 6.375000 0.400000
      vertex 8.500000 14.625000 -0.400000
      vertex 8.500000 6.375000 -0.400000
    endloop
  endfacet
  facet normal -0.644871 0.764291 0.000000
    outer loop
      vertex 4.500000 3.000000 0.400000
      vertex 8.500000 6.375000 0.400000
      vertex 8.500000 6.375000 -0.400000
    endloop
  endfacet
  facet normal -0.644871 0.764291 0.000000
    outer loop
      vertex 4.500000 3.000000 0.400000
      vertex 8.500000 6.375000 -0.400000
      vertex 4.500000 3.000000 -0.400000
    endloop
  endfacet
  facet normal -0.644871 -0.764291 -0.000000
    outer loop
      vertex 4.500000 18.000000 0.400000
      vertex 4.500000 18.000000 -0.400000
      vertex 8.500000 14.625000 -0.400000
    endloop
  endfacet
  facet normal -0.644871 -0.764291 0.000000
    outer loop
      vertex 4.500000 18.000000 0.400000
      vertex 8.500000 14.625000 -0.400000
      vertex 8.500000 14.625000 0.400000
    endloop
  endfacet
  facet normal 0.000000 -0.000000 1.000000
    outer loop
      vertex -4.500000 3.000000 -0.400000
      vertex -4.500000 18.000000 -0.400000
      vertex -8.500000 14.625000 -0.400000
    endloop
  endfacet
  facet normal 0.000000 0.000000 1.000000
    outer loop
      vertex -4.500000 3.000000 -0.400000
      vertex -8.500000 14.625000 -0.400000
      vertex -8.500000 6.375000 -0.400000
    endloop
  endfacet
  facet normal -0.000000 0.000000 -1.000000
    outer loop
      vertex -4.500000 3.000000 0.400000
      vertex -8.500000 6.375000 0.400000
      vertex -8.500000 14.625000 0.400000
    endloop
  endfacet
  facet normal -0.000000 0.000000 -1.000000
    outer loop
      vertex -4.500000 3.000000 0.400000
      vertex -8.500000 14.625000 0.400000
      vertex -4.500000 18.000000 0.400000
    endloop
  endfacet
  facet normal -1.000000 0.000000 0.000000
    outer loop
      vertex -4.500000 3.000000 -0.400000
      vertex -4.500000 3.000000 0.400000
      vertex -4.500000 18.000000 0.400000
    endloop
  endfacet
  facet normal -1.000000 0.000000 0.000000
    outer loop
      vertex -4.500000 3.000000 -0.400000
      vertex -4.500000 18.000000 0.400000
      vertex -4.500000 18.000000 -0.400000
    endloop
  endfacet
  facet normal 1.000000 0.000000 0.000000
    outer loop
      vertex -8.500000 6.375000 -0.400000
      vertex -8.500000 14.625000 -0.400000
      vertex -8.500000 14.625000 0.400000
    endloop
  endfacet
  facet normal 1.000000 0.000000 0.000000
    outer loop
      vertex -8.500000 6.375000 -0.400000
      vertex -8.500000 14.625000 0.400000
      vertex -8.500000 6.375000 0.400000
    endloop
  endfacet
  facet normal 0.644871 0.764291 0.000000
    outer loop
      vertex -4.500000 3.000000 -0.400000
      vertex -8.500000 6.375000 -0.400000
      vertex -8.500000 6.375000 0.400000
    endloop
  endfacet
  facet normal 0.644871 0.764291 -0.000000
    outer loop
      vertex -4.500000 3.000000 -0.400000
      vertex -8.500000 6.375000 0.400000
      vertex -4.500000 3.000000 0.400000
    endloop
  endfacet
  facet normal 0.644871 -0.764291 0.000000
    outer loop
      vertex -4.500000 18.000000 -0.400000
      vertex -4.500000 18.000000 0.400000
      vertex -8.500000 14.625000 0.400000
    endloop
  endfacet
  facet normal 0.644871 -0.764291 0.000000
    outer loop
      vertex -4.500000 18.000000 -0.400000
      vertex -8.500000 14.625000 0.400000
      vertex -8.500000 14.625000 -0.400000
    endloop
  endfacet
  facet normal 1.000000 0.000000 -0.000000
    outer loop
      vertex -0.300000 38.000000 4.500000
      vertex -0.300000 46.000000 4.500000
      vertex -0.300000 43.800000 7.500000
    endloop
  endfacet
  facet normal 1.000000 0.000000 -0.000000
    outer loop
      vertex -0.300000 38.000000 4.500000
      vertex -0.300000 43.800000 7.500000
      vertex -0.300000 40.200000 7.500000
    endloop
  endfacet
  facet normal -1.000000 0.000000 0.000000
    outer loop
      vertex 0.300000 38.000000 4.500000
      vertex 0.300000 40.200000 7.500000
      vertex 0.300000 43.800000 7.500000
    endloop
  endfacet
  facet normal -1.000000 0.000000 0.000000
    outer loop
      vertex 0.300000 38.000000 4.500000
      vertex 0.300000 43.800000 7.500000
      vertex 0.300000 46.000000 4.500000
    endloop
  endfacet
  facet normal 0.000000 0.000000 1.000000
    outer loop
      vertex -0.300000 38.000000 4.500000
      vertex 0.300000 38.000000 4.500000
      vertex 0.300000 46.000000 4.500000
    endloop
  endfacet
  facet normal 0.000000 0.000000 1.000000
    outer loop
      vertex -0.300000 38.000000 4.500000
      vertex 0.300000 46.000000 4.500000
      vertex -0.300000 46.000000 4.500000
    endloop
  endfacet
  facet normal 0.000000 0.000000 -1.000000
    outer loop
      vertex -0.300000 40.200000 7.500000
      vertex -0.300000 43.800000 7.500000
      vertex 0.300000 43.800000 7.500000
    endloop
  endfacet
  facet normal 0.000000 0.000000 -1.000000
    outer loop
      vertex -0.300000 40.200000 7.500000
      vertex 0.300000 43.800000 7.500000
      vertex 0.300000 40.200000 7.500000
    endloop
  endfacet
  facet normal 0.000000 0.806405 -0.591364
    outer loop
      vertex -0.300000 38.000000 4.500000
      vertex -0.300000 40.200000 7.500000
      vertex 0.300000 40.200000 7.500000
    endloop
  endfacet
  facet normal 0.000000 0.806405 -0.591364
    outer loop
      vertex -0.300000 38.000000 4.500000
      vertex 0.300000 40.200000 7.500000
      vertex 0.300000 38.000000 4.500000
    endloop
  endfacet
  facet normal 0.000000 -0.806405 -0.591364
    outer loop
      vertex -0.300000 46.000000 4.500000
      vertex 0.300000 46.000000 4.500000
      vertex 0.300000 43.800000 7.500000
    endloop
  endfacet
  facet normal 0.000000 -0.806405 -0.591364
    outer loop
      vertex -0.300000 46.000000 4.500000
      vertex 0.300000 43.800000 7.500000
      vertex -0.300000 43.800000 7.500000
    endloop
  endfacet
  facet normal -1.000000 0.000000 0.000000
    outer loop
      vertex 0.300000 38.000000 -4.500000
      vertex 0.300000 46.000000 -4.500000
      vertex 0.300000 43.800000 -7.500000
    endloop
  endfacet
  facet normal -1.000000 0.000000 0.000000
    outer loop
      vertex 0.300000 38.000000 -4.500000
      vertex 0.300000 43.800000 -7.500000
      vertex 0.300000 40.200000 -7.500000
    endloop
  endfacet
  facet normal 1.000000 0.000000 -0.000000
    outer loop
      vertex -0.300000 38.000000 -4.500000
      vertex -0.300000 40.200000 -7.500000
      vertex -0.300000 43.800000 -7.500000
    endloop
  endfacet
  facet normal 1.000000 0.000000 -0.000000
    outer loop
      vertex -0.300000 38.000000 -4.500000
      vertex -0.300000 43.800000 -7.500000
      vertex -0.300000 46.000000 -4.500000
    endloop
  endfacet
  facet normal 0.000000 0.000000 -1.000000
    outer loop
      vertex 0.300000 38.000000 -4.500000
      vertex -0.300000 38.000000 -4.500000
      vertex -0.300000 46.000000 -4.500000
    endloop
  endfacet
  facet normal 0.000000 0.000000 -1.000000
    outer loop
      vertex 0.300000 38.000000 -4.500000
      vertex -0.300000 46.000000 -4.500000
      vertex 0.300000 46.000000 -4.500000
    endloop
  endfacet
  facet normal 0.000000 -0.000000 1.000000
    outer loop
      vertex 0.300000 40.200000 -7.500000
      vertex 0.300000 43.800000 -7.500000
      vertex -0.300000 43.800000 -7.500000
    endloop
  endfacet
  facet normal 0.000000 0.000000 1.000000
    outer loop
      vertex 0.300000 40.200000 -7.500000
      vertex -0.300000 43.800000 -7.500000
      vertex -0.300000 40.200000 -7.500000
    endloop
  endfacet
  facet normal 0.000000 0.806405 0.591364
    outer loop
      vertex 0.300000 38.000000 -4.500000
      vertex 0.300000 40.200000 -7.500000
      vertex -0.300000 40.200000 -7.500000
    endloop
  endfacet
  facet normal 0.000000 0.806405 0.591364
    outer loop
      vertex 0.300000 38.000000 -4.500000
      vertex -0.300000 40.200000 -7.500000
      vertex -0.300000 38.000000 -4.500000
    endloop
  endfacet
  facet normal 0.000000 -0.806405 0.591364
    outer loop
      vertex 0.300000 46.000000 -4.500000
      vertex -0.300000 46.000000 -4.500000
      vertex -0.300000 43.800000 -7.500000
    endloop
  endfacet
  facet normal 0.000000 -0.806405 0.591364
    outer loop
      vertex 0.300000 46.000000 -4.500000
      vertex -0.300000 43.800000 -7.500000
      vertex 0.300000 43.800000 -7.500000
    endloop
  endfacet
  facet normal -0.979234 0.130564 -0.155095
    outer loop
      vertex 0.900000 0.000000 1.500000
      vertex 0.500000 -3.000000 1.500000
      vertex 0.475528 -3.000000 1.654508
    endloop
  endfacet
  facet normal -0.979234 0.130564 -0.155095
    outer loop
      vertex 0.900000 0.000000 1.500000
      vertex 0.475528 -3.000000 1.654508
      vertex 0.855951 0.000000 1.778115
    endloop
  endfacet
  facet normal 0.000000 1.000000 0.000000
    outer loop
      vertex 0.000000 0.000000 1.500000
      vertex 0.855951 0.000000 1.778115
      vertex 0.900000 0.000000 1.500000
    endloop
  endfacet
  facet normal 0.000000 -1.000000 0.000000
    outer loop
      vertex 0.000000 -3.000000 1.500000
      vertex 0.500000 -3.000000 1.500000
      vertex 0.475528 -3.000000 1.654508
    endloop
  endfacet
  facet normal -0.883379 0.130564 -0.450104
    outer loop
      vertex 0.855951 0.000000 1.778115
      vertex 0.475528 -3.000000 1.654508
      vertex 0.404508 -3.000000 1.793893
    endloop
  endfacet
  facet normal -0.883379 0.130564 -0.450104
    outer loop
      vertex 0.855951 0.000000 1.778115
      vertex 0.404508 -3.000000 1.793893
      vertex 0.728115 0.000000 2.029007
    endloop
  endfacet
  facet normal 0.000000 1.000000 0.000000
    outer loop
      vertex 0.000000 0.000000 1.500000
      vertex 0.728115 0.000000 2.029007
      vertex 0.855951 0.000000 1.778115
    endloop
  endfacet
  facet normal 0.000000 -1.000000 0.000000
    outer loop
      vertex 0.000000 -3.000000 1.500000
      vertex 0.475528 -3.000000 1.654508
      vertex 0.404508 -3.000000 1.793893
    endloop
  endfacet
  facet normal -0.701054 0.130564 -0.701054
    outer loop
      vertex 0.728115 0.000000 2.029007
      vertex 0.404508 -3.000000 1.793893
      vertex 0.293893 -3.000000 1.904508
    endloop
  endfacet
  facet normal -0.701054 0.130564 -0.701054
    outer loop
      vertex 0.728115 0.000000 2.029007
      vertex 0.293893 -3.000000 1.904508
      vertex 0.529007 0.000000 2.228115
    endloop
  endfacet
  facet normal 0.000000 1.000000 0.000000
    outer loop
      vertex 0.000000 0.000000 1.500000
      vertex 0.529007 0.000000 2.228115
      vertex 0.728115 0.000000 2.029007
    endloop
  endfacet
  facet normal 0.000000 -1.000000 0.000000
    outer loop
      vertex 0.000000 -3.000000 1.500000
      vertex 0.404508 -3.000000 1.793893
      vertex 0.293893 -3.000000 1.904508
    endloop
  endfacet
  facet normal -0.450104 0.130564 -0.883379
    outer loop
      vertex 0.529007 0.000000 2.228115
      vertex 0.293893 -3.000000 1.904508
      vertex 0.154508 -3.000000 1.975528
    endloop
  endfacet
  facet normal -0.450104 0.130564 -0.883379
    outer loop
      vertex 0.529007 0.000000 2.228115
      vertex 0.154508 -3.000000 1.975528
      vertex 0.278115 0.000000 2.355951
    endloop
  endfacet
  facet normal 0.000000 1.000000 0.000000
    outer loop
      vertex 0.000000 0.000000 1.500000
      vertex 0.278115 0.000000 2.355951
      vertex 0.529007 0.000000 2.228115
    endloop
  endfacet
  facet normal 0.000000 -1.000000 0.000000
    outer loop
      vertex 0.000000 -3.000000 1.500000
      vertex 0.293893 -3.000000 1.904508
      vertex 0.154508 -3.000000 1.975528
    endloop
  endfacet
  facet normal -0.155095 0.130564 -0.979234
    outer loop
      vertex 0.278115 0.000000 2.355951
      vertex 0.154508 -3.000000 1.975528
      vertex 0.000000 -3.000000 2.000000
    endloop
  endfacet
  facet normal -0.155095 0.130564 -0.979234
    outer loop
      vertex 0.278115 0.000000 2.355951
      vertex 0.000000 -3.000000 2.000000
      vertex 0.000000 0.000000 2.400000
    endloop
  endfacet
  facet normal 0.000000 1.000000 0.000000
    outer loop
      vertex 0.000000 0.000000 1.500000
      vertex 0.000000 0.000000 2.400000
      vertex 0.278115 0.000000 2.355951
    endloop
  endfacet
  facet normal 0.000000 -1.000000 0.000000
    outer loop
      vertex 0.000000 -3.000000 1.500000
      vertex 0.154508 -3.000000 1.975528
      vertex 0.000000 -3.000000 2.000000
    endloop
  endfacet
  facet normal 0.155095 0.130564 -0.979234
    outer loop
      vertex 0.000000 0.000000 2.400000
      vertex 0.000000 -3.000000 2.000000
      vertex -0.154508 -3.000000 1.975528
    endloop
  endfacet
  facet normal 0.155095 0.130564 -0.979234
    outer loop
      vertex 0.000000 0.000000 2.400000
      vertex -0.154508 -3.000000 1.975528
      vertex -0.278115 0.000000 2.355951
    endloop
  endfacet
  facet normal 0.000000 1.000000 -0.000000
    outer loop
      vertex 0.000000 0.000000 1.500000
      vertex -0.278115 0.000000 2.355951
      vertex 0.000000 0.000000 2.400000
    endloop
  endfacet
  facet normal 0.000000 -1.000000 0.000000
    outer loop
      vertex 0.000000 -3.000000 1.500000
      vertex 0.000000 -3.000000 2.000000
      vertex -0.154508 -3.000000 1.975528
    endloop
  endfacet
  facet normal 0.450104 0.130564 -0.883379
    outer loop
      vertex -0.278115 0.000000 2.355951
      vertex -0.154508 -3.000000 1.975528
      vertex -0.293893 -3.000000 1.904508
    endloop
  endfacet
  facet normal 0.450104 0.130564 -0.883379
    outer loop
      vertex -0.278115 0.000000 2.355951
      vertex -0.293893 -3.000000 1.904508
      vertex -0.529007 0.000000 2.228115
    endloop
  endfacet
  facet normal 0.000000 1.000000 0.000000
    outer loop
      vertex 0.000000 0.000000 1.500000
      vertex -0.529007 0.000000 2.228115
      vertex -0.278115 0.000000 2.355951
    endloop
  endfacet
  facet normal 0.000000 -1.000000 0.000000
    outer loop
      vertex 0.000000 -3.000000 1.500000
      vertex -0.154508 -3.000000 1.975528
      vertex -0.293893 -3.000000 1.904508
    endloop
  endfacet
  facet normal 0.701054 0.130564 -0.701054
    outer loop
      vertex -0.529007 0.000000 2.228115
      vertex -0.293893 -3.000000 1.904508
      vertex -0.404508 -3.000000 1.793893
    endloop
  endfacet
  facet normal 0.701054 0.130564 -0.701054
    outer loop
      vertex -0.529007 0.000000 2.228115
      vertex -0.404508 -3.000000 1.793893
      vertex -0.728115 0.000000 2.029007
    endloop
  endfacet
  facet normal 0.000000 1.000000 0.000000
    outer loop
      vertex 0.000000 0.000000 1.500000
      vertex -0.728115 0.000000 2.029007
      vertex -0.529007 0.000000 2.228115
    endloop
  endfacet
  facet normal 0.000000 -1.000000 0.000000
    outer loop
      vertex 0.000000 -3.000000 1.500000
      vertex -0.293893 -3.000000 1.904508
      vertex -0.404508 -3.000000 1.793893
    endloop
  endfacet
  facet normal 0.883379 0.130564 -0.450104
    outer loop
      vertex -0.728115 0.000000 2.029007
      vertex -0.404508 -3.000000 1.793893
      vertex -0.475528 -3.000000 1.654508
    endloop
  endfacet
  facet normal 0.883379 0.130564 -0.450104
    outer loop
      vertex -0.728115 0.000000 2.029007
      vertex -0.475528 -3.000000 1.654508
      vertex -0.855951 0.000000 1.778115
    endloop
  endfacet
  facet normal 0.000000 1.000000 0.000000
    outer loop
      vertex 0.000000 0.000000 1.500000
      vertex -0.855951 0.000000 1.778115
      vertex -0.728115 0.000000 2.029007
    endloop
  endfacet
  facet normal 0.000000 -1.000000 0.000000
    outer loop
      vertex 0.000000 -3.000000 1.500000
      vertex -0.404508 -3.000000 1.793893
      vertex -0.475528 -3.000000 1.654508
    endloop
  endfacet
  facet normal 0.979234 0.130564 -0.155095
    outer loop
      vertex -0.855951 0.000000 1.778115
      vertex -0.475528 -3.000000 1.654508
      vertex -0.500000 -3.000000 1.500000
    endloop
  endfacet
  facet normal 0.979234 0.130564 -0.155095
    outer loop
      vertex -0.855951 0.000000 1.778115
      vertex -0.500000 -3.000000 1.500000
      vertex -0.900000 0.000000 1.500000
    endloop
  endfacet
  facet normal 0.000000 1.000000 0.000000
    outer loop
      vertex 0.000000 0.000000 1.500000
      vertex -0.900000 0.000000 1.500000
      vertex -0.855951 0.000000 1.778115
    endloop
  endfacet
  facet normal 0.000000 -1.000000 0.000000
    outer loop
      vertex 0.000000 -3.000000 1.500000
      vertex -0.475528 -3.000000 1.654508
      vertex -0.500000 -3.000000 1.500000
    endloop
  endfacet
  facet normal 0.979234 0.130564 0.155095
    outer loop
      vertex -0.900000 0.000000 1.500000
      vertex -0.500000 -3.000000 1.500000
      vertex -0.475528 -3.000000 1.345492
    endloop
  endfacet
  facet normal 0.979234 0.130564 0.155095
    outer loop
      vertex -0.900000 0.000000 1.500000
      vertex -0.475528 -3.000000 1.345492
      vertex -0.855951 0.000000 1.221885
    endloop
  endfacet
  facet normal 0.000000 1.000000 0.000000
    outer loop
      vertex 0.000000 0.000000 1.500000
      vertex -0.855951 0.000000 1.221885
      vertex -0.900000 0.000000 1.500000
    endloop
  endfacet
  facet normal -0.000000 -1.000000 0.000000
    outer loop
      vertex 0.000000 -3.000000 1.500000
      vertex -0.500000 -3.000000 1.500000
      vertex -0.475528 -3.000000 1.345492
    endloop
  endfacet
  facet normal 0.883379 0.130564 0.450104
    outer loop
      vertex -0.855951 0.000000 1.221885
      vertex -0.475528 -3.000000 1.345492
      vertex -0.404508 -3.000000 1.206107
    endloop
  endfacet
  facet normal 0.883379 0.130564 0.450104
    outer loop
      vertex -0.855951 0.000000 1.221885
      vertex -0.404508 -3.000000 1.206107
      vertex -0.728115 0.000000 0.970993
    endloop
  endfacet
  facet normal 0.000000 1.000000 0.000000
    outer loop
      vertex 0.000000 0.000000 1.500000
      vertex -0.728115 0.000000 0.970993
      vertex -0.855951 0.000000 1.221885
    endloop
  endfacet
  facet normal 0.000000 -1.000000 0.000000
    outer loop
      vertex 0.000000 -3.000000 1.500000
      vertex -0.475528 -3.000000 1.345492
      vertex -0.404508 -3.000000 1.206107
    endloop
  endfacet
  facet normal 0.701054 0.130564 0.701054
    outer loop
      vertex -0.728115 0.000000 0.970993
      vertex -0.404508 -3.000000 1.206107
      vertex -0.293893 -3.000000 1.095492
    endloop
  endfacet
  facet normal 0.701054 0.130564 0.701054
    outer loop
      vertex -0.728115 0.000000 0.970993
      vertex -0.293893 -3.000000 1.095492
      vertex -0.529007 0.000000 0.771885
    endloop
  endfacet
  facet normal 0.000000 1.000000 0.000000
    outer loop
      vertex 0.000000 0.000000 1.500000
      vertex -0.529007 0.000000 0.771885
      vertex -0.728115 0.000000 0.970993
    endloop
  endfacet
  facet normal 0.000000 -1.000000 0.000000
    outer loop
      vertex 0.000000 -3.000000 1.500000
      vertex -0.404508 -3.000000 1.206107
      vertex -0.293893 -3.000000 1.095492
    endloop
  endfacet
  facet normal 0.450104 0.130564 0.883379
    outer loop
      vertex -0.529007 0.000000 0.771885
      vertex -0.293893 -3.000000 1.095492
      vertex -0.154508 -3.000000 1.024472
    endloop
  endfacet
  facet normal 0.450104 0.130564 0.883379
    outer loop
      vertex -0.529007 0.000000 0.771885
      vertex -0.154508 -3.000000 1.024472
      vertex -0.278115 0.000000 0.644049
    endloop
  endfacet
  facet normal 0.000000 1.000000 0.000000
    outer loop
      vertex 0.000000 0.000000 1.500000
      vertex -0.278115 0.000000 0.644049
      vertex -0.529007 0.000000 0.771885
    endloop
  endfacet
  facet normal 0.000000 -1.000000 0.000000
    outer loop
      vertex 0.000000 -3.000000 1.500000
      vertex -0.293893 -3.000000 1.095492
      vertex -0.154508 -3.000000 1.024472
    endloop
  endfacet
  facet normal 0.155095 0.130564 0.979234
    outer loop
      vertex -0.278115 0.000000 0.644049
      vertex -0.154508 -3.000000 1.024472
      vertex 0.000000 -3.000000 1.000000
    endloop
  endfacet
  facet normal 0.155095 0.130564 0.979234
    outer loop
      vertex -0.278115 0.000000 0.644049
      vertex 0.000000 -3.000000 1.000000
      vertex -0.000000 0.000000 0.600000
    endloop
  endfacet
  facet normal 0.000000 1.000000 0.000000
    outer loop
      vertex 0.000000 0.000000 1.500000
      vertex -0.000000 0.000000 0.600000
      vertex -0.278115 0.000000 0.644049
    endloop
  endfacet
  facet normal 0.000000 -1.000000 0.000000
    outer loop
      vertex 0.000000 -3.000000 1.500000
      vertex -0.154508 -3.000000 1.024472
      vertex 0.000000 -3.000000 1.000000
    endloop
  endfacet
  facet normal -0.155095 0.130564 0.979234
    outer loop
      vertex -0.000000 0.000000 0.600000
      vertex 0.000000 -3.000000 1.000000
      vertex 0.154508 -3.000000 1.024472
    endloop
  endfacet
  facet normal -0.155095 0.130564 0.979234
    outer loop
      vertex -0.000000 0.000000 0.600000
      vertex 0.154508 -3.000000 1.024472
      vertex 0.278115 0.000000 0.644049
    endloop
  endfacet
  facet normal 0.000000 1.000000 0.000000
    outer loop
      vertex 0.000000 0.000000 1.500000
      vertex 0.278115 0.000000 0.644049
      vertex -0.000000 0.000000 0.600000
    endloop
  endfacet
  facet normal 0.000000 -1.000000 -0.000000
    outer loop
      vertex 0.000000 -3.000000 1.500000
      vertex 0.000000 -3.000000 1.000000
      vertex 0.154508 -3.000000 1.024472
    endloop
  endfacet
  facet normal -0.450104 0.130564 0.883379
    outer loop
      vertex 0.278115 0.000000 0.644049
      vertex 0.154508 -3.000000 1.024472
      vertex 0.293893 -3.000000 1.095492
    endloop
  endfacet
  facet normal -0.450104 0.130564 0.883379
    outer loop
      vertex 0.278115 0.000000 0.644049
      vertex 0.293893 -3.000000 1.095492
      vertex 0.529007 0.000000 0.771885
    endloop
  endfacet
  facet normal 0.000000 1.000000 0.000000
    outer loop
      vertex 0.000000 0.000000 1.500000
      vertex 0.529007 0.000000 0.771885
      vertex 0.278115 0.000000 0.644049
    endloop
  endfacet
  facet normal 0.000000 -1.000000 0.000000
    outer loop
      vertex 0.000000 -3.000000 1.500000
      vertex 0.154508 -3.000000 1.024472
      vertex 0.293893 -3.000000 1.095492
    endloop
  endfacet
  facet normal -0.701054 0.130564 0.701054
    outer loop
      vertex 0.529007 0.000000 0.771885
      vertex 0.293893 -3.000000 1.095492
      vertex 0.404508 -3.000000 1.206107
    endloop
  endfacet
  facet normal -0.701054 0.130564 0.701054
    outer loop
      vertex 0.529007 0.000000 0.771885
      vertex 0.404508 -3.000000 1.206107
      vertex 0.728115 0.000000 0.970993
    endloop
  endfacet
  facet normal 0.000000 1.000000 0.000000
    outer loop
      vertex 0.000000 0.000000 1.500000
      vertex 0.728115 0.000000 0.970993
      vertex 0.529007 0.000000 0.771885
    endloop
  endfacet
  facet normal 0.000000 -1.000000 0.000000
    outer loop
      vertex 0.000000 -3.000000 1.500000
      vertex 0.293893 -3.000000 1.095492
      vertex 0.404508 -3.000000 1.206107
    endloop
  endfacet
  facet normal -0.883379 0.130564 0.450104
    outer loop
      vertex 0.728115 0.000000 0.970993
      vertex 0.404508 -3.000000 1.206107
      vertex 0.475528 -3.000000 1.345492
    endloop
  endfacet
  facet normal -0.883379 0.130564 0.450104
    outer loop
      vertex 0.728115 0.000000 0.970993
      vertex 0.475528 -3.000000 1.345492
      vertex 0.855951 0.000000 1.221885
    endloop
  endfacet
  facet normal 0.000000 1.000000 0.000000
    outer loop
      vertex 0.000000 0.000000 1.500000
      vertex 0.855951 0.000000 1.221885
      vertex 0.728115 0.000000 0.970993
    endloop
  endfacet
  facet normal 0.000000 -1.000000 0.000000
    outer loop
      vertex 0.000000 -3.000000 1.500000
      vertex 0.404508 -3.000000 1.206107
      vertex 0.475528 -3.000000 1.345492
    endloop
  endfacet
  facet normal -0.979234 0.130564 0.155095
    outer loop
      vertex 0.855951 0.000000 1.221885
      vertex 0.475528 -3.000000 1.345492
      vertex 0.500000 -3.000000 1.500000
    endloop
  endfacet
  facet normal -0.979234 0.130564 0.155095
    outer loop
      vertex 0.855951 0.000000 1.221885
      vertex 0.500000 -3.000000 1.500000
      vertex 0.900000 0.000000 1.500000
    endloop
  endfacet
  facet normal -0.000000 1.000000 0.000000
    outer loop
      vertex 0.000000 0.000000 1.500000
      vertex 0.900000 0.000000 1.500000
      vertex 0.855951 0.000000 1.221885
    endloop
  endfacet
  facet normal 0.000000 -1.000000 0.000000
    outer loop
      vertex 0.000000 -3.000000 1.500000
      vertex 0.475528 -3.000000 1.345492
      vertex 0.500000 -3.000000 1.500000
    endloop
  endfacet
  facet normal -0.979234 0.130564 -0.155095
    outer loop
      vertex -0.399038 0.000000 -0.750000
      vertex -0.799038 -3.000000 -0.750000
      vertex -0.823510 -3.000000 -0.595492
    endloop
  endfacet
  facet normal -0.979234 0.130564 -0.155095
    outer loop
      vertex -0.399038 0.000000 -0.750000
      vertex -0.823510 -3.000000 -0.595492
      vertex -0.443087 0.000000 -0.471885
    endloop
  endfacet
  facet normal 0.000000 1.000000 0.000000
    outer loop
      vertex -1.299038 0.000000 -0.750000
      vertex -0.443087 0.000000 -0.471885
      vertex -0.399038 0.000000 -0.750000
    endloop
  endfacet
  facet normal 0.000000 -1.000000 0.000000
    outer loop
      vertex -1.299038 -3.000000 -0.750000
      vertex -0.799038 -3.000000 -0.750000
      vertex -0.823510 -3.000000 -0.595492
    endloop
  endfacet
  facet normal -0.883379 0.130564 -0.450104
    outer loop
      vertex -0.443087 0.000000 -0.471885
      vertex -0.823510 -3.000000 -0.595492
      vertex -0.894530 -3.000000 -0.456107
    endloop
  endfacet
  facet normal -0.883379 0.130564 -0.450104
    outer loop
      vertex -0.443087 0.000000 -0.471885
      vertex -0.894530 -3.000000 -0.456107
      vertex -0.570923 0.000000 -0.220993
    endloop
  endfacet
  facet normal 0.000000 1.000000 0.000000
    outer loop
      vertex -1.299038 0.000000 -0.750000
      vertex -0.570923 0.000000 -0.220993
      vertex -0.443087 0.000000 -0.471885
    endloop
  endfacet
  facet normal 0.000000 -1.000000 0.000000
    outer loop
      vertex -1.299038 -3.000000 -0.750000
      vertex -0.823510 -3.000000 -0.595492
      vertex -0.894530 -3.000000 -0.456107
    endloop
  endfacet
  facet normal -0.701054 0.130564 -0.701054
    outer loop
      vertex -0.570923 0.000000 -0.220993
      vertex -0.894530 -3.000000 -0.456107
      vertex -1.005145 -3.000000 -0.345492
    endloop
  endfacet
  facet normal -0.701054 0.130564 -0.701054
    outer loop
      vertex -0.570923 0.000000 -0.220993
      vertex -1.005145 -3.000000 -0.345492
      vertex -0.770031 0.000000 -0.021885
    endloop
  endfacet
  facet normal 0.000000 1.000000 0.000000
    outer loop
      vertex -1.299038 0.000000 -0.750000
      vertex -0.770031 0.000000 -0.021885
      vertex -0.570923 0.000000 -0.220993
    endloop
  endfacet
  facet normal 0.000000 -1.000000 0.000000
    outer loop
      vertex -1.299038 -3.000000 -0.750000
      vertex -0.894530 -3.000000 -0.456107
      vertex -1.005145 -3.000000 -0.345492
    endloop
  endfacet
  facet normal -0.450104 0.130564 -0.883379
    outer loop
      vertex -0.770031 0.000000 -0.021885
      vertex -1.005145 -3.000000 -0.345492
      vertex -1.144530 -3.000000 -0.274472
    endloop
  endfacet
  facet normal -0.450104 0.130564 -0.883379
    outer loop
      vertex -0.770031 0.000000 -0.021885
      vertex -1.144530 -3.000000 -0.274472
      vertex -1.020923 0.000000 0.105951
    endloop
  endfacet
  facet normal 0.000000 1.000000 0.000000
    outer loop
      vertex -1.299038 0.000000 -0.750000
      vertex -1.020923 0.000000 0.105951
      vertex -0.770031 0.000000 -0.021885
    endloop
  endfacet
  facet normal 0.000000 -1.000000 0.000000
    outer loop
      vertex -1.299038 -3.000000 -0.750000
      vertex -1.005145 -3.000000 -0.345492
      vertex -1.144530 -3.000000 -0.274472
    endloop
  endfacet
  facet normal -0.155095 0.130564 -0.979234
    outer loop
      vertex -1.020923 0.000000 0.105951
      vertex -1.144530 -3.000000 -0.274472
      vertex -1.299038 -3.000000 -0.250000
    endloop
  endfacet
  facet normal -0.155095 0.130564 -0.979234
    outer loop
      vertex -1.020923 0.000000 0.105951
      vertex -1.299038 -3.000000 -0.250000
      vertex -1.299038 0.000000 0.150000
    endloop
  endfacet
  facet normal 0.000000 1.000000 0.000000
    outer loop
      vertex -1.299038 0.000000 -0.750000
      vertex -1.299038 0.000000 0.150000
      vertex -1.020923 0.000000 0.105951
    endloop
  endfacet
  facet normal 0.000000 -1.000000 0.000000
    outer loop
      vertex -1.299038 -3.000000 -0.750000
      vertex -1.144530 -3.000000 -0.274472
      vertex -1.299038 -3.000000 -0.250000
    endloop
  endfacet
  facet normal 0.155095 0.130564 -0.979234
    outer loop
      vertex -1.299038 0.000000 0.150000
      vertex -1.299038 -3.000000 -0.250000
      vertex -1.453547 -3.000000 -0.274472
    endloop
  endfacet
  facet normal 0.155095 0.130564 -0.979234
    outer loop
      vertex -1.299038 0.000000 0.150000
      vertex -1.453547 -3.000000 -0.274472
      vertex -1.577153 0.000000 0.105951
    endloop
  endfacet
  facet normal 0.000000 1.000000 -0.000000
    outer loop
      vertex -1.299038 0.000000 -0.750000
      vertex -1.577153 0.000000 0.105951
      vertex -1.299038 0.000000 0.150000
    endloop
  endfacet
  facet normal 0.000000 -1.000000 0.000000
    outer loop
      vertex -1.299038 -3.000000 -0.750000
      vertex -1.299038 -3.000000 -0.250000
      vertex -1.453547 -3.000000 -0.274472
    endloop
  endfacet
  facet normal 0.450104 0.130564 -0.883379
    outer loop
      vertex -1.577153 0.000000 0.105951
      vertex -1.453547 -3.000000 -0.274472
      vertex -1.592931 -3.000000 -0.345492
    endloop
  endfacet
  facet normal 0.450104 0.130564 -0.883379
    outer loop
      vertex -1.577153 0.000000 0.105951
      vertex -1.592931 -3.000000 -0.345492
      vertex -1.828045 0.000000 -0.021885
    endloop
  endfacet
  facet normal 0.000000 1.000000 0.000000
    outer loop
      vertex -1.299038 0.000000 -0.750000
      vertex -1.828045 0.000000 -0.021885
      vertex -1.577153 0.000000 0.105951
    endloop
  endfacet
  facet normal 0.000000 -1.000000 0.000000
    outer loop
      vertex -1.299038 -3.000000 -0.750000
      vertex -1.453547 -3.000000 -0.274472
      vertex -1.592931 -3.000000 -0.345492
    endloop
  endfacet
  facet normal 0.701054 0.130564 -0.701054
    outer loop
      vertex -1.828045 0.000000 -0.021885
      vertex -1.592931 -3.000000 -0.345492
      vertex -1.703547 -3.000000 -0.456107
    endloop
  endfacet
  facet normal 0.701054 0.130564 -0.701054
    outer loop
      vertex -1.828045 0.000000 -0.021885
      vertex -1.703547 -3.000000 -0.456107
      vertex -2.027153 0.000000 -0.220993
    endloop
  endfacet
  facet normal 0.000000 1.000000 0.000000
    outer loop
      vertex -1.299038 0.000000 -0.750000
      vertex -2.027153 0.000000 -0.220993
      vertex -1.828045 0.000000 -0.021885
    endloop
  endfacet
  facet normal 0.000000 -1.000000 0.000000
    outer loop
      vertex -1.299038 -3.000000 -0.750000
      vertex -1.592931 -3.000000 -0.345492
      vertex -1.703547 -3.000000 -0.456107
    endloop
  endfacet
  facet normal 0.883379 0.130564 -0.450104
    outer loop
      vertex -2.027153 0.000000 -0.220993
      vertex -1.703547 -3.000000 -0.456107
      vertex -1.774566 -3.000000 -0.595492
    endloop
  endfacet
  facet normal 0.883379 0.130564 -0.450104
    outer loop
      vertex -2.027153 0.000000 -0.220993
      vertex -1.774566 -3.000000 -0.595492
      vertex -2.154989 0.000000 -0.471885
    endloop
  endfacet
  facet normal 0.000000 1.000000 0.000000
    outer loop
      vertex -1.299038 0.000000 -0.750000
      vertex -2.154989 0.000000 -0.471885
      vertex -2.027153 0.000000 -0.220993
    endloop
  endfacet
  facet normal 0.000000 -1.000000 0.000000
    outer loop
      vertex -1.299038 -3.000000 -0.750000
      vertex -1.703547 -3.000000 -0.456107
      vertex -1.774566 -3.000000 -0.595492
    endloop
  endfacet
  facet normal 0.979234 0.130564 -0.155095
    outer loop
      vertex -2.154989 0.000000 -0.471885
      vertex -1.774566 -3.000000 -0.595492
      vertex -1.799038 -3.000000 -0.750000
    endloop
  endfacet
  facet normal 0.979234 0.130564 -0.155095
    outer loop
      vertex -2.154989 0.000000 -0.471885
      vertex -1.799038 -3.000000 -0.750000
      vertex -2.199038 0.000000 -0.750000
    endloop
  endfacet
  facet normal 0.000000 1.000000 0.000000
    outer loop
      vertex -1.299038 0.000000 -0.750000
      vertex -2.199038 0.000000 -0.750000
      vertex -2.154989 0.000000 -0.471885
    endloop
  endfacet
  facet normal 0.000000 -1.000000 0.000000
    outer loop
      vertex -1.299038 -3.000000 -0.750000
      vertex -1.774566 -3.000000 -0.595492
      vertex -1.799038 -3.000000 -0.750000
    endloop
  endfacet
  facet normal 0.979234 0.130564 0.155095
    outer loop
      vertex -2.199038 0.000000 -0.750000
      vertex -1.799038 -3.000000 -0.750000
      vertex -1.774566 -3.000000 -0.904508
    endloop
  endfacet
  facet normal 0.979234 0.130564 0.155095
    outer loop
      vertex -2.199038 0.000000 -0.750000
      vertex -1.774566 -3.000000 -0.904508
      vertex -2.154989 0.000000 -1.028115
    endloop
  endfacet
  facet normal 0.000000 1.000000 0.000000
    outer loop
      vertex -1.299038 0.000000 -0.750000
      vertex -2.154989 0.000000 -1.028115
      vertex -2.199038 0.000000 -0.750000
    endloop
  endfacet
  facet normal -0.000000 -1.000000 0.000000
    outer loop
      vertex -1.299038 -3.000000 -0.750000
      vertex -1.799038 -3.000000 -0.750000
      vertex -1.774566 -3.000000 -0.904508
    endloop
  endfacet
  facet normal 0.883379 0.130564 0.450104
    outer loop
      vertex -2.154989 0.000000 -1.028115
      vertex -1.774566 -3.000000 -0.904508
      vertex -1.703547 -3.000000 -1.043893
    endloop
  endfacet
  facet normal 0.883379 0.130564 0.450104
    outer loop
      vertex -2.154989 0.000000 -1.028115
      vertex -1.703547 -3.000000 -1.043893
      vertex -2.027153 0.000000 -1.279007
    endloop
  endfacet
  facet normal 0.000000 1.000000 0.000000
    outer loop
      vertex -1.299038 0.000000 -0.750000
      vertex -2.027153 0.000000 -1.279007
      vertex -2.154989 0.000000 -1.028115
    endloop
  endfacet
  facet normal 0.000000 -1.000000 0.000000
    outer loop
      vertex -1.299038 -3.000000 -0.750000
      vertex -1.774566 -3.000000 -0.904508
      vertex -1.703547 -3.000000 -1.043893
    endloop
  endfacet
  facet normal 0.701054 0.130564 0.701054
    outer loop
      vertex -2.027153 0.000000 -1.279007
      vertex -1.703547 -3.000000 -1.043893
      vertex -1.592931 -3.000000 -1.154508
    endloop
  endfacet
  facet normal 0.701054 0.130564 0.701054
    outer loop
      vertex -2.027153 0.000000 -1.279007
      vertex -1.592931 -3.000000 -1.154508
      vertex -1.828045 0.000000 -1.478115
    endloop
  endfacet
  facet normal 0.000000 1.000000 0.000000
    outer loop
      vertex -1.299038 0.000000 -0.750000
      vertex -1.828045 0.000000 -1.478115
      vertex -2.027153 0.000000 -1.279007
    endloop
  endfacet
  facet normal 0.000000 -1.000000 0.000000
    outer loop
      vertex -1.299038 -3.000000 -0.750000
      vertex -1.703547 -3.000000 -1.043893
      vertex -1.592931 -3.000000 -1.154508
    endloop
  endfacet
  facet normal 0.450104 0.130564 0.883379
    outer loop
      vertex -1.828045 0.000000 -1.478115
      vertex -1.592931 -3.000000 -1.154508
      vertex -1.453547 -3.000000 -1.225528
    endloop
  endfacet
  facet normal 0.450104 0.130564 0.883379
    outer loop
      vertex -1.828045 0.000000 -1.478115
      vertex -1.453547 -3.000000 -1.225528
      vertex -1.577153 0.000000 -1.605951
    endloop
  endfacet
  facet normal 0.000000 1.000000 0.000000
    outer loop
      vertex -1.299038 0.000000 -0.750000
      vertex -1.577153 0.000000 -1.605951
      vertex -1.828045 0.000000 -1.478115
    endloop
  endfacet
  facet normal 0.000000 -1.000000 0.000000
    outer loop
      vertex -1.299038 -3.000000 -0.750000
      vertex -1.592931 -3.000000 -1.154508
      vertex -1.453547 -3.000000 -1.225528
    endloop
  endfacet
  facet normal 0.155095 0.130564 0.979234
    outer loop
      vertex -1.577153 0.000000 -1.605951
      vertex -1.453547 -3.000000 -1.225528
      vertex -1.299038 -3.000000 -1.250000
    endloop
  endfacet
  facet normal 0.155095 0.130564 0.979234
    outer loop
      vertex -1.577153 0.000000 -1.605951
      vertex -1.299038 -3.000000 -1.250000
      vertex -1.299038 0.000000 -1.650000
    endloop
  endfacet
  facet normal 0.000000 1.000000 0.000000
    outer loop
      vertex -1.299038 0.000000 -0.750000
      vertex -1.299038 0.000000 -1.650000
      vertex -1.577153 0.000000 -1.605951
    endloop
  endfacet
  facet normal 0.000000 -1.000000 -0.000000
    outer loop
      vertex -1.299038 -3.000000 -0.750000
      vertex -1.453547 -3.000000 -1.225528
      vertex -1.299038 -3.000000 -1.250000
    endloop
  endfacet
  facet normal -0.155095 0.130564 0.979234
    outer loop
      vertex -1.299038 0.000000 -1.650000
      vertex -1.299038 -3.000000 -1.250000
      vertex -1.144530 -3.000000 -1.225528
    endloop
  endfacet
  facet normal -0.155095 0.130564 0.979234
    outer loop
      vertex -1.299038 0.000000 -1.650000
      vertex -1.144530 -3.000000 -1.225528
      vertex -1.020923 0.000000 -1.605951
    endloop
  endfacet
  facet normal 0.000000 1.000000 0.000000
    outer loop
      vertex -1.299038 0.000000 -0.750000
      vertex -1.020923 0.000000 -1.605951
      vertex -1.299038 0.000000 -1.650000
    endloop
  endfacet
  facet normal 0.000000 -1.000000 0.000000
    outer loop
      vertex -1.299038 -3.000000 -0.750000
      vertex -1.299038 -3.000000 -1.250000
      vertex -1.144530 -3.000000 -1.225528
    endloop
  endfacet
  facet normal -0.450104 0.130564 0.883379
    outer loop
      vertex -1.020923 0.000000 -1.605951
      vertex -1.144530 -3.000000 -1.225528
      vertex -1.005145 -3.000000 -1.154508
    endloop
  endfacet
  facet normal -0.450104 0.130564 0.883379
    outer loop
      vertex -1.020923 0.000000 -1.605951
      vertex -1.005145 -3.000000 -1.154508
      vertex -0.770031 0.000000 -1.478115
    endloop
  endfacet
  facet normal 0.000000 1.000000 0.000000
    outer loop
      vertex -1.299038 0.000000 -0.750000
      vertex -0.770031 0.000000 -1.478115
      vertex -1.020923 0.000000 -1.605951
    endloop
  endfacet
  facet normal 0.000000 -1.000000 0.000000
    outer loop
      vertex -1.299038 -3.000000 -0.750000
      vertex -1.144530 -3.000000 -1.225528
      vertex -1.005145 -3.000000 -1.154508
    endloop
  endfacet
  facet normal -0.701054 0.130564 0.701054
    outer loop
      vertex -0.770031 0.000000 -1.478115
      vertex -1.005145 -3.000000 -1.154508
      vertex -0.894530 -3.000000 -1.043893
    endloop
  endfacet
  facet normal -0.701054 0.130564 0.701054
    outer loop
      vertex -0.770031 0.000000 -1.478115
      vertex -0.894530 -3.000000 -1.043893
      vertex -0.570923 0.000000 -1.279007
    endloop
  endfacet
  facet normal 0.000000 1.000000 0.000000
    outer loop
      vertex -1.299038 0.000000 -0.750000
      vertex -0.570923 0.000000 -1.279007
      vertex -0.770031 0.000000 -1.478115
    endloop
  endfacet
  facet normal 0.000000 -1.000000 0.000000
    outer loop
      vertex -1.299038 -3.000000 -0.750000
      vertex -1.005145 -3.000000 -1.154508
      vertex -0.894530 -3.000000 -1.043893
    endloop
  endfacet
  facet normal -0.883379 0.130564 0.450104
    outer loop
      vertex -0.570923 0.000000 -1.279007
      vertex -0.894530 -3.000000 -1.043893
      vertex -0.823510 -3.000000 -0.904508
    endloop
  endfacet
  facet normal -0.883379 0.130564 0.450104
    outer loop
      vertex -0.570923 0.000000 -1.279007
      vertex -0.823510 -3.000000 -0.904508
      vertex -0.443087 0.000000 -1.028115
    endloop
  endfacet
  facet normal 0.000000 1.000000 0.000000
    outer loop
      vertex -1.299038 0.000000 -0.750000
      vertex -0.443087 0.000000 -1.028115
      vertex -0.570923 0.000000 -1.279007
    endloop
  endfacet
  facet normal 0.000000 -1.000000 0.000000
    outer loop
      vertex -1.299038 -3.000000 -0.750000
      vertex -0.894530 -3.000000 -1.043893
      vertex -0.823510 -3.000000 -0.904508
    endloop
  endfacet
  facet normal -0.979234 0.130564 0.155095
    outer loop
      vertex -0.443087 0.000000 -1.028115
      vertex -0.823510 -3.000000 -0.904508
      vertex -0.799038 -3.000000 -0.750000
    endloop
  endfacet
  facet normal -0.979234 0.130564 0.155095
    outer loop
      vertex -0.443087 0.000000 -1.028115
      vertex -0.799038 -3.000000 -0.750000
      vertex -0.399038 0.000000 -0.750000
    endloop
  endfacet
  facet normal -0.000000 1.000000 0.000000
    outer loop
      vertex -1.299038 0.000000 -0.750000
      vertex -0.399038 0.000000 -0.750000
      vertex -0.443087 0.000000 -1.028115
    endloop
  endfacet
  facet normal 0.000000 -1.000000 0.000000
    outer loop
      vertex -1.299038 -3.000000 -0.750000
      vertex -0.823510 -3.000000 -0.904508
      vertex -0.799038 -3.000000 -0.750000
    endloop
  endfacet
  facet normal -0.979234 0.130564 -0.155095
    outer loop
      vertex 2.199038 0.000000 -0.750000
      vertex 1.799038 -3.000000 -0.750000
      vertex 1.774566 -3.000000 -0.595492
    endloop
  endfacet
  facet normal -0.979234 0.130564 -0.155095
    outer loop
      vertex 2.199038 0.000000 -0.750000
      vertex 1.774566 -3.000000 -0.595492
      vertex 2.154989 0.000000 -0.471885
    endloop
  endfacet
  facet normal 0.000000 1.000000 0.000000
    outer loop
      vertex 1.299038 0.000000 -0.750000
      vertex 2.154989 0.000000 -0.471885
      vertex 2.199038 0.000000 -0.750000
    endloop
  endfacet
  facet normal 0.000000 -1.000000 0.000000
    outer loop
      vertex 1.299038 -3.000000 -0.750000
      vertex 1.799038 -3.000000 -0.750000
      vertex 1.774566 -3.000000 -0.595492
    endloop
  endfacet
  facet normal -0.883379 0.130564 -0.450104
    outer loop
      vertex 2.154989 0.000000 -0.471885
      vertex 1.774566 -3.000000 -0.595492
      vertex 1.703547 -3.000000 -0.456107
    endloop
  endfacet
  facet normal -0.883379 0.130564 -0.450104
    outer loop
      vertex 2.154989 0.000000 -0.471885
      vertex 1.703547 -3.000000 -0.456107
      vertex 2.027153 0.000000 -0.220993
    endloop
  endfacet
  facet normal 0.000000 1.000000 0.000000
    outer loop
      vertex 1.299038 0.000000 -0.750000
      vertex 2.027153 0.000000 -0.220993
      vertex 2.154989 0.000000 -0.471885
    endloop
  endfacet
  facet normal 0.000000 -1.000000 0.000000
    outer loop
      vertex 1.299038 -3.000000 -0.750000
      vertex 1.774566 -3.000000 -0.595492
      vertex 1.703547 -3.000000 -0.456107
    endloop
  endfacet
  facet normal -0.701054 0.130564 -0.701054
    outer loop
      vertex 2.027153 0.000000 -0.220993
      vertex 1.703547 -3.000000 -0.456107
      vertex 1.592931 -3.000000 -0.345492
    endloop
  endfacet
  facet normal -0.701054 0.130564 -0.701054
    outer loop
      vertex 2.027153 0.000000 -0.220993
      vertex 1.592931 -3.000000 -0.345492
      vertex 1.828045 0.000000 -0.021885
    endloop
  endfacet
  facet normal 0.000000 1.000000 0.000000
    outer loop
      vertex 1.299038 0.000000 -0.750000
      vertex 1.828045 0.000000 -0.021885
      vertex 2.027153 0.000000 -0.220993
    endloop
  endfacet
  facet normal 0.000000 -1.000000 0.000000
    outer loop
      vertex 1.299038 -3.000000 -0.750000
      vertex 1.703547 -3.000000 -0.456107
      vertex 1.592931 -3.000000 -0.345492
    endloop
  endfacet
  facet normal -0.450104 0.130564 -0.883379
    outer loop
      vertex 1.828045 0.000000 -0.021885
      vertex 1.592931 -3.000000 -0.345492
      vertex 1.453547 -3.000000 -0.274472
    endloop
  endfacet
  facet normal -0.450104 0.130564 -0.883379
    outer loop
      vertex 1.828045 0.000000 -0.021885
      vertex 1.453547 -3.000000 -0.274472
      vertex 1.577153 0.000000 0.105951
    endloop
  endfacet
  facet normal 0.000000 1.000000 0.000000
    outer loop
      vertex 1.299038 0.000000 -0.750000
      vertex 1.577153 0.000000 0.105951
      vertex 1.828045 0.000000 -0.021885
    endloop
  endfacet
  facet normal 0.000000 -1.000000 0.000000
    outer loop
      vertex 1.299038 -3.000000 -0.750000
      vertex 1.592931 -3.000000 -0.345492
      vertex 1.453547 -3.000000 -0.274472
    endloop
  endfacet
  facet normal -0.155095 0.130564 -0.979234
    outer loop
      vertex 1.577153 0.000000 0.105951
      vertex 1.453547 -3.000000 -0.274472
      vertex 1.299038 -3.000000 -0.250000
    endloop
  endfacet
  facet normal -0.155095 0.130564 -0.979234
    outer loop
      vertex 1.577153 0.000000 0.105951
      vertex 1.299038 -3.000000 -0.250000
      vertex 1.299038 0.000000 0.150000
    endloop
  endfacet
  facet normal 0.000000 1.000000 0.000000
    outer loop
      vertex 1.299038 0.000000 -0.750000
      vertex 1.299038 0.000000 0.150000
      vertex 1.577153 0.000000 0.105951
    endloop
  endfacet
  facet normal 0.000000 -1.000000 0.000000
    outer loop
      vertex 1.299038 -3.000000 -0.750000
      vertex 1.453547 -3.000000 -0.274472
      vertex 1.299038 -3.000000 -0.250000
    endloop
  endfacet
  facet normal 0.155095 0.130564 -0.979234
    outer loop
      vertex 1.299038 0.000000 0.150000
      vertex 1.299038 -3.000000 -0.250000
      vertex 1.144530 -3.000000 -0.274472
    endloop
  endfacet
  facet normal 0.155095 0.130564 -0.979234
    outer loop
      vertex 1.299038 0.000000 0.150000
      vertex 1.144530 -3.000000 -0.274472
      vertex 1.020923 0.000000 0.105951
    endloop
  endfacet
  facet normal 0.000000 1.000000 -0.000000
    outer loop
      vertex 1.299038 0.000000 -0.750000
      vertex 1.020923 0.000000 0.105951
      vertex 1.299038 0.000000 0.150000
    endloop
  endfacet
  facet normal 0.000000 -1.000000 0.000000
    outer loop
      vertex 1.299038 -3.000000 -0.750000
      vertex 1.299038 -3.000000 -0.250000
      vertex 1.144530 -3.000000 -0.274472
    endloop
  endfacet
  facet normal 0.450104 0.130564 -0.883379
    outer loop
      vertex 1.020923 0.000000 0.105951
      vertex 1.144530 -3.000000 -0.274472
      vertex 1.005145 -3.000000 -0.345492
    endloop
  endfacet
  facet normal 0.450104 0.130564 -0.883379
    outer loop
      vertex 1.020923 0.000000 0.105951
      vertex 1.005145 -3.000000 -0.345492
      vertex 0.770031 0.000000 -0.021885
    endloop
  endfacet
  facet normal 0.000000 1.000000 0.000000
    outer loop
      vertex 1.299038 0.000000 -0.750000
      vertex 0.770031 0.000000 -0.021885
      vertex 1.020923 0.000000 0.105951
    endloop
  endfacet
  facet normal 0.000000 -1.000000 0.000000
    outer loop
      vertex 1.299038 -3.000000 -0.750000
      vertex 1.144530 -3.000000 -0.274472
      vertex 1.005145 -3.000000 -0.345492
    endloop
  endfacet
  facet normal 0.701054 0.130564 -0.701054
    outer loop
      vertex 0.770031 0.000000 -0.021885
      vertex 1.005145 -3.000000 -0.345492
      vertex 0.894530 -3.000000 -0.456107
    endloop
  endfacet
  facet normal 0.701054 0.130564 -0.701054
    outer loop
      vertex 0.770031 0.000000 -0.021885
      vertex 0.894530 -3.000000 -0.456107
      vertex 0.570923 0.000000 -0.220993
    endloop
  endfacet
  facet normal 0.000000 1.000000 0.000000
    outer loop
      vertex 1.299038 0.000000 -0.750000
      vertex 0.570923 0.000000 -0.220993
      vertex 0.770031 0.000000 -0.021885
    endloop
  endfacet
  facet normal 0.000000 -1.000000 0.000000
    outer loop
      vertex 1.299038 -3.000000 -0.750000
      vertex 1.005145 -3.000000 -0.345492
      vertex 0.894530 -3.000000 -0.456107
    endloop
  endfacet
  facet normal 0.883379 0.130564 -0.450104
    outer loop
      vertex 0.570923 0.000000 -0.220993
      vertex 0.894530 -3.000000 -0.456107
      vertex 0.823510 -3.000000 -0.595492
    endloop
  endfacet
  facet normal 0.883379 0.130564 -0.450104
    outer loop
      vertex 0.570923 0.000000 -0.220993
      vertex 0.823510 -3.000000 -0.595492
      vertex 0.443087 0.000000 -0.471885
    endloop
  endfacet
  facet normal 0.000000 1.000000 0.000000
    outer loop
      vertex 1.299038 0.000000 -0.750000
      vertex 0.443087 0.000000 -0.471885
      vertex 0.570923 0.000000 -0.220993
    endloop
  endfacet
  facet normal 0.000000 -1.000000 0.000000
    outer loop
      vertex 1.299038 -3.000000 -0.750000
      vertex 0.894530 -3.000000 -0.456107
      vertex 0.823510 -3.000000 -0.595492
    endloop
  endfacet
  facet normal 0.979234 0.130564 -0.155095
    outer loop
      vertex 0.443087 0.000000 -0.471885
      vertex 0.823510 -3.000000 -0.595492
      vertex 0.799038 -3.000000 -0.750000
    endloop
  endfacet
  facet normal 0.979234 0.130564 -0.155095
    outer loop
      vertex 0.443087 0.000000 -0.471885
      vertex 0.799038 -3.000000 -0.750000
      vertex 0.399038 0.000000 -0.750000
    endloop
  endfacet
  facet normal 0.000000 1.000000 0.000000
    outer loop
      vertex 1.299038 0.000000 -0.750000
      vertex 0.399038 0.000000 -0.750000
      vertex 0.443087 0.000000 -0.471885
    endloop
  endfacet
  facet normal 0.000000 -1.000000 0.000000
    outer loop
      vertex 1.299038 -3.000000 -0.750000
      vertex 0.823510 -3.000000 -0.595492
      vertex 0.799038 -3.000000 -0.750000
    endloop
  endfacet
  facet normal 0.979234 0.130564 0.155095
    outer loop
      vertex 0.399038 0.000000 -0.750000
      vertex 0.799038 -3.000000 -0.750000
      vertex 0.823510 -3.000000 -0.904508
    endloop
  endfacet
  facet normal 0.979234 0.130564 0.155095
    outer loop
      vertex 0.399038 0.000000 -0.750000
      vertex 0.823510 -3.000000 -0.904508
      vertex 0.443087 0.000000 -1.028115
    endloop
  endfacet
  facet normal 0.000000 1.000000 0.000000
    outer loop
      vertex 1.299038 0.000000 -0.750000
      vertex 0.443087 0.000000 -1.028115
      vertex 0.399038 0.000000 -0.750000
    endloop
  endfacet
  facet normal -0.000000 -1.000000 0.000000
    outer loop
      vertex 1.299038 -3.000000 -0.750000
      vertex 0.799038 -3.000000 -0.750000
      vertex 0.823510 -3.000000 -0.904508
    endloop
  endfacet
  facet normal 0.883379 0.130564 0.450104
    outer loop
      vertex 0.443087 0.000000 -1.028115
      vertex 0.823510 -3.000000 -0.904508
      vertex 0.894530 -3.000000 -1.043893
    endloop
  endfacet
  facet normal 0.883379 0.130564 0.450104
    outer loop
      vertex 0.443087 0.000000 -1.028115
      vertex 0.894530 -3.000000 -1.043893
      vertex 0.570923 0.000000 -1.279007
    endloop
  endfacet
  facet normal 0.000000 1.000000 0.000000
    outer loop
      vertex 1.299038 0.000000 -0.750000
      vertex 0.570923 0.000000 -1.279007
      vertex 0.443087 0.000000 -1.028115
    endloop
  endfacet
  facet normal 0.000000 -1.000000 0.000000
    outer loop
      vertex 1.299038 -3.000000 -0.750000
      vertex 0.823510 -3.000000 -0.904508
      vertex 0.894530 -3.000000 -1.043893
    endloop
  endfacet
  facet normal 0.701054 0.130564 0.701054
    outer loop
      vertex 0.570923 0.000000 -1.279007
      vertex 0.894530 -3.000000 -1.043893
      vertex 1.005145 -3.000000 -1.154508
    endloop
  endfacet
  facet normal 0.701054 0.130564 0.701054
    outer loop
      vertex 0.570923 0.000000 -1.279007
      vertex 1.005145 -3.000000 -1.154508
      vertex 0.770031 0.000000 -1.478115
    endloop
  endfacet
  facet normal 0.000000 1.000000 0.000000
    outer loop
      vertex 1.299038 0.000000 -0.750000
      vertex 0.770031 0.000000 -1.478115
      vertex 0.570923 0.000000 -1.279007
    endloop
  endfacet
  facet normal 0.000000 -1.000000 0.000000
    outer loop
      vertex 1.299038 -3.000000 -0.750000
      vertex 0.894530 -3.000000 -1.043893
      vertex 1.005145 -3.000000 -1.154508
    endloop
  endfacet
  facet normal 0.450104 0.130564 0.883379
    outer loop
      vertex 0.770031 0.000000 -1.478115
      vertex 1.005145 -3.000000 -1.154508
      vertex 1.144530 -3.000000 -1.225528
    endloop
  endfacet
  facet normal 0.450104 0.130564 0.883379
    outer loop
      vertex 0.770031 0.000000 -1.478115
      vertex 1.144530 -3.000000 -1.225528
      vertex 1.020923 0.000000 -1.605951
    endloop
  endfacet
  facet normal 0.000000 1.000000 0.000000
    outer loop
      vertex 1.299038 0.000000 -0.750000
      vertex 1.020923 0.000000 -1.605951
      vertex 0.770031 0.000000 -1.478115
    endloop
  endfacet
  facet normal 0.000000 -1.000000 0.000000
    outer loop
      vertex 1.299038 -3.000000 -0.750000
      vertex 1.005145 -3.000000 -1.154508
      vertex 1.144530 -3.000000 -1.225528
    endloop
  endfacet
  facet normal 0.155095 0.130564 0.979234
    outer loop
      vertex 1.020923 0.000000 -1.605951
      vertex 1.144530 -3.000000 -1.225528
      vertex 1.299038 -3.000000 -1.250000
    endloop
  endfacet
  facet normal 0.155095 0.130564 0.979234
    outer loop
      vertex 1.020923 0.000000 -1.605951
      vertex 1.299038 -3.000000 -1.250000
      vertex 1.299038 0.000000 -1.650000
    endloop
  endfacet
  facet normal 0.000000 1.000000 0.000000
    outer loop
      vertex 1.299038 0.000000 -0.750000
      vertex 1.299038 0.000000 -1.650000
      vertex 1.020923 0.000000 -1.605951
    endloop
  endfacet
  facet normal 0.000000 -1.000000 -0.000000
    outer loop
      vertex 1.299038 -3.000000 -0.750000
      vertex 1.144530 -3.000000 -1.225528
      vertex 1.299038 -3.000000 -1.250000
    endloop
  endfacet
  facet normal -0.155095 0.130564 0.979234
    outer loop
      vertex 1.299038 0.000000 -1.650000
      vertex 1.299038 -3.000000 -1.250000
      vertex 1.453547 -3.000000 -1.225528
    endloop
  endfacet
  facet normal -0.155095 0.130564 0.979234
    outer loop
      vertex 1.299038 0.000000 -1.650000
      vertex 1.453547 -3.000000 -1.225528
      vertex 1.577153 0.000000 -1.605951
    endloop
  endfacet
  facet normal 0.000000 1.000000 0.000000
    outer loop
      vertex 1.299038 0.000000 -0.750000
      vertex 1.577153 0.000000 -1.605951
      vertex 1.299038 0.000000 -1.650000
    endloop
  endfacet
  facet normal 0.000000 -1.000000 0.000000
    outer loop
      vertex 1.299038 -3.000000 -0.750000
      vertex 1.299038 -3.000000 -1.250000
      vertex 1.453547 -3.000000 -1.225528
    endloop
  endfacet
  facet normal -0.450104 0.130564 0.883379
    outer loop
      vertex 1.577153 0.000000 -1.605951
      vertex 1.453547 -3.000000 -1.225528
      vertex 1.592931 -3.000000 -1.154508
    endloop
  endfacet
  facet normal -0.450104 0.130564 0.883379
    outer loop
      vertex 1.577153 0.000000 -1.605951
      vertex 1.592931 -3.000000 -1.154508
      vertex 1.828045 0.000000 -1.478115
    endloop
  endfacet
  facet normal 0.000000 1.000000 0.000000
    outer loop
      vertex 1.299038 0.000000 -0.750000
      vertex 1.828045 0.000000 -1.478115
      vertex 1.577153 0.000000 -1.605951
    endloop
  endfacet
  facet normal 0.000000 -1.000000 0.000000
    outer loop
      vertex 1.299038 -3.000000 -0.750000
      vertex 1.453547 -3.000000 -1.225528
      vertex 1.592931 -3.000000 -1.154508
    endloop
  endfacet
  facet normal -0.701054 0.130564 0.701054
    outer loop
      vertex 1.828045 0.000000 -1.478115
      vertex 1.592931 -3.000000 -1.154508
      vertex 1.703547 -3.000000 -1.043893
    endloop
  endfacet
  facet normal -0.701054 0.130564 0.701054
    outer loop
      vertex 1.828045 0.000000 -1.478115
      vertex 1.703547 -3.000000 -1.043893
      vertex 2.027153 0.000000 -1.279007
    endloop
  endfacet
  facet normal 0.000000 1.000000 0.000000
    outer loop
      vertex 1.299038 0.000000 -0.750000
      vertex 2.027153 0.000000 -1.279007
      vertex 1.828045 0.000000 -1.478115
    endloop
  endfacet
  facet normal 0.000000 -1.000000 0.000000
    outer loop
      vertex 1.299038 -3.000000 -0.750000
      vertex 1.592931 -3.000000 -1.154508
      vertex 1.703547 -3.000000 -1.043893
    endloop
  endfacet
  facet normal -0.883379 0.130564 0.450104
    outer loop
      vertex 2.027153 0.000000 -1.279007
      vertex 1.703547 -3.000000 -1.043893
      vertex 1.774566 -3.000000 -0.904508
    endloop
  endfacet
  facet normal -0.883379 0.130564 0.450104
    outer loop
      vertex 2.027153 0.000000 -1.279007
      vertex 1.774566 -3.000000 -0.904508
      vertex 2.154989 0.000000 -1.028115
    endloop
  endfacet
  facet normal 0.000000 1.000000 0.000000
    outer loop
      vertex 1.299038 0.000000 -0.750000
      vertex 2.154989 0.000000 -1.028115
      vertex 2.027153 0.000000 -1.279007
    endloop
  endfacet
  facet normal 0.000000 -1.000000 0.000000
    outer loop
      vertex 1.299038 -3.000000 -0.750000
      vertex 1.703547 -3.000000 -1.043893
      vertex 1.774566 -3.000000 -0.904508
    endloop
  endfacet
  facet normal -0.979234 0.130564 0.155095
    outer loop
      vertex 2.154989 0.000000 -1.028115
      vertex 1.774566 -3.000000 -0.904508
      vertex 1.799038 -3.000000 -0.750000
    endloop
  endfacet
  facet normal -0.979234 0.130564 0.155095
    outer loop
      vertex 2.154989 0.000000 -1.028115
      vertex 1.799038 -3.000000 -0.750000
      vertex 2.199038 0.000000 -0.750000
    endloop
  endfacet
  facet normal -0.000000 1.000000 0.000000
    outer loop
      vertex 1.299038 0.000000 -0.750000
      vertex 2.199038 0.000000 -0.750000
      vertex 2.154989 0.000000 -1.028115
    endloop
  endfacet
  facet normal 0.000000 -1.000000 0.000000
    outer loop
      vertex 1.299038 -3.000000 -0.750000
      vertex 1.774566 -3.000000 -0.904508
      vertex 1.799038 -3.000000 -0.750000
    endloop
  endfacet
  facet normal -0.974572 0.162429 -0.154357
    outer loop
      vertex 3.824871 0.000000 1.400000
      vertex 3.074871 -4.500000 1.400000
      vertex 3.043058 -4.500000 1.600861
    endloop
  endfacet
  facet normal -0.974572 0.162429 -0.154357
    outer loop
      vertex 3.824871 0.000000 1.400000
      vertex 3.043058 -4.500000 1.600861
      vertex 3.756350 0.000000 1.832624
    endloop
  endfacet
  facet normal 0.000000 1.000000 0.000000
    outer loop
      vertex 2.424871 0.000000 1.400000
      vertex 3.756350 0.000000 1.832624
      vertex 3.824871 0.000000 1.400000
    endloop
  endfacet
  facet normal 0.000000 -1.000000 0.000000
    outer loop
      vertex 2.424871 -4.500000 1.400000
      vertex 3.074871 -4.500000 1.400000
      vertex 3.043058 -4.500000 1.600861
    endloop
  endfacet
  facet normal -0.879174 0.162429 -0.447962
    outer loop
      vertex 3.756350 0.000000 1.832624
      vertex 3.043058 -4.500000 1.600861
      vertex 2.950732 -4.500000 1.782060
    endloop
  endfacet
  facet normal -0.879174 0.162429 -0.447962
    outer loop
      vertex 3.756350 0.000000 1.832624
      vertex 2.950732 -4.500000 1.782060
      vertex 3.557495 0.000000 2.222899
    endloop
  endfacet
  facet normal 0.000000 1.000000 0.000000
    outer loop
      vertex 2.424871 0.000000 1.400000
      vertex 3.557495 0.000000 2.222899
      vertex 3.756350 0.000000 1.832624
    endloop
  endfacet
  facet normal 0.000000 -1.000000 0.000000
    outer loop
      vertex 2.424871 -4.500000 1.400000
      vertex 3.043058 -4.500000 1.600861
      vertex 2.950732 -4.500000 1.782060
    endloop
  endfacet
  facet normal -0.697717 0.162429 -0.697717
    outer loop
      vertex 3.557495 0.000000 2.222899
      vertex 2.950732 -4.500000 1.782060
      vertex 2.806932 -4.500000 1.925861
    endloop
  endfacet
  facet normal -0.697717 0.162429 -0.697717
    outer loop
      vertex 3.557495 0.000000 2.222899
      vertex 2.806932 -4.500000 1.925861
      vertex 3.247770 0.000000 2.532624
    endloop
  endfacet
  facet normal 0.000000 1.000000 0.000000
    outer loop
      vertex 2.424871 0.000000 1.400000
      vertex 3.247770 0.000000 2.532624
      vertex 3.557495 0.000000 2.222899
    endloop
  endfacet
  facet normal 0.000000 -1.000000 0.000000
    outer loop
      vertex 2.424871 -4.500000 1.400000
      vertex 2.950732 -4.500000 1.782060
      vertex 2.806932 -4.500000 1.925861
    endloop
  endfacet
  facet normal -0.447962 0.162429 -0.879174
    outer loop
      vertex 3.247770 0.000000 2.532624
      vertex 2.806932 -4.500000 1.925861
      vertex 2.625732 -4.500000 2.018187
    endloop
  endfacet
  facet normal -0.447962 0.162429 -0.879174
    outer loop
      vertex 3.247770 0.000000 2.532624
      vertex 2.625732 -4.500000 2.018187
      vertex 2.857495 0.000000 2.731479
    endloop
  endfacet
  facet normal 0.000000 1.000000 0.000000
    outer loop
      vertex 2.424871 0.000000 1.400000
      vertex 2.857495 0.000000 2.731479
      vertex 3.247770 0.000000 2.532624
    endloop
  endfacet
  facet normal 0.000000 -1.000000 0.000000
    outer loop
      vertex 2.424871 -4.500000 1.400000
      vertex 2.806932 -4.500000 1.925861
      vertex 2.625732 -4.500000 2.018187
    endloop
  endfacet
  facet normal -0.154357 0.162429 -0.974572
    outer loop
      vertex 2.857495 0.000000 2.731479
      vertex 2.625732 -4.500000 2.018187
      vertex 2.424871 -4.500000 2.050000
    endloop
  endfacet
  facet normal -0.154357 0.162429 -0.974572
    outer loop
      vertex 2.857495 0.000000 2.731479
      vertex 2.424871 -4.500000 2.050000
      vertex 2.424871 0.000000 2.800000
    endloop
  endfacet
  facet normal 0.000000 1.000000 0.000000
    outer loop
      vertex 2.424871 0.000000 1.400000
      vertex 2.424871 0.000000 2.800000
      vertex 2.857495 0.000000 2.731479
    endloop
  endfacet
  facet normal 0.000000 -1.000000 0.000000
    outer loop
      vertex 2.424871 -4.500000 1.400000
      vertex 2.625732 -4.500000 2.018187
      vertex 2.424871 -4.500000 2.050000
    endloop
  endfacet
  facet normal 0.154357 0.162429 -0.974572
    outer loop
      vertex 2.424871 0.000000 2.800000
      vertex 2.424871 -4.500000 2.050000
      vertex 2.224010 -4.500000 2.018187
    endloop
  endfacet
  facet normal 0.154357 0.162429 -0.974572
    outer loop
      vertex 2.424871 0.000000 2.800000
      vertex 2.224010 -4.500000 2.018187
      vertex 1.992247 0.000000 2.731479
    endloop
  endfacet
  facet normal 0.000000 1.000000 -0.000000
    outer loop
      vertex 2.424871 0.000000 1.400000
      vertex 1.992247 0.000000 2.731479
      vertex 2.424871 0.000000 2.800000
    endloop
  endfacet
  facet normal 0.000000 -1.000000 0.000000
    outer loop
      vertex 2.424871 -4.500000 1.400000
      vertex 2.424871 -4.500000 2.050000
      vertex 2.224010 -4.500000 2.018187
    endloop
  endfacet
  facet normal 0.447962 0.162429 -0.879174
    outer loop
      vertex 1.992247 0.000000 2.731479
      vertex 2.224010 -4.500000 2.018187
      vertex 2.042811 -4.500000 1.925861
    endloop
  endfacet
  facet normal 0.447962 0.162429 -0.879174
    outer loop
      vertex 1.992247 0.000000 2.731479
      vertex 2.042811 -4.500000 1.925861
      vertex 1.601972 0.000000 2.532624
    endloop
  endfacet
  facet normal 0.000000 1.000000 0.000000
    outer loop
      vertex 2.424871 0.000000 1.400000
      vertex 1.601972 0.000000 2.532624
      vertex 1.992247 0.000000 2.731479
    endloop
  endfacet
  facet normal 0.000000 -1.000000 0.000000
    outer loop
      vertex 2.424871 -4.500000 1.400000
      vertex 2.224010 -4.500000 2.018187
      vertex 2.042811 -4.500000 1.925861
    endloop
  endfacet
  facet normal 0.697717 0.162429 -0.697717
    outer loop
      vertex 1.601972 0.000000 2.532624
      vertex 2.042811 -4.500000 1.925861
      vertex 1.899010 -4.500000 1.782060
    endloop
  endfacet
  facet normal 0.697717 0.162429 -0.697717
    outer loop
      vertex 1.601972 0.000000 2.532624
      vertex 1.899010 -4.500000 1.782060
      vertex 1.292247 0.000000 2.222899
    endloop
  endfacet
  facet normal 0.000000 1.000000 0.000000
    outer loop
      vertex 2.424871 0.000000 1.400000
      vertex 1.292247 0.000000 2.222899
      vertex 1.601972 0.000000 2.532624
    endloop
  endfacet
  facet normal 0.000000 -1.000000 0.000000
    outer loop
      vertex 2.424871 -4.500000 1.400000
      vertex 2.042811 -4.500000 1.925861
      vertex 1.899010 -4.500000 1.782060
    endloop
  endfacet
  facet normal 0.879174 0.162429 -0.447962
    outer loop
      vertex 1.292247 0.000000 2.222899
      vertex 1.899010 -4.500000 1.782060
      vertex 1.806684 -4.500000 1.600861
    endloop
  endfacet
  facet normal 0.879174 0.162429 -0.447962
    outer loop
      vertex 1.292247 0.000000 2.222899
      vertex 1.806684 -4.500000 1.600861
      vertex 1.093392 0.000000 1.832624
    endloop
  endfacet
  facet normal 0.000000 1.000000 0.000000
    outer loop
      vertex 2.424871 0.000000 1.400000
      vertex 1.093392 0.000000 1.832624
      vertex 1.292247 0.000000 2.222899
    endloop
  endfacet
  facet normal 0.000000 -1.000000 0.000000
    outer loop
      vertex 2.424871 -4.500000 1.400000
      vertex 1.899010 -4.500000 1.782060
      vertex 1.806684 -4.500000 1.600861
    endloop
  endfacet
  facet normal 0.974572 0.162429 -0.154357
    outer loop
      vertex 1.093392 0.000000 1.832624
      vertex 1.806684 -4.500000 1.600861
      vertex 1.774871 -4.500000 1.400000
    endloop
  endfacet
  facet normal 0.974572 0.162429 -0.154357
    outer loop
      vertex 1.093392 0.000000 1.832624
      vertex 1.774871 -4.500000 1.400000
      vertex 1.024871 0.000000 1.400000
    endloop
  endfacet
  facet normal 0.000000 1.000000 0.000000
    outer loop
      vertex 2.424871 0.000000 1.400000
      vertex 1.024871 0.000000 1.400000
      vertex 1.093392 0.000000 1.832624
    endloop
  endfacet
  facet normal 0.000000 -1.000000 0.000000
    outer loop
      vertex 2.424871 -4.500000 1.400000
      vertex 1.806684 -4.500000 1.600861
      vertex 1.774871 -4.500000 1.400000
    endloop
  endfacet
  facet normal 0.974572 0.162429 0.154357
    outer loop
      vertex 1.024871 0.000000 1.400000
      vertex 1.774871 -4.500000 1.400000
      vertex 1.806684 -4.500000 1.199139
    endloop
  endfacet
  facet normal 0.974572 0.162429 0.154357
    outer loop
      vertex 1.024871 0.000000 1.400000
      vertex 1.806684 -4.500000 1.199139
      vertex 1.093392 0.000000 0.967376
    endloop
  endfacet
  facet normal 0.000000 1.000000 0.000000
    outer loop
      vertex 2.424871 0.000000 1.400000
      vertex 1.093392 0.000000 0.967376
      vertex 1.024871 0.000000 1.400000
    endloop
  endfacet
  facet normal -0.000000 -1.000000 0.000000
    outer loop
      vertex 2.424871 -4.500000 1.400000
      vertex 1.774871 -4.500000 1.400000
      vertex 1.806684 -4.500000 1.199139
    endloop
  endfacet
  facet normal 0.879174 0.162429 0.447962
    outer loop
      vertex 1.093392 0.000000 0.967376
      vertex 1.806684 -4.500000 1.199139
      vertex 1.899010 -4.500000 1.017940
    endloop
  endfacet
  facet normal 0.879174 0.162429 0.447962
    outer loop
      vertex 1.093392 0.000000 0.967376
      vertex 1.899010 -4.500000 1.017940
      vertex 1.292247 0.000000 0.577101
    endloop
  endfacet
  facet normal 0.000000 1.000000 0.000000
    outer loop
      vertex 2.424871 0.000000 1.400000
      vertex 1.292247 0.000000 0.577101
      vertex 1.093392 0.000000 0.967376
    endloop
  endfacet
  facet normal 0.000000 -1.000000 0.000000
    outer loop
      vertex 2.424871 -4.500000 1.400000
      vertex 1.806684 -4.500000 1.199139
      vertex 1.899010 -4.500000 1.017940
    endloop
  endfacet
  facet normal 0.697717 0.162429 0.697717
    outer loop
      vertex 1.292247 0.000000 0.577101
      vertex 1.899010 -4.500000 1.017940
      vertex 2.042811 -4.500000 0.874139
    endloop
  endfacet
  facet normal 0.697717 0.162429 0.697717
    outer loop
      vertex 1.292247 0.000000 0.577101
      vertex 2.042811 -4.500000 0.874139
      vertex 1.601972 0.000000 0.267376
    endloop
  endfacet
  facet normal 0.000000 1.000000 0.000000
    outer loop
      vertex 2.424871 0.000000 1.400000
      vertex 1.601972 0.000000 0.267376
      vertex 1.292247 0.000000 0.577101
    endloop
  endfacet
  facet normal 0.000000 -1.000000 0.000000
    outer loop
      vertex 2.424871 -4.500000 1.400000
      vertex 1.899010 -4.500000 1.017940
      vertex 2.042811 -4.500000 0.874139
    endloop
  endfacet
  facet normal 0.447962 0.162429 0.879174
    outer loop
      vertex 1.601972 0.000000 0.267376
      vertex 2.042811 -4.500000 0.874139
      vertex 2.224010 -4.500000 0.781813
    endloop
  endfacet
  facet normal 0.447962 0.162429 0.879174
    outer loop
      vertex 1.601972 0.000000 0.267376
      vertex 2.224010 -4.500000 0.781813
      vertex 1.992247 0.000000 0.068521
    endloop
  endfacet
  facet normal 0.000000 1.000000 0.000000
    outer loop
      vertex 2.424871 0.000000 1.400000
      vertex 1.992247 0.000000 0.068521
      vertex 1.601972 0.000000 0.267376
    endloop
  endfacet
  facet normal 0.000000 -1.000000 0.000000
    outer loop
      vertex 2.424871 -4.500000 1.400000
      vertex 2.042811 -4.500000 0.874139
      vertex 2.224010 -4.500000 0.781813
    endloop
  endfacet
  facet normal 0.154357 0.162429 0.974572
    outer loop
      vertex 1.992247 0.000000 0.068521
      vertex 2.224010 -4.500000 0.781813
      vertex 2.424871 -4.500000 0.750000
    endloop
  endfacet
  facet normal 0.154357 0.162429 0.974572
    outer loop
      vertex 1.992247 0.000000 0.068521
      vertex 2.424871 -4.500000 0.750000
      vertex 2.424871 0.000000 -0.000000
    endloop
  endfacet
  facet normal 0.000000 1.000000 0.000000
    outer loop
      vertex 2.424871 0.000000 1.400000
      vertex 2.424871 0.000000 -0.000000
      vertex 1.992247 0.000000 0.068521
    endloop
  endfacet
  facet normal 0.000000 -1.000000 -0.000000
    outer loop
      vertex 2.424871 -4.500000 1.400000
      vertex 2.224010 -4.500000 0.781813
      vertex 2.424871 -4.500000 0.750000
    endloop
  endfacet
  facet normal -0.154357 0.162429 0.974572
    outer loop
      vertex 2.424871 0.000000 -0.000000
      vertex 2.424871 -4.500000 0.750000
      vertex 2.625732 -4.500000 0.781813
    endloop
  endfacet
  facet normal -0.154357 0.162429 0.974572
    outer loop
      vertex 2.424871 0.000000 -0.000000
      vertex 2.625732 -4.500000 0.781813
      vertex 2.857495 0.000000 0.068521
    endloop
  endfacet
  facet normal 0.000000 1.000000 0.000000
    outer loop
      vertex 2.424871 0.000000 1.400000
      vertex 2.857495 0.000000 0.068521
      vertex 2.424871 0.000000 -0.000000
    endloop
  endfacet
  facet normal 0.000000 -1.000000 0.000000
    outer loop
      vertex 2.424871 -4.500000 1.400000
      vertex 2.424871 -4.500000 0.750000
      vertex 2.625732 -4.500000 0.781813
    endloop
  endfacet
  facet normal -0.447962 0.162429 0.879174
    outer loop
      vertex 2.857495 0.000000 0.068521
      vertex 2.625732 -4.500000 0.781813
      vertex 2.806932 -4.500000 0.874139
    endloop
  endfacet
  facet normal -0.447962 0.162429 0.879174
    outer loop
      vertex 2.857495 0.000000 0.068521
      vertex 2.806932 -4.500000 0.874139
      vertex 3.247770 0.000000 0.267376
    endloop
  endfacet
  facet normal 0.000000 1.000000 0.000000
    outer loop
      vertex 2.424871 0.000000 1.400000
      vertex 3.247770 0.000000 0.267376
      vertex 2.857495 0.000000 0.068521
    endloop
  endfacet
  facet normal 0.000000 -1.000000 0.000000
    outer loop
      vertex 2.424871 -4.500000 1.400000
      vertex 2.625732 -4.500000 0.781813
      vertex 2.806932 -4.500000 0.874139
    endloop
  endfacet
  facet normal -0.697717 0.162429 0.697717
    outer loop
      vertex 3.247770 0.000000 0.267376
      vertex 2.806932 -4.500000 0.874139
      vertex 2.950732 -4.500000 1.017940
    endloop
  endfacet
  facet normal -0.697717 0.162429 0.697717
    outer loop
      vertex 3.247770 0.000000 0.267376
      vertex 2.950732 -4.500000 1.017940
      vertex 3.557495 0.000000 0.577101
    endloop
  endfacet
  facet normal 0.000000 1.000000 0.000000
    outer loop
      vertex 2.424871 0.000000 1.400000
      vertex 3.557495 0.000000 0.577101
      vertex 3.247770 0.000000 0.267376
    endloop
  endfacet
  facet normal 0.000000 -1.000000 0.000000
    outer loop
      vertex 2.424871 -4.500000 1.400000
      vertex 2.806932 -4.500000 0.874139
      vertex 2.950732 -4.500000 1.017940
    endloop
  endfacet
  facet normal -0.879174 0.162429 0.447962
    outer loop
      vertex 3.557495 0.000000 0.577101
      vertex 2.950732 -4.500000 1.017940
      vertex 3.043058 -4.500000 1.199139
    endloop
  endfacet
  facet normal -0.879174 0.162429 0.447962
    outer loop
      vertex 3.557495 0.000000 0.577101
      vertex 3.043058 -4.500000 1.199139
      vertex 3.756350 0.000000 0.967376
    endloop
  endfacet
  facet normal 0.000000 1.000000 0.000000
    outer loop
      vertex 2.424871 0.000000 1.400000
      vertex 3.756350 0.000000 0.967376
      vertex 3.557495 0.000000 0.577101
    endloop
  endfacet
  facet normal 0.000000 -1.000000 0.000000
    outer loop
      vertex 2.424871 -4.500000 1.400000
      vertex 2.950732 -4.500000 1.017940
      vertex 3.043058 -4.500000 1.199139
    endloop
  endfacet
  facet normal -0.974572 0.162429 0.154357
    outer loop
      vertex 3.756350 0.000000 0.967376
      vertex 3.043058 -4.500000 1.199139
      vertex 3.074871 -4.500000 1.400000
    endloop
  endfacet
  facet normal -0.974572 0.162429 0.154357
    outer loop
      vertex 3.756350 0.000000 0.967376
      vertex 3.074871 -4.500000 1.400000
      vertex 3.824871 0.000000 1.400000
    endloop
  endfacet
  facet normal -0.000000 1.000000 0.000000
    outer loop
      vertex 2.424871 0.000000 1.400000
      vertex 3.824871 0.000000 1.400000
      vertex 3.756350 0.000000 0.967376
    endloop
  endfacet
  facet normal 0.000000 -1.000000 0.000000
    outer loop
      vertex 2.424871 -4.500000 1.400000
      vertex 3.043058 -4.500000 1.199139
      vertex 3.074871 -4.500000 1.400000
    endloop
  endfacet
  facet normal -0.974572 0.162429 -0.154357
    outer loop
      vertex -1.024871 0.000000 1.400000
      vertex -1.774871 -4.500000 1.400000
      vertex -1.806684 -4.500000 1.600861
    endloop
  endfacet
  facet normal -0.974572 0.162429 -0.154357
    outer loop
      vertex -1.024871 0.000000 1.400000
      vertex -1.806684 -4.500000 1.600861
      vertex -1.093392 0.000000 1.832624
    endloop
  endfacet
  facet normal 0.000000 1.000000 0.000000
    outer loop
      vertex -2.424871 0.000000 1.400000
      vertex -1.093392 0.000000 1.832624
      vertex -1.024871 0.000000 1.400000
    endloop
  endfacet
  facet normal 0.000000 -1.000000 0.000000
    outer loop
      vertex -2.424871 -4.500000 1.400000
      vertex -1.774871 -4.500000 1.400000
      vertex -1.806684 -4.500000 1.600861
    endloop
  endfacet
  facet normal -0.879174 0.162429 -0.447962
    outer loop
      vertex -1.093392 0.000000 1.832624
      vertex -1.806684 -4.500000 1.600861
      vertex -1.899010 -4.500000 1.782060
    endloop
  endfacet
  facet normal -0.879174 0.162429 -0.447962
    outer loop
      vertex -1.093392 0.000000 1.832624
      vertex -1.899010 -4.500000 1.782060
      vertex -1.292247 0.000000 2.222899
    endloop
  endfacet
  facet normal 0.000000 1.000000 0.000000
    outer loop
      vertex -2.424871 0.000000 1.400000
      vertex -1.292247 0.000000 2.222899
      vertex -1.093392 0.000000 1.832624
    endloop
  endfacet
  facet normal 0.000000 -1.000000 0.000000
    outer loop
      vertex -2.424871 -4.500000 1.400000
      vertex -1.806684 -4.500000 1.600861
      vertex -1.899010 -4.500000 1.782060
    endloop
  endfacet
  facet normal -0.697717 0.162429 -0.697717
    outer loop
      vertex -1.292247 0.000000 2.222899
      vertex -1.899010 -4.500000 1.782060
      vertex -2.042811 -4.500000 1.925861
    endloop
  endfacet
  facet normal -0.697717 0.162429 -0.697717
    outer loop
      vertex -1.292247 0.000000 2.222899
      vertex -2.042811 -4.500000 1.925861
      vertex -1.601972 0.000000 2.532624
    endloop
  endfacet
  facet normal 0.000000 1.000000 0.000000
    outer loop
      vertex -2.424871 0.000000 1.400000
      vertex -1.601972 0.000000 2.532624
      vertex -1.292247 0.000000 2.222899
    endloop
  endfacet
  facet normal 0.000000 -1.000000 0.000000
    outer loop
      vertex -2.424871 -4.500000 1.400000
      vertex -1.899010 -4.500000 1.782060
      vertex -2.042811 -4.500000 1.925861
    endloop
  endfacet
  facet normal -0.447962 0.162429 -0.879174
    outer loop
      vertex -1.601972 0.000000 2.532624
      vertex -2.042811 -4.500000 1.925861
      vertex -2.224010 -4.500000 2.018187
    endloop
  endfacet
  facet normal -0.447962 0.162429 -0.879174
    outer loop
      vertex -1.601972 0.000000 2.532624
      vertex -2.224010 -4.500000 2.018187
      vertex -1.992247 0.000000 2.731479
    endloop
  endfacet
  facet normal 0.000000 1.000000 0.000000
    outer loop
      vertex -2.424871 0.000000 1.400000
      vertex -1.992247 0.000000 2.731479
      vertex -1.601972 0.000000 2.532624
    endloop
  endfacet
  facet normal 0.000000 -1.000000 0.000000
    outer loop
      vertex -2.424871 -4.500000 1.400000
      vertex -2.042811 -4.500000 1.925861
      vertex -2.224010 -4.500000 2.018187
    endloop
  endfacet
  facet normal -0.154357 0.162429 -0.974572
    outer loop
      vertex -1.992247 0.000000 2.731479
      vertex -2.224010 -4.500000 2.018187
      vertex -2.424871 -4.500000 2.050000
    endloop
  endfacet
  facet normal -0.154357 0.162429 -0.974572
    outer loop
      vertex -1.992247 0.000000 2.731479
      vertex -2.424871 -4.500000 2.050000
      vertex -2.424871 0.000000 2.800000
    endloop
  endfacet
  facet normal 0.000000 1.000000 0.000000
    outer loop
      vertex -2.424871 0.000000 1.400000
      vertex -2.424871 0.000000 2.800000
      vertex -1.992247 0.000000 2.731479
    endloop
  endfacet
  facet normal 0.000000 -1.000000 0.000000
    outer loop
      vertex -2.424871 -4.500000 1.400000
      vertex -2.224010 -4.500000 2.018187
      vertex -2.424871 -4.500000 2.050000
    endloop
  endfacet
  facet normal 0.154357 0.162429 -0.974572
    outer loop
      vertex -2.424871 0.000000 2.800000
      vertex -2.424871 -4.500000 2.050000
      vertex -2.625732 -4.500000 2.018187
    endloop
  endfacet
  facet normal 0.154357 0.162429 -0.974572
    outer loop
      vertex -2.424871 0.000000 2.800000
      vertex -2.625732 -4.500000 2.018187
      vertex -2.857495 0.000000 2.731479
    endloop
  endfacet
  facet normal 0.000000 1.000000 -0.000000
    outer loop
      vertex -2.424871 0.000000 1.400000
      vertex -2.857495 0.000000 2.731479
      vertex -2.424871 0.000000 2.800000
    endloop
  endfacet
  facet normal 0.000000 -1.000000 0.000000
    outer loop
      vertex -2.424871 -4.500000 1.400000
      vertex -2.424871 -4.500000 2.050000
      vertex -2.625732 -4.500000 2.018187
    endloop
  endfacet
  facet normal 0.447962 0.162429 -0.879174
    outer loop
      vertex -2.857495 0.000000 2.731479
      vertex -2.625732 -4.500000 2.018187
      vertex -2.806932 -4.500000 1.925861
    endloop
  endfacet
  facet normal 0.447962 0.162429 -0.879174
    outer loop
      vertex -2.857495 0.000000 2.731479
      vertex -2.806932 -4.500000 1.925861
      vertex -3.247770 0.000000 2.532624
    endloop
  endfacet
  facet normal 0.000000 1.000000 0.000000
    outer loop
      vertex -2.424871 0.000000 1.400000
      vertex -3.247770 0.000000 2.532624
      vertex -2.857495 0.000000 2.731479
    endloop
  endfacet
  facet normal 0.000000 -1.000000 0.000000
    outer loop
      vertex -2.424871 -4.500000 1.400000
      vertex -2.625732 -4.500000 2.018187
      vertex -2.806932 -4.500000 1.925861
    endloop
  endfacet
  facet normal 0.697717 0.162429 -0.697717
    outer loop
      vertex -3.247770 0.000000 2.532624
      vertex -2.806932 -4.500000 1.925861
      vertex -2.950732 -4.500000 1.782060
    endloop
  endfacet
  facet normal 0.697717 0.162429 -0.697717
    outer loop
      vertex -3.247770 0.000000 2.532624
      vertex -2.950732 -4.500000 1.782060
      vertex -3.557495 0.000000 2.222899
    endloop
  endfacet
  facet normal 0.000000 1.000000 0.000000
    outer loop
      vertex -2.424871 0.000000 1.400000
      vertex -3.557495 0.000000 2.222899
      vertex -3.247770 0.000000 2.532624
    endloop
  endfacet
  facet normal 0.000000 -1.000000 0.000000
    outer loop
      vertex -2.424871 -4.500000 1.400000
      vertex -2.806932 -4.500000 1.925861
      vertex -2.950732 -4.500000 1.782060
    endloop
  endfacet
  facet normal 0.879174 0.162429 -0.447962
    outer loop
      vertex -3.557495 0.000000 2.222899
      vertex -2.950732 -4.500000 1.782060
      vertex -3.043058 -4.500000 1.600861
    endloop
  endfacet
  facet normal 0.879174 0.162429 -0.447962
    outer loop
      vertex -3.557495 0.000000 2.222899
      vertex -3.043058 -4.500000 1.600861
      vertex -3.756350 0.000000 1.832624
    endloop
  endfacet
  facet normal 0.000000 1.000000 0.000000
    outer loop
      vertex -2.424871 0.000000 1.400000
      vertex -3.756350 0.000000 1.832624
      vertex -3.557495 0.000000 2.222899
    endloop
  endfacet
  facet normal 0.000000 -1.000000 0.000000
    outer loop
      vertex -2.424871 -4.500000 1.400000
      vertex -2.950732 -4.500000 1.782060
      vertex -3.043058 -4.500000 1.600861
    endloop
  endfacet
  facet normal 0.974572 0.162429 -0.154357
    outer loop
      vertex -3.756350 0.000000 1.832624
      vertex -3.043058 -4.500000 1.600861
      vertex -3.074871 -4.500000 1.400000
    endloop
  endfacet
  facet normal 0.974572 0.162429 -0.154357
    outer loop
      vertex -3.756350 0.000000 1.832624
      vertex -3.074871 -4.500000 1.400000
      vertex -3.824871 0.000000 1.400000
    endloop
  endfacet
  facet normal 0.000000 1.000000 0.000000
    outer loop
      vertex -2.424871 0.000000 1.400000
      vertex -3.824871 0.000000 1.400000
      vertex -3.756350 0.000000 1.832624
    endloop
  endfacet
  facet normal 0.000000 -1.000000 0.000000
    outer loop
      vertex -2.424871 -4.500000 1.400000
      vertex -3.043058 -4.500000 1.600861
      vertex -3.074871 -4.500000 1.400000
    endloop
  endfacet
  facet normal 0.974572 0.162429 0.154357
    outer loop
      vertex -3.824871 0.000000 1.400000
      vertex -3.074871 -4.500000 1.400000
      vertex -3.043058 -4.500000 1.199139
    endloop
  endfacet
  facet normal 0.974572 0.162429 0.154357
    outer loop
      vertex -3.824871 0.000000 1.400000
      vertex -3.043058 -4.500000 1.199139
      vertex -3.756350 0.000000 0.967376
    endloop
  endfacet
  facet normal 0.000000 1.000000 0.000000
    outer loop
      vertex -2.424871 0.000000 1.400000
      vertex -3.756350 0.000000 0.967376
      vertex -3.824871 0.000000 1.400000
    endloop
  endfacet
  facet normal -0.000000 -1.000000 0.000000
    outer loop
      vertex -2.424871 -4.500000 1.400000
      vertex -3.074871 -4.500000 1.400000
      vertex -3.043058 -4.500000 1.199139
    endloop
  endfacet
  facet normal 0.879174 0.162429 0.447962
    outer loop
      vertex -3.756350 0.000000 0.967376
      vertex -3.043058 -4.500000 1.199139
      vertex -2.950732 -4.500000 1.017940
    endloop
  endfacet
  facet normal 0.879174 0.162429 0.447962
    outer loop
      vertex -3.756350 0.000000 0.967376
      vertex -2.950732 -4.500000 1.017940
      vertex -3.557495 0.000000 0.577101
    endloop
  endfacet
  facet normal 0.000000 1.000000 0.000000
    outer loop
      vertex -2.424871 0.000000 1.400000
      vertex -3.557495 0.000000 0.577101
      vertex -3.756350 0.000000 0.967376
    endloop
  endfacet
  facet normal 0.000000 -1.000000 0.000000
    outer loop
      vertex -2.424871 -4.500000 1.400000
      vertex -3.043058 -4.500000 1.199139
      vertex -2.950732 -4.500000 1.017940
    endloop
  endfacet
  facet normal 0.697717 0.162429 0.697717
    outer loop
      vertex -3.557495 0.000000 0.577101
      vertex -2.950732 -4.500000 1.017940
      vertex -2.806932 -4.500000 0.874139
    endloop
  endfacet
  facet normal 0.697717 0.162429 0.697717
    outer loop
      vertex -3.557495 0.000000 0.577101
      vertex -2.806932 -4.500000 0.874139
      vertex -3.247770 0.000000 0.267376
    endloop
  endfacet
  facet normal 0.000000 1.000000 0.000000
    outer loop
      vertex -2.424871 0.000000 1.400000
      vertex -3.247770 0.000000 0.267376
      vertex -3.557495 0.000000 0.577101
    endloop
  endfacet
  facet normal 0.000000 -1.000000 0.000000
    outer loop
      vertex -2.424871 -4.500000 1.400000
      vertex -2.950732 -4.500000 1.017940
      vertex -2.806932 -4.500000 0.874139
    endloop
  endfacet
  facet normal 0.447962 0.162429 0.879174
    outer loop
      vertex -3.247770 0.000000 0.267376
      vertex -2.806932 -4.500000 0.874139
      vertex -2.625732 -4.500000 0.781813
    endloop
  endfacet
  facet normal 0.447962 0.162429 0.879174
    outer loop
      vertex -3.247770 0.000000 0.267376
      vertex -2.625732 -4.500000 0.781813
      vertex -2.857495 0.000000 0.068521
    endloop
  endfacet
  facet normal 0.000000 1.000000 0.000000
    outer loop
      vertex -2.424871 0.000000 1.400000
      vertex -2.857495 0.000000 0.068521
      vertex -3.247770 0.000000 0.267376
    endloop
  endfacet
  facet normal 0.000000 -1.000000 0.000000
    outer loop
      vertex -2.424871 -4.500000 1.400000
      vertex -2.806932 -4.500000 0.874139
      vertex -2.625732 -4.500000 0.781813
    endloop
  endfacet
  facet normal 0.154357 0.162429 0.974572
    outer loop
      vertex -2.857495 0.000000 0.068521
      vertex -2.625732 -4.500000 0.781813
      vertex -2.424871 -4.500000 0.750000
    endloop
  endfacet
  facet normal 0.154357 0.162429 0.974572
    outer loop
      vertex -2.857495 0.000000 0.068521
      vertex -2.424871 -4.500000 0.750000
      vertex -2.424871 0.000000 -0.000000
    endloop
  endfacet
  facet normal 0.000000 1.000000 0.000000
    outer loop
      vertex -2.424871 0.000000 1.400000
      vertex -2.424871 0.000000 -0.000000
      vertex -2.857495 0.000000 0.068521
    endloop
  endfacet
  facet normal 0.000000 -1.000000 -0.000000
    outer loop
      vertex -2.424871 -4.500000 1.400000
      vertex -2.625732 -4.500000 0.781813
      vertex -2.424871 -4.500000 0.750000
    endloop
  endfacet
  facet normal -0.154357 0.162429 0.974572
    outer loop
      vertex -2.424871 0.000000 -0.000000
      vertex -2.424871 -4.500000 0.750000
      vertex -2.224010 -4.500000 0.781813
    endloop
  endfacet
  facet normal -0.154357 0.162429 0.974572
    outer loop
      vertex -2.424871 0.000000 -0.000000
      vertex -2.224010 -4.500000 0.781813
      vertex -1.992247 0.000000 0.068521
    endloop
  endfacet
  facet normal 0.000000 1.000000 0.000000
    outer loop
      vertex -2.424871 0.000000 1.400000
      vertex -1.992247 0.000000 0.068521
      vertex -2.424871 0.000000 -0.000000
    endloop
  endfacet
  facet normal 0.000000 -1.000000 0.000000
    outer loop
      vertex -2.424871 -4.500000 1.400000
      vertex -2.424871 -4.500000 0.750000
      vertex -2.224010 -4.500000 0.781813
    endloop
  endfacet
  facet normal -0.447962 0.162429 0.879174
    outer loop
      vertex -1.992247 0.000000 0.068521
      vertex -2.224010 -4.500000 0.781813
      vertex -2.042811 -4.500000 0.874139
    endloop
  endfacet
  facet normal -0.447962 0.162429 0.879174
    outer loop
      vertex -1.992247 0.000000 0.068521
      vertex -2.042811 -4.500000 0.874139
      vertex -1.601972 0.000000 0.267376
    endloop
  endfacet
  facet normal 0.000000 1.000000 0.000000
    outer loop
      vertex -2.424871 0.000000 1.400000
      vertex -1.601972 0.000000 0.267376
      vertex -1.992247 0.000000 0.068521
    endloop
  endfacet
  facet normal 0.000000 -1.000000 0.000000
    outer loop
      vertex -2.424871 -4.500000 1.400000
      vertex -2.224010 -4.500000 0.781813
      vertex -2.042811 -4.500000 0.874139
    endloop
  endfacet
  facet normal -0.697717 0.162429 0.697717
    outer loop
      vertex -1.601972 0.000000 0.267376
      vertex -2.042811 -4.500000 0.874139
      vertex -1.899010 -4.500000 1.017940
    endloop
  endfacet
  facet normal -0.697717 0.162429 0.697717
    outer loop
      vertex -1.601972 0.000000 0.267376
      vertex -1.899010 -4.500000 1.017940
      vertex -1.292247 0.000000 0.577101
    endloop
  endfacet
  facet normal 0.000000 1.000000 0.000000
    outer loop
      vertex -2.424871 0.000000 1.400000
      vertex -1.292247 0.000000 0.577101
      vertex -1.601972 0.000000 0.267376
    endloop
  endfacet
  facet normal 0.000000 -1.000000 0.000000
    outer loop
      vertex -2.424871 -4.500000 1.400000
      vertex -2.042811 -4.500000 0.874139
      vertex -1.899010 -4.500000 1.017940
    endloop
  endfacet
  facet normal -0.879174 0.162429 0.447962
    outer loop
      vertex -1.292247 0.000000 0.577101
      vertex -1.899010 -4.500000 1.017940
      vertex -1.806684 -4.500000 1.199139
    endloop
  endfacet
  facet normal -0.879174 0.162429 0.447962
    outer loop
      vertex -1.292247 0.000000 0.577101
      vertex -1.806684 -4.500000 1.199139
      vertex -1.093392 0.000000 0.967376
    endloop
  endfacet
  facet normal 0.000000 1.000000 0.000000
    outer loop
      vertex -2.424871 0.000000 1.400000
      vertex -1.093392 0.000000 0.967376
      vertex -1.292247 0.000000 0.577101
    endloop
  endfacet
  facet normal 0.000000 -1.000000 0.000000
    outer loop
      vertex -2.424871 -4.500000 1.400000
      vertex -1.899010 -4.500000 1.017940
      vertex -1.806684 -4.500000 1.199139
    endloop
  endfacet
  facet normal -0.974572 0.162429 0.154357
    outer loop
      vertex -1.093392 0.000000 0.967376
      vertex -1.806684 -4.500000 1.199139
      vertex -1.774871 -4.500000 1.400000
    endloop
  endfacet
  facet normal -0.974572 0.162429 0.154357
    outer loop
      vertex -1.093392 0.000000 0.967376
      vertex -1.774871 -4.500000 1.400000
      vertex -1.024871 0.000000 1.400000
    endloop
  endfacet
  facet normal -0.000000 1.000000 0.000000
    outer loop
      vertex -2.424871 0.000000 1.400000
      vertex -1.024871 0.000000 1.400000
      vertex -1.093392 0.000000 0.967376
    endloop
  endfacet
  facet normal 0.000000 -1.000000 0.000000
    outer loop
      vertex -2.424871 -4.500000 1.400000
      vertex -1.806684 -4.500000 1.199139
      vertex -1.774871 -4.500000 1.400000
    endloop
  endfacet
  facet normal -0.974572 0.162429 -0.154357
    outer loop
      vertex 1.400000 0.000000 -2.800000
      vertex 0.650000 -4.500000 -2.800000
      vertex 0.618187 -4.500000 -2.599139
    endloop
  endfacet
  facet normal -0.974572 0.162429 -0.154357
    outer loop
      vertex 1.400000 0.000000 -2.800000
      vertex 0.618187 -4.500000 -2.599139
      vertex 1.331479 0.000000 -2.367376
    endloop
  endfacet
  facet normal 0.000000 1.000000 0.000000
    outer loop
      vertex -0.000000 0.000000 -2.800000
      vertex 1.331479 0.000000 -2.367376
      vertex 1.400000 0.000000 -2.800000
    endloop
  endfacet
  facet normal 0.000000 -1.000000 0.000000
    outer loop
      vertex -0.000000 -4.500000 -2.800000
      vertex 0.650000 -4.500000 -2.800000
      vertex 0.618187 -4.500000 -2.599139
    endloop
  endfacet
  facet normal -0.879174 0.162429 -0.447962
    outer loop
      vertex 1.331479 0.000000 -2.367376
      vertex 0.618187 -4.500000 -2.599139
      vertex 0.525861 -4.500000 -2.417940
    endloop
  endfacet
  facet normal -0.879174 0.162429 -0.447962
    outer loop
      vertex 1.331479 0.000000 -2.367376
      vertex 0.525861 -4.500000 -2.417940
      vertex 1.132624 0.000000 -1.977101
    endloop
  endfacet
  facet normal 0.000000 1.000000 0.000000
    outer loop
      vertex -0.000000 0.000000 -2.800000
      vertex 1.132624 0.000000 -1.977101
      vertex 1.331479 0.000000 -2.367376
    endloop
  endfacet
  facet normal 0.000000 -1.000000 0.000000
    outer loop
      vertex -0.000000 -4.500000 -2.800000
      vertex 0.618187 -4.500000 -2.599139
      vertex 0.525861 -4.500000 -2.417940
    endloop
  endfacet
  facet normal -0.697717 0.162429 -0.697717
    outer loop
      vertex 1.132624 0.000000 -1.977101
      vertex 0.525861 -4.500000 -2.417940
      vertex 0.382060 -4.500000 -2.274139
    endloop
  endfacet
  facet normal -0.697717 0.162429 -0.697717
    outer loop
      vertex 1.132624 0.000000 -1.977101
      vertex 0.382060 -4.500000 -2.274139
      vertex 0.822899 0.000000 -1.667376
    endloop
  endfacet
  facet normal 0.000000 1.000000 0.000000
    outer loop
      vertex -0.000000 0.000000 -2.800000
      vertex 0.822899 0.000000 -1.667376
      vertex 1.132624 0.000000 -1.977101
    endloop
  endfacet
  facet normal 0.000000 -1.000000 0.000000
    outer loop
      vertex -0.000000 -4.500000 -2.800000
      vertex 0.525861 -4.500000 -2.417940
      vertex 0.382060 -4.500000 -2.274139
    endloop
  endfacet
  facet normal -0.447962 0.162429 -0.879174
    outer loop
      vertex 0.822899 0.000000 -1.667376
      vertex 0.382060 -4.500000 -2.274139
      vertex 0.200861 -4.500000 -2.181813
    endloop
  endfacet
  facet normal -0.447962 0.162429 -0.879174
    outer loop
      vertex 0.822899 0.000000 -1.667376
      vertex 0.200861 -4.500000 -2.181813
      vertex 0.432624 0.000000 -1.468521
    endloop
  endfacet
  facet normal 0.000000 1.000000 0.000000
    outer loop
      vertex -0.000000 0.000000 -2.800000
      vertex 0.432624 0.000000 -1.468521
      vertex 0.822899 0.000000 -1.667376
    endloop
  endfacet
  facet normal 0.000000 -1.000000 0.000000
    outer loop
      vertex -0.000000 -4.500000 -2.800000
      vertex 0.382060 -4.500000 -2.274139
      vertex 0.200861 -4.500000 -2.181813
    endloop
  endfacet
  facet normal -0.154357 0.162429 -0.974572
    outer loop
      vertex 0.432624 0.000000 -1.468521
      vertex 0.200861 -4.500000 -2.181813
      vertex -0.000000 -4.500000 -2.150000
    endloop
  endfacet
  facet normal -0.154357 0.162429 -0.974572
    outer loop
      vertex 0.432624 0.000000 -1.468521
      vertex -0.000000 -4.500000 -2.150000
      vertex -0.000000 0.000000 -1.400000
    endloop
  endfacet
  facet normal 0.000000 1.000000 0.000000
    outer loop
      vertex -0.000000 0.000000 -2.800000
      vertex -0.000000 0.000000 -1.400000
      vertex 0.432624 0.000000 -1.468521
    endloop
  endfacet
  facet normal 0.000000 -1.000000 0.000000
    outer loop
      vertex -0.000000 -4.500000 -2.800000
      vertex 0.200861 -4.500000 -2.181813
      vertex -0.000000 -4.500000 -2.150000
    endloop
  endfacet
  facet normal 0.154357 0.162429 -0.974572
    outer loop
      vertex -0.000000 0.000000 -1.400000
      vertex -0.000000 -4.500000 -2.150000
      vertex -0.200861 -4.500000 -2.181813
    endloop
  endfacet
  facet normal 0.154357 0.162429 -0.974572
    outer loop
      vertex -0.000000 0.000000 -1.400000
      vertex -0.200861 -4.500000 -2.181813
      vertex -0.432624 0.000000 -1.468521
    endloop
  endfacet
  facet normal 0.000000 1.000000 -0.000000
    outer loop
      vertex -0.000000 0.000000 -2.800000
      vertex -0.432624 0.000000 -1.468521
      vertex -0.000000 0.000000 -1.400000
    endloop
  endfacet
  facet normal 0.000000 -1.000000 0.000000
    outer loop
      vertex -0.000000 -4.500000 -2.800000
      vertex -0.000000 -4.500000 -2.150000
      vertex -0.200861 -4.500000 -2.181813
    endloop
  endfacet
  facet normal 0.447962 0.162429 -0.879174
    outer loop
      vertex -0.432624 0.000000 -1.468521
      vertex -0.200861 -4.500000 -2.181813
      vertex -0.382060 -4.500000 -2.274139
    endloop
  endfacet
  facet normal 0.447962 0.162429 -0.879174
    outer loop
      vertex -0.432624 0.000000 -1.468521
      vertex -0.382060 -4.500000 -2.274139
      vertex -0.822899 0.000000 -1.667376
    endloop
  endfacet
  facet normal 0.000000 1.000000 0.000000
    outer loop
      vertex -0.000000 0.000000 -2.800000
      vertex -0.822899 0.000000 -1.667376
      vertex -0.432624 0.000000 -1.468521
    endloop
  endfacet
  facet normal 0.000000 -1.000000 0.000000
    outer loop
      vertex -0.000000 -4.500000 -2.800000
      vertex -0.200861 -4.500000 -2.181813
      vertex -0.382060 -4.500000 -2.274139
    endloop
  endfacet
  facet normal 0.697717 0.162429 -0.697717
    outer loop
      vertex -0.822899 0.000000 -1.667376
      vertex -0.382060 -4.500000 -2.274139
      vertex -0.525861 -4.500000 -2.417940
    endloop
  endfacet
  facet normal 0.697717 0.162429 -0.697717
    outer loop
      vertex -0.822899 0.000000 -1.667376
      vertex -0.525861 -4.500000 -2.417940
      vertex -1.132624 0.000000 -1.977101
    endloop
  endfacet
  facet normal 0.000000 1.000000 0.000000
    outer loop
      vertex -0.000000 0.000000 -2.800000
      vertex -1.132624 0.000000 -1.977101
      vertex -0.822899 0.000000 -1.667376
    endloop
  endfacet
  facet normal 0.000000 -1.000000 0.000000
    outer loop
      vertex -0.000000 -4.500000 -2.800000
      vertex -0.382060 -4.500000 -2.274139
      vertex -0.525861 -4.500000 -2.417940
    endloop
  endfacet
  facet normal 0.879174 0.162429 -0.447962
    outer loop
      vertex -1.132624 0.000000 -1.977101
      vertex -0.525861 -4.500000 -2.417940
      vertex -0.618187 -4.500000 -2.599139
    endloop
  endfacet
  facet normal 0.879174 0.162429 -0.447962
    outer loop
      vertex -1.132624 0.000000 -1.977101
      vertex -0.618187 -4.500000 -2.599139
      vertex -1.331479 0.000000 -2.367376
    endloop
  endfacet
  facet normal 0.000000 1.000000 0.000000
    outer loop
      vertex -0.000000 0.000000 -2.800000
      vertex -1.331479 0.000000 -2.367376
      vertex -1.132624 0.000000 -1.977101
    endloop
  endfacet
  facet normal 0.000000 -1.000000 0.000000
    outer loop
      vertex -0.000000 -4.500000 -2.800000
      vertex -0.525861 -4.500000 -2.417940
      vertex -0.618187 -4.500000 -2.599139
    endloop
  endfacet
  facet normal 0.974572 0.162429 -0.154357
    outer loop
      vertex -1.331479 0.000000 -2.367376
      vertex -0.618187 -4.500000 -2.599139
      vertex -0.650000 -4.500000 -2.800000
    endloop
  endfacet
  facet normal 0.974572 0.162429 -0.154357
    outer loop
      vertex -1.331479 0.000000 -2.367376
      vertex -0.650000 -4.500000 -2.800000
      vertex -1.400000 0.000000 -2.800000
    endloop
  endfacet
  facet normal 0.000000 1.000000 0.000000
    outer loop
      vertex -0.000000 0.000000 -2.800000
      vertex -1.400000 0.000000 -2.800000
      vertex -1.331479 0.000000 -2.367376
    endloop
  endfacet
  facet normal 0.000000 -1.000000 0.000000
    outer loop
      vertex -0.000000 -4.500000 -2.800000
      vertex -0.618187 -4.500000 -2.599139
      vertex -0.650000 -4.500000 -2.800000
    endloop
  endfacet
  facet normal 0.974572 0.162429 0.154357
    outer loop
      vertex -1.400000 0.000000 -2.800000
      vertex -0.650000 -4.500000 -2.800000
      vertex -0.618187 -4.500000 -3.000861
    endloop
  endfacet
  facet normal 0.974572 0.162429 0.154357
    outer loop
      vertex -1.400000 0.000000 -2.800000
      vertex -0.618187 -4.500000 -3.000861
      vertex -1.331479 0.000000 -3.232624
    endloop
  endfacet
  facet normal 0.000000 1.000000 0.000000
    outer loop
      vertex -0.000000 0.000000 -2.800000
      vertex -1.331479 0.000000 -3.232624
      vertex -1.400000 0.000000 -2.800000
    endloop
  endfacet
  facet normal -0.000000 -1.000000 0.000000
    outer loop
      vertex -0.000000 -4.500000 -2.800000
      vertex -0.650000 -4.500000 -2.800000
      vertex -0.618187 -4.500000 -3.000861
    endloop
  endfacet
  facet normal 0.879174 0.162429 0.447962
    outer loop
      vertex -1.331479 0.000000 -3.232624
      vertex -0.618187 -4.500000 -3.000861
      vertex -0.525861 -4.500000 -3.182060
    endloop
  endfacet
  facet normal 0.879174 0.162429 0.447962
    outer loop
      vertex -1.331479 0.000000 -3.232624
      vertex -0.525861 -4.500000 -3.182060
      vertex -1.132624 0.000000 -3.622899
    endloop
  endfacet
  facet normal 0.000000 1.000000 0.000000
    outer loop
      vertex -0.000000 0.000000 -2.800000
      vertex -1.132624 0.000000 -3.622899
      vertex -1.331479 0.000000 -3.232624
    endloop
  endfacet
  facet normal 0.000000 -1.000000 0.000000
    outer loop
      vertex -0.000000 -4.500000 -2.800000
      vertex -0.618187 -4.500000 -3.000861
      vertex -0.525861 -4.500000 -3.182060
    endloop
  endfacet
  facet normal 0.697717 0.162429 0.697717
    outer loop
      vertex -1.132624 0.000000 -3.622899
      vertex -0.525861 -4.500000 -3.182060
      vertex -0.382060 -4.500000 -3.325861
    endloop
  endfacet
  facet normal 0.697717 0.162429 0.697717
    outer loop
      vertex -1.132624 0.000000 -3.622899
      vertex -0.382060 -4.500000 -3.325861
      vertex -0.822899 0.000000 -3.932624
    endloop
  endfacet
  facet normal 0.000000 1.000000 0.000000
    outer loop
      vertex -0.000000 0.000000 -2.800000
      vertex -0.822899 0.000000 -3.932624
      vertex -1.132624 0.000000 -3.622899
    endloop
  endfacet
  facet normal 0.000000 -1.000000 0.000000
    outer loop
      vertex -0.000000 -4.500000 -2.800000
      vertex -0.525861 -4.500000 -3.182060
      vertex -0.382060 -4.500000 -3.325861
    endloop
  endfacet
  facet normal 0.447962 0.162429 0.879174
    outer loop
      vertex -0.822899 0.000000 -3.932624
      vertex -0.382060 -4.500000 -3.325861
      vertex -0.200861 -4.500000 -3.418187
    endloop
  endfacet
  facet normal 0.447962 0.162429 0.879174
    outer loop
      vertex -0.822899 0.000000 -3.932624
      vertex -0.200861 -4.500000 -3.418187
      vertex -0.432624 0.000000 -4.131479
    endloop
  endfacet
  facet normal 0.000000 1.000000 0.000000
    outer loop
      vertex -0.000000 0.000000 -2.800000
      vertex -0.432624 0.000000 -4.131479
      vertex -0.822899 0.000000 -3.932624
    endloop
  endfacet
  facet normal 0.000000 -1.000000 0.000000
    outer loop
      vertex -0.000000 -4.500000 -2.800000
      vertex -0.382060 -4.500000 -3.325861
      vertex -0.200861 -4.500000 -3.418187
    endloop
  endfacet
  facet normal 0.154357 0.162429 0.974572
    outer loop
      vertex -0.432624 0.000000 -4.131479
      vertex -0.200861 -4.500000 -3.418187
      vertex -0.000000 -4.500000 -3.450000
    endloop
  endfacet
  facet normal 0.154357 0.162429 0.974572
    outer loop
      vertex -0.432624 0.000000 -4.131479
      vertex -0.000000 -4.500000 -3.450000
      vertex -0.000000 0.000000 -4.200000
    endloop
  endfacet
  facet normal 0.000000 1.000000 0.000000
    outer loop
      vertex -0.000000 0.000000 -2.800000
      vertex -0.000000 0.000000 -4.200000
      vertex -0.432624 0.000000 -4.131479
    endloop
  endfacet
  facet normal 0.000000 -1.000000 0.000000
    outer loop
      vertex -0.000000 -4.500000 -2.800000
      vertex -0.200861 -4.500000 -3.418187
      vertex -0.000000 -4.500000 -3.450000
    endloop
  endfacet
  facet normal -0.154357 0.162429 0.974572
    outer loop
      vertex -0.000000 0.000000 -4.200000
      vertex -0.000000 -4.500000 -3.450000
      vertex 0.200861 -4.500000 -3.418187
    endloop
  endfacet
  facet normal -0.154357 0.162429 0.974572
    outer loop
      vertex -0.000000 0.000000 -4.200000
      vertex 0.200861 -4.500000 -3.418187
      vertex 0.432624 0.000000 -4.131479
    endloop
  endfacet
  facet normal 0.000000 1.000000 0.000000
    outer loop
      vertex -0.000000 0.000000 -2.800000
      vertex 0.432624 0.000000 -4.131479
      vertex -0.000000 0.000000 -4.200000
    endloop
  endfacet
  facet normal 0.000000 -1.000000 -0.000000
    outer loop
      vertex -0.000000 -4.500000 -2.800000
      vertex -0.000000 -4.500000 -3.450000
      vertex 0.200861 -4.500000 -3.418187
    endloop
  endfacet
  facet normal -0.447962 0.162429 0.879174
    outer loop
      vertex 0.432624 0.000000 -4.131479
      vertex 0.200861 -4.500000 -3.418187
      vertex 0.382060 -4.500000 -3.325861
    endloop
  endfacet
  facet normal -0.447962 0.162429 0.879174
    outer loop
      vertex 0.432624 0.000000 -4.131479
      vertex 0.382060 -4.500000 -3.325861
      vertex 0.822899 0.000000 -3.932624
    endloop
  endfacet
  facet normal 0.000000 1.000000 0.000000
    outer loop
      vertex -0.000000 0.000000 -2.800000
      vertex 0.822899 0.000000 -3.932624
      vertex 0.432624 0.000000 -4.131479
    endloop
  endfacet
  facet normal 0.000000 -1.000000 0.000000
    outer loop
      vertex -0.000000 -4.500000 -2.800000
      vertex 0.200861 -4.500000 -3.418187
      vertex 0.382060 -4.500000 -3.325861
    endloop
  endfacet
  facet normal -0.697717 0.162429 0.697717
    outer loop
      vertex 0.822899 0.000000 -3.932624
      vertex 0.382060 -4.500000 -3.325861
      vertex 0.525861 -4.500000 -3.182060
    endloop
  endfacet
  facet normal -0.697717 0.162429 0.697717
    outer loop
      vertex 0.822899 0.000000 -3.932624
      vertex 0.525861 -4.500000 -3.182060
      vertex 1.132624 0.000000 -3.622899
    endloop
  endfacet
  facet normal 0.000000 1.000000 0.000000
    outer loop
      vertex -0.000000 0.000000 -2.800000
      vertex 1.132624 0.000000 -3.622899
      vertex 0.822899 0.000000 -3.932624
    endloop
  endfacet
  facet normal 0.000000 -1.000000 0.000000
    outer loop
      vertex -0.000000 -4.500000 -2.800000
      vertex 0.382060 -4.500000 -3.325861
      vertex 0.525861 -4.500000 -3.182060
    endloop
  endfacet
  facet normal -0.879174 0.162429 0.447962
    outer loop
      vertex 1.132624 0.000000 -3.622899
      vertex 0.525861 -4.500000 -3.182060
      vertex 0.618187 -4.500000 -3.000861
    endloop
  endfacet
  facet normal -0.879174 0.162429 0.447962
    outer loop
      vertex 1.132624 0.000000 -3.622899
      vertex 0.618187 -4.500000 -3.000861
      vertex 1.331479 0.000000 -3.232624
    endloop
  endfacet
  facet normal 0.000000 1.000000 0.000000
    outer loop
      vertex -0.000000 0.000000 -2.800000
      vertex 1.331479 0.000000 -3.232624
      vertex 1.132624 0.000000 -3.622899
    endloop
  endfacet
  facet normal 0.000000 -1.000000 0.000000
    outer loop
      vertex -0.000000 -4.500000 -2.800000
      vertex 0.525861 -4.500000 -3.182060
      vertex 0.618187 -4.500000 -3.000861
    endloop
  endfacet
  facet normal -0.974572 0.162429 0.154357
    outer loop
      vertex 1.331479 0.000000 -3.232624
      vertex 0.618187 -4.500000 -3.000861
      vertex 0.650000 -4.500000 -2.800000
    endloop
  endfacet
  facet normal -0.974572 0.162429 0.154357
    outer loop
      vertex 1.331479 0.000000 -3.232624
      vertex 0.650000 -4.500000 -2.800000
      vertex 1.400000 0.000000 -2.800000
    endloop
  endfacet
  facet normal -0.000000 1.000000 0.000000
    outer loop
      vertex -0.000000 0.000000 -2.800000
      vertex 1.400000 0.000000 -2.800000
      vertex 1.331479 0.000000 -3.232624
    endloop
  endfacet
  facet normal 0.000000 -1.000000 0.000000
    outer loop
      vertex -0.000000 -4.500000 -2.800000
      vertex 0.618187 -4.500000 -3.000861
      vertex 0.650000 -4.500000 -2.800000
    endloop
  endfacet
endsolid starship_ship
