solid starship
  facet normal -0.997859 -0.000000 -0.065403
    outer loop
      vertex 4.500000 35.000000 0.000000
      vertex 4.500000 0.000000 0.000000
      vertex 4.461502 0.000000 0.587368
    endloop
  endfacet
  facet normal -0.997859 0.000000 -0.065403
    outer loop
      vertex 4.500000 35.000000 0.000000
      vertex 4.461502 0.000000 0.587368
      vertex 4.461502 35.000000 0.587368
    endloop
  endfacet
  facet normal 0.000000 1.000000 0.000000
    outer loop
      vertex 0.000000 35.000000 0.000000
      vertex 4.461502 35.000000 0.587368
      vertex 4.500000 35.000000 0.000000
    endloop
  endfacet
  facet normal 0.000000 -1.000000 0.000000
    outer loop
      vertex 0.000000 0.000000 0.000000
      vertex 4.500000 0.000000 0.000000
      vertex 4.461502 0.000000 0.587368
    endloop
  endfacet
  facet normal -0.980785 -0.000000 -0.195090
    outer loop
      vertex 4.461502 35.000000 0.587368
      vertex 4.461502 0.000000 0.587368
      vertex 4.346666 0.000000 1.164686
    endloop
  endfacet
  facet normal -0.980785 0.000000 -0.195090
    outer loop
      vertex 4.461502 35.000000 0.587368
      vertex 4.346666 0.000000 1.164686
      vertex 4.346666 35.000000 1.164686
    endloop
  endfacet
  facet normal 0.000000 1.000000 0.000000
    outer loop
      vertex 0.000000 35.000000 0.000000
      vertex 4.346666 35.000000 1.164686
      vertex 4.461502 35.000000 0.587368
    endloop
  endfacet
  facet normal 0.000000 -1.000000 0.000000
    outer loop
      vertex 0.000000 0.000000 0.000000
      vertex 4.461502 0.000000 0.587368
      vertex 4.346666 0.000000 1.164686
    endloop
  endfacet
  facet normal -0.946930 -0.000000 -0.321439
    outer loop
      vertex 4.346666 35.000000 1.164686
      vertex 4.346666 0.000000 1.164686
      vertex 4.157458 0.000000 1.722075
    endloop
  endfacet
  facet normal -0.946930 0.000000 -0.321439
    outer loop
      vertex 4.346666 35.000000 1.164686
      vertex 4.157458 0.000000 1.722075
      vertex 4.157458 35.000000 1.722075
    endloop
  endfacet
  facet normal 0.000000 1.000000 0.000000
    outer loop
      vertex 0.000000 35.000000 0.000000
      vertex 4.157458 35.000000 1.722075
      vertex 4.346666 35.000000 1.164686
    endloop
  endfacet
  facet normal 0.000000 -1.000000 0.000000
    outer loop
      vertex 0.000000 0.000000 0.000000
      vertex 4.346666 0.000000 1.164686
      vertex 4.157458 0.000000 1.722075
    endloop
  endfacet
  facet normal -0.896873 -0.000000 -0.442289
    outer loop
      vertex 4.157458 35.000000 1.722075
      vertex 4.157458 0.000000 1.722075
      vertex 3.897114 0.000000 2.250000
    endloop
  endfacet
  facet normal -0.896873 0.000000 -0.442289
    outer loop
      vertex 4.157458 35.000000 1.722075
      vertex 3.897114 0.000000 2.250000
      vertex 3.897114 35.000000 2.250000
    endloop
  endfacet
  facet normal 0.000000 1.000000 0.000000
    outer loop
      vertex 0.000000 35.000000 0.000000
      vertex 3.897114 35.000000 2.250000
      vertex 4.157458 35.000000 1.722075
    endloop
  endfacet
  facet normal 0.000000 -1.000000 0.000000
    outer loop
      vertex 0.000000 0.000000 0.000000
      vertex 4.157458 0.000000 1.722075
      vertex 3.897114 0.000000 2.250000
    endloop
  endfacet
  facet normal -0.831470 -0.000000 -0.555570
    outer loop
      vertex 3.897114 35.000000 2.250000
      vertex 3.897114 0.000000 2.250000
      vertex 3.570090 0.000000 2.739426
    endloop
  endfacet
  facet normal -0.831470 0.000000 -0.555570
    outer loop
      vertex 3.897114 35.000000 2.250000
      vertex 3.570090 0.000000 2.739426
      vertex 3.570090 35.000000 2.739426
    endloop
  endfacet
  facet normal 0.000000 1.000000 0.000000
    outer loop
      vertex 0.000000 35.000000 0.000000
      vertex 3.570090 35.000000 2.739426
      vertex 3.897114 35.000000 2.250000
    endloop
  endfacet
  facet normal 0.000000 -1.000000 0.000000
    outer loop
      vertex 0.000000 0.000000 0.000000
      vertex 3.897114 0.000000 2.250000
      vertex 3.570090 0.000000 2.739426
    endloop
  endfacet
  facet normal -0.751840 -0.000000 -0.659346
    outer loop
      vertex 3.570090 35.000000 2.739426
      vertex 3.570090 0.000000 2.739426
      vertex 3.181981 0.000000 3.181981
    endloop
  endfacet
  facet normal -0.751840 0.000000 -0.659346
    outer loop
      vertex 3.570090 35.000000 2.739426
      vertex 3.181981 0.000000 3.181981
      vertex 3.181981 35.000000 3.181981
    endloop
  endfacet
  facet normal 0.000000 1.000000 0.000000
    outer loop
      vertex 0.000000 35.000000 0.000000
      vertex 3.181981 35.000000 3.181981
      vertex 3.570090 35.000000 2.739426
    endloop
  endfacet
  facet normal 0.000000 -1.000000 0.000000
    outer loop
      vertex 0.000000 0.000000 0.000000
      vertex 3.570090 0.000000 2.739426
      vertex 3.181981 0.000000 3.181981
    endloop
  endfacet
  facet normal -0.659346 -0.000000 -0.751840
    outer loop
      vertex 3.181981 35.000000 3.181981
      vertex 3.181981 0.000000 3.181981
      vertex 2.739426 0.000000 3.570090
    endloop
  endfacet
  facet normal -0.659346 0.000000 -0.751840
    outer loop
      vertex 3.181981 35.000000 3.181981
      vertex 2.739426 0.000000 3.570090
      vertex 2.739426 35.000000 3.570090
    endloop
  endfacet
  facet normal 0.000000 1.000000 0.000000
    outer loop
      vertex 0.000000 35.000000 0.000000
      vertex 2.739426 35.000000 3.570090
      vertex 3.181981 35.000000 3.181981
    endloop
  endfacet
  facet normal 0.000000 -1.000000 0.000000
    outer loop
      vertex 0.000000 0.000000 0.000000
      vertex 3.181981 0.000000 3.181981
      vertex 2.739426 0.000000 3.570090
    endloop
  endfacet
  facet normal -0.555570 -0.000000 -0.831470
    outer loop
      vertex 2.739426 35.000000 3.570090
      vertex 2.739426 0.000000 3.570090
      vertex 2.250000 0.000000 3.897114
    endloop
  endfacet
  facet normal -0.555570 0.000000 -0.831470
    outer loop
      vertex 2.739426 35.000000 3.570090
      vertex 2.250000 0.000000 3.897114
      vertex 2.250000 35.000000 3.897114
    endloop
  endfacet
  facet normal 0.000000 1.000000 0.000000
    outer loop
      vertex 0.000000 35.000000 0.000000
      vertex 2.250000 35.000000 3.897114
      vertex 2.739426 35.000000 3.570090
    endloop
  endfacet
  facet normal 0.000000 -1.000000 0.000000
    outer loop
      vertex 0.000000 0.000000 0.000000
      vertex 2.739426 0.000000 3.570090
      vertex 2.250000 0.000000 3.897114
    endloop
  endfacet
  facet normal -0.442289 -0.000000 -0.896873
    outer loop
      vertex 2.250000 35.000000 3.897114
      vertex 2.250000 0.000000 3.897114
      vertex 1.722075 0.000000 4.157458
    endloop
  endfacet
  facet normal -0.442289 0.000000 -0.896873
    outer loop
      vertex 2.250000 35.000000 3.897114
      vertex 1.722075 0.000000 4.157458
      vertex 1.722075 35.000000 4.157458
    endloop
  endfacet
  facet normal 0.000000 1.000000 0.000000
    outer loop
      vertex 0.000000 35.000000 0.000000
      vertex 1.722075 35.000000 4.157458
      vertex 2.250000 35.000000 3.897114
    endloop
  endfacet
  facet normal 0.000000 -1.000000 0.000000
    outer loop
      vertex 0.000000 0.000000 0.000000
      vertex 2.250000 0.000000 3.897114
      vertex 1.722075 0.000000 4.157458
    endloop
  endfacet
  facet normal -0.321439 -0.000000 -0.946930
    outer loop
      vertex 1.722075 35.000000 4.157458
      vertex 1.722075 0.000000 4.157458
      vertex 1.164686 0.000000 4.346666
    endloop
  endfacet
  facet normal -0.321439 0.000000 -0.946930
    outer loop
      vertex 1.722075 35.000000 4.157458
      vertex 1.164686 0.000000 4.346666
      vertex 1.164686 35.000000 4.346666
    endloop
  endfacet
  facet normal 0.000000 1.000000 0.000000
    outer loop
      vertex 0.000000 35.000000 0.000000
      vertex 1.164686 35.000000 4.346666
      vertex 1.722075 35.000000 4.157458
    endloop
  endfacet
  facet normal 0.000000 -1.000000 0.000000
    outer loop
      vertex 0.000000 0.000000 0.000000
      vertex 1.722075 0.000000 4.157458
      vertex 1.164686 0.000000 4.346666
    endloop
  endfacet
  facet normal -0.195090 -0.000000 -0.980785
    outer loop
      vertex 1.164686 35.000000 4.346666
      vertex 1.164686 0.000000 4.346666
      vertex 0.587368 0.000000 4.461502
    endloop
  endfacet
  facet normal -0.195090 0.000000 -0.980785
    outer loop
      vertex 1.164686 35.000000 4.346666
      vertex 0.587368 0.000000 4.461502
      vertex 0.587368 35.000000 4.461502
    endloop
  endfacet
  facet normal 0.000000 1.000000 0.000000
    outer loop
      vertex 0.000000 35.000000 0.000000
      vertex 0.587368 35.000000 4.461502
      vertex 1.164686 35.000000 4.346666
    endloop
  endfacet
  facet normal 0.000000 -1.000000 0.000000
    outer loop
      vertex 0.000000 0.000000 0.000000
      vertex 1.164686 0.000000 4.346666
      vertex 0.587368 0.000000 4.461502
    endloop
  endfacet
  facet normal -0.065403 -0.000000 -0.997859
    outer loop
      vertex 0.587368 35.000000 4.461502
      vertex 0.587368 0.000000 4.461502
      vertex 0.000000 0.000000 4.500000
    endloop
  endfacet
  facet normal -0.065403 0.000000 -0.997859
    outer loop
      vertex 0.587368 35.000000 4.461502
      vertex 0.000000 0.000000 4.500000
      vertex 0.000000 35.000000 4.500000
    endloop
  endfacet
  facet normal 0.000000 1.000000 0.000000
    outer loop
      vertex 0.000000 35.000000 0.000000
      vertex 0.000000 35.000000 4.500000
      vertex 0.587368 35.000000 4.461502
    endloop
  endfacet
  facet normal 0.000000 -1.000000 0.000000
    outer loop
      vertex 0.000000 0.000000 0.000000
      vertex 0.587368 0.000000 4.461502
      vertex 0.000000 0.000000 4.500000
    endloop
  endfacet
  facet normal 0.065403 0.000000 -0.997859
    outer loop
      vertex 0.000000 35.000000 4.500000
      vertex 0.000000 0.000000 4.500000
      vertex -0.587368 0.000000 4.461502
    endloop
  endfacet
  facet normal 0.065403 0.000000 -0.997859
    outer loop
      vertex 0.000000 35.000000 4.500000
      vertex -0.587368 0.000000 4.461502
      vertex -0.587368 35.000000 4.461502
    endloop
  endfacet
  facet normal 0.000000 1.000000 -0.000000
    outer loop
      vertex 0.000000 35.000000 0.000000
      vertex -0.587368 35.000000 4.461502
      vertex 0.000000 35.000000 4.500000
    endloop
  endfacet
  facet normal 0.000000 -1.000000 0.000000
    outer loop
      vertex 0.000000 0.000000 0.000000
      vertex 0.000000 0.000000 4.500000
      vertex -0.587368 0.000000 4.461502
    endloop
  endfacet
  facet normal 0.195090 0.000000 -0.980785
    outer loop
      vertex -0.587368 35.000000 4.461502
      vertex -0.587368 0.000000 4.461502
      vertex -1.164686 0.000000 4.346666
    endloop
  endfacet
  facet normal 0.195090 0.000000 -0.980785
    outer loop
      vertex -0.587368 35.000000 4.461502
      vertex -1.164686 0.000000 4.346666
      vertex -1.164686 35.000000 4.346666
    endloop
  endfacet
  facet normal 0.000000 1.000000 0.000000
    outer loop
      vertex 0.000000 35.000000 0.000000
      vertex -1.164686 35.000000 4.346666
      vertex -0.587368 35.000000 4.461502
    endloop
  endfacet
  facet normal 0.000000 -1.000000 0.000000
    outer loop
      vertex 0.000000 0.000000 0.000000
      vertex -0.587368 0.000000 4.461502
      vertex -1.164686 0.000000 4.346666
    endloop
  endfacet
  facet normal 0.321439 0.000000 -0.946930
    outer loop
      vertex -1.164686 35.000000 4.346666
      vertex -1.164686 0.000000 4.346666
      vertex -1.722075 0.000000 4.157458
    endloop
  endfacet
  facet normal 0.321439 0.000000 -0.946930
    outer loop
      vertex -1.164686 35.000000 4.346666
      vertex -1.722075 0.000000 4.157458
      vertex -1.722075 35.000000 4.157458
    endloop
  endfacet
  facet normal 0.000000 1.000000 0.000000
    outer loop
      vertex 0.000000 35.000000 0.000000
      vertex -1.722075 35.000000 4.157458
      vertex -1.164686 35.000000 4.346666
    endloop
  endfacet
  facet normal 0.000000 -1.000000 0.000000
    outer loop
      vertex 0.000000 0.000000 0.000000
      vertex -1.164686 0.000000 4.346666
      vertex -1.722075 0.000000 4.157458
    endloop
  endfacet
  facet normal 0.442289 0.000000 -0.896873
    outer loop
      vertex -1.722075 35.000000 4.157458
      vertex -1.722075 0.000000 4.157458
      vertex -2.250000 0.000000 3.897114
    endloop
  endfacet
  facet normal 0.442289 0.000000 -0.896873
    outer loop
      vertex -1.722075 35.000000 4.157458
      vertex -2.250000 0.000000 3.897114
      vertex -2.250000 35.000000 3.897114
    endloop
  endfacet
  facet normal 0.000000 1.000000 0.000000
    outer loop
      vertex 0.000000 35.000000 0.000000
      vertex -2.250000 35.000000 3.897114
      vertex -1.722075 35.000000 4.157458
    endloop
  endfacet
  facet normal 0.000000 -1.000000 0.000000
    outer loop
      vertex 0.000000 0.000000 0.000000
      vertex -1.722075 0.000000 4.157458
      vertex -2.250000 0.000000 3.897114
    endloop
  endfacet
  facet normal 0.555570 0.000000 -0.831470
    outer loop
      vertex -2.250000 35.000000 3.897114
      vertex -2.250000 0.000000 3.897114
      vertex -2.739426 0.000000 3.570090
    endloop
  endfacet
  facet normal 0.555570 0.000000 -0.831470
    outer loop
      vertex -2.250000 35.000000 3.897114
      vertex -2.739426 0.000000 3.570090
      vertex -2.739426 35.000000 3.570090
    endloop
  endfacet
  facet normal 0.000000 1.000000 0.000000
    outer loop
      vertex 0.000000 35.000000 0.000000
      vertex -2.739426 35.000000 3.570090
      vertex -2.250000 35.000000 3.897114
    endloop
  endfacet
  facet normal 0.000000 -1.000000 0.000000
    outer loop
      vertex 0.000000 0.000000 0.000000
      vertex -2.250000 0.000000 3.897114
      vertex -2.739426 0.000000 3.570090
    endloop
  endfacet
  facet normal 0.659346 0.000000 -0.751840
    outer loop
      vertex -2.739426 35.000000 3.570090
      vertex -2.739426 0.000000 3.570090
      vertex -3.181981 0.000000 3.181981
    endloop
  endfacet
  facet normal 0.659346 0.000000 -0.751840
    outer loop
      vertex -2.739426 35.000000 3.570090
      vertex -3.181981 0.000000 3.181981
      vertex -3.181981 35.000000 3.181981
    endloop
  endfacet
  facet normal 0.000000 1.000000 0.000000
    outer loop
      vertex 0.000000 35.000000 0.000000
      vertex -3.181981 35.000000 3.181981
      vertex -2.739426 35.000000 3.570090
    endloop
  endfacet
  facet normal 0.000000 -1.000000 0.000000
    outer loop
      vertex 0.000000 0.000000 0.000000
      vertex -2.739426 0.000000 3.570090
      vertex -3.181981 0.000000 3.181981
    endloop
  endfacet
  facet normal 0.751840 0.000000 -0.659346
    outer loop
      vertex -3.181981 35.000000 3.181981
      vertex -3.181981 0.000000 3.181981
      vertex -3.570090 0.000000 2.739426
    endloop
  endfacet
  facet normal 0.751840 0.000000 -0.659346
    outer loop
      vertex -3.181981 35.000000 3.181981
      vertex -3.570090 0.000000 2.739426
      vertex -3.570090 35.000000 2.739426
    endloop
  endfacet
  facet normal 0.000000 1.000000 0.000000
    outer loop
      vertex 0.000000 35.000000 0.000000
      vertex -3.570090 35.000000 2.739426
      vertex -3.181981 35.000000 3.181981
    endloop
  endfacet
  facet normal 0.000000 -1.000000 0.000000
    outer loop
      vertex 0.000000 0.000000 0.000000
      vertex -3.181981 0.000000 3.181981
      vertex -3.570090 0.000000 2.739426
    endloop
  endfacet
  facet normal 0.831470 0.000000 -0.555570
    outer loop
      vertex -3.570090 35.000000 2.739426
      vertex -3.570090 0.000000 2.739426
      vertex -3.897114 0.000000 2.250000
    endloop
  endfacet
  facet normal 0.831470 0.000000 -0.555570
    outer loop
      vertex -3.570090 35.000000 2.739426
      vertex -3.897114 0.000000 2.250000
      vertex -3.897114 35.000000 2.250000
    endloop
  endfacet
  facet normal 0.000000 1.000000 0.000000
    outer loop
      vertex 0.000000 35.000000 0.000000
      vertex -3.897114 35.000000 2.250000
      vertex -3.570090 35.000000 2.739426
    endloop
  endfacet
  facet normal 0.000000 -1.000000 0.000000
    outer loop
      vertex 0.000000 0.000000 0.000000
      vertex -3.570090 0.000000 2.739426
      vertex -3.897114 0.000000 2.250000
    endloop
  endfacet
  facet normal 0.896873 0.000000 -0.442289
    outer loop
      vertex -3.897114 35.000000 2.250000
      vertex -3.897114 0.000000 2.250000
      vertex -4.157458 0.000000 1.722075
    endloop
  endfacet
  facet normal 0.896873 0.000000 -0.442289
    outer loop
      vertex -3.897114 35.000000 2.250000
      vertex -4.157458 0.000000 1.722075
      vertex -4.157458 35.000000 1.722075
    endloop
  endfacet
  facet normal 0.000000 1.000000 0.000000
    outer loop
      vertex 0.000000 35.000000 0.000000
      vertex -4.157458 35.000000 1.722075
      vertex -3.897114 35.000000 2.250000
    endloop
  endfacet
  facet normal 0.000000 -1.000000 0.000000
    outer loop
      vertex 0.000000 0.000000 0.000000
      vertex -3.897114 0.000000 2.250000
      vertex -4.157458 0.000000 1.722075
    endloop
  endfacet
  facet normal 0.946930 0.000000 -0.321439
    outer loop
      vertex -4.157458 35.000000 1.722075
      vertex -4.157458 0.000000 1.722075
      vertex -4.346666 0.000000 1.164686
    endloop
  endfacet
  facet normal 0.946930 0.000000 -0.321439
    outer loop
      vertex -4.157458 35.000000 1.722075
      vertex -4.346666 0.000000 1.164686
      vertex -4.346666 35.000000 1.164686
    endloop
  endfacet
  facet normal 0.000000 1.000000 0.000000
    outer loop
      vertex 0.000000 35.000000 0.000000
      vertex -4.346666 35.000000 1.164686
      vertex -4.157458 35.000000 1.722075
    endloop
  endfacet
  facet normal 0.000000 -1.000000 0.000000
    outer loop
      vertex 0.000000 0.000000 0.000000
      vertex -4.157458 0.000000 1.722075
      vertex -4.346666 0.000000 1.164686
    endloop
  endfacet
  facet normal 0.980785 0.000000 -0.195090
    outer loop
      vertex -4.346666 35.000000 1.164686
      vertex -4.346666 0.000000 1.164686
      vertex -4.461502 0.000000 0.587368
    endloop
  endfacet
  facet normal 0.980785 0.000000 -0.195090
    outer loop
      vertex -4.346666 35.000000 1.164686
      vertex -4.461502 0.000000 0.587368
      vertex -4.461502 35.000000 0.587368
    endloop
  endfacet
  facet normal 0.000000 1.000000 0.000000
    outer loop
      vertex 0.000000 35.000000 0.000000
      vertex -4.461502 35.000000 0.587368
      vertex -4.346666 35.000000 1.164686
    endloop
  endfacet
  facet normal 0.000000 -1.000000 0.000000
    outer loop
      vertex 0.000000 0.000000 0.000000
      vertex -4.346666 0.000000 1.164686
      vertex -4.461502 0.000000 0.587368
    endloop
  endfacet
  facet normal 0.997859 0.000000 -0.065403
    outer loop
      vertex -4.461502 35.000000 0.587368
      vertex -4.461502 0.000000 0.587368
      vertex -4.500000 0.000000 0.000000
    endloop
  endfacet
  facet normal 0.997859 0.000000 -0.065403
    outer loop
      vertex -4.461502 35.000000 0.587368
      vertex -4.500000 0.000000 0.000000
      vertex -4.500000 35.000000 0.000000
    endloop
  endfacet
  facet normal 0.000000 1.000000 0.000000
    outer loop
      vertex 0.000000 35.000000 0.000000
      vertex -4.500000 35.000000 0.000000
      vertex -4.461502 35.000000 0.587368
    endloop
  endfacet
  facet normal 0.000000 -1.000000 0.000000
    outer loop
      vertex 0.000000 0.000000 0.000000
      vertex -4.461502 0.000000 0.587368
      vertex -4.500000 0.000000 0.000000
    endloop
  endfacet
  facet normal 0.997859 0.000000 0.065403
    outer loop
      vertex -4.500000 35.000000 0.000000
      vertex -4.500000 0.000000 0.000000
      vertex -4.461502 0.000000 -0.587368
    endloop
  endfacet
  facet normal 0.997859 0.000000 0.065403
    outer loop
      vertex -4.500000 35.000000 0.000000
      vertex -4.461502 0.000000 -0.587368
      vertex -4.461502 35.000000 -0.587368
    endloop
  endfacet
  facet normal 0.000000 1.000000 0.000000
    outer loop
      vertex 0.000000 35.000000 0.000000
      vertex -4.461502 35.000000 -0.587368
      vertex -4.500000 35.000000 0.000000
    endloop
  endfacet
  facet normal -0.000000 -1.000000 0.000000
    outer loop
      vertex 0.000000 0.000000 0.000000
      vertex -4.500000 0.000000 0.000000
      vertex -4.461502 0.000000 -0.587368
    endloop
  endfacet
  facet normal 0.980785 0.000000 0.195090
    outer loop
      vertex -4.461502 35.000000 -0.587368
      vertex -4.461502 0.000000 -0.587368
      vertex -4.346666 0.000000 -1.164686
    endloop
  endfacet
  facet normal 0.980785 0.000000 0.195090
    outer loop
      vertex -4.461502 35.000000 -0.587368
      vertex -4.346666 0.000000 -1.164686
      vertex -4.346666 35.000000 -1.164686
    endloop
  endfacet
  facet normal 0.000000 1.000000 0.000000
    outer loop
      vertex 0.000000 35.000000 0.000000
      vertex -4.346666 35.000000 -1.164686
      vertex -4.461502 35.000000 -0.587368
    endloop
  endfacet
  facet normal 0.000000 -1.000000 0.000000
    outer loop
      vertex 0.000000 0.000000 0.000000
      vertex -4.461502 0.000000 -0.587368
      vertex -4.346666 0.000000 -1.164686
    endloop
  endfacet
  facet normal 0.946930 0.000000 0.321439
    outer loop
      vertex -4.346666 35.000000 -1.164686
      vertex -4.346666 0.000000 -1.164686
      vertex -4.157458 0.000000 -1.722075
    endloop
  endfacet
  facet normal 0.946930 0.000000 0.321439
    outer loop
      vertex -4.346666 35.000000 -1.164686
      vertex -4.157458 0.000000 -1.722075
      vertex -4.157458 35.000000 -1.722075
    endloop
  endfacet
  facet normal 0.000000 1.000000 0.000000
    outer loop
      vertex 0.000000 35.000000 0.000000
      vertex -4.157458 35.000000 -1.722075
      vertex -4.346666 35.000000 -1.164686
    endloop
  endfacet
  facet normal 0.000000 -1.000000 0.000000
    outer loop
      vertex 0.000000 0.000000 0.000000
      vertex -4.346666 0.000000 -1.164686
      vertex -4.157458 0.000000 -1.722075
    endloop
  endfacet
  facet normal 0.896873 0.000000 0.442289
    outer loop
      vertex -4.157458 35.000000 -1.722075
      vertex -4.157458 0.000000 -1.722075
      vertex -3.897114 0.000000 -2.250000
    endloop
  endfacet
  facet normal 0.896873 0.000000 0.442289
    outer loop
      vertex -4.157458 35.000000 -1.722075
      vertex -3.897114 0.000000 -2.250000
      vertex -3.897114 35.000000 -2.250000
    endloop
  endfacet
  facet normal 0.000000 1.000000 0.000000
    outer loop
      vertex 0.000000 35.000000 0.000000
      vertex -3.897114 35.000000 -2.250000
      vertex -4.157458 35.000000 -1.722075
    endloop
  endfacet
  facet normal 0.000000 -1.000000 0.000000
    outer loop
      vertex 0.000000 0.000000 0.000000
      vertex -4.157458 0.000000 -1.722075
      vertex -3.897114 0.000000 -2.250000
    endloop
  endfacet
  facet normal 0.831470 0.000000 0.555570
    outer loop
      vertex -3.897114 35.000000 -2.250000
      vertex -3.897114 0.000000 -2.250000
      vertex -3.570090 0.000000 -2.739426
    endloop
  endfacet
  facet normal 0.831470 0.000000 0.555570
    outer loop
      vertex -3.897114 35.000000 -2.250000
      vertex -3.570090 0.000000 -2.739426
      vertex -3.570090 35.000000 -2.739426
    endloop
  endfacet
  facet normal 0.000000 1.000000 0.000000
    outer loop
      vertex 0.000000 35.000000 0.000000
      vertex -3.570090 35.000000 -2.739426
      vertex -3.897114 35.000000 -2.250000
    endloop
  endfacet
  facet normal 0.000000 -1.000000 0.000000
    outer loop
      vertex 0.000000 0.000000 0.000000
      vertex -3.897114 0.000000 -2.250000
      vertex -3.570090 0.000000 -2.739426
    endloop
  endfacet
  facet normal 0.751840 0.000000 0.659346
    outer loop
      vertex -3.570090 35.000000 -2.739426
      vertex -3.570090 0.000000 -2.739426
      vertex -3.181981 0.000000 -3.181981
    endloop
  endfacet
  facet normal 0.751840 0.000000 0.659346
    outer loop
      vertex -3.570090 35.000000 -2.739426
      vertex -3.181981 0.000000 -3.181981
      vertex -3.181981 35.000000 -3.181981
    endloop
  endfacet
  facet normal 0.000000 1.000000 0.000000
    outer loop
      vertex 0.000000 35.000000 0.000000
      vertex -3.181981 35.000000 -3.181981
      vertex -3.570090 35.000000 -2.739426
    endloop
  endfacet
  facet normal 0.000000 -1.000000 0.000000
    outer loop
      vertex 0.000000 0.000000 0.000000
      vertex -3.570090 0.000000 -2.739426
      vertex -3.181981 0.000000 -3.181981
    endloop
  endfacet
  facet normal 0.659346 0.000000 0.751840
    outer loop
      vertex -3.181981 35.000000 -3.181981
      vertex -3.181981 0.000000 -3.181981
      vertex -2.739426 0.000000 -3.570090
    endloop
  endfacet
  facet normal 0.659346 0.000000 0.751840
    outer loop
      vertex -3.181981 35.000000 -3.181981
      vertex -2.739426 0.000000 -3.570090
      vertex -2.739426 35.000000 -3.570090
    endloop
  endfacet
  facet normal 0.000000 1.000000 0.000000
    outer loop
      vertex 0.000000 35.000000 0.000000
      vertex -2.739426 35.000000 -3.570090
      vertex -3.181981 35.000000 -3.181981
    endloop
  endfacet
  facet normal 0.000000 -1.000000 0.000000
    outer loop
      vertex 0.000000 0.000000 0.000000
      vertex -3.181981 0.000000 -3.181981
      vertex -2.739426 0.000000 -3.570090
    endloop
  endfacet
  facet normal 0.555570 0.000000 0.831470
    outer loop
      vertex -2.739426 35.000000 -3.570090
      vertex -2.739426 0.000000 -3.570090
      vertex -2.250000 0.000000 -3.897114
    endloop
  endfacet
  facet normal 0.555570 0.000000 0.831470
    outer loop
      vertex -2.739426 35.000000 -3.570090
      vertex -2.250000 0.000000 -3.897114
      vertex -2.250000 35.000000 -3.897114
    endloop
  endfacet
  facet normal 0.000000 1.000000 0.000000
    outer loop
      vertex 0.000000 35.000000 0.000000
      vertex -2.250000 35.000000 -3.897114
      vertex -2.739426 35.000000 -3.570090
    endloop
  endfacet
  facet normal 0.000000 -1.000000 0.000000
    outer loop
      vertex 0.000000 0.000000 0.000000
      vertex -2.739426 0.000000 -3.570090
      vertex -2.250000 0.000000 -3.897114
    endloop
  endfacet
  facet normal 0.442289 0.000000 0.896873
    outer loop
      vertex -2.250000 35.000000 -3.897114
      vertex -2.250000 0.000000 -3.897114
      vertex -1.722075 0.000000 -4.157458
    endloop
  endfacet
  facet normal 0.442289 0.000000 0.896873
    outer loop
      vertex -2.250000 35.000000 -3.897114
      vertex -1.722075 0.000000 -4.157458
      vertex -1.722075 35.000000 -4.157458
    endloop
  endfacet
  facet normal 0.000000 1.000000 0.000000
    outer loop
      vertex 0.000000 35.000000 0.000000
      vertex -1.722075 35.000000 -4.157458
      vertex -2.250000 35.000000 -3.897114
    endloop
  endfacet
  facet normal 0.000000 -1.000000 0.000000
    outer loop
      vertex 0.000000 0.000000 0.000000
      vertex -2.250000 0.000000 -3.897114
      vertex -1.722075 0.000000 -4.157458
    endloop
  endfacet
  facet normal 0.321439 0.000000 0.946930
    outer loop
      vertex -1.722075 35.000000 -4.157458
      vertex -1.722075 0.000000 -4.157458
      vertex -1.164686 0.000000 -4.346666
    endloop
  endfacet
  facet normal 0.321439 0.000000 0.946930
    outer loop
      vertex -1.722075 35.000000 -4.157458
      vertex -1.164686 0.000000 -4.346666
      vertex -1.164686 35.000000 -4.346666
    endloop
  endfacet
  facet normal 0.000000 1.000000 0.000000
    outer loop
      vertex 0.000000 35.000000 0.000000
      vertex -1.164686 35.000000 -4.346666
      vertex -1.722075 35.000000 -4.157458
    endloop
  endfacet
  facet normal 0.000000 -1.000000 0.000000
    outer loop
      vertex 0.000000 0.000000 0.000000
      vertex -1.722075 0.000000 -4.157458
      vertex -1.164686 0.000000 -4.346666
    endloop
  endfacet
  facet normal 0.195090 0.000000 0.980785
    outer loop
      vertex -1.164686 35.000000 -4.346666
      vertex -1.164686 0.000000 -4.346666
      vertex -0.587368 0.000000 -4.461502
    endloop
  endfacet
  facet normal 0.195090 0.000000 0.980785
    outer loop
      vertex -1.164686 35.000000 -4.346666
      vertex -0.587368 0.000000 -4.461502
      vertex -0.587368 35.000000 -4.461502
    endloop
  endfacet
  facet normal 0.000000 1.000000 0.000000
    outer loop
      vertex 0.000000 35.000000 0.000000
      vertex -0.587368 35.000000 -4.461502
      vertex -1.164686 35.000000 -4.346666
    endloop
  endfacet
  facet normal 0.000000 -1.000000 0.000000
    outer loop
      vertex 0.000000 0.000000 0.000000
      vertex -1.164686 0.000000 -4.346666
      vertex -0.587368 0.000000 -4.461502
    endloop
  endfacet
  facet normal 0.065403 0.000000 0.997859
    outer loop
      vertex -0.587368 35.000000 -4.461502
      vertex -0.587368 0.000000 -4.461502
      vertex -0.000000 0.000000 -4.500000
    endloop
  endfacet
  facet normal 0.065403 0.000000 0.997859
    outer loop
      vertex -0.587368 35.000000 -4.461502
      vertex -0.000000 0.000000 -4.500000
      vertex -0.000000 35.000000 -4.500000
    endloop
  endfacet
  facet normal 0.000000 1.000000 0.000000
    outer loop
      vertex 0.000000 35.000000 0.000000
      vertex -0.000000 35.000000 -4.500000
      vertex -0.587368 35.000000 -4.461502
    endloop
  endfacet
  facet normal 0.000000 -1.000000 0.000000
    outer loop
      vertex 0.000000 0.000000 0.000000
      vertex -0.587368 0.000000 -4.461502
      vertex -0.000000 0.000000 -4.500000
    endloop
  endfacet
  facet normal -0.065403 0.000000 0.997859
    outer loop
      vertex -0.000000 35.000000 -4.500000
      vertex -0.000000 0.000000 -4.500000
      vertex 0.587368 0.000000 -4.461502
    endloop
  endfacet
  facet normal -0.065403 0.000000 0.997859
    outer loop
      vertex -0.000000 35.000000 -4.500000
      vertex 0.587368 0.000000 -4.461502
      vertex 0.587368 35.000000 -4.461502
    endloop
  endfacet
  facet normal 0.000000 1.000000 0.000000
    outer loop
      vertex 0.000000 35.000000 0.000000
      vertex 0.587368 35.000000 -4.461502
      vertex -0.000000 35.000000 -4.500000
    endloop
  endfacet
  facet normal 0.000000 -1.000000 -0.000000
    outer loop
      vertex 0.000000 0.000000 0.000000
      vertex -0.000000 0.000000 -4.500000
      vertex 0.587368 0.000000 -4.461502
    endloop
  endfacet
  facet normal -0.195090 0.000000 0.980785
    outer loop
      vertex 0.587368 35.000000 -4.461502
      vertex 0.587368 0.000000 -4.461502
      vertex 1.164686 0.000000 -4.346666
    endloop
  endfacet
  facet normal -0.195090 0.000000 0.980785
    outer loop
      vertex 0.587368 35.000000 -4.461502
      vertex 1.164686 0.000000 -4.346666
      vertex 1.164686 35.000000 -4.346666
    endloop
  endfacet
  facet normal 0.000000 1.000000 0.000000
    outer loop
      vertex 0.000000 35.000000 0.000000
      vertex 1.164686 35.000000 -4.346666
      vertex 0.587368 35.000000 -4.461502
    endloop
  endfacet
  facet normal 0.000000 -1.000000 0.000000
    outer loop
      vertex 0.000000 0.000000 0.000000
      vertex 0.587368 0.000000 -4.461502
      vertex 1.164686 0.000000 -4.346666
    endloop
  endfacet
  facet normal -0.321439 0.000000 0.946930
    outer loop
      vertex 1.164686 35.000000 -4.346666
      vertex 1.164686 0.000000 -4.346666
      vertex 1.722075 0.000000 -4.157458
    endloop
  endfacet
  facet normal -0.321439 0.000000 0.946930
    outer loop
      vertex 1.164686 35.000000 -4.346666
      vertex 1.722075 0.000000 -4.157458
      vertex 1.722075 35.000000 -4.157458
    endloop
  endfacet
  facet normal 0.000000 1.000000 0.000000
    outer loop
      vertex 0.000000 35.000000 0.000000
      vertex 1.722075 35.000000 -4.157458
      vertex 1.164686 35.000000 -4.346666
    endloop
  endfacet
  facet normal 0.000000 -1.000000 0.000000
    outer loop
      vertex 0.000000 0.000000 0.000000
      vertex 1.164686 0.000000 -4.346666
      vertex 1.722075 0.000000 -4.157458
    endloop
  endfacet
  facet normal -0.442289 0.000000 0.896873
    outer loop
      vertex 1.722075 35.000000 -4.157458
      vertex 1.722075 0.000000 -4.157458
      vertex 2.250000 0.000000 -3.897114
    endloop
  endfacet
  facet normal -0.442289 0.000000 0.896873
    outer loop
      vertex 1.722075 35.000000 -4.157458
      vertex 2.250000 0.000000 -3.897114
      vertex 2.250000 35.000000 -3.897114
    endloop
  endfacet
  facet normal 0.000000 1.000000 0.000000
    outer loop
      vertex 0.000000 35.000000 0.000000
      vertex 2.250000 35.000000 -3.897114
      vertex 1.722075 35.000000 -4.157458
    endloop
  endfacet
  facet normal 0.000000 -1.000000 0.000000
    outer loop
      vertex 0.000000 0.000000 0.000000
      vertex 1.722075 0.000000 -4.157458
      vertex 2.250000 0.000000 -3.897114
    endloop
  endfacet
  facet normal -0.555570 0.000000 0.831470
    outer loop
      vertex 2.250000 35.000000 -3.897114
      vertex 2.250000 0.000000 -3.897114
      vertex 2.739426 0.000000 -3.570090
    endloop
  endfacet
  facet normal -0.555570 0.000000 0.831470
    outer loop
      vertex 2.250000 35.000000 -3.897114
      vertex 2.739426 0.000000 -3.570090
      vertex 2.739426 35.000000 -3.570090
    endloop
  endfacet
  facet normal 0.000000 1.000000 0.000000
    outer loop
      vertex 0.000000 35.000000 0.000000
      vertex 2.739426 35.000000 -3.570090
      vertex 2.250000 35.000000 -3.897114
    endloop
  endfacet
  facet normal 0.000000 -1.000000 0.000000
    outer loop
      vertex 0.000000 0.000000 0.000000
      vertex 2.250000 0.000000 -3.897114
      vertex 2.739426 0.000000 -3.570090
    endloop
  endfacet
  facet normal -0.659346 0.000000 0.751840
    outer loop
      vertex 2.739426 35.000000 -3.570090
      vertex 2.739426 0.000000 -3.570090
      vertex 3.181981 0.000000 -3.181981
    endloop
  endfacet
  facet normal -0.659346 0.000000 0.751840
    outer loop
      vertex 2.739426 35.000000 -3.570090
      vertex 3.181981 0.000000 -3.181981
      vertex 3.181981 35.000000 -3.181981
    endloop
  endfacet
  facet normal 0.000000 1.000000 0.000000
    outer loop
      vertex 0.000000 35.000000 0.000000
      vertex 3.181981 35.000000 -3.181981
      vertex 2.739426 35.000000 -3.570090
    endloop
  endfacet
  facet normal 0.000000 -1.000000 0.000000
    outer loop
      vertex 0.000000 0.000000 0.000000
      vertex 2.739426 0.000000 -3.570090
      vertex 3.181981 0.000000 -3.181981
    endloop
  endfacet
  facet normal -0.751840 0.000000 0.659346
    outer loop
      vertex 3.181981 35.000000 -3.181981
      vertex 3.181981 0.000000 -3.181981
      vertex 3.570090 0.000000 -2.739426
    endloop
  endfacet
  facet normal -0.751840 0.000000 0.659346
    outer loop
      vertex 3.181981 35.000000 -3.181981
      vertex 3.570090 0.000000 -2.739426
      vertex 3.570090 35.000000 -2.739426
    endloop
  endfacet
  facet normal 0.000000 1.000000 0.000000
    outer loop
      vertex 0.000000 35.000000 0.000000
      vertex 3.570090 35.000000 -2.739426
      vertex 3.181981 35.000000 -3.181981
    endloop
  endfacet
  facet normal 0.000000 -1.000000 0.000000
    outer loop
      vertex 0.000000 0.000000 0.000000
      vertex 3.181981 0.000000 -3.181981
      vertex 3.570090 0.000000 -2.739426
    endloop
  endfacet
  facet normal -0.831470 0.000000 0.555570
    outer loop
      vertex 3.570090 35.000000 -2.739426
      vertex 3.570090 0.000000 -2.739426
      vertex 3.897114 0.000000 -2.250000
    endloop
  endfacet
  facet normal -0.831470 0.000000 0.555570
    outer loop
      vertex 3.570090 35.000000 -2.739426
      vertex 3.897114 0.000000 -2.250000
      vertex 3.897114 35.000000 -2.250000
    endloop
  endfacet
  facet normal 0.000000 1.000000 0.000000
    outer loop
      vertex 0.000000 35.000000 0.000000
      vertex 3.897114 35.000000 -2.250000
      vertex 3.570090 35.000000 -2.739426
    endloop
  endfacet
  facet normal 0.000000 -1.000000 0.000000
    outer loop
      vertex 0.000000 0.000000 0.000000
      vertex 3.570090 0.000000 -2.739426
      vertex 3.897114 0.000000 -2.250000
    endloop
  endfacet
  facet normal -0.896873 0.000000 0.442289
    outer loop
      vertex 3.897114 35.000000 -2.250000
      vertex 3.897114 0.000000 -2.250000
      vertex 4.157458 0.000000 -1.722075
    endloop
  endfacet
  facet normal -0.896873 0.000000 0.442289
    outer loop
      vertex 3.897114 35.000000 -2.250000
      vertex 4.157458 0.000000 -1.722075
      vertex 4.157458 35.000000 -1.722075
    endloop
  endfacet
  facet normal 0.000000 1.000000 0.000000
    outer loop
      vertex 0.000000 35.000000 0.000000
      vertex 4.157458 35.000000 -1.722075
      vertex 3.897114 35.000000 -2.250000
    endloop
  endfacet
  facet normal 0.000000 -1.000000 0.000000
    outer loop
      vertex 0.000000 0.000000 0.000000
      vertex 3.897114 0.000000 -2.250000
      vertex 4.157458 0.000000 -1.722075
    endloop
  endfacet
  facet normal -0.946930 0.000000 0.321439
    outer loop
      vertex 4.157458 35.000000 -1.722075
      vertex 4.157458 0.000000 -1.722075
      vertex 4.346666 0.000000 -1.164686
    endloop
  endfacet
  facet normal -0.946930 0.000000 0.321439
    outer loop
      vertex 4.157458 35.000000 -1.722075
      vertex 4.346666 0.000000 -1.164686
      vertex 4.346666 35.000000 -1.164686
    endloop
  endfacet
  facet normal 0.000000 1.000000 0.000000
    outer loop
      vertex 0.000000 35.000000 0.000000
      vertex 4.346666 35.000000 -1.164686
      vertex 4.157458 35.000000 -1.722075
    endloop
  endfacet
  facet normal 0.000000 -1.000000 0.000000
    outer loop
      vertex 0.000000 0.000000 0.000000
      vertex 4.157458 0.000000 -1.722075
      vertex 4.346666 0.000000 -1.164686
    endloop
  endfacet
  facet normal -0.980785 0.000000 0.195090
    outer loop
      vertex 4.346666 35.000000 -1.164686
      vertex 4.346666 0.000000 -1.164686
      vertex 4.461502 0.000000 -0.587368
    endloop
  endfacet
  facet normal -0.980785 0.000000 0.195090
    outer loop
      vertex 4.346666 35.000000 -1.164686
      vertex 4.461502 0.000000 -0.587368
      vertex 4.461502 35.000000 -0.587368
    endloop
  endfacet
  facet normal 0.000000 1.000000 0.000000
    outer loop
      vertex 0.000000 35.000000 0.000000
      vertex 4.461502 35.000000 -0.587368
      vertex 4.346666 35.000000 -1.164686
    endloop
  endfacet
  facet normal 0.000000 -1.000000 0.000000
    outer loop
      vertex 0.000000 0.000000 0.000000
      vertex 4.346666 0.000000 -1.164686
      vertex 4.461502 0.000000 -0.587368
    endloop
  endfacet
  facet normal -0.997859 0.000000 0.065403
    outer loop
      vertex 4.461502 35.000000 -0.587368
      vertex 4.461502 0.000000 -0.587368
      vertex 4.500000 0.000000 0.000000
    endloop
  endfacet
  facet normal -0.997859 0.000000 0.065403
    outer loop
      vertex 4.461502 35.000000 -0.587368
      vertex 4.500000 0.000000 0.000000
      vertex 4.500000 35.000000 0.000000
    endloop
  endfacet
  facet normal -0.000000 1.000000 0.000000
    outer loop
      vertex 0.000000 35.000000 0.000000
      vertex 4.500000 35.000000 0.000000
      vertex 4.461502 35.000000 -0.587368
    endloop
  endfacet
  facet normal 0.000000 -1.000000 0.000000
    outer loop
      vertex 0.000000 0.000000 0.000000
      vertex 4.461502 0.000000 -0.587368
      vertex 4.500000 0.000000 0.000000
    endloop
  endfacet
  facet normal -0.997859 -0.000000 -0.065403
    outer loop
      vertex 4.000000 44.000000 0.000000
      vertex 4.000000 35.000000 0.000000
      vertex 3.965779 35.000000 0.522105
    endloop
  endfacet
  facet normal -0.997859 0.000000 -0.065403
    outer loop
      vertex 4.000000 44.000000 0.000000
      vertex 3.965779 35.000000 0.522105
      vertex 3.965779 44.000000 0.522105
    endloop
  endfacet
  facet normal 0.000000 1.000000 0.000000
    outer loop
      vertex 0.000000 44.000000 0.000000
      vertex 3.965779 44.000000 0.522105
      vertex 4.000000 44.000000 0.000000
    endloop
  endfacet
  facet normal 0.000000 -1.000000 0.000000
    outer loop
      vertex 0.000000 35.000000 0.000000
      vertex 4.000000 35.000000 0.000000
      vertex 3.965779 35.000000 0.522105
    endloop
  endfacet
  facet normal -0.980785 -0.000000 -0.195090
    outer loop
      vertex 3.965779 44.000000 0.522105
      vertex 3.965779 35.000000 0.522105
      vertex 3.863703 35.000000 1.035276
    endloop
  endfacet
  facet normal -0.980785 0.000000 -0.195090
    outer loop
      vertex 3.965779 44.000000 0.522105
      vertex 3.863703 35.000000 1.035276
      vertex 3.863703 44.000000 1.035276
    endloop
  endfacet
  facet normal 0.000000 1.000000 0.000000
    outer loop
      vertex 0.000000 44.000000 0.000000
      vertex 3.863703 44.000000 1.035276
      vertex 3.965779 44.000000 0.522105
    endloop
  endfacet
  facet normal 0.000000 -1.000000 0.000000
    outer loop
      vertex 0.000000 35.000000 0.000000
      vertex 3.965779 35.000000 0.522105
      vertex 3.863703 35.000000 1.035276
    endloop
  endfacet
  facet normal -0.946930 -0.000000 -0.321439
    outer loop
      vertex 3.863703 44.000000 1.035276
      vertex 3.863703 35.000000 1.035276
      vertex 3.695518 35.000000 1.530734
    endloop
  endfacet
  facet normal -0.946930 0.000000 -0.321439
    outer loop
      vertex 3.863703 44.000000 1.035276
      vertex 3.695518 35.000000 1.530734
      vertex 3.695518 44.000000 1.530734
    endloop
  endfacet
  facet normal 0.000000 1.000000 0.000000
    outer loop
      vertex 0.000000 44.000000 0.000000
      vertex 3.695518 44.000000 1.530734
      vertex 3.863703 44.000000 1.035276
    endloop
  endfacet
  facet normal 0.000000 -1.000000 0.000000
    outer loop
      vertex 0.000000 35.000000 0.000000
      vertex 3.863703 35.000000 1.035276
      vertex 3.695518 35.000000 1.530734
    endloop
  endfacet
  facet normal -0.896873 -0.000000 -0.442289
    outer loop
      vertex 3.695518 44.000000 1.530734
      vertex 3.695518 35.000000 1.530734
      vertex 3.464102 35.000000 2.000000
    endloop
  endfacet
  facet normal -0.896873 0.000000 -0.442289
    outer loop
      vertex 3.695518 44.000000 1.530734
      vertex 3.464102 35.000000 2.000000
      vertex 3.464102 44.000000 2.000000
    endloop
  endfacet
  facet normal 0.000000 1.000000 0.000000
    outer loop
      vertex 0.000000 44.000000 0.000000
      vertex 3.464102 44.000000 2.000000
      vertex 3.695518 44.000000 1.530734
    endloop
  endfacet
  facet normal 0.000000 -1.000000 0.000000
    outer loop
      vertex 0.000000 35.000000 0.000000
      vertex 3.695518 35.000000 1.530734
      vertex 3.464102 35.000000 2.000000
    endloop
  endfacet
  facet normal -0.831470 -0.000000 -0.555570
    outer loop
      vertex 3.464102 44.000000 2.000000
      vertex 3.464102 35.000000 2.000000
      vertex 3.173413 35.000000 2.435046
    endloop
  endfacet
  facet normal -0.831470 0.000000 -0.555570
    outer loop
      vertex 3.464102 44.000000 2.000000
      vertex 3.173413 35.000000 2.435046
      vertex 3.173413 44.000000 2.435046
    endloop
  endfacet
  facet normal 0.000000 1.000000 0.000000
    outer loop
      vertex 0.000000 44.000000 0.000000
      vertex 3.173413 44.000000 2.435046
      vertex 3.464102 44.000000 2.000000
    endloop
  endfacet
  facet normal 0.000000 -1.000000 0.000000
    outer loop
      vertex 0.000000 35.000000 0.000000
      vertex 3.464102 35.000000 2.000000
      vertex 3.173413 35.000000 2.435046
    endloop
  endfacet
  facet normal -0.751840 -0.000000 -0.659346
    outer loop
      vertex 3.173413 44.000000 2.435046
      vertex 3.173413 35.000000 2.435046
      vertex 2.828427 35.000000 2.828427
    endloop
  endfacet
  facet normal -0.751840 0.000000 -0.659346
    outer loop
      vertex 3.173413 44.000000 2.435046
      vertex 2.828427 35.000000 2.828427
      vertex 2.828427 44.000000 2.828427
    endloop
  endfacet
  facet normal 0.000000 1.000000 0.000000
    outer loop
      vertex 0.000000 44.000000 0.000000
      vertex 2.828427 44.000000 2.828427
      vertex 3.173413 44.000000 2.435046
    endloop
  endfacet
  facet normal 0.000000 -1.000000 0.000000
    outer loop
      vertex 0.000000 35.000000 0.000000
      vertex 3.173413 35.000000 2.435046
      vertex 2.828427 35.000000 2.828427
    endloop
  endfacet
  facet normal -0.659346 -0.000000 -0.751840
    outer loop
      vertex 2.828427 44.000000 2.828427
      vertex 2.828427 35.000000 2.828427
      vertex 2.435046 35.000000 3.173413
    endloop
  endfacet
  facet normal -0.659346 0.000000 -0.751840
    outer loop
      vertex 2.828427 44.000000 2.828427
      vertex 2.435046 35.000000 3.173413
      vertex 2.435046 44.000000 3.173413
    endloop
  endfacet
  facet normal 0.000000 1.000000 0.000000
    outer loop
      vertex 0.000000 44.000000 0.000000
      vertex 2.435046 44.000000 3.173413
      vertex 2.828427 44.000000 2.828427
    endloop
  endfacet
  facet normal 0.000000 -1.000000 0.000000
    outer loop
      vertex 0.000000 35.000000 0.000000
      vertex 2.828427 35.000000 2.828427
      vertex 2.435046 35.000000 3.173413
    endloop
  endfacet
  facet normal -0.555570 -0.000000 -0.831470
    outer loop
      vertex 2.435046 44.000000 3.173413
      vertex 2.435046 35.000000 3.173413
      vertex 2.000000 35.000000 3.464102
    endloop
  endfacet
  facet normal -0.555570 0.000000 -0.831470
    outer loop
      vertex 2.435046 44.000000 3.173413
      vertex 2.000000 35.000000 3.464102
      vertex 2.000000 44.000000 3.464102
    endloop
  endfacet
  facet normal 0.000000 1.000000 0.000000
    outer loop
      vertex 0.000000 44.000000 0.000000
      vertex 2.000000 44.000000 3.464102
      vertex 2.435046 44.000000 3.173413
    endloop
  endfacet
  facet normal 0.000000 -1.000000 0.000000
    outer loop
      vertex 0.000000 35.000000 0.000000
      vertex 2.435046 35.000000 3.173413
      vertex 2.000000 35.000000 3.464102
    endloop
  endfacet
  facet normal -0.442289 -0.000000 -0.896873
    outer loop
      vertex 2.000000 44.000000 3.464102
      vertex 2.000000 35.000000 3.464102
      vertex 1.530734 35.000000 3.695518
    endloop
  endfacet
  facet normal -0.442289 0.000000 -0.896873
    outer loop
      vertex 2.000000 44.000000 3.464102
      vertex 1.530734 35.000000 3.695518
      vertex 1.530734 44.000000 3.695518
    endloop
  endfacet
  facet normal 0.000000 1.000000 0.000000
    outer loop
      vertex 0.000000 44.000000 0.000000
      vertex 1.530734 44.000000 3.695518
      vertex 2.000000 44.000000 3.464102
    endloop
  endfacet
  facet normal 0.000000 -1.000000 0.000000
    outer loop
      vertex 0.000000 35.000000 0.000000
      vertex 2.000000 35.000000 3.464102
      vertex 1.530734 35.000000 3.695518
    endloop
  endfacet
  facet normal -0.321439 -0.000000 -0.946930
    outer loop
      vertex 1.530734 44.000000 3.695518
      vertex 1.530734 35.000000 3.695518
      vertex 1.035276 35.000000 3.863703
    endloop
  endfacet
  facet normal -0.321439 0.000000 -0.946930
    outer loop
      vertex 1.530734 44.000000 3.695518
      vertex 1.035276 35.000000 3.863703
      vertex 1.035276 44.000000 3.863703
    endloop
  endfacet
  facet normal 0.000000 1.000000 0.000000
    outer loop
      vertex 0.000000 44.000000 0.000000
      vertex 1.035276 44.000000 3.863703
      vertex 1.530734 44.000000 3.695518
    endloop
  endfacet
  facet normal 0.000000 -1.000000 0.000000
    outer loop
      vertex 0.000000 35.000000 0.000000
      vertex 1.530734 35.000000 3.695518
      vertex 1.035276 35.000000 3.863703
    endloop
  endfacet
  facet normal -0.195090 -0.000000 -0.980785
    outer loop
      vertex 1.035276 44.000000 3.863703
      vertex 1.035276 35.000000 3.863703
      vertex 0.522105 35.000000 3.965779
    endloop
  endfacet
  facet normal -0.195090 0.000000 -0.980785
    outer loop
      vertex 1.035276 44.000000 3.863703
      vertex 0.522105 35.000000 3.965779
      vertex 0.522105 44.000000 3.965779
    endloop
  endfacet
  facet normal 0.000000 1.000000 0.000000
    outer loop
      vertex 0.000000 44.000000 0.000000
      vertex 0.522105 44.000000 3.965779
      vertex 1.035276 44.000000 3.863703
    endloop
  endfacet
  facet normal 0.000000 -1.000000 0.000000
    outer loop
      vertex 0.000000 35.000000 0.000000
      vertex 1.035276 35.000000 3.863703
      vertex 0.522105 35.000000 3.965779
    endloop
  endfacet
  facet normal -0.065403 -0.000000 -0.997859
    outer loop
      vertex 0.522105 44.000000 3.965779
      vertex 0.522105 35.000000 3.965779
      vertex 0.000000 35.000000 4.000000
    endloop
  endfacet
  facet normal -0.065403 0.000000 -0.997859
    outer loop
      vertex 0.522105 44.000000 3.965779
      vertex 0.000000 35.000000 4.000000
      vertex 0.000000 44.000000 4.000000
    endloop
  endfacet
  facet normal 0.000000 1.000000 0.000000
    outer loop
      vertex 0.000000 44.000000 0.000000
      vertex 0.000000 44.000000 4.000000
      vertex 0.522105 44.000000 3.965779
    endloop
  endfacet
  facet normal 0.000000 -1.000000 0.000000
    outer loop
      vertex 0.000000 35.000000 0.000000
      vertex 0.522105 35.000000 3.965779
      vertex 0.000000 35.000000 4.000000
    endloop
  endfacet
  facet normal 0.065403 0.000000 -0.997859
    outer loop
      vertex 0.000000 44.000000 4.000000
      vertex 0.000000 35.000000 4.000000
      vertex -0.522105 35.000000 3.965779
    endloop
  endfacet
  facet normal 0.065403 0.000000 -0.997859
    outer loop
      vertex 0.000000 44.000000 4.000000
      vertex -0.522105 35.000000 3.965779
      vertex -0.522105 44.000000 3.965779
    endloop
  endfacet
  facet normal 0.000000 1.000000 -0.000000
    outer loop
      vertex 0.000000 44.000000 0.000000
      vertex -0.522105 44.000000 3.965779
      vertex 0.000000 44.000000 4.000000
    endloop
  endfacet
  facet normal 0.000000 -1.000000 0.000000
    outer loop
      vertex 0.000000 35.000000 0.000000
      vertex 0.000000 35.000000 4.000000
      vertex -0.522105 35.000000 3.965779
    endloop
  endfacet
  facet normal 0.195090 0.000000 -0.980785
    outer loop
      vertex -0.522105 44.000000 3.965779
      vertex -0.522105 35.000000 3.965779
      vertex -1.035276 35.000000 3.863703
    endloop
  endfacet
  facet normal 0.195090 0.000000 -0.980785
    outer loop
      vertex -0.522105 44.000000 3.965779
      vertex -1.035276 35.000000 3.863703
      vertex -1.035276 44.000000 3.863703
    endloop
  endfacet
  facet normal 0.000000 1.000000 0.000000
    outer loop
      vertex 0.000000 44.000000 0.000000
      vertex -1.035276 44.000000 3.863703
      vertex -0.522105 44.000000 3.965779
    endloop
  endfacet
  facet normal 0.000000 -1.000000 0.000000
    outer loop
      vertex 0.000000 35.000000 0.000000
      vertex -0.522105 35.000000 3.965779
      vertex -1.035276 35.000000 3.863703
    endloop
  endfacet
  facet normal 0.321439 0.000000 -0.946930
    outer loop
      vertex -1.035276 44.000000 3.863703
      vertex -1.035276 35.000000 3.863703
      vertex -1.530734 35.000000 3.695518
    endloop
  endfacet
  facet normal 0.321439 0.000000 -0.946930
    outer loop
      vertex -1.035276 44.000000 3.863703
      vertex -1.530734 35.000000 3.695518
      vertex -1.530734 44.000000 3.695518
    endloop
  endfacet
  facet normal 0.000000 1.000000 0.000000
    outer loop
      vertex 0.000000 44.000000 0.000000
      vertex -1.530734 44.000000 3.695518
      vertex -1.035276 44.000000 3.863703
    endloop
  endfacet
  facet normal 0.000000 -1.000000 0.000000
    outer loop
      vertex 0.000000 35.000000 0.000000
      vertex -1.035276 35.000000 3.863703
      vertex -1.530734 35.000000 3.695518
    endloop
  endfacet
  facet normal 0.442289 0.000000 -0.896873
    outer loop
      vertex -1.530734 44.000000 3.695518
      vertex -1.530734 35.000000 3.695518
      vertex -2.000000 35.000000 3.464102
    endloop
  endfacet
  facet normal 0.442289 0.000000 -0.896873
    outer loop
      vertex -1.530734 44.000000 3.695518
      vertex -2.000000 35.000000 3.464102
      vertex -2.000000 44.000000 3.464102
    endloop
  endfacet
  facet normal 0.000000 1.000000 0.000000
    outer loop
      vertex 0.000000 44.000000 0.000000
      vertex -2.000000 44.000000 3.464102
      vertex -1.530734 44.000000 3.695518
    endloop
  endfacet
  facet normal 0.000000 -1.000000 0.000000
    outer loop
      vertex 0.000000 35.000000 0.000000
      vertex -1.530734 35.000000 3.695518
      vertex -2.000000 35.000000 3.464102
    endloop
  endfacet
  facet normal 0.555570 0.000000 -0.831470
    outer loop
      vertex -2.000000 44.000000 3.464102
      vertex -2.000000 35.000000 3.464102
      vertex -2.435046 35.000000 3.173413
    endloop
  endfacet
  facet normal 0.555570 0.000000 -0.831470
    outer loop
      vertex -2.000000 44.000000 3.464102
      vertex -2.435046 35.000000 3.173413
      vertex -2.435046 44.000000 3.173413
    endloop
  endfacet
  facet normal 0.000000 1.000000 0.000000
    outer loop
      vertex 0.000000 44.000000 0.000000
      vertex -2.435046 44.000000 3.173413
      vertex -2.000000 44.000000 3.464102
    endloop
  endfacet
  facet normal 0.000000 -1.000000 0.000000
    outer loop
      vertex 0.000000 35.000000 0.000000
      vertex -2.000000 35.000000 3.464102
      vertex -2.435046 35.000000 3.173413
    endloop
  endfacet
  facet normal 0.659346 0.000000 -0.751840
    outer loop
      vertex -2.435046 44.000000 3.173413
      vertex -2.435046 35.000000 3.173413
      vertex -2.828427 35.000000 2.828427
    endloop
  endfacet
  facet normal 0.659346 0.000000 -0.751840
    outer loop
      vertex -2.435046 44.000000 3.173413
      vertex -2.828427 35.000000 2.828427
      vertex -2.828427 44.000000 2.828427
    endloop
  endfacet
  facet normal 0.000000 1.000000 0.000000
    outer loop
      vertex 0.000000 44.000000 0.000000
      vertex -2.828427 44.000000 2.828427
      vertex -2.435046 44.000000 3.173413
    endloop
  endfacet
  facet normal 0.000000 -1.000000 0.000000
    outer loop
      vertex 0.000000 35.000000 0.000000
      vertex -2.435046 35.000000 3.173413
      vertex -2.828427 35.000000 2.828427
    endloop
  endfacet
  facet normal 0.751840 0.000000 -0.659346
    outer loop
      vertex -2.828427 44.000000 2.828427
      vertex -2.828427 35.000000 2.828427
      vertex -3.173413 35.000000 2.435046
    endloop
  endfacet
  facet normal 0.751840 0.000000 -0.659346
    outer loop
      vertex -2.828427 44.000000 2.828427
      vertex -3.173413 35.000000 2.435046
      vertex -3.173413 44.000000 2.435046
    endloop
  endfacet
  facet normal 0.000000 1.000000 0.000000
    outer loop
      vertex 0.000000 44.000000 0.000000
      vertex -3.173413 44.000000 2.435046
      vertex -2.828427 44.000000 2.828427
    endloop
  endfacet
  facet normal 0.000000 -1.000000 0.000000
    outer loop
      vertex 0.000000 35.000000 0.000000
      vertex -2.828427 35.000000 2.828427
      vertex -3.173413 35.000000 2.435046
    endloop
  endfacet
  facet normal 0.831470 0.000000 -0.555570
    outer loop
      vertex -3.173413 44.000000 2.435046
      vertex -3.173413 35.000000 2.435046
      vertex -3.464102 35.000000 2.000000
    endloop
  endfacet
  facet normal 0.831470 0.000000 -0.555570
    outer loop
      vertex -3.173413 44.000000 2.435046
      vertex -3.464102 35.000000 2.000000
      vertex -3.464102 44.000000 2.000000
    endloop
  endfacet
  facet normal 0.000000 1.000000 0.000000
    outer loop
      vertex 0.000000 44.000000 0.000000
      vertex -3.464102 44.000000 2.000000
      vertex -3.173413 44.000000 2.435046
    endloop
  endfacet
  facet normal 0.000000 -1.000000 0.000000
    outer loop
      vertex 0.000000 35.000000 0.000000
      vertex -3.173413 35.000000 2.435046
      vertex -3.464102 35.000000 2.000000
    endloop
  endfacet
  facet normal 0.896873 0.000000 -0.442289
    outer loop
      vertex -3.464102 44.000000 2.000000
      vertex -3.464102 35.000000 2.000000
      vertex -3.695518 35.000000 1.530734
    endloop
  endfacet
  facet normal 0.896873 0.000000 -0.442289
    outer loop
      vertex -3.464102 44.000000 2.000000
      vertex -3.695518 35.000000 1.530734
      vertex -3.695518 44.000000 1.530734
    endloop
  endfacet
  facet normal 0.000000 1.000000 0.000000
    outer loop
      vertex 0.000000 44.000000 0.000000
      vertex -3.695518 44.000000 1.530734
      vertex -3.464102 44.000000 2.000000
    endloop
  endfacet
  facet normal 0.000000 -1.000000 0.000000
    outer loop
      vertex 0.000000 35.000000 0.000000
      vertex -3.464102 35.000000 2.000000
      vertex -3.695518 35.000000 1.530734
    endloop
  endfacet
  facet normal 0.946930 0.000000 -0.321439
    outer loop
      vertex -3.695518 44.000000 1.530734
      vertex -3.695518 35.000000 1.530734
      vertex -3.863703 35.000000 1.035276
    endloop
  endfacet
  facet normal 0.946930 0.000000 -0.321439
    outer loop
      vertex -3.695518 44.000000 1.530734
      vertex -3.863703 35.000000 1.035276
      vertex -3.863703 44.000000 1.035276
    endloop
  endfacet
  facet normal 0.000000 1.000000 0.000000
    outer loop
      vertex 0.000000 44.000000 0.000000
      vertex -3.863703 44.000000 1.035276
      vertex -3.695518 44.000000 1.530734
    endloop
  endfacet
  facet normal 0.000000 -1.000000 0.000000
    outer loop
      vertex 0.000000 35.000000 0.000000
      vertex -3.695518 35.000000 1.530734
      vertex -3.863703 35.000000 1.035276
    endloop
  endfacet
  facet normal 0.980785 0.000000 -0.195090
    outer loop
      vertex -3.863703 44.000000 1.035276
      vertex -3.863703 35.000000 1.035276
      vertex -3.965779 35.000000 0.522105
    endloop
  endfacet
  facet normal 0.980785 0.000000 -0.195090
    outer loop
      vertex -3.863703 44.000000 1.035276
      vertex -3.965779 35.000000 0.522105
      vertex -3.965779 44.000000 0.522105
    endloop
  endfacet
  facet normal 0.000000 1.000000 0.000000
    outer loop
      vertex 0.000000 44.000000 0.000000
      vertex -3.965779 44.000000 0.522105
      vertex -3.863703 44.000000 1.035276
    endloop
  endfacet
  facet normal 0.000000 -1.000000 0.000000
    outer loop
      vertex 0.000000 35.000000 0.000000
      vertex -3.863703 35.000000 1.035276
      vertex -3.965779 35.000000 0.522105
    endloop
  endfacet
  facet normal 0.997859 0.000000 -0.065403
    outer loop
      vertex -3.965779 44.000000 0.522105
      vertex -3.965779 35.000000 0.522105
      vertex -4.000000 35.000000 0.000000
    endloop
  endfacet
  facet normal 0.997859 0.000000 -0.065403
    outer loop
      vertex -3.965779 44.000000 0.522105
      vertex -4.000000 35.000000 0.000000
      vertex -4.000000 44.000000 0.000000
    endloop
  endfacet
  facet normal 0.000000 1.000000 0.000000
    outer loop
      vertex 0.000000 44.000000 0.000000
      vertex -4.000000 44.000000 0.000000
      vertex -3.965779 44.000000 0.522105
    endloop
  endfacet
  facet normal 0.000000 -1.000000 0.000000
    outer loop
      vertex 0.000000 35.000000 0.000000
      vertex -3.965779 35.000000 0.522105
      vertex -4.000000 35.000000 0.000000
    endloop
  endfacet
  facet normal 0.997859 0.000000 0.065403
    outer loop
      vertex -4.000000 44.000000 0.000000
      vertex -4.000000 35.000000 0.000000
      vertex -3.965779 35.000000 -0.522105
    endloop
  endfacet
  facet normal 0.997859 0.000000 0.065403
    outer loop
      vertex -4.000000 44.000000 0.000000
      vertex -3.965779 35.000000 -0.522105
      vertex -3.965779 44.000000 -0.522105
    endloop
  endfacet
  facet normal 0.000000 1.000000 0.000000
    outer loop
      vertex 0.000000 44.000000 0.000000
      vertex -3.965779 44.000000 -0.522105
      vertex -4.000000 44.000000 0.000000
    endloop
  endfacet
  facet normal -0.000000 -1.000000 0.000000
    outer loop
      vertex 0.000000 35.000000 0.000000
      vertex -4.000000 35.000000 0.000000
      vertex -3.965779 35.000000 -0.522105
    endloop
  endfacet
  facet normal 0.980785 0.000000 0.195090
    outer loop
      vertex -3.965779 44.000000 -0.522105
      vertex -3.965779 35.000000 -0.522105
      vertex -3.863703 35.000000 -1.035276
    endloop
  endfacet
  facet normal 0.980785 0.000000 0.195090
    outer loop
      vertex -3.965779 44.000000 -0.522105
      vertex -3.863703 35.000000 -1.035276
      vertex -3.863703 44.000000 -1.035276
    endloop
  endfacet
  facet normal 0.000000 1.000000 0.000000
    outer loop
      vertex 0.000000 44.000000 0.000000
      vertex -3.863703 44.000000 -1.035276
      vertex -3.965779 44.000000 -0.522105
    endloop
  endfacet
  facet normal 0.000000 -1.000000 0.000000
    outer loop
      vertex 0.000000 35.000000 0.000000
      vertex -3.965779 35.000000 -0.522105
      vertex -3.863703 35.000000 -1.035276
    endloop
  endfacet
  facet normal 0.946930 0.000000 0.321439
    outer loop
      vertex -3.863703 44.000000 -1.035276
      vertex -3.863703 35.000000 -1.035276
      vertex -3.695518 35.000000 -1.530734
    endloop
  endfacet
  facet normal 0.946930 0.000000 0.321439
    outer loop
      vertex -3.863703 44.000000 -1.035276
      vertex -3.695518 35.000000 -1.530734
      vertex -3.695518 44.000000 -1.530734
    endloop
  endfacet
  facet normal 0.000000 1.000000 0.000000
    outer loop
      vertex 0.000000 44.000000 0.000000
      vertex -3.695518 44.000000 -1.530734
      vertex -3.863703 44.000000 -1.035276
    endloop
  endfacet
  facet normal 0.000000 -1.000000 0.000000
    outer loop
      vertex 0.000000 35.000000 0.000000
      vertex -3.863703 35.000000 -1.035276
      vertex -3.695518 35.000000 -1.530734
    endloop
  endfacet
  facet normal 0.896873 0.000000 0.442289
    outer loop
      vertex -3.695518 44.000000 -1.530734
      vertex -3.695518 35.000000 -1.530734
      vertex -3.464102 35.000000 -2.000000
    endloop
  endfacet
  facet normal 0.896873 0.000000 0.442289
    outer loop
      vertex -3.695518 44.000000 -1.530734
      vertex -3.464102 35.000000 -2.000000
      vertex -3.464102 44.000000 -2.000000
    endloop
  endfacet
  facet normal 0.000000 1.000000 0.000000
    outer loop
      vertex 0.000000 44.000000 0.000000
      vertex -3.464102 44.000000 -2.000000
      vertex -3.695518 44.000000 -1.530734
    endloop
  endfacet
  facet normal 0.000000 -1.000000 0.000000
    outer loop
      vertex 0.000000 35.000000 0.000000
      vertex -3.695518 35.000000 -1.530734
      vertex -3.464102 35.000000 -2.000000
    endloop
  endfacet
  facet normal 0.831470 0.000000 0.555570
    outer loop
      vertex -3.464102 44.000000 -2.000000
      vertex -3.464102 35.000000 -2.000000
      vertex -3.173413 35.000000 -2.435046
    endloop
  endfacet
  facet normal 0.831470 0.000000 0.555570
    outer loop
      vertex -3.464102 44.000000 -2.000000
      vertex -3.173413 35.000000 -2.435046
      vertex -3.173413 44.000000 -2.435046
    endloop
  endfacet
  facet normal 0.000000 1.000000 0.000000
    outer loop
      vertex 0.000000 44.000000 0.000000
      vertex -3.173413 44.000000 -2.435046
      vertex -3.464102 44.000000 -2.000000
    endloop
  endfacet
  facet normal 0.000000 -1.000000 0.000000
    outer loop
      vertex 0.000000 35.000000 0.000000
      vertex -3.464102 35.000000 -2.000000
      vertex -3.173413 35.000000 -2.435046
    endloop
  endfacet
  facet normal 0.751840 0.000000 0.659346
    outer loop
      vertex -3.173413 44.000000 -2.435046
      vertex -3.173413 35.000000 -2.435046
      vertex -2.828427 35.000000 -2.828427
    endloop
  endfacet
  facet normal 0.751840 0.000000 0.659346
    outer loop
      vertex -3.173413 44.000000 -2.435046
      vertex -2.828427 35.000000 -2.828427
      vertex -2.828427 44.000000 -2.828427
    endloop
  endfacet
  facet normal 0.000000 1.000000 0.000000
    outer loop
      vertex 0.000000 44.000000 0.000000
      vertex -2.828427 44.000000 -2.828427
      vertex -3.173413 44.000000 -2.435046
    endloop
  endfacet
  facet normal 0.000000 -1.000000 0.000000
    outer loop
      vertex 0.000000 35.000000 0.000000
      vertex -3.173413 35.000000 -2.435046
      vertex -2.828427 35.000000 -2.828427
    endloop
  endfacet
  facet normal 0.659346 0.000000 0.751840
    outer loop
      vertex -2.828427 44.000000 -2.828427
      vertex -2.828427 35.000000 -2.828427
      vertex -2.435046 35.000000 -3.173413
    endloop
  endfacet
  facet normal 0.659346 0.000000 0.751840
    outer loop
      vertex -2.828427 44.000000 -2.828427
      vertex -2.435046 35.000000 -3.173413
      vertex -2.435046 44.000000 -3.173413
    endloop
  endfacet
  facet normal 0.000000 1.000000 0.000000
    outer loop
      vertex 0.000000 44.000000 0.000000
      vertex -2.435046 44.000000 -3.173413
      vertex -2.828427 44.000000 -2.828427
    endloop
  endfacet
  facet normal 0.000000 -1.000000 0.000000
    outer loop
      vertex 0.000000 35.000000 0.000000
      vertex -2.828427 35.000000 -2.828427
      vertex -2.435046 35.000000 -3.173413
    endloop
  endfacet
  facet normal 0.555570 0.000000 0.831470
    outer loop
      vertex -2.435046 44.000000 -3.173413
      vertex -2.435046 35.000000 -3.173413
      vertex -2.000000 35.000000 -3.464102
    endloop
  endfacet
  facet normal 0.555570 0.000000 0.831470
    outer loop
      vertex -2.435046 44.000000 -3.173413
      vertex -2.000000 35.000000 -3.464102
      vertex -2.000000 44.000000 -3.464102
    endloop
  endfacet
  facet normal 0.000000 1.000000 0.000000
    outer loop
      vertex 0.000000 44.000000 0.000000
      vertex -2.000000 44.000000 -3.464102
      vertex -2.435046 44.000000 -3.173413
    endloop
  endfacet
  facet normal 0.000000 -1.000000 0.000000
    outer loop
      vertex 0.000000 35.000000 0.000000
      vertex -2.435046 35.000000 -3.173413
      vertex -2.000000 35.000000 -3.464102
    endloop
  endfacet
  facet normal 0.442289 0.000000 0.896873
    outer loop
      vertex -2.000000 44.000000 -3.464102
      vertex -2.000000 35.000000 -3.464102
      vertex -1.530734 35.000000 -3.695518
    endloop
  endfacet
  facet normal 0.442289 0.000000 0.896873
    outer loop
      vertex -2.000000 44.000000 -3.464102
      vertex -1.530734 35.000000 -3.695518
      vertex -1.530734 44.000000 -3.695518
    endloop
  endfacet
  facet normal 0.000000 1.000000 0.000000
    outer loop
      vertex 0.000000 44.000000 0.000000
      vertex -1.530734 44.000000 -3.695518
      vertex -2.000000 44.000000 -3.464102
    endloop
  endfacet
  facet normal 0.000000 -1.000000 0.000000
    outer loop
      vertex 0.000000 35.000000 0.000000
      vertex -2.000000 35.000000 -3.464102
      vertex -1.530734 35.000000 -3.695518
    endloop
  endfacet
  facet normal 0.321439 0.000000 0.946930
    outer loop
      vertex -1.530734 44.000000 -3.695518
      vertex -1.530734 35.000000 -3.695518
      vertex -1.035276 35.000000 -3.863703
    endloop
  endfacet
  facet normal 0.321439 0.000000 0.946930
    outer loop
      vertex -1.530734 44.000000 -3.695518
      vertex -1.035276 35.000000 -3.863703
      vertex -1.035276 44.000000 -3.863703
    endloop
  endfacet
  facet normal 0.000000 1.000000 0.000000
    outer loop
      vertex 0.000000 44.000000 0.000000
      vertex -1.035276 44.000000 -3.863703
      vertex -1.530734 44.000000 -3.695518
    endloop
  endfacet
  facet normal 0.000000 -1.000000 0.000000
    outer loop
      vertex 0.000000 35.000000 0.000000
      vertex -1.530734 35.000000 -3.695518
      vertex -1.035276 35.000000 -3.863703
    endloop
  endfacet
  facet normal 0.195090 0.000000 0.980785
    outer loop
      vertex -1.035276 44.000000 -3.863703
      vertex -1.035276 35.000000 -3.863703
      vertex -0.522105 35.000000 -3.965779
    endloop
  endfacet
  facet normal 0.195090 0.000000 0.980785
    outer loop
      vertex -1.035276 44.000000 -3.863703
      vertex -0.522105 35.000000 -3.965779
      vertex -0.522105 44.000000 -3.965779
    endloop
  endfacet
  facet normal 0.000000 1.000000 0.000000
    outer loop
      vertex 0.000000 44.000000 0.000000
      vertex -0.522105 44.000000 -3.965779
      vertex -1.035276 44.000000 -3.863703
    endloop
  endfacet
  facet normal 0.000000 -1.000000 0.000000
    outer loop
      vertex 0.000000 35.000000 0.000000
      vertex -1.035276 35.000000 -3.863703
      vertex -0.522105 35.000000 -3.965779
    endloop
  endfacet
  facet normal 0.065403 0.000000 0.997859
    outer loop
      vertex -0.522105 44.000000 -3.965779
      vertex -0.522105 35.000000 -3.965779
      vertex -0.000000 35.000000 -4.000000
    endloop
  endfacet
  facet normal 0.065403 0.000000 0.997859
    outer loop
      vertex -0.522105 44.000000 -3.965779
      vertex -0.000000 35.000000 -4.000000
      vertex -0.000000 44.000000 -4.000000
    endloop
  endfacet
  facet normal 0.000000 1.000000 0.000000
    outer loop
      vertex 0.000000 44.000000 0.000000
      vertex -0.000000 44.000000 -4.000000
      vertex -0.522105 44.000000 -3.965779
    endloop
  endfacet
  facet normal 0.000000 -1.000000 0.000000
    outer loop
      vertex 0.000000 35.000000 0.000000
      vertex -0.522105 35.000000 -3.965779
      vertex -0.000000 35.000000 -4.000000
    endloop
  endfacet
  facet normal -0.065403 0.000000 0.997859
    outer loop
      vertex -0.000000 44.000000 -4.000000
      vertex -0.000000 35.000000 -4.000000
      vertex 0.522105 35.000000 -3.965779
    endloop
  endfacet
  facet normal -0.065403 0.000000 0.997859
    outer loop
      vertex -0.000000 44.000000 -4.000000
      vertex 0.522105 35.000000 -3.965779
      vertex 0.522105 44.000000 -3.965779
    endloop
  endfacet
  facet normal 0.000000 1.000000 0.000000
    outer loop
      vertex 0.000000 44.000000 0.000000
      vertex 0.522105 44.000000 -3.965779
      vertex -0.000000 44.000000 -4.000000
    endloop
  endfacet
  facet normal 0.000000 -1.000000 -0.000000
    outer loop
      vertex 0.000000 35.000000 0.000000
      vertex -0.000000 35.000000 -4.000000
      vertex 0.522105 35.000000 -3.965779
    endloop
  endfacet
  facet normal -0.195090 0.000000 0.980785
    outer loop
      vertex 0.522105 44.000000 -3.965779
      vertex 0.522105 35.000000 -3.965779
      vertex 1.035276 35.000000 -3.863703
    endloop
  endfacet
  facet normal -0.195090 0.000000 0.980785
    outer loop
      vertex 0.522105 44.000000 -3.965779
      vertex 1.035276 35.000000 -3.863703
      vertex 1.035276 44.000000 -3.863703
    endloop
  endfacet
  facet normal 0.000000 1.000000 0.000000
    outer loop
      vertex 0.000000 44.000000 0.000000
      vertex 1.035276 44.000000 -3.863703
      vertex 0.522105 44.000000 -3.965779
    endloop
  endfacet
  facet normal 0.000000 -1.000000 0.000000
    outer loop
      vertex 0.000000 35.000000 0.000000
      vertex 0.522105 35.000000 -3.965779
      vertex 1.035276 35.000000 -3.863703
    endloop
  endfacet
  facet normal -0.321439 0.000000 0.946930
    outer loop
      vertex 1.035276 44.000000 -3.863703
      vertex 1.035276 35.000000 -3.863703
      vertex 1.530734 35.000000 -3.695518
    endloop
  endfacet
  facet normal -0.321439 0.000000 0.946930
    outer loop
      vertex 1.035276 44.000000 -3.863703
      vertex 1.530734 35.000000 -3.695518
      vertex 1.530734 44.000000 -3.695518
    endloop
  endfacet
  facet normal 0.000000 1.000000 0.000000
    outer loop
      vertex 0.000000 44.000000 0.000000
      vertex 1.530734 44.000000 -3.695518
      vertex 1.035276 44.000000 -3.863703
    endloop
  endfacet
  facet normal 0.000000 -1.000000 0.000000
    outer loop
      vertex 0.000000 35.000000 0.000000
      vertex 1.035276 35.000000 -3.863703
      vertex 1.530734 35.000000 -3.695518
    endloop
  endfacet
  facet normal -0.442289 0.000000 0.896873
    outer loop
      vertex 1.530734 44.000000 -3.695518
      vertex 1.530734 35.000000 -3.695518
      vertex 2.000000 35.000000 -3.464102
    endloop
  endfacet
  facet normal -0.442289 0.000000 0.896873
    outer loop
      vertex 1.530734 44.000000 -3.695518
      vertex 2.000000 35.000000 -3.464102
      vertex 2.000000 44.000000 -3.464102
    endloop
  endfacet
  facet normal 0.000000 1.000000 0.000000
    outer loop
      vertex 0.000000 44.000000 0.000000
      vertex 2.000000 44.000000 -3.464102
      vertex 1.530734 44.000000 -3.695518
    endloop
  endfacet
  facet normal 0.000000 -1.000000 0.000000
    outer loop
      vertex 0.000000 35.000000 0.000000
      vertex 1.530734 35.000000 -3.695518
      vertex 2.000000 35.000000 -3.464102
    endloop
  endfacet
  facet normal -0.555570 0.000000 0.831470
    outer loop
      vertex 2.000000 44.000000 -3.464102
      vertex 2.000000 35.000000 -3.464102
      vertex 2.435046 35.000000 -3.173413
    endloop
  endfacet
  facet normal -0.555570 0.000000 0.831470
    outer loop
      vertex 2.000000 44.000000 -3.464102
      vertex 2.435046 35.000000 -3.173413
      vertex 2.435046 44.000000 -3.173413
    endloop
  endfacet
  facet normal 0.000000 1.000000 0.000000
    outer loop
      vertex 0.000000 44.000000 0.000000
      vertex 2.435046 44.000000 -3.173413
      vertex 2.000000 44.000000 -3.464102
    endloop
  endfacet
  facet normal 0.000000 -1.000000 0.000000
    outer loop
      vertex 0.000000 35.000000 0.000000
      vertex 2.000000 35.000000 -3.464102
      vertex 2.435046 35.000000 -3.173413
    endloop
  endfacet
  facet normal -0.659346 0.000000 0.751840
    outer loop
      vertex 2.435046 44.000000 -3.173413
      vertex 2.435046 35.000000 -3.173413
      vertex 2.828427 35.000000 -2.828427
    endloop
  endfacet
  facet normal -0.659346 0.000000 0.751840
    outer loop
      vertex 2.435046 44.000000 -3.173413
      vertex 2.828427 35.000000 -2.828427
      vertex 2.828427 44.000000 -2.828427
    endloop
  endfacet
  facet normal 0.000000 1.000000 0.000000
    outer loop
      vertex 0.000000 44.000000 0.000000
      vertex 2.828427 44.000000 -2.828427
      vertex 2.435046 44.000000 -3.173413
    endloop
  endfacet
  facet normal 0.000000 -1.000000 0.000000
    outer loop
      vertex 0.000000 35.000000 0.000000
      vertex 2.435046 35.000000 -3.173413
      vertex 2.828427 35.000000 -2.828427
    endloop
  endfacet
  facet normal -0.751840 0.000000 0.659346
    outer loop
      vertex 2.828427 44.000000 -2.828427
      vertex 2.828427 35.000000 -2.828427
      vertex 3.173413 35.000000 -2.435046
    endloop
  endfacet
  facet normal -0.751840 0.000000 0.659346
    outer loop
      vertex 2.828427 44.000000 -2.828427
      vertex 3.173413 35.000000 -2.435046
      vertex 3.173413 44.000000 -2.435046
    endloop
  endfacet
  facet normal 0.000000 1.000000 0.000000
    outer loop
      vertex 0.000000 44.000000 0.000000
      vertex 3.173413 44.000000 -2.435046
      vertex 2.828427 44.000000 -2.828427
    endloop
  endfacet
  facet normal 0.000000 -1.000000 0.000000
    outer loop
      vertex 0.000000 35.000000 0.000000
      vertex 2.828427 35.000000 -2.828427
      vertex 3.173413 35.000000 -2.435046
    endloop
  endfacet
  facet normal -0.831470 0.000000 0.555570
    outer loop
      vertex 3.173413 44.000000 -2.435046
      vertex 3.173413 35.000000 -2.435046
      vertex 3.464102 35.000000 -2.000000
    endloop
  endfacet
  facet normal -0.831470 0.000000 0.555570
    outer loop
      vertex 3.173413 44.000000 -2.435046
      vertex 3.464102 35.000000 -2.000000
      vertex 3.464102 44.000000 -2.000000
    endloop
  endfacet
  facet normal 0.000000 1.000000 0.000000
    outer loop
      vertex 0.000000 44.000000 0.000000
      vertex 3.464102 44.000000 -2.000000
      vertex 3.173413 44.000000 -2.435046
    endloop
  endfacet
  facet normal 0.000000 -1.000000 0.000000
    outer loop
      vertex 0.000000 35.000000 0.000000
      vertex 3.173413 35.000000 -2.435046
      vertex 3.464102 35.000000 -2.000000
    endloop
  endfacet
  facet normal -0.896873 0.000000 0.442289
    outer loop
      vertex 3.464102 44.000000 -2.000000
      vertex 3.464102 35.000000 -2.000000
      vertex 3.695518 35.000000 -1.530734
    endloop
  endfacet
  facet normal -0.896873 0.000000 0.442289
    outer loop
      vertex 3.464102 44.000000 -2.000000
      vertex 3.695518 35.000000 -1.530734
      vertex 3.695518 44.000000 -1.530734
    endloop
  endfacet
  facet normal 0.000000 1.000000 0.000000
    outer loop
      vertex 0.000000 44.000000 0.000000
      vertex 3.695518 44.000000 -1.530734
      vertex 3.464102 44.000000 -2.000000
    endloop
  endfacet
  facet normal 0.000000 -1.000000 0.000000
    outer loop
      vertex 0.000000 35.000000 0.000000
      vertex 3.464102 35.000000 -2.000000
      vertex 3.695518 35.000000 -1.530734
    endloop
  endfacet
  facet normal -0.946930 0.000000 0.321439
    outer loop
      vertex 3.695518 44.000000 -1.530734
      vertex 3.695518 35.000000 -1.530734
      vertex 3.863703 35.000000 -1.035276
    endloop
  endfacet
  facet normal -0.946930 0.000000 0.321439
    outer loop
      vertex 3.695518 44.000000 -1.530734
      vertex 3.863703 35.000000 -1.035276
      vertex 3.863703 44.000000 -1.035276
    endloop
  endfacet
  facet normal 0.000000 1.000000 0.000000
    outer loop
      vertex 0.000000 44.000000 0.000000
      vertex 3.863703 44.000000 -1.035276
      vertex 3.695518 44.000000 -1.530734
    endloop
  endfacet
  facet normal 0.000000 -1.000000 0.000000
    outer loop
      vertex 0.000000 35.000000 0.000000
      vertex 3.695518 35.000000 -1.530734
      vertex 3.863703 35.000000 -1.035276
    endloop
  endfacet
  facet normal -0.980785 0.000000 0.195090
    outer loop
      vertex 3.863703 44.000000 -1.035276
      vertex 3.863703 35.000000 -1.035276
      vertex 3.965779 35.000000 -0.522105
    endloop
  endfacet
  facet normal -0.980785 0.000000 0.195090
    outer loop
      vertex 3.863703 44.000000 -1.035276
      vertex 3.965779 35.000000 -0.522105
      vertex 3.965779 44.000000 -0.522105
    endloop
  endfacet
  facet normal 0.000000 1.000000 0.000000
    outer loop
      vertex 0.000000 44.000000 0.000000
      vertex 3.965779 44.000000 -0.522105
      vertex 3.863703 44.000000 -1.035276
    endloop
  endfacet
  facet normal 0.000000 -1.000000 0.000000
    outer loop
      vertex 0.000000 35.000000 0.000000
      vertex 3.863703 35.000000 -1.035276
      vertex 3.965779 35.000000 -0.522105
    endloop
  endfacet
  facet normal -0.997859 0.000000 0.065403
    outer loop
      vertex 3.965779 44.000000 -0.522105
      vertex 3.965779 35.000000 -0.522105
      vertex 4.000000 35.000000 0.000000
    endloop
  endfacet
  facet normal -0.997859 0.000000 0.065403
    outer loop
      vertex 3.965779 44.000000 -0.522105
      vertex 4.000000 35.000000 0.000000
      vertex 4.000000 44.000000 0.000000
    endloop
  endfacet
  facet normal -0.000000 1.000000 0.000000
    outer loop
      vertex 0.000000 44.000000 0.000000
      vertex 4.000000 44.000000 0.000000
      vertex 3.965779 44.000000 -0.522105
    endloop
  endfacet
  facet normal 0.000000 -1.000000 0.000000
    outer loop
      vertex 0.000000 35.000000 0.000000
      vertex 3.965779 35.000000 -0.522105
      vertex 4.000000 35.000000 0.000000
    endloop
  endfacet
  facet normal -0.892894 -0.446447 -0.058523
    outer loop
      vertex 0.000000 52.000000 0.000000
      vertex 4.000000 44.000000 0.000000
      vertex 3.965779 44.000000 0.522105
    endloop
  endfacet
  facet normal 0.000000 1.000000 0.000000
    outer loop
      vertex 0.000000 44.000000 0.000000
      vertex 3.965779 44.000000 0.522105
      vertex 4.000000 44.000000 0.000000
    endloop
  endfacet
  facet normal -0.877617 -0.446447 -0.174569
    outer loop
      vertex 0.000000 52.000000 0.000000
      vertex 3.965779 44.000000 0.522105
      vertex 3.863703 44.000000 1.035276
    endloop
  endfacet
  facet normal 0.000000 1.000000 0.000000
    outer loop
      vertex 0.000000 44.000000 0.000000
      vertex 3.863703 44.000000 1.035276
      vertex 3.965779 44.000000 0.522105
    endloop
  endfacet
  facet normal -0.847323 -0.446447 -0.287627
    outer loop
      vertex 0.000000 52.000000 0.000000
      vertex 3.863703 44.000000 1.035276
      vertex 3.695518 44.000000 1.530734
    endloop
  endfacet
  facet normal 0.000000 1.000000 0.000000
    outer loop
      vertex 0.000000 44.000000 0.000000
      vertex 3.695518 44.000000 1.530734
      vertex 3.863703 44.000000 1.035276
    endloop
  endfacet
  facet normal -0.802531 -0.446447 -0.395764
    outer loop
      vertex 0.000000 52.000000 0.000000
      vertex 3.695518 44.000000 1.530734
      vertex 3.464102 44.000000 2.000000
    endloop
  endfacet
  facet normal 0.000000 1.000000 0.000000
    outer loop
      vertex 0.000000 44.000000 0.000000
      vertex 3.464102 44.000000 2.000000
      vertex 3.695518 44.000000 1.530734
    endloop
  endfacet
  facet normal -0.744007 -0.446447 -0.497130
    outer loop
      vertex 0.000000 52.000000 0.000000
      vertex 3.464102 44.000000 2.000000
      vertex 3.173413 44.000000 2.435046
    endloop
  endfacet
  facet normal 0.000000 1.000000 0.000000
    outer loop
      vertex 0.000000 44.000000 0.000000
      vertex 3.173413 44.000000 2.435046
      vertex 3.464102 44.000000 2.000000
    endloop
  endfacet
  facet normal -0.672754 -0.446447 -0.589989
    outer loop
      vertex 0.000000 52.000000 0.000000
      vertex 3.173413 44.000000 2.435046
      vertex 2.828427 44.000000 2.828427
    endloop
  endfacet
  facet normal 0.000000 1.000000 0.000000
    outer loop
      vertex 0.000000 44.000000 0.000000
      vertex 2.828427 44.000000 2.828427
      vertex 3.173413 44.000000 2.435046
    endloop
  endfacet
  facet normal -0.589989 -0.446447 -0.672754
    outer loop
      vertex 0.000000 52.000000 0.000000
      vertex 2.828427 44.000000 2.828427
      vertex 2.435046 44.000000 3.173413
    endloop
  endfacet
  facet normal 0.000000 1.000000 0.000000
    outer loop
      vertex 0.000000 44.000000 0.000000
      vertex 2.435046 44.000000 3.173413
      vertex 2.828427 44.000000 2.828427
    endloop
  endfacet
  facet normal -0.497130 -0.446447 -0.744007
    outer loop
      vertex 0.000000 52.000000 0.000000
      vertex 2.435046 44.000000 3.173413
      vertex 2.000000 44.000000 3.464102
    endloop
  endfacet
  facet normal 0.000000 1.000000 0.000000
    outer loop
      vertex 0.000000 44.000000 0.000000
      vertex 2.000000 44.000000 3.464102
      vertex 2.435046 44.000000 3.173413
    endloop
  endfacet
  facet normal -0.395764 -0.446447 -0.802531
    outer loop
      vertex 0.000000 52.000000 0.000000
      vertex 2.000000 44.000000 3.464102
      vertex 1.530734 44.000000 3.695518
    endloop
  endfacet
  facet normal 0.000000 1.000000 0.000000
    outer loop
      vertex 0.000000 44.000000 0.000000
      vertex 1.530734 44.000000 3.695518
      vertex 2.000000 44.000000 3.464102
    endloop
  endfacet
  facet normal -0.287627 -0.446447 -0.847323
    outer loop
      vertex 0.000000 52.000000 0.000000
      vertex 1.530734 44.000000 3.695518
      vertex 1.035276 44.000000 3.863703
    endloop
  endfacet
  facet normal 0.000000 1.000000 0.000000
    outer loop
      vertex 0.000000 44.000000 0.000000
      vertex 1.035276 44.000000 3.863703
      vertex 1.530734 44.000000 3.695518
    endloop
  endfacet
  facet normal -0.174569 -0.446447 -0.877617
    outer loop
      vertex 0.000000 52.000000 0.000000
      vertex 1.035276 44.000000 3.863703
      vertex 0.522105 44.000000 3.965779
    endloop
  endfacet
  facet normal 0.000000 1.000000 0.000000
    outer loop
      vertex 0.000000 44.000000 0.000000
      vertex 0.522105 44.000000 3.965779
      vertex 1.035276 44.000000 3.863703
    endloop
  endfacet
  facet normal -0.058523 -0.446447 -0.892894
    outer loop
      vertex 0.000000 52.000000 0.000000
      vertex 0.522105 44.000000 3.965779
      vertex 0.000000 44.000000 4.000000
    endloop
  endfacet
  facet normal 0.000000 1.000000 0.000000
    outer loop
      vertex 0.000000 44.000000 0.000000
      vertex 0.000000 44.000000 4.000000
      vertex 0.522105 44.000000 3.965779
    endloop
  endfacet
  facet normal 0.058523 -0.446447 -0.892894
    outer loop
      vertex 0.000000 52.000000 0.000000
      vertex 0.000000 44.000000 4.000000
      vertex -0.522105 44.000000 3.965779
    endloop
  endfacet
  facet normal 0.000000 1.000000 -0.000000
    outer loop
      vertex 0.000000 44.000000 0.000000
      vertex -0.522105 44.000000 3.965779
      vertex 0.000000 44.000000 4.000000
    endloop
  endfacet
  facet normal 0.174569 -0.446447 -0.877617
    outer loop
      vertex 0.000000 52.000000 0.000000
      vertex -0.522105 44.000000 3.965779
      vertex -1.035276 44.000000 3.863703
    endloop
  endfacet
  facet normal 0.000000 1.000000 0.000000
    outer loop
      vertex 0.000000 44.000000 0.000000
      vertex -1.035276 44.000000 3.863703
      vertex -0.522105 44.000000 3.965779
    endloop
  endfacet
  facet normal 0.287627 -0.446447 -0.847323
    outer loop
      vertex 0.000000 52.000000 0.000000
      vertex -1.035276 44.000000 3.863703
      vertex -1.530734 44.000000 3.695518
    endloop
  endfacet
  facet normal 0.000000 1.000000 0.000000
    outer loop
      vertex 0.000000 44.000000 0.000000
      vertex -1.530734 44.000000 3.695518
      vertex -1.035276 44.000000 3.863703
    endloop
  endfacet
  facet normal 0.395764 -0.446447 -0.802531
    outer loop
      vertex 0.000000 52.000000 0.000000
      vertex -1.530734 44.000000 3.695518
      vertex -2.000000 44.000000 3.464102
    endloop
  endfacet
  facet normal 0.000000 1.000000 0.000000
    outer loop
      vertex 0.000000 44.000000 0.000000
      vertex -2.000000 44.000000 3.464102
      vertex -1.530734 44.000000 3.695518
    endloop
  endfacet
  facet normal 0.497130 -0.446447 -0.744007
    outer loop
      vertex 0.000000 52.000000 0.000000
      vertex -2.000000 44.000000 3.464102
      vertex -2.435046 44.000000 3.173413
    endloop
  endfacet
  facet normal 0.000000 1.000000 0.000000
    outer loop
      vertex 0.000000 44.000000 0.000000
      vertex -2.435046 44.000000 3.173413
      vertex -2.000000 44.000000 3.464102
    endloop
  endfacet
  facet normal 0.589989 -0.446447 -0.672754
    outer loop
      vertex 0.000000 52.000000 0.000000
      vertex -2.435046 44.000000 3.173413
      vertex -2.828427 44.000000 2.828427
    endloop
  endfacet
  facet normal 0.000000 1.000000 0.000000
    outer loop
      vertex 0.000000 44.000000 0.000000
      vertex -2.828427 44.000000 2.828427
      vertex -2.435046 44.000000 3.173413
    endloop
  endfacet
  facet normal 0.672754 -0.446447 -0.589989
    outer loop
      vertex 0.000000 52.000000 0.000000
      vertex -2.828427 44.000000 2.828427
      vertex -3.173413 44.000000 2.435046
    endloop
  endfacet
  facet normal 0.000000 1.000000 0.000000
    outer loop
      vertex 0.000000 44.000000 0.000000
      vertex -3.173413 44.000000 2.435046
      vertex -2.828427 44.000000 2.828427
    endloop
  endfacet
  facet normal 0.744007 -0.446447 -0.497130
    outer loop
      vertex 0.000000 52.000000 0.000000
      vertex -3.173413 44.000000 2.435046
      vertex -3.464102 44.000000 2.000000
    endloop
  endfacet
  facet normal 0.000000 1.000000 0.000000
    outer loop
      vertex 0.000000 44.000000 0.000000
      vertex -3.464102 44.000000 2.000000
      vertex -3.173413 44.000000 2.435046
    endloop
  endfacet
  facet normal 0.802531 -0.446447 -0.395764
    outer loop
      vertex 0.000000 52.000000 0.000000
      vertex -3.464102 44.000000 2.000000
      vertex -3.695518 44.000000 1.530734
    endloop
  endfacet
  facet normal 0.000000 1.000000 0.000000
    outer loop
      vertex 0.000000 44.000000 0.000000
      vertex -3.695518 44.000000 1.530734
      vertex -3.464102 44.000000 2.000000
    endloop
  endfacet
  facet normal 0.847323 -0.446447 -0.287627
    outer loop
      vertex 0.000000 52.000000 0.000000
      vertex -3.695518 44.000000 1.530734
      vertex -3.863703 44.000000 1.035276
    endloop
  endfacet
  facet normal 0.000000 1.000000 0.000000
    outer loop
      vertex 0.000000 44.000000 0.000000
      vertex -3.863703 44.000000 1.035276
      vertex -3.695518 44.000000 1.530734
    endloop
  endfacet
  facet normal 0.877617 -0.446447 -0.174569
    outer loop
      vertex 0.000000 52.000000 0.000000
      vertex -3.863703 44.000000 1.035276
      vertex -3.965779 44.000000 0.522105
    endloop
  endfacet
  facet normal 0.000000 1.000000 0.000000
    outer loop
      vertex 0.000000 44.000000 0.000000
      vertex -3.965779 44.000000 0.522105
      vertex -3.863703 44.000000 1.035276
    endloop
  endfacet
  facet normal 0.892894 -0.446447 -0.058523
    outer loop
      vertex 0.000000 52.000000 0.000000
      vertex -3.965779 44.000000 0.522105
      vertex -4.000000 44.000000 0.000000
    endloop
  endfacet
  facet normal 0.000000 1.000000 0.000000
    outer loop
      vertex 0.000000 44.000000 0.000000
      vertex -4.000000 44.000000 0.000000
      vertex -3.965779 44.000000 0.522105
    endloop
  endfacet
  facet normal 0.892894 -0.446447 0.058523
    outer loop
      vertex 0.000000 52.000000 0.000000
      vertex -4.000000 44.000000 0.000000
      vertex -3.965779 44.000000 -0.522105
    endloop
  endfacet
  facet normal 0.000000 1.000000 0.000000
    outer loop
      vertex 0.000000 44.000000 0.000000
      vertex -3.965779 44.000000 -0.522105
      vertex -4.000000 44.000000 0.000000
    endloop
  endfacet
  facet normal 0.877617 -0.446447 0.174569
    outer loop
      vertex 0.000000 52.000000 0.000000
      vertex -3.965779 44.000000 -0.522105
      vertex -3.863703 44.000000 -1.035276
    endloop
  endfacet
  facet normal 0.000000 1.000000 0.000000
    outer loop
      vertex 0.000000 44.000000 0.000000
      vertex -3.863703 44.000000 -1.035276
      vertex -3.965779 44.000000 -0.522105
    endloop
  endfacet
  facet normal 0.847323 -0.446447 0.287627
    outer loop
      vertex 0.000000 52.000000 0.000000
      vertex -3.863703 44.000000 -1.035276
      vertex -3.695518 44.000000 -1.530734
    endloop
  endfacet
  facet normal 0.000000 1.000000 0.000000
    outer loop
      vertex 0.000000 44.000000 0.000000
      vertex -3.695518 44.000000 -1.530734
      vertex -3.863703 44.000000 -1.035276
    endloop
  endfacet
  facet normal 0.802531 -0.446447 0.395764
    outer loop
      vertex 0.000000 52.000000 0.000000
      vertex -3.695518 44.000000 -1.530734
      vertex -3.464102 44.000000 -2.000000
    endloop
  endfacet
  facet normal 0.000000 1.000000 0.000000
    outer loop
      vertex 0.000000 44.000000 0.000000
      vertex -3.464102 44.000000 -2.000000
      vertex -3.695518 44.000000 -1.530734
    endloop
  endfacet
  facet normal 0.744007 -0.446447 0.497130
    outer loop
      vertex 0.000000 52.000000 0.000000
      vertex -3.464102 44.000000 -2.000000
      vertex -3.173413 44.000000 -2.435046
    endloop
  endfacet
  facet normal 0.000000 1.000000 0.000000
    outer loop
      vertex 0.000000 44.000000 0.000000
      vertex -3.173413 44.000000 -2.435046
      vertex -3.464102 44.000000 -2.000000
    endloop
  endfacet
  facet normal 0.672754 -0.446447 0.589989
    outer loop
      vertex 0.000000 52.000000 0.000000
      vertex -3.173413 44.000000 -2.435046
      vertex -2.828427 44.000000 -2.828427
    endloop
  endfacet
  facet normal 0.000000 1.000000 0.000000
    outer loop
      vertex 0.000000 44.000000 0.000000
      vertex -2.828427 44.000000 -2.828427
      vertex -3.173413 44.000000 -2.435046
    endloop
  endfacet
  facet normal 0.589989 -0.446447 0.672754
    outer loop
      vertex 0.000000 52.000000 0.000000
      vertex -2.828427 44.000000 -2.828427
      vertex -2.435046 44.000000 -3.173413
    endloop
  endfacet
  facet normal 0.000000 1.000000 0.000000
    outer loop
      vertex 0.000000 44.000000 0.000000
      vertex -2.435046 44.000000 -3.173413
      vertex -2.828427 44.000000 -2.828427
    endloop
  endfacet
  facet normal 0.497130 -0.446447 0.744007
    outer loop
      vertex 0.000000 52.000000 0.000000
      vertex -2.435046 44.000000 -3.173413
      vertex -2.000000 44.000000 -3.464102
    endloop
  endfacet
  facet normal 0.000000 1.000000 0.000000
    outer loop
      vertex 0.000000 44.000000 0.000000
      vertex -2.000000 44.000000 -3.464102
      vertex -2.435046 44.000000 -3.173413
    endloop
  endfacet
  facet normal 0.395764 -0.446447 0.802531
    outer loop
      vertex 0.000000 52.000000 0.000000
      vertex -2.000000 44.000000 -3.464102
      vertex -1.530734 44.000000 -3.695518
    endloop
  endfacet
  facet normal 0.000000 1.000000 0.000000
    outer loop
      vertex 0.000000 44.000000 0.000000
      vertex -1.530734 44.000000 -3.695518
      vertex -2.000000 44.000000 -3.464102
    endloop
  endfacet
  facet normal 0.287627 -0.446447 0.847323
    outer loop
      vertex 0.000000 52.000000 0.000000
      vertex -1.530734 44.000000 -3.695518
      vertex -1.035276 44.000000 -3.863703
    endloop
  endfacet
  facet normal 0.000000 1.000000 0.000000
    outer loop
      vertex 0.000000 44.000000 0.000000
      vertex -1.035276 44.000000 -3.863703
      vertex -1.530734 44.000000 -3.695518
    endloop
  endfacet
  facet normal 0.174569 -0.446447 0.877617
    outer loop
      vertex 0.000000 52.000000 0.000000
      vertex -1.035276 44.000000 -3.863703
      vertex -0.522105 44.000000 -3.965779
    endloop
  endfacet
  facet normal 0.000000 1.000000 0.000000
    outer loop
      vertex 0.000000 44.000000 0.000000
      vertex -0.522105 44.000000 -3.965779
      vertex -1.035276 44.000000 -3.863703
    endloop
  endfacet
  facet normal 0.058523 -0.446447 0.892894
    outer loop
      vertex 0.000000 52.000000 0.000000
      vertex -0.522105 44.000000 -3.965779
      vertex -0.000000 44.000000 -4.000000
    endloop
  endfacet
  facet normal 0.000000 1.000000 0.000000
    outer loop
      vertex 0.000000 44.000000 0.000000
      vertex -0.000000 44.000000 -4.000000
      vertex -0.522105 44.000000 -3.965779
    endloop
  endfacet
  facet normal -0.058523 -0.446447 0.892894
    outer loop
      vertex 0.000000 52.000000 0.000000
      vertex -0.000000 44.000000 -4.000000
      vertex 0.522105 44.000000 -3.965779
    endloop
  endfacet
  facet normal 0.000000 1.000000 0.000000
    outer loop
      vertex 0.000000 44.000000 0.000000
      vertex 0.522105 44.000000 -3.965779
      vertex -0.000000 44.000000 -4.000000
    endloop
  endfacet
  facet normal -0.174569 -0.446447 0.877617
    outer loop
      vertex 0.000000 52.000000 0.000000
      vertex 0.522105 44.000000 -3.965779
      vertex 1.035276 44.000000 -3.863703
    endloop
  endfacet
  facet normal 0.000000 1.000000 0.000000
    outer loop
      vertex 0.000000 44.000000 0.000000
      vertex 1.035276 44.000000 -3.863703
      vertex 0.522105 44.000000 -3.965779
    endloop
  endfacet
  facet normal -0.287627 -0.446447 0.847323
    outer loop
      vertex 0.000000 52.000000 0.000000
      vertex 1.035276 44.000000 -3.863703
      vertex 1.530734 44.000000 -3.695518
    endloop
  endfacet
  facet normal 0.000000 1.000000 0.000000
    outer loop
      vertex 0.000000 44.000000 0.000000
      vertex 1.530734 44.000000 -3.695518
      vertex 1.035276 44.000000 -3.863703
    endloop
  endfacet
  facet normal -0.395764 -0.446447 0.802531
    outer loop
      vertex 0.000000 52.000000 0.000000
      vertex 1.530734 44.000000 -3.695518
      vertex 2.000000 44.000000 -3.464102
    endloop
  endfacet
  facet normal 0.000000 1.000000 0.000000
    outer loop
      vertex 0.000000 44.000000 0.000000
      vertex 2.000000 44.000000 -3.464102
      vertex 1.530734 44.000000 -3.695518
    endloop
  endfacet
  facet normal -0.497130 -0.446447 0.744007
    outer loop
      vertex 0.000000 52.000000 0.000000
      vertex 2.000000 44.000000 -3.464102
      vertex 2.435046 44.000000 -3.173413
    endloop
  endfacet
  facet normal 0.000000 1.000000 0.000000
    outer loop
      vertex 0.000000 44.000000 0.000000
      vertex 2.435046 44.000000 -3.173413
      vertex 2.000000 44.000000 -3.464102
    endloop
  endfacet
  facet normal -0.589989 -0.446447 0.672754
    outer loop
      vertex 0.000000 52.000000 0.000000
      vertex 2.435046 44.000000 -3.173413
      vertex 2.828427 44.000000 -2.828427
    endloop
  endfacet
  facet normal 0.000000 1.000000 0.000000
    outer loop
      vertex 0.000000 44.000000 0.000000
      vertex 2.828427 44.000000 -2.828427
      vertex 2.435046 44.000000 -3.173413
    endloop
  endfacet
  facet normal -0.672754 -0.446447 0.589989
    outer loop
      vertex 0.000000 52.000000 0.000000
      vertex 2.828427 44.000000 -2.828427
      vertex 3.173413 44.000000 -2.435046
    endloop
  endfacet
  facet normal 0.000000 1.000000 0.000000
    outer loop
      vertex 0.000000 44.000000 0.000000
      vertex 3.173413 44.000000 -2.435046
      vertex 2.828427 44.000000 -2.828427
    endloop
  endfacet
  facet normal -0.744007 -0.446447 0.497130
    outer loop
      vertex 0.000000 52.000000 0.000000
      vertex 3.173413 44.000000 -2.435046
      vertex 3.464102 44.000000 -2.000000
    endloop
  endfacet
  facet normal 0.000000 1.000000 0.000000
    outer loop
      vertex 0.000000 44.000000 0.000000
      vertex 3.464102 44.000000 -2.000000
      vertex 3.173413 44.000000 -2.435046
    endloop
  endfacet
  facet normal -0.802531 -0.446447 0.395764
    outer loop
      vertex 0.000000 52.000000 0.000000
      vertex 3.464102 44.000000 -2.000000
      vertex 3.695518 44.000000 -1.530734
    endloop
  endfacet
  facet normal 0.000000 1.000000 0.000000
    outer loop
      vertex 0.000000 44.000000 0.000000
      vertex 3.695518 44.000000 -1.530734
      vertex 3.464102 44.000000 -2.000000
    endloop
  endfacet
  facet normal -0.847323 -0.446447 0.287627
    outer loop
      vertex 0.000000 52.000000 0.000000
      vertex 3.695518 44.000000 -1.530734
      vertex 3.863703 44.000000 -1.035276
    endloop
  endfacet
  facet normal 0.000000 1.000000 0.000000
    outer loop
      vertex 0.000000 44.000000 0.000000
      vertex 3.863703 44.000000 -1.035276
      vertex 3.695518 44.000000 -1.530734
    endloop
  endfacet
  facet normal -0.877617 -0.446447 0.174569
    outer loop
      vertex 0.000000 52.000000 0.000000
      vertex 3.863703 44.000000 -1.035276
      vertex 3.965779 44.000000 -0.522105
    endloop
  endfacet
  facet normal 0.000000 1.000000 0.000000
    outer loop
      vertex 0.000000 44.000000 0.000000
      vertex 3.965779 44.000000 -0.522105
      vertex 3.863703 44.000000 -1.035276
    endloop
  endfacet
  facet normal -0.892894 -0.446447 0.058523
    outer loop
      vertex 0.000000 52.000000 0.000000
      vertex 3.965779 44.000000 -0.522105
      vertex 4.000000 44.000000 0.000000
    endloop
  endfacet
  facet normal -0.000000 1.000000 0.000000
    outer loop
      vertex 0.000000 44.000000 0.000000
      vertex 4.000000 44.000000 0.000000
      vertex 3.965779 44.000000 -0.522105
    endloop
  endfacet
  facet normal -0.997859 -0.000000 -0.065403
    outer loop
      vertex 5.000000 0.000000 0.000000
      vertex 5.000000 -3.000000 0.000000
      vertex 4.957224 -3.000000 0.652631
    endloop
  endfacet
  facet normal -0.997859 0.000000 -0.065403
    outer loop
      vertex 5.000000 0.000000 0.000000
      vertex 4.957224 -3.000000 0.652631
      vertex 4.957224 0.000000 0.652631
    endloop
  endfacet
  facet normal 0.000000 1.000000 0.000000
    outer loop
      vertex 0.000000 0.000000 0.000000
      vertex 4.957224 0.000000 0.652631
      vertex 5.000000 0.000000 0.000000
    endloop
  endfacet
  facet normal 0.000000 -1.000000 0.000000
    outer loop
      vertex 0.000000 -3.000000 0.000000
      vertex 5.000000 -3.000000 0.000000
      vertex 4.957224 -3.000000 0.652631
    endloop
  endfacet
  facet normal -0.980785 -0.000000 -0.195090
    outer loop
      vertex 4.957224 0.000000 0.652631
      vertex 4.957224 -3.000000 0.652631
      vertex 4.829629 -3.000000 1.294095
    endloop
  endfacet
  facet normal -0.980785 0.000000 -0.195090
    outer loop
      vertex 4.957224 0.000000 0.652631
      vertex 4.829629 -3.000000 1.294095
      vertex 4.829629 0.000000 1.294095
    endloop
  endfacet
  facet normal 0.000000 1.000000 0.000000
    outer loop
      vertex 0.000000 0.000000 0.000000
      vertex 4.829629 0.000000 1.294095
      vertex 4.957224 0.000000 0.652631
    endloop
  endfacet
  facet normal 0.000000 -1.000000 0.000000
    outer loop
      vertex 0.000000 -3.000000 0.000000
      vertex 4.957224 -3.000000 0.652631
      vertex 4.829629 -3.000000 1.294095
    endloop
  endfacet
  facet normal -0.946930 -0.000000 -0.321439
    outer loop
      vertex 4.829629 0.000000 1.294095
      vertex 4.829629 -3.000000 1.294095
      vertex 4.619398 -3.000000 1.913417
    endloop
  endfacet
  facet normal -0.946930 0.000000 -0.321439
    outer loop
      vertex 4.829629 0.000000 1.294095
      vertex 4.619398 -3.000000 1.913417
      vertex 4.619398 0.000000 1.913417
    endloop
  endfacet
  facet normal 0.000000 1.000000 0.000000
    outer loop
      vertex 0.000000 0.000000 0.000000
      vertex 4.619398 0.000000 1.913417
      vertex 4.829629 0.000000 1.294095
    endloop
  endfacet
  facet normal 0.000000 -1.000000 0.000000
    outer loop
      vertex 0.000000 -3.000000 0.000000
      vertex 4.829629 -3.000000 1.294095
      vertex 4.619398 -3.000000 1.913417
    endloop
  endfacet
  facet normal -0.896873 -0.000000 -0.442289
    outer loop
      vertex 4.619398 0.000000 1.913417
      vertex 4.619398 -3.000000 1.913417
      vertex 4.330127 -3.000000 2.500000
    endloop
  endfacet
  facet normal -0.896873 0.000000 -0.442289
    outer loop
      vertex 4.619398 0.000000 1.913417
      vertex 4.330127 -3.000000 2.500000
      vertex 4.330127 0.000000 2.500000
    endloop
  endfacet
  facet normal 0.000000 1.000000 0.000000
    outer loop
      vertex 0.000000 0.000000 0.000000
      vertex 4.330127 0.000000 2.500000
      vertex 4.619398 0.000000 1.913417
    endloop
  endfacet
  facet normal 0.000000 -1.000000 0.000000
    outer loop
      vertex 0.000000 -3.000000 0.000000
      vertex 4.619398 -3.000000 1.913417
      vertex 4.330127 -3.000000 2.500000
    endloop
  endfacet
  facet normal -0.831470 -0.000000 -0.555570
    outer loop
      vertex 4.330127 0.000000 2.500000
      vertex 4.330127 -3.000000 2.500000
      vertex 3.966767 -3.000000 3.043807
    endloop
  endfacet
  facet normal -0.831470 0.000000 -0.555570
    outer loop
      vertex 4.330127 0.000000 2.500000
      vertex 3.966767 -3.000000 3.043807
      vertex 3.966767 0.000000 3.043807
    endloop
  endfacet
  facet normal 0.000000 1.000000 0.000000
    outer loop
      vertex 0.000000 0.000000 0.000000
      vertex 3.966767 0.000000 3.043807
      vertex 4.330127 0.000000 2.500000
    endloop
  endfacet
  facet normal 0.000000 -1.000000 0.000000
    outer loop
      vertex 0.000000 -3.000000 0.000000
      vertex 4.330127 -3.000000 2.500000
      vertex 3.966767 -3.000000 3.043807
    endloop
  endfacet
  facet normal -0.751840 -0.000000 -0.659346
    outer loop
      vertex 3.966767 0.000000 3.043807
      vertex 3.966767 -3.000000 3.043807
      vertex 3.535534 -3.000000 3.535534
    endloop
  endfacet
  facet normal -0.751840 0.000000 -0.659346
    outer loop
      vertex 3.966767 0.000000 3.043807
      vertex 3.535534 -3.000000 3.535534
      vertex 3.535534 0.000000 3.535534
    endloop
  endfacet
  facet normal 0.000000 1.000000 0.000000
    outer loop
      vertex 0.000000 0.000000 0.000000
      vertex 3.535534 0.000000 3.535534
      vertex 3.966767 0.000000 3.043807
    endloop
  endfacet
  facet normal 0.000000 -1.000000 0.000000
    outer loop
      vertex 0.000000 -3.000000 0.000000
      vertex 3.966767 -3.000000 3.043807
      vertex 3.535534 -3.000000 3.535534
    endloop
  endfacet
  facet normal -0.659346 -0.000000 -0.751840
    outer loop
      vertex 3.535534 0.000000 3.535534
      vertex 3.535534 -3.000000 3.535534
      vertex 3.043807 -3.000000 3.966767
    endloop
  endfacet
  facet normal -0.659346 0.000000 -0.751840
    outer loop
      vertex 3.535534 0.000000 3.535534
      vertex 3.043807 -3.000000 3.966767
      vertex 3.043807 0.000000 3.966767
    endloop
  endfacet
  facet normal 0.000000 1.000000 0.000000
    outer loop
      vertex 0.000000 0.000000 0.000000
      vertex 3.043807 0.000000 3.966767
      vertex 3.535534 0.000000 3.535534
    endloop
  endfacet
  facet normal 0.000000 -1.000000 0.000000
    outer loop
      vertex 0.000000 -3.000000 0.000000
      vertex 3.535534 -3.000000 3.535534
      vertex 3.043807 -3.000000 3.966767
    endloop
  endfacet
  facet normal -0.555570 -0.000000 -0.831470
    outer loop
      vertex 3.043807 0.000000 3.966767
      vertex 3.043807 -3.000000 3.966767
      vertex 2.500000 -3.000000 4.330127
    endloop
  endfacet
  facet normal -0.555570 0.000000 -0.831470
    outer loop
      vertex 3.043807 0.000000 3.966767
      vertex 2.500000 -3.000000 4.330127
      vertex 2.500000 0.000000 4.330127
    endloop
  endfacet
  facet normal 0.000000 1.000000 0.000000
    outer loop
      vertex 0.000000 0.000000 0.000000
      vertex 2.500000 0.000000 4.330127
      vertex 3.043807 0.000000 3.966767
    endloop
  endfacet
  facet normal 0.000000 -1.000000 0.000000
    outer loop
      vertex 0.000000 -3.000000 0.000000
      vertex 3.043807 -3.000000 3.966767
      vertex 2.500000 -3.000000 4.330127
    endloop
  endfacet
  facet normal -0.442289 -0.000000 -0.896873
    outer loop
      vertex 2.500000 0.000000 4.330127
      vertex 2.500000 -3.000000 4.330127
      vertex 1.913417 -3.000000 4.619398
    endloop
  endfacet
  facet normal -0.442289 0.000000 -0.896873
    outer loop
      vertex 2.500000 0.000000 4.330127
      vertex 1.913417 -3.000000 4.619398
      vertex 1.913417 0.000000 4.619398
    endloop
  endfacet
  facet normal 0.000000 1.000000 0.000000
    outer loop
      vertex 0.000000 0.000000 0.000000
      vertex 1.913417 0.000000 4.619398
      vertex 2.500000 0.000000 4.330127
    endloop
  endfacet
  facet normal 0.000000 -1.000000 0.000000
    outer loop
      vertex 0.000000 -3.000000 0.000000
      vertex 2.500000 -3.000000 4.330127
      vertex 1.913417 -3.000000 4.619398
    endloop
  endfacet
  facet normal -0.321439 -0.000000 -0.946930
    outer loop
      vertex 1.913417 0.000000 4.619398
      vertex 1.913417 -3.000000 4.619398
      vertex 1.294095 -3.000000 4.829629
    endloop
  endfacet
  facet normal -0.321439 0.000000 -0.946930
    outer loop
      vertex 1.913417 0.000000 4.619398
      vertex 1.294095 -3.000000 4.829629
      vertex 1.294095 0.000000 4.829629
    endloop
  endfacet
  facet normal 0.000000 1.000000 0.000000
    outer loop
      vertex 0.000000 0.000000 0.000000
      vertex 1.294095 0.000000 4.829629
      vertex 1.913417 0.000000 4.619398
    endloop
  endfacet
  facet normal 0.000000 -1.000000 0.000000
    outer loop
      vertex 0.000000 -3.000000 0.000000
      vertex 1.913417 -3.000000 4.619398
      vertex 1.294095 -3.000000 4.829629
    endloop
  endfacet
  facet normal -0.195090 -0.000000 -0.980785
    outer loop
      vertex 1.294095 0.000000 4.829629
      vertex 1.294095 -3.000000 4.829629
      vertex 0.652631 -3.000000 4.957224
    endloop
  endfacet
  facet normal -0.195090 0.000000 -0.980785
    outer loop
      vertex 1.294095 0.000000 4.829629
      vertex 0.652631 -3.000000 4.957224
      vertex 0.652631 0.000000 4.957224
    endloop
  endfacet
  facet normal 0.000000 1.000000 0.000000
    outer loop
      vertex 0.000000 0.000000 0.000000
      vertex 0.652631 0.000000 4.957224
      vertex 1.294095 0.000000 4.829629
    endloop
  endfacet
  facet normal 0.000000 -1.000000 0.000000
    outer loop
      vertex 0.000000 -3.000000 0.000000
      vertex 1.294095 -3.000000 4.829629
      vertex 0.652631 -3.000000 4.957224
    endloop
  endfacet
  facet normal -0.065403 -0.000000 -0.997859
    outer loop
      vertex 0.652631 0.000000 4.957224
      vertex 0.652631 -3.000000 4.957224
      vertex 0.000000 -3.000000 5.000000
    endloop
  endfacet
  facet normal -0.065403 0.000000 -0.997859
    outer loop
      vertex 0.652631 0.000000 4.957224
      vertex 0.000000 -3.000000 5.000000
      vertex 0.000000 0.000000 5.000000
    endloop
  endfacet
  facet normal 0.000000 1.000000 0.000000
    outer loop
      vertex 0.000000 0.000000 0.000000
      vertex 0.000000 0.000000 5.000000
      vertex 0.652631 0.000000 4.957224
    endloop
  endfacet
  facet normal 0.000000 -1.000000 0.000000
    outer loop
      vertex 0.000000 -3.000000 0.000000
      vertex 0.652631 -3.000000 4.957224
      vertex 0.000000 -3.000000 5.000000
    endloop
  endfacet
  facet normal 0.065403 0.000000 -0.997859
    outer loop
      vertex 0.000000 0.000000 5.000000
      vertex 0.000000 -3.000000 5.000000
      vertex -0.652631 -3.000000 4.957224
    endloop
  endfacet
  facet normal 0.065403 0.000000 -0.997859
    outer loop
      vertex 0.000000 0.000000 5.000000
      vertex -0.652631 -3.000000 4.957224
      vertex -0.652631 0.000000 4.957224
    endloop
  endfacet
  facet normal 0.000000 1.000000 -0.000000
    outer loop
      vertex 0.000000 0.000000 0.000000
      vertex -0.652631 0.000000 4.957224
      vertex 0.000000 0.000000 5.000000
    endloop
  endfacet
  facet normal 0.000000 -1.000000 0.000000
    outer loop
      vertex 0.000000 -3.000000 0.000000
      vertex 0.000000 -3.000000 5.000000
      vertex -0.652631 -3.000000 4.957224
    endloop
  endfacet
  facet normal 0.195090 0.000000 -0.980785
    outer loop
      vertex -0.652631 0.000000 4.957224
      vertex -0.652631 -3.000000 4.957224
      vertex -1.294095 -3.000000 4.829629
    endloop
  endfacet
  facet normal 0.195090 0.000000 -0.980785
    outer loop
      vertex -0.652631 0.000000 4.957224
      vertex -1.294095 -3.000000 4.829629
      vertex -1.294095 0.000000 4.829629
    endloop
  endfacet
  facet normal 0.000000 1.000000 0.000000
    outer loop
      vertex 0.000000 0.000000 0.000000
      vertex -1.294095 0.000000 4.829629
      vertex -0.652631 0.000000 4.957224
    endloop
  endfacet
  facet normal 0.000000 -1.000000 0.000000
    outer loop
      vertex 0.000000 -3.000000 0.000000
      vertex -0.652631 -3.000000 4.957224
      vertex -1.294095 -3.000000 4.829629
    endloop
  endfacet
  facet normal 0.321439 0.000000 -0.946930
    outer loop
      vertex -1.294095 0.000000 4.829629
      vertex -1.294095 -3.000000 4.829629
      vertex -1.913417 -3.000000 4.619398
    endloop
  endfacet
  facet normal 0.321439 0.000000 -0.946930
    outer loop
      vertex -1.294095 0.000000 4.829629
      vertex -1.913417 -3.000000 4.619398
      vertex -1.913417 0.000000 4.619398
    endloop
  endfacet
  facet normal 0.000000 1.000000 0.000000
    outer loop
      vertex 0.000000 0.000000 0.000000
      vertex -1.913417 0.000000 4.619398
      vertex -1.294095 0.000000 4.829629
    endloop
  endfacet
  facet normal 0.000000 -1.000000 0.000000
    outer loop
      vertex 0.000000 -3.000000 0.000000
      vertex -1.294095 -3.000000 4.829629
      vertex -1.913417 -3.000000 4.619398
    endloop
  endfacet
  facet normal 0.442289 0.000000 -0.896873
    outer loop
      vertex -1.913417 0.000000 4.619398
      vertex -1.913417 -3.000000 4.619398
      vertex -2.500000 -3.000000 4.330127
    endloop
  endfacet
  facet normal 0.442289 0.000000 -0.896873
    outer loop
      vertex -1.913417 0.000000 4.619398
      vertex -2.500000 -3.000000 4.330127
      vertex -2.500000 0.000000 4.330127
    endloop
  endfacet
  facet normal 0.000000 1.000000 0.000000
    outer loop
      vertex 0.000000 0.000000 0.000000
      vertex -2.500000 0.000000 4.330127
      vertex -1.913417 0.000000 4.619398
    endloop
  endfacet
  facet normal 0.000000 -1.000000 0.000000
    outer loop
      vertex 0.000000 -3.000000 0.000000
      vertex -1.913417 -3.000000 4.619398
      vertex -2.500000 -3.000000 4.330127
    endloop
  endfacet
  facet normal 0.555570 0.000000 -0.831470
    outer loop
      vertex -2.500000 0.000000 4.330127
      vertex -2.500000 -3.000000 4.330127
      vertex -3.043807 -3.000000 3.966767
    endloop
  endfacet
  facet normal 0.555570 0.000000 -0.831470
    outer loop
      vertex -2.500000 0.000000 4.330127
      vertex -3.043807 -3.000000 3.966767
      vertex -3.043807 0.000000 3.966767
    endloop
  endfacet
  facet normal 0.000000 1.000000 0.000000
    outer loop
      vertex 0.000000 0.000000 0.000000
      vertex -3.043807 0.000000 3.966767
      vertex -2.500000 0.000000 4.330127
    endloop
  endfacet
  facet normal 0.000000 -1.000000 0.000000
    outer loop
      vertex 0.000000 -3.000000 0.000000
      vertex -2.500000 -3.000000 4.330127
      vertex -3.043807 -3.000000 3.966767
    endloop
  endfacet
  facet normal 0.659346 0.000000 -0.751840
    outer loop
      vertex -3.043807 0.000000 3.966767
      vertex -3.043807 -3.000000 3.966767
      vertex -3.535534 -3.000000 3.535534
    endloop
  endfacet
  facet normal 0.659346 0.000000 -0.751840
    outer loop
      vertex -3.043807 0.000000 3.966767
      vertex -3.535534 -3.000000 3.535534
      vertex -3.535534 0.000000 3.535534
    endloop
  endfacet
  facet normal 0.000000 1.000000 0.000000
    outer loop
      vertex 0.000000 0.000000 0.000000
      vertex -3.535534 0.000000 3.535534
      vertex -3.043807 0.000000 3.966767
    endloop
  endfacet
  facet normal 0.000000 -1.000000 0.000000
    outer loop
      vertex 0.000000 -3.000000 0.000000
      vertex -3.043807 -3.000000 3.966767
      vertex -3.535534 -3.000000 3.535534
    endloop
  endfacet
  facet normal 0.751840 0.000000 -0.659346
    outer loop
      vertex -3.535534 0.000000 3.535534
      vertex -3.535534 -3.000000 3.535534
      vertex -3.966767 -3.000000 3.043807
    endloop
  endfacet
  facet normal 0.751840 0.000000 -0.659346
    outer loop
      vertex -3.535534 0.000000 3.535534
      vertex -3.966767 -3.000000 3.043807
      vertex -3.966767 0.000000 3.043807
    endloop
  endfacet
  facet normal 0.000000 1.000000 0.000000
    outer loop
      vertex 0.000000 0.000000 0.000000
      vertex -3.966767 0.000000 3.043807
      vertex -3.535534 0.000000 3.535534
    endloop
  endfacet
  facet normal 0.000000 -1.000000 0.000000
    outer loop
      vertex 0.000000 -3.000000 0.000000
      vertex -3.535534 -3.000000 3.535534
      vertex -3.966767 -3.000000 3.043807
    endloop
  endfacet
  facet normal 0.831470 0.000000 -0.555570
    outer loop
      vertex -3.966767 0.000000 3.043807
      vertex -3.966767 -3.000000 3.043807
      vertex -4.330127 -3.000000 2.500000
    endloop
  endfacet
  facet normal 0.831470 0.000000 -0.555570
    outer loop
      vertex -3.966767 0.000000 3.043807
      vertex -4.330127 -3.000000 2.500000
      vertex -4.330127 0.000000 2.500000
    endloop
  endfacet
  facet normal 0.000000 1.000000 0.000000
    outer loop
      vertex 0.000000 0.000000 0.000000
      vertex -4.330127 0.000000 2.500000
      vertex -3.966767 0.000000 3.043807
    endloop
  endfacet
  facet normal 0.000000 -1.000000 0.000000
    outer loop
      vertex 0.000000 -3.000000 0.000000
      vertex -3.966767 -3.000000 3.043807
      vertex -4.330127 -3.000000 2.500000
    endloop
  endfacet
  facet normal 0.896873 0.000000 -0.442289
    outer loop
      vertex -4.330127 0.000000 2.500000
      vertex -4.330127 -3.000000 2.500000
      vertex -4.619398 -3.000000 1.913417
    endloop
  endfacet
  facet normal 0.896873 0.000000 -0.442289
    outer loop
      vertex -4.330127 0.000000 2.500000
      vertex -4.619398 -3.000000 1.913417
      vertex -4.619398 0.000000 1.913417
    endloop
  endfacet
  facet normal 0.000000 1.000000 0.000000
    outer loop
      vertex 0.000000 0.000000 0.000000
      vertex -4.619398 0.000000 1.913417
      vertex -4.330127 0.000000 2.500000
    endloop
  endfacet
  facet normal 0.000000 -1.000000 0.000000
    outer loop
      vertex 0.000000 -3.000000 0.000000
      vertex -4.330127 -3.000000 2.500000
      vertex -4.619398 -3.000000 1.913417
    endloop
  endfacet
  facet normal 0.946930 0.000000 -0.321439
    outer loop
      vertex -4.619398 0.000000 1.913417
      vertex -4.619398 -3.000000 1.913417
      vertex -4.829629 -3.000000 1.294095
    endloop
  endfacet
  facet normal 0.946930 0.000000 -0.321439
    outer loop
      vertex -4.619398 0.000000 1.913417
      vertex -4.829629 -3.000000 1.294095
      vertex -4.829629 0.000000 1.294095
    endloop
  endfacet
  facet normal 0.000000 1.000000 0.000000
    outer loop
      vertex 0.000000 0.000000 0.000000
      vertex -4.829629 0.000000 1.294095
      vertex -4.619398 0.000000 1.913417
    endloop
  endfacet
  facet normal 0.000000 -1.000000 0.000000
    outer loop
      vertex 0.000000 -3.000000 0.000000
      vertex -4.619398 -3.000000 1.913417
      vertex -4.829629 -3.000000 1.294095
    endloop
  endfacet
  facet normal 0.980785 0.000000 -0.195090
    outer loop
      vertex -4.829629 0.000000 1.294095
      vertex -4.829629 -3.000000 1.294095
      vertex -4.957224 -3.000000 0.652631
    endloop
  endfacet
  facet normal 0.980785 0.000000 -0.195090
    outer loop
      vertex -4.829629 0.000000 1.294095
      vertex -4.957224 -3.000000 0.652631
      vertex -4.957224 0.000000 0.652631
    endloop
  endfacet
  facet normal 0.000000 1.000000 0.000000
    outer loop
      vertex 0.000000 0.000000 0.000000
      vertex -4.957224 0.000000 0.652631
      vertex -4.829629 0.000000 1.294095
    endloop
  endfacet
  facet normal 0.000000 -1.000000 0.000000
    outer loop
      vertex 0.000000 -3.000000 0.000000
      vertex -4.829629 -3.000000 1.294095
      vertex -4.957224 -3.000000 0.652631
    endloop
  endfacet
  facet normal 0.997859 0.000000 -0.065403
    outer loop
      vertex -4.957224 0.000000 0.652631
      vertex -4.957224 -3.000000 0.652631
      vertex -5.000000 -3.000000 0.000000
    endloop
  endfacet
  facet normal 0.997859 0.000000 -0.065403
    outer loop
      vertex -4.957224 0.000000 0.652631
      vertex -5.000000 -3.000000 0.000000
      vertex -5.000000 0.000000 0.000000
    endloop
  endfacet
  facet normal 0.000000 1.000000 0.000000
    outer loop
      vertex 0.000000 0.000000 0.000000
      vertex -5.000000 0.000000 0.000000
      vertex -4.957224 0.000000 0.652631
    endloop
  endfacet
  facet normal 0.000000 -1.000000 0.000000
    outer loop
      vertex 0.000000 -3.000000 0.000000
      vertex -4.957224 -3.000000 0.652631
      vertex -5.000000 -3.000000 0.000000
    endloop
  endfacet
  facet normal 0.997859 0.000000 0.065403
    outer loop
      vertex -5.000000 0.000000 0.000000
      vertex -5.000000 -3.000000 0.000000
      vertex -4.957224 -3.000000 -0.652631
    endloop
  endfacet
  facet normal 0.997859 0.000000 0.065403
    outer loop
      vertex -5.000000 0.000000 0.000000
      vertex -4.957224 -3.000000 -0.652631
      vertex -4.957224 0.000000 -0.652631
    endloop
  endfacet
  facet normal 0.000000 1.000000 0.000000
    outer loop
      vertex 0.000000 0.000000 0.000000
      vertex -4.957224 0.000000 -0.652631
      vertex -5.000000 0.000000 0.000000
    endloop
  endfacet
  facet normal -0.000000 -1.000000 0.000000
    outer loop
      vertex 0.000000 -3.000000 0.000000
      vertex -5.000000 -3.000000 0.000000
      vertex -4.957224 -3.000000 -0.652631
    endloop
  endfacet
  facet normal 0.980785 0.000000 0.195090
    outer loop
      vertex -4.957224 0.000000 -0.652631
      vertex -4.957224 -3.000000 -0.652631
      vertex -4.829629 -3.000000 -1.294095
    endloop
  endfacet
  facet normal 0.980785 0.000000 0.195090
    outer loop
      vertex -4.957224 0.000000 -0.652631
      vertex -4.829629 -3.000000 -1.294095
      vertex -4.829629 0.000000 -1.294095
    endloop
  endfacet
  facet normal 0.000000 1.000000 0.000000
    outer loop
      vertex 0.000000 0.000000 0.000000
      vertex -4.829629 0.000000 -1.294095
      vertex -4.957224 0.000000 -0.652631
    endloop
  endfacet
  facet normal 0.000000 -1.000000 0.000000
    outer loop
      vertex 0.000000 -3.000000 0.000000
      vertex -4.957224 -3.000000 -0.652631
      vertex -4.829629 -3.000000 -1.294095
    endloop
  endfacet
  facet normal 0.946930 0.000000 0.321439
    outer loop
      vertex -4.829629 0.000000 -1.294095
      vertex -4.829629 -3.000000 -1.294095
      vertex -4.619398 -3.000000 -1.913417
    endloop
  endfacet
  facet normal 0.946930 0.000000 0.321439
    outer loop
      vertex -4.829629 0.000000 -1.294095
      vertex -4.619398 -3.000000 -1.913417
      vertex -4.619398 0.000000 -1.913417
    endloop
  endfacet
  facet normal 0.000000 1.000000 0.000000
    outer loop
      vertex 0.000000 0.000000 0.000000
      vertex -4.619398 0.000000 -1.913417
      vertex -4.829629 0.000000 -1.294095
    endloop
  endfacet
  facet normal 0.000000 -1.000000 0.000000
    outer loop
      vertex 0.000000 -3.000000 0.000000
      vertex -4.829629 -3.000000 -1.294095
      vertex -4.619398 -3.000000 -1.913417
    endloop
  endfacet
  facet normal 0.896873 0.000000 0.442289
    outer loop
      vertex -4.619398 0.000000 -1.913417
      vertex -4.619398 -3.000000 -1.913417
      vertex -4.330127 -3.000000 -2.500000
    endloop
  endfacet
  facet normal 0.896873 0.000000 0.442289
    outer loop
      vertex -4.619398 0.000000 -1.913417
      vertex -4.330127 -3.000000 -2.500000
      vertex -4.330127 0.000000 -2.500000
    endloop
  endfacet
  facet normal 0.000000 1.000000 0.000000
    outer loop
      vertex 0.000000 0.000000 0.000000
      vertex -4.330127 0.000000 -2.500000
      vertex -4.619398 0.000000 -1.913417
    endloop
  endfacet
  facet normal 0.000000 -1.000000 0.000000
    outer loop
      vertex 0.000000 -3.000000 0.000000
      vertex -4.619398 -3.000000 -1.913417
      vertex -4.330127 -3.000000 -2.500000
    endloop
  endfacet
  facet normal 0.831470 0.000000 0.555570
    outer loop
      vertex -4.330127 0.000000 -2.500000
      vertex -4.330127 -3.000000 -2.500000
      vertex -3.966767 -3.000000 -3.043807
    endloop
  endfacet
  facet normal 0.831470 0.000000 0.555570
    outer loop
      vertex -4.330127 0.000000 -2.500000
      vertex -3.966767 -3.000000 -3.043807
      vertex -3.966767 0.000000 -3.043807
    endloop
  endfacet
  facet normal 0.000000 1.000000 0.000000
    outer loop
      vertex 0.000000 0.000000 0.000000
      vertex -3.966767 0.000000 -3.043807
      vertex -4.330127 0.000000 -2.500000
    endloop
  endfacet
  facet normal 0.000000 -1.000000 0.000000
    outer loop
      vertex 0.000000 -3.000000 0.000000
      vertex -4.330127 -3.000000 -2.500000
      vertex -3.966767 -3.000000 -3.043807
    endloop
  endfacet
  facet normal 0.751840 0.000000 0.659346
    outer loop
      vertex -3.966767 0.000000 -3.043807
      vertex -3.966767 -3.000000 -3.043807
      vertex -3.535534 -3.000000 -3.535534
    endloop
  endfacet
  facet normal 0.751840 0.000000 0.659346
    outer loop
      vertex -3.966767 0.000000 -3.043807
      vertex -3.535534 -3.000000 -3.535534
      vertex -3.535534 0.000000 -3.535534
    endloop
  endfacet
  facet normal 0.000000 1.000000 0.000000
    outer loop
      vertex 0.000000 0.000000 0.000000
      vertex -3.535534 0.000000 -3.535534
      vertex -3.966767 0.000000 -3.043807
    endloop
  endfacet
  facet normal 0.000000 -1.000000 0.000000
    outer loop
      vertex 0.000000 -3.000000 0.000000
      vertex -3.966767 -3.000000 -3.043807
      vertex -3.535534 -3.000000 -3.535534
    endloop
  endfacet
  facet normal 0.659346 0.000000 0.751840
    outer loop
      vertex -3.535534 0.000000 -3.535534
      vertex -3.535534 -3.000000 -3.535534
      vertex -3.043807 -3.000000 -3.966767
    endloop
  endfacet
  facet normal 0.659346 0.000000 0.751840
    outer loop
      vertex -3.535534 0.000000 -3.535534
      vertex -3.043807 -3.000000 -3.966767
      vertex -3.043807 0.000000 -3.966767
    endloop
  endfacet
  facet normal 0.000000 1.000000 0.000000
    outer loop
      vertex 0.000000 0.000000 0.000000
      vertex -3.043807 0.000000 -3.966767
      vertex -3.535534 0.000000 -3.535534
    endloop
  endfacet
  facet normal 0.000000 -1.000000 0.000000
    outer loop
      vertex 0.000000 -3.000000 0.000000
      vertex -3.535534 -3.000000 -3.535534
      vertex -3.043807 -3.000000 -3.966767
    endloop
  endfacet
  facet normal 0.555570 0.000000 0.831470
    outer loop
      vertex -3.043807 0.000000 -3.966767
      vertex -3.043807 -3.000000 -3.966767
      vertex -2.500000 -3.000000 -4.330127
    endloop
  endfacet
  facet normal 0.555570 0.000000 0.831470
    outer loop
      vertex -3.043807 0.000000 -3.966767
      vertex -2.500000 -3.000000 -4.330127
      vertex -2.500000 0.000000 -4.330127
    endloop
  endfacet
  facet normal 0.000000 1.000000 0.000000
    outer loop
      vertex 0.000000 0.000000 0.000000
      vertex -2.500000 0.000000 -4.330127
      vertex -3.043807 0.000000 -3.966767
    endloop
  endfacet
  facet normal 0.000000 -1.000000 0.000000
    outer loop
      vertex 0.000000 -3.000000 0.000000
      vertex -3.043807 -3.000000 -3.966767
      vertex -2.500000 -3.000000 -4.330127
    endloop
  endfacet
  facet normal 0.442289 0.000000 0.896873
    outer loop
      vertex -2.500000 0.000000 -4.330127
      vertex -2.500000 -3.000000 -4.330127
      vertex -1.913417 -3.000000 -4.619398
    endloop
  endfacet
  facet normal 0.442289 0.000000 0.896873
    outer loop
      vertex -2.500000 0.000000 -4.330127
      vertex -1.913417 -3.000000 -4.619398
      vertex -1.913417 0.000000 -4.619398
    endloop
  endfacet
  facet normal 0.000000 1.000000 0.000000
    outer loop
      vertex 0.000000 0.000000 0.000000
      vertex -1.913417 0.000000 -4.619398
      vertex -2.500000 0.000000 -4.330127
    endloop
  endfacet
  facet normal 0.000000 -1.000000 0.000000
    outer loop
      vertex 0.000000 -3.000000 0.000000
      vertex -2.500000 -3.000000 -4.330127
      vertex -1.913417 -3.000000 -4.619398
    endloop
  endfacet
  facet normal 0.321439 0.000000 0.946930
    outer loop
      vertex -1.913417 0.000000 -4.619398
      vertex -1.913417 -3.000000 -4.619398
      vertex -1.294095 -3.000000 -4.829629
    endloop
  endfacet
  facet normal 0.321439 0.000000 0.946930
    outer loop
      vertex -1.913417 0.000000 -4.619398
      vertex -1.294095 -3.000000 -4.829629
      vertex -1.294095 0.000000 -4.829629
    endloop
  endfacet
  facet normal 0.000000 1.000000 0.000000
    outer loop
      vertex 0.000000 0.000000 0.000000
      vertex -1.294095 0.000000 -4.829629
      vertex -1.913417 0.000000 -4.619398
    endloop
  endfacet
  facet normal 0.000000 -1.000000 0.000000
    outer loop
      vertex 0.000000 -3.000000 0.000000
      vertex -1.913417 -3.000000 -4.619398
      vertex -1.294095 -3.000000 -4.829629
    endloop
  endfacet
  facet normal 0.195090 0.000000 0.980785
    outer loop
      vertex -1.294095 0.000000 -4.829629
      vertex -1.294095 -3.000000 -4.829629
      vertex -0.652631 -3.000000 -4.957224
    endloop
  endfacet
  facet normal 0.195090 0.000000 0.980785
    outer loop
      vertex -1.294095 0.000000 -4.829629
      vertex -0.652631 -3.000000 -4.957224
      vertex -0.652631 0.000000 -4.957224
    endloop
  endfacet
  facet normal 0.000000 1.000000 0.000000
    outer loop
      vertex 0.000000 0.000000 0.000000
      vertex -0.652631 0.000000 -4.957224
      vertex -1.294095 0.000000 -4.829629
    endloop
  endfacet
  facet normal 0.000000 -1.000000 0.000000
    outer loop
      vertex 0.000000 -3.000000 0.000000
      vertex -1.294095 -3.000000 -4.829629
      vertex -0.652631 -3.000000 -4.957224
    endloop
  endfacet
  facet normal 0.065403 0.000000 0.997859
    outer loop
      vertex -0.652631 0.000000 -4.957224
      vertex -0.652631 -3.000000 -4.957224
      vertex -0.000000 -3.000000 -5.000000
    endloop
  endfacet
  facet normal 0.065403 0.000000 0.997859
    outer loop
      vertex -0.652631 0.000000 -4.957224
      vertex -0.000000 -3.000000 -5.000000
      vertex -0.000000 0.000000 -5.000000
    endloop
  endfacet
  facet normal 0.000000 1.000000 0.000000
    outer loop
      vertex 0.000000 0.000000 0.000000
      vertex -0.000000 0.000000 -5.000000
      vertex -0.652631 0.000000 -4.957224
    endloop
  endfacet
  facet normal 0.000000 -1.000000 0.000000
    outer loop
      vertex 0.000000 -3.000000 0.000000
      vertex -0.652631 -3.000000 -4.957224
      vertex -0.000000 -3.000000 -5.000000
    endloop
  endfacet
  facet normal -0.065403 0.000000 0.997859
    outer loop
      vertex -0.000000 0.000000 -5.000000
      vertex -0.000000 -3.000000 -5.000000
      vertex 0.652631 -3.000000 -4.957224
    endloop
  endfacet
  facet normal -0.065403 0.000000 0.997859
    outer loop
      vertex -0.000000 0.000000 -5.000000
      vertex 0.652631 -3.000000 -4.957224
      vertex 0.652631 0.000000 -4.957224
    endloop
  endfacet
  facet normal 0.000000 1.000000 0.000000
    outer loop
      vertex 0.000000 0.000000 0.000000
      vertex 0.652631 0.000000 -4.957224
      vertex -0.000000 0.000000 -5.000000
    endloop
  endfacet
  facet normal 0.000000 -1.000000 -0.000000
    outer loop
      vertex 0.000000 -3.000000 0.000000
      vertex -0.000000 -3.000000 -5.000000
      vertex 0.652631 -3.000000 -4.957224
    endloop
  endfacet
  facet normal -0.195090 0.000000 0.980785
    outer loop
      vertex 0.652631 0.000000 -4.957224
      vertex 0.652631 -3.000000 -4.957224
      vertex 1.294095 -3.000000 -4.829629
    endloop
  endfacet
  facet normal -0.195090 0.000000 0.980785
    outer loop
      vertex 0.652631 0.000000 -4.957224
      vertex 1.294095 -3.000000 -4.829629
      vertex 1.294095 0.000000 -4.829629
    endloop
  endfacet
  facet normal 0.000000 1.000000 0.000000
    outer loop
      vertex 0.000000 0.000000 0.000000
      vertex 1.294095 0.000000 -4.829629
      vertex 0.652631 0.000000 -4.957224
    endloop
  endfacet
  facet normal 0.000000 -1.000000 0.000000
    outer loop
      vertex 0.000000 -3.000000 0.000000
      vertex 0.652631 -3.000000 -4.957224
      vertex 1.294095 -3.000000 -4.829629
    endloop
  endfacet
  facet normal -0.321439 0.000000 0.946930
    outer loop
      vertex 1.294095 0.000000 -4.829629
      vertex 1.294095 -3.000000 -4.829629
      vertex 1.913417 -3.000000 -4.619398
    endloop
  endfacet
  facet normal -0.321439 0.000000 0.946930
    outer loop
      vertex 1.294095 0.000000 -4.829629
      vertex 1.913417 -3.000000 -4.619398
      vertex 1.913417 0.000000 -4.619398
    endloop
  endfacet
  facet normal 0.000000 1.000000 0.000000
    outer loop
      vertex 0.000000 0.000000 0.000000
      vertex 1.913417 0.000000 -4.619398
      vertex 1.294095 0.000000 -4.829629
    endloop
  endfacet
  facet normal 0.000000 -1.000000 0.000000
    outer loop
      vertex 0.000000 -3.000000 0.000000
      vertex 1.294095 -3.000000 -4.829629
      vertex 1.913417 -3.000000 -4.619398
    endloop
  endfacet
  facet normal -0.442289 0.000000 0.896873
    outer loop
      vertex 1.913417 0.000000 -4.619398
      vertex 1.913417 -3.000000 -4.619398
      vertex 2.500000 -3.000000 -4.330127
    endloop
  endfacet
  facet normal -0.442289 0.000000 0.896873
    outer loop
      vertex 1.913417 0.000000 -4.619398
      vertex 2.500000 -3.000000 -4.330127
      vertex 2.500000 0.000000 -4.330127
    endloop
  endfacet
  facet normal 0.000000 1.000000 0.000000
    outer loop
      vertex 0.000000 0.000000 0.000000
      vertex 2.500000 0.000000 -4.330127
      vertex 1.913417 0.000000 -4.619398
    endloop
  endfacet
  facet normal 0.000000 -1.000000 0.000000
    outer loop
      vertex 0.000000 -3.000000 0.000000
      vertex 1.913417 -3.000000 -4.619398
      vertex 2.500000 -3.000000 -4.330127
    endloop
  endfacet
  facet normal -0.555570 0.000000 0.831470
    outer loop
      vertex 2.500000 0.000000 -4.330127
      vertex 2.500000 -3.000000 -4.330127
      vertex 3.043807 -3.000000 -3.966767
    endloop
  endfacet
  facet normal -0.555570 0.000000 0.831470
    outer loop
      vertex 2.500000 0.000000 -4.330127
      vertex 3.043807 -3.000000 -3.966767
      vertex 3.043807 0.000000 -3.966767
    endloop
  endfacet
  facet normal 0.000000 1.000000 0.000000
    outer loop
      vertex 0.000000 0.000000 0.000000
      vertex 3.043807 0.000000 -3.966767
      vertex 2.500000 0.000000 -4.330127
    endloop
  endfacet
  facet normal 0.000000 -1.000000 0.000000
    outer loop
      vertex 0.000000 -3.000000 0.000000
      vertex 2.500000 -3.000000 -4.330127
      vertex 3.043807 -3.000000 -3.966767
    endloop
  endfacet
  facet normal -0.659346 0.000000 0.751840
    outer loop
      vertex 3.043807 0.000000 -3.966767
      vertex 3.043807 -3.000000 -3.966767
      vertex 3.535534 -3.000000 -3.535534
    endloop
  endfacet
  facet normal -0.659346 0.000000 0.751840
    outer loop
      vertex 3.043807 0.000000 -3.966767
      vertex 3.535534 -3.000000 -3.535534
      vertex 3.535534 0.000000 -3.535534
    endloop
  endfacet
  facet normal 0.000000 1.000000 0.000000
    outer loop
      vertex 0.000000 0.000000 0.000000
      vertex 3.535534 0.000000 -3.535534
      vertex 3.043807 0.000000 -3.966767
    endloop
  endfacet
  facet normal 0.000000 -1.000000 0.000000
    outer loop
      vertex 0.000000 -3.000000 0.000000
      vertex 3.043807 -3.000000 -3.966767
      vertex 3.535534 -3.000000 -3.535534
    endloop
  endfacet
  facet normal -0.751840 0.000000 0.659346
    outer loop
      vertex 3.535534 0.000000 -3.535534
      vertex 3.535534 -3.000000 -3.535534
      vertex 3.966767 -3.000000 -3.043807
    endloop
  endfacet
  facet normal -0.751840 0.000000 0.659346
    outer loop
      vertex 3.535534 0.000000 -3.535534
      vertex 3.966767 -3.000000 -3.043807
      vertex 3.966767 0.000000 -3.043807
    endloop
  endfacet
  facet normal 0.000000 1.000000 0.000000
    outer loop
      vertex 0.000000 0.000000 0.000000
      vertex 3.966767 0.000000 -3.043807
      vertex 3.535534 0.000000 -3.535534
    endloop
  endfacet
  facet normal 0.000000 -1.000000 0.000000
    outer loop
      vertex 0.000000 -3.000000 0.000000
      vertex 3.535534 -3.000000 -3.535534
      vertex 3.966767 -3.000000 -3.043807
    endloop
  endfacet
  facet normal -0.831470 0.000000 0.555570
    outer loop
      vertex 3.966767 0.000000 -3.043807
      vertex 3.966767 -3.000000 -3.043807
      vertex 4.330127 -3.000000 -2.500000
    endloop
  endfacet
  facet normal -0.831470 0.000000 0.555570
    outer loop
      vertex 3.966767 0.000000 -3.043807
      vertex 4.330127 -3.000000 -2.500000
      vertex 4.330127 0.000000 -2.500000
    endloop
  endfacet
  facet normal 0.000000 1.000000 0.000000
    outer loop
      vertex 0.000000 0.000000 0.000000
      vertex 4.330127 0.000000 -2.500000
      vertex 3.966767 0.000000 -3.043807
    endloop
  endfacet
  facet normal 0.000000 -1.000000 0.000000
    outer loop
      vertex 0.000000 -3.000000 0.000000
      vertex 3.966767 -3.000000 -3.043807
      vertex 4.330127 -3.000000 -2.500000
    endloop
  endfacet
  facet normal -0.896873 0.000000 0.442289
    outer loop
      vertex 4.330127 0.000000 -2.500000
      vertex 4.330127 -3.000000 -2.500000
      vertex 4.619398 -3.000000 -1.913417
    endloop
  endfacet
  facet normal -0.896873 0.000000 0.442289
    outer loop
      vertex 4.330127 0.000000 -2.500000
      vertex 4.619398 -3.000000 -1.913417
      vertex 4.619398 0.000000 -1.913417
    endloop
  endfacet
  facet normal 0.000000 1.000000 0.000000
    outer loop
      vertex 0.000000 0.000000 0.000000
      vertex 4.619398 0.000000 -1.913417
      vertex 4.330127 0.000000 -2.500000
    endloop
  endfacet
  facet normal 0.000000 -1.000000 0.000000
    outer loop
      vertex 0.000000 -3.000000 0.000000
      vertex 4.330127 -3.000000 -2.500000
      vertex 4.619398 -3.000000 -1.913417
    endloop
  endfacet
  facet normal -0.946930 0.000000 0.321439
    outer loop
      vertex 4.619398 0.000000 -1.913417
      vertex 4.619398 -3.000000 -1.913417
      vertex 4.829629 -3.000000 -1.294095
    endloop
  endfacet
  facet normal -0.946930 0.000000 0.321439
    outer loop
      vertex 4.619398 0.000000 -1.913417
      vertex 4.829629 -3.000000 -1.294095
      vertex 4.829629 0.000000 -1.294095
    endloop
  endfacet
  facet normal 0.000000 1.000000 0.000000
    outer loop
      vertex 0.000000 0.000000 0.000000
      vertex 4.829629 0.000000 -1.294095
      vertex 4.619398 0.000000 -1.913417
    endloop
  endfacet
  facet normal 0.000000 -1.000000 0.000000
    outer loop
      vertex 0.000000 -3.000000 0.000000
      vertex 4.619398 -3.000000 -1.913417
      vertex 4.829629 -3.000000 -1.294095
    endloop
  endfacet
  facet normal -0.980785 0.000000 0.195090
    outer loop
      vertex 4.829629 0.000000 -1.294095
      vertex 4.829629 -3.000000 -1.294095
      vertex 4.957224 -3.000000 -0.652631
    endloop
  endfacet
  facet normal -0.980785 0.000000 0.195090
    outer loop
      vertex 4.829629 0.000000 -1.294095
      vertex 4.957224 -3.000000 -0.652631
      vertex 4.957224 0.000000 -0.652631
    endloop
  endfacet
  facet normal 0.000000 1.000000 0.000000
    outer loop
      vertex 0.000000 0.000000 0.000000
      vertex 4.957224 0.000000 -0.652631
      vertex 4.829629 0.000000 -1.294095
    endloop
  endfacet
  facet normal 0.000000 -1.000000 0.000000
    outer loop
      vertex 0.000000 -3.000000 0.000000
      vertex 4.829629 -3.000000 -1.294095
      vertex 4.957224 -3.000000 -0.652631
    endloop
  endfacet
  facet normal -0.997859 0.000000 0.065403
    outer loop
      vertex 4.957224 0.000000 -0.652631
      vertex 4.957224 -3.000000 -0.652631
      vertex 5.000000 -3.000000 0.000000
    endloop
  endfacet
  facet normal -0.997859 0.000000 0.065403
    outer loop
      vertex 4.957224 0.000000 -0.652631
      vertex 5.000000 -3.000000 0.000000
      vertex 5.000000 0.000000 0.000000
    endloop
  endfacet
  facet normal -0.000000 1.000000 0.000000
    outer loop
      vertex 0.000000 0.000000 0.000000
      vertex 5.000000 0.000000 0.000000
      vertex 4.957224 0.000000 -0.652631
    endloop
  endfacet
  facet normal 0.000000 -1.000000 0.000000
    outer loop
      vertex 0.000000 -3.000000 0.000000
      vertex 4.957224 -3.000000 -0.652631
      vertex 5.000000 -3.000000 0.000000
    endloop
  endfacet
  facet normal 0.000000 0.000000 1.000000
    outer loop
      vertex 4.500000 2.000000 -1.500000
      vertex 8.500000 2.000000 -1.500000
      vertex 8.500000 14.000000 -1.500000
    endloop
  endfacet
  facet normal 0.000000 0.000000 1.000000
    outer loop
      vertex 4.500000 2.000000 -1.500000
      vertex 8.500000 14.000000 -1.500000
      vertex 4.500000 14.000000 -1.500000
    endloop
  endfacet
  facet normal 0.000000 0.000000 -1.000000
    outer loop
      vertex 4.500000 2.000000 1.500000
      vertex 8.500000 14.000000 1.500000
      vertex 8.500000 2.000000 1.500000
    endloop
  endfacet
  facet normal 0.000000 0.000000 -1.000000
    outer loop
      vertex 4.500000 2.000000 1.500000
      vertex 4.500000 14.000000 1.500000
      vertex 8.500000 14.000000 1.500000
    endloop
  endfacet
  facet normal 0.000000 1.000000 0.000000
    outer loop
      vertex 4.500000 2.000000 -1.500000
      vertex 4.500000 2.000000 1.500000
      vertex 8.500000 2.000000 1.500000
    endloop
  endfacet
  facet normal 0.000000 1.000000 0.000000
    outer loop
      vertex 4.500000 2.000000 -1.500000
      vertex 8.500000 2.000000 1.500000
      vertex 8.500000 2.000000 -1.500000
    endloop
  endfacet
  facet normal 0.000000 -1.000000 0.000000
    outer loop
      vertex 8.500000 14.000000 -1.500000
      vertex 8.500000 14.000000 1.500000
      vertex 4.500000 14.000000 1.500000
    endloop
  endfacet
  facet normal 0.000000 -1.000000 0.000000
    outer loop
      vertex 8.500000 14.000000 -1.500000
      vertex 4.500000 14.000000 1.500000
      vertex 4.500000 14.000000 -1.500000
    endloop
  endfacet
  facet normal 1.000000 0.000000 0.000000
    outer loop
      vertex 4.500000 2.000000 -1.500000
      vertex 4.500000 14.000000 -1.500000
      vertex 4.500000 14.000000 1.500000
    endloop
  endfacet
  facet normal 1.000000 0.000000 0.000000
    outer loop
      vertex 4.500000 2.000000 -1.500000
      vertex 4.500000 14.000000 1.500000
      vertex 4.500000 2.000000 1.500000
    endloop
  endfacet
  facet normal -1.000000 0.000000 0.000000
    outer loop
      vertex 8.500000 2.000000 -1.500000
      vertex 8.500000 2.000000 1.500000
      vertex 8.500000 14.000000 1.500000
    endloop
  endfacet
  facet normal -1.000000 0.000000 0.000000
    outer loop
      vertex 8.500000 2.000000 -1.500000
      vertex 8.500000 14.000000 1.500000
      vertex 8.500000 14.000000 -1.500000
    endloop
  endfacet
  facet normal 0.000000 0.000000 1.000000
    outer loop
      vertex 4.000000 37.000000 -1.000000
      vertex 7.000000 37.000000 -1.000000
      vertex 7.000000 44.000000 -1.000000
    endloop
  endfacet
  facet normal 0.000000 0.000000 1.000000
    outer loop
      vertex 4.000000 37.000000 -1.000000
      vertex 7.000000 44.000000 -1.000000
      vertex 4.000000 44.000000 -1.000000
    endloop
  endfacet
  facet normal 0.000000 0.000000 -1.000000
    outer loop
      vertex 4.000000 37.000000 1.000000
      vertex 7.000000 44.000000 1.000000
      vertex 7.000000 37.000000 1.000000
    endloop
  endfacet
  facet normal 0.000000 0.000000 -1.000000
    outer loop
      vertex 4.000000 37.000000 1.000000
      vertex 4.000000 44.000000 1.000000
      vertex 7.000000 44.000000 1.000000
    endloop
  endfacet
  facet normal 0.000000 1.000000 0.000000
    outer loop
      vertex 4.000000 37.000000 -1.000000
      vertex 4.000000 37.000000 1.000000
      vertex 7.000000 37.000000 1.000000
    endloop
  endfacet
  facet normal 0.000000 1.000000 0.000000
    outer loop
      vertex 4.000000 37.000000 -1.000000
      vertex 7.000000 37.000000 1.000000
      vertex 7.000000 37.000000 -1.000000
    endloop
  endfacet
  facet normal 0.000000 -1.000000 0.000000
    outer loop
      vertex 7.000000 44.000000 -1.000000
      vertex 7.000000 44.000000 1.000000
      vertex 4.000000 44.000000 1.000000
    endloop
  endfacet
  facet normal 0.000000 -1.000000 0.000000
    outer loop
      vertex 7.000000 44.000000 -1.000000
      vertex 4.000000 44.000000 1.000000
      vertex 4.000000 44.000000 -1.000000
    endloop
  endfacet
  facet normal 1.000000 0.000000 0.000000
    outer loop
      vertex 4.000000 37.000000 -1.000000
      vertex 4.000000 44.000000 -1.000000
      vertex 4.000000 44.000000 1.000000
    endloop
  endfacet
  facet normal 1.000000 0.000000 0.000000
    outer loop
      vertex 4.000000 37.000000 -1.000000
      vertex 4.000000 44.000000 1.000000
      vertex 4.000000 37.000000 1.000000
    endloop
  endfacet
  facet normal -1.000000 0.000000 0.000000
    outer loop
      vertex 7.000000 37.000000 -1.000000
      vertex 7.000000 37.000000 1.000000
      vertex 7.000000 44.000000 1.000000
    endloop
  endfacet
  facet normal -1.000000 0.000000 0.000000
    outer loop
      vertex 7.000000 37.000000 -1.000000
      vertex 7.000000 44.000000 1.000000
      vertex 7.000000 44.000000 -1.000000
    endloop
  endfacet
  facet normal 0.000000 0.000000 -1.000000
    outer loop
      vertex -4.500000 2.000000 -1.500000
      vertex -8.500000 2.000000 -1.500000
      vertex -8.500000 14.000000 -1.500000
    endloop
  endfacet
  facet normal 0.000000 0.000000 -1.000000
    outer loop
      vertex -4.500000 2.000000 -1.500000
      vertex -8.500000 14.000000 -1.500000
      vertex -4.500000 14.000000 -1.500000
    endloop
  endfacet
  facet normal 0.000000 0.000000 1.000000
    outer loop
      vertex -4.500000 2.000000 1.500000
      vertex -8.500000 14.000000 1.500000
      vertex -8.500000 2.000000 1.500000
    endloop
  endfacet
  facet normal 0.000000 -0.000000 1.000000
    outer loop
      vertex -4.500000 2.000000 1.500000
      vertex -4.500000 14.000000 1.500000
      vertex -8.500000 14.000000 1.500000
    endloop
  endfacet
  facet normal 0.000000 -1.000000 0.000000
    outer loop
      vertex -4.500000 2.000000 -1.500000
      vertex -4.500000 2.000000 1.500000
      vertex -8.500000 2.000000 1.500000
    endloop
  endfacet
  facet normal 0.000000 -1.000000 0.000000
    outer loop
      vertex -4.500000 2.000000 -1.500000
      vertex -8.500000 2.000000 1.500000
      vertex -8.500000 2.000000 -1.500000
    endloop
  endfacet
  facet normal 0.000000 1.000000 0.000000
    outer loop
      vertex -8.500000 14.000000 -1.500000
      vertex -8.500000 14.000000 1.500000
      vertex -4.500000 14.000000 1.500000
    endloop
  endfacet
  facet normal 0.000000 1.000000 0.000000
    outer loop
      vertex -8.500000 14.000000 -1.500000
      vertex -4.500000 14.000000 1.500000
      vertex -4.500000 14.000000 -1.500000
    endloop
  endfacet
  facet normal 1.000000 0.000000 0.000000
    outer loop
      vertex -4.500000 2.000000 -1.500000
      vertex -4.500000 14.000000 -1.500000
      vertex -4.500000 14.000000 1.500000
    endloop
  endfacet
  facet normal 1.000000 0.000000 0.000000
    outer loop
      vertex -4.500000 2.000000 -1.500000
      vertex -4.500000 14.000000 1.500000
      vertex -4.500000 2.000000 1.500000
    endloop
  endfacet
  facet normal -1.000000 0.000000 0.000000
    outer loop
      vertex -8.500000 2.000000 -1.500000
      vertex -8.500000 2.000000 1.500000
      vertex -8.500000 14.000000 1.500000
    endloop
  endfacet
  facet normal -1.000000 0.000000 0.000000
    outer loop
      vertex -8.500000 2.000000 -1.500000
      vertex -8.500000 14.000000 1.500000
      vertex -8.500000 14.000000 -1.500000
    endloop
  endfacet
  facet normal 0.000000 0.000000 -1.000000
    outer loop
      vertex -4.000000 37.000000 -1.000000
      vertex -7.000000 37.000000 -1.000000
      vertex -7.000000 44.000000 -1.000000
    endloop
  endfacet
  facet normal 0.000000 0.000000 -1.000000
    outer loop
      vertex -4.000000 37.000000 -1.000000
      vertex -7.000000 44.000000 -1.000000
      vertex -4.000000 44.000000 -1.000000
    endloop
  endfacet
  facet normal 0.000000 0.000000 1.000000
    outer loop
      vertex -4.000000 37.000000 1.000000
      vertex -7.000000 44.000000 1.000000
      vertex -7.000000 37.000000 1.000000
    endloop
  endfacet
  facet normal 0.000000 -0.000000 1.000000
    outer loop
      vertex -4.000000 37.000000 1.000000
      vertex -4.000000 44.000000 1.000000
      vertex -7.000000 44.000000 1.000000
    endloop
  endfacet
  facet normal 0.000000 -1.000000 0.000000
    outer loop
      vertex -4.000000 37.000000 -1.000000
      vertex -4.000000 37.000000 1.000000
      vertex -7.000000 37.000000 1.000000
    endloop
  endfacet
  facet normal 0.000000 -1.000000 0.000000
    outer loop
      vertex -4.000000 37.000000 -1.000000
      vertex -7.000000 37.000000 1.000000
      vertex -7.000000 37.000000 -1.000000
    endloop
  endfacet
  facet normal 0.000000 1.000000 0.000000
    outer loop
      vertex -7.000000 44.000000 -1.000000
      vertex -7.000000 44.000000 1.000000
      vertex -4.000000 44.000000 1.000000
    endloop
  endfacet
  facet normal 0.000000 1.000000 0.000000
    outer loop
      vertex -7.000000 44.000000 -1.000000
      vertex -4.000000 44.000000 1.000000
      vertex -4.000000 44.000000 -1.000000
    endloop
  endfacet
  facet normal 1.000000 0.000000 0.000000
    outer loop
      vertex -4.000000 37.000000 -1.000000
      vertex -4.000000 44.000000 -1.000000
      vertex -4.000000 44.000000 1.000000
    endloop
  endfacet
  facet normal 1.000000 0.000000 0.000000
    outer loop
      vertex -4.000000 37.000000 -1.000000
      vertex -4.000000 44.000000 1.000000
      vertex -4.000000 37.000000 1.000000
    endloop
  endfacet
  facet normal -1.000000 0.000000 0.000000
    outer loop
      vertex -7.000000 37.000000 -1.000000
      vertex -7.000000 37.000000 1.000000
      vertex -7.000000 44.000000 1.000000
    endloop
  endfacet
  facet normal -1.000000 0.000000 0.000000
    outer loop
      vertex -7.000000 37.000000 -1.000000
      vertex -7.000000 44.000000 1.000000
      vertex -7.000000 44.000000 -1.000000
    endloop
  endfacet
  facet normal -0.966650 -0.169164 -0.192279
    outer loop
      vertex 2.500000 -1.000000 0.000000
      vertex 3.200000 -5.000000 0.000000
      vertex 3.146716 -5.000000 0.267878
    endloop
  endfacet
  facet normal 0.000000 1.000000 0.000000
    outer loop
      vertex 2.500000 -5.000000 0.000000
      vertex 3.146716 -5.000000 0.267878
      vertex 3.200000 -5.000000 0.000000
    endloop
  endfacet
  facet normal -0.819486 -0.169164 -0.547563
    outer loop
      vertex 2.500000 -1.000000 0.000000
      vertex 3.146716 -5.000000 0.267878
      vertex 2.994975 -5.000000 0.494975
    endloop
  endfacet
  facet normal 0.000000 1.000000 0.000000
    outer loop
      vertex 2.500000 -5.000000 0.000000
      vertex 2.994975 -5.000000 0.494975
      vertex 3.146716 -5.000000 0.267878
    endloop
  endfacet
  facet normal -0.547563 -0.169164 -0.819486
    outer loop
      vertex 2.500000 -1.000000 0.000000
      vertex 2.994975 -5.000000 0.494975
      vertex 2.767878 -5.000000 0.646716
    endloop
  endfacet
  facet normal 0.000000 1.000000 0.000000
    outer loop
      vertex 2.500000 -5.000000 0.000000
      vertex 2.767878 -5.000000 0.646716
      vertex 2.994975 -5.000000 0.494975
    endloop
  endfacet
  facet normal -0.192279 -0.169164 -0.966650
    outer loop
      vertex 2.500000 -1.000000 0.000000
      vertex 2.767878 -5.000000 0.646716
      vertex 2.500000 -5.000000 0.700000
    endloop
  endfacet
  facet normal 0.000000 1.000000 0.000000
    outer loop
      vertex 2.500000 -5.000000 0.000000
      vertex 2.500000 -5.000000 0.700000
      vertex 2.767878 -5.000000 0.646716
    endloop
  endfacet
  facet normal 0.192279 -0.169164 -0.966650
    outer loop
      vertex 2.500000 -1.000000 0.000000
      vertex 2.500000 -5.000000 0.700000
      vertex 2.232122 -5.000000 0.646716
    endloop
  endfacet
  facet normal 0.000000 1.000000 -0.000000
    outer loop
      vertex 2.500000 -5.000000 0.000000
      vertex 2.232122 -5.000000 0.646716
      vertex 2.500000 -5.000000 0.700000
    endloop
  endfacet
  facet normal 0.547563 -0.169164 -0.819486
    outer loop
      vertex 2.500000 -1.000000 0.000000
      vertex 2.232122 -5.000000 0.646716
      vertex 2.005025 -5.000000 0.494975
    endloop
  endfacet
  facet normal 0.000000 1.000000 0.000000
    outer loop
      vertex 2.500000 -5.000000 0.000000
      vertex 2.005025 -5.000000 0.494975
      vertex 2.232122 -5.000000 0.646716
    endloop
  endfacet
  facet normal 0.819486 -0.169164 -0.547563
    outer loop
      vertex 2.500000 -1.000000 0.000000
      vertex 2.005025 -5.000000 0.494975
      vertex 1.853284 -5.000000 0.267878
    endloop
  endfacet
  facet normal 0.000000 1.000000 0.000000
    outer loop
      vertex 2.500000 -5.000000 0.000000
      vertex 1.853284 -5.000000 0.267878
      vertex 2.005025 -5.000000 0.494975
    endloop
  endfacet
  facet normal 0.966650 -0.169164 -0.192279
    outer loop
      vertex 2.500000 -1.000000 0.000000
      vertex 1.853284 -5.000000 0.267878
      vertex 1.800000 -5.000000 0.000000
    endloop
  endfacet
  facet normal 0.000000 1.000000 0.000000
    outer loop
      vertex 2.500000 -5.000000 0.000000
      vertex 1.800000 -5.000000 0.000000
      vertex 1.853284 -5.000000 0.267878
    endloop
  endfacet
  facet normal 0.966650 -0.169164 0.192279
    outer loop
      vertex 2.500000 -1.000000 0.000000
      vertex 1.800000 -5.000000 0.000000
      vertex 1.853284 -5.000000 -0.267878
    endloop
  endfacet
  facet normal 0.000000 1.000000 0.000000
    outer loop
      vertex 2.500000 -5.000000 0.000000
      vertex 1.853284 -5.000000 -0.267878
      vertex 1.800000 -5.000000 0.000000
    endloop
  endfacet
  facet normal 0.819486 -0.169164 0.547563
    outer loop
      vertex 2.500000 -1.000000 0.000000
      vertex 1.853284 -5.000000 -0.267878
      vertex 2.005025 -5.000000 -0.494975
    endloop
  endfacet
  facet normal 0.000000 1.000000 0.000000
    outer loop
      vertex 2.500000 -5.000000 0.000000
      vertex 2.005025 -5.000000 -0.494975
      vertex 1.853284 -5.000000 -0.267878
    endloop
  endfacet
  facet normal 0.547563 -0.169164 0.819486
    outer loop
      vertex 2.500000 -1.000000 0.000000
      vertex 2.005025 -5.000000 -0.494975
      vertex 2.232122 -5.000000 -0.646716
    endloop
  endfacet
  facet normal 0.000000 1.000000 0.000000
    outer loop
      vertex 2.500000 -5.000000 0.000000
      vertex 2.232122 -5.000000 -0.646716
      vertex 2.005025 -5.000000 -0.494975
    endloop
  endfacet
  facet normal 0.192279 -0.169164 0.966650
    outer loop
      vertex 2.500000 -1.000000 0.000000
      vertex 2.232122 -5.000000 -0.646716
      vertex 2.500000 -5.000000 -0.700000
    endloop
  endfacet
  facet normal 0.000000 1.000000 0.000000
    outer loop
      vertex 2.500000 -5.000000 0.000000
      vertex 2.500000 -5.000000 -0.700000
      vertex 2.232122 -5.000000 -0.646716
    endloop
  endfacet
  facet normal -0.192279 -0.169164 0.966650
    outer loop
      vertex 2.500000 -1.000000 0.000000
      vertex 2.500000 -5.000000 -0.700000
      vertex 2.767878 -5.000000 -0.646716
    endloop
  endfacet
  facet normal 0.000000 1.000000 0.000000
    outer loop
      vertex 2.500000 -5.000000 0.000000
      vertex 2.767878 -5.000000 -0.646716
      vertex 2.500000 -5.000000 -0.700000
    endloop
  endfacet
  facet normal -0.547563 -0.169164 0.819486
    outer loop
      vertex 2.500000 -1.000000 0.000000
      vertex 2.767878 -5.000000 -0.646716
      vertex 2.994975 -5.000000 -0.494975
    endloop
  endfacet
  facet normal 0.000000 1.000000 0.000000
    outer loop
      vertex 2.500000 -5.000000 0.000000
      vertex 2.994975 -5.000000 -0.494975
      vertex 2.767878 -5.000000 -0.646716
    endloop
  endfacet
  facet normal -0.819486 -0.169164 0.547563
    outer loop
      vertex 2.500000 -1.000000 0.000000
      vertex 2.994975 -5.000000 -0.494975
      vertex 3.146716 -5.000000 -0.267878
    endloop
  endfacet
  facet normal 0.000000 1.000000 0.000000
    outer loop
      vertex 2.500000 -5.000000 0.000000
      vertex 3.146716 -5.000000 -0.267878
      vertex 2.994975 -5.000000 -0.494975
    endloop
  endfacet
  facet normal -0.966650 -0.169164 0.192279
    outer loop
      vertex 2.500000 -1.000000 0.000000
      vertex 3.146716 -5.000000 -0.267878
      vertex 3.200000 -5.000000 0.000000
    endloop
  endfacet
  facet normal -0.000000 1.000000 0.000000
    outer loop
      vertex 2.500000 -5.000000 0.000000
      vertex 3.200000 -5.000000 0.000000
      vertex 3.146716 -5.000000 -0.267878
    endloop
  endfacet
  facet normal -0.966650 -0.169164 -0.192279
    outer loop
      vertex -1.250000 -1.000000 2.165064
      vertex -0.550000 -5.000000 2.165064
      vertex -0.603284 -5.000000 2.432942
    endloop
  endfacet
  facet normal 0.000000 1.000000 0.000000
    outer loop
      vertex -1.250000 -5.000000 2.165064
      vertex -0.603284 -5.000000 2.432942
      vertex -0.550000 -5.000000 2.165064
    endloop
  endfacet
  facet normal -0.819486 -0.169164 -0.547563
    outer loop
      vertex -1.250000 -1.000000 2.165064
      vertex -0.603284 -5.000000 2.432942
      vertex -0.755025 -5.000000 2.660038
    endloop
  endfacet
  facet normal 0.000000 1.000000 0.000000
    outer loop
      vertex -1.250000 -5.000000 2.165064
      vertex -0.755025 -5.000000 2.660038
      vertex -0.603284 -5.000000 2.432942
    endloop
  endfacet
  facet normal -0.547563 -0.169164 -0.819486
    outer loop
      vertex -1.250000 -1.000000 2.165064
      vertex -0.755025 -5.000000 2.660038
      vertex -0.982122 -5.000000 2.811779
    endloop
  endfacet
  facet normal 0.000000 1.000000 0.000000
    outer loop
      vertex -1.250000 -5.000000 2.165064
      vertex -0.982122 -5.000000 2.811779
      vertex -0.755025 -5.000000 2.660038
    endloop
  endfacet
  facet normal -0.192279 -0.169164 -0.966650
    outer loop
      vertex -1.250000 -1.000000 2.165064
      vertex -0.982122 -5.000000 2.811779
      vertex -1.250000 -5.000000 2.865064
    endloop
  endfacet
  facet normal 0.000000 1.000000 0.000000
    outer loop
      vertex -1.250000 -5.000000 2.165064
      vertex -1.250000 -5.000000 2.865064
      vertex -0.982122 -5.000000 2.811779
    endloop
  endfacet
  facet normal 0.192279 -0.169164 -0.966650
    outer loop
      vertex -1.250000 -1.000000 2.165064
      vertex -1.250000 -5.000000 2.865064
      vertex -1.517878 -5.000000 2.811779
    endloop
  endfacet
  facet normal 0.000000 1.000000 -0.000000
    outer loop
      vertex -1.250000 -5.000000 2.165064
      vertex -1.517878 -5.000000 2.811779
      vertex -1.250000 -5.000000 2.865064
    endloop
  endfacet
  facet normal 0.547563 -0.169164 -0.819486
    outer loop
      vertex -1.250000 -1.000000 2.165064
      vertex -1.517878 -5.000000 2.811779
      vertex -1.744975 -5.000000 2.660038
    endloop
  endfacet
  facet normal 0.000000 1.000000 0.000000
    outer loop
      vertex -1.250000 -5.000000 2.165064
      vertex -1.744975 -5.000000 2.660038
      vertex -1.517878 -5.000000 2.811779
    endloop
  endfacet
  facet normal 0.819486 -0.169164 -0.547563
    outer loop
      vertex -1.250000 -1.000000 2.165064
      vertex -1.744975 -5.000000 2.660038
      vertex -1.896716 -5.000000 2.432942
    endloop
  endfacet
  facet normal 0.000000 1.000000 0.000000
    outer loop
      vertex -1.250000 -5.000000 2.165064
      vertex -1.896716 -5.000000 2.432942
      vertex -1.744975 -5.000000 2.660038
    endloop
  endfacet
  facet normal 0.966650 -0.169164 -0.192279
    outer loop
      vertex -1.250000 -1.000000 2.165064
      vertex -1.896716 -5.000000 2.432942
      vertex -1.950000 -5.000000 2.165064
    endloop
  endfacet
  facet normal 0.000000 1.000000 0.000000
    outer loop
      vertex -1.250000 -5.000000 2.165064
      vertex -1.950000 -5.000000 2.165064
      vertex -1.896716 -5.000000 2.432942
    endloop
  endfacet
  facet normal 0.966650 -0.169164 0.192279
    outer loop
      vertex -1.250000 -1.000000 2.165064
      vertex -1.950000 -5.000000 2.165064
      vertex -1.896716 -5.000000 1.897185
    endloop
  endfacet
  facet normal 0.000000 1.000000 0.000000
    outer loop
      vertex -1.250000 -5.000000 2.165064
      vertex -1.896716 -5.000000 1.897185
      vertex -1.950000 -5.000000 2.165064
    endloop
  endfacet
  facet normal 0.819486 -0.169164 0.547563
    outer loop
      vertex -1.250000 -1.000000 2.165064
      vertex -1.896716 -5.000000 1.897185
      vertex -1.744975 -5.000000 1.670089
    endloop
  endfacet
  facet normal 0.000000 1.000000 0.000000
    outer loop
      vertex -1.250000 -5.000000 2.165064
      vertex -1.744975 -5.000000 1.670089
      vertex -1.896716 -5.000000 1.897185
    endloop
  endfacet
  facet normal 0.547563 -0.169164 0.819486
    outer loop
      vertex -1.250000 -1.000000 2.165064
      vertex -1.744975 -5.000000 1.670089
      vertex -1.517878 -5.000000 1.518348
    endloop
  endfacet
  facet normal 0.000000 1.000000 0.000000
    outer loop
      vertex -1.250000 -5.000000 2.165064
      vertex -1.517878 -5.000000 1.518348
      vertex -1.744975 -5.000000 1.670089
    endloop
  endfacet
  facet normal 0.192279 -0.169164 0.966650
    outer loop
      vertex -1.250000 -1.000000 2.165064
      vertex -1.517878 -5.000000 1.518348
      vertex -1.250000 -5.000000 1.465064
    endloop
  endfacet
  facet normal 0.000000 1.000000 0.000000
    outer loop
      vertex -1.250000 -5.000000 2.165064
      vertex -1.250000 -5.000000 1.465064
      vertex -1.517878 -5.000000 1.518348
    endloop
  endfacet
  facet normal -0.192279 -0.169164 0.966650
    outer loop
      vertex -1.250000 -1.000000 2.165064
      vertex -1.250000 -5.000000 1.465064
      vertex -0.982122 -5.000000 1.518348
    endloop
  endfacet
  facet normal 0.000000 1.000000 0.000000
    outer loop
      vertex -1.250000 -5.000000 2.165064
      vertex -0.982122 -5.000000 1.518348
      vertex -1.250000 -5.000000 1.465064
    endloop
  endfacet
  facet normal -0.547563 -0.169164 0.819486
    outer loop
      vertex -1.250000 -1.000000 2.165064
      vertex -0.982122 -5.000000 1.518348
      vertex -0.755025 -5.000000 1.670089
    endloop
  endfacet
  facet normal 0.000000 1.000000 0.000000
    outer loop
      vertex -1.250000 -5.000000 2.165064
      vertex -0.755025 -5.000000 1.670089
      vertex -0.982122 -5.000000 1.518348
    endloop
  endfacet
  facet normal -0.819486 -0.169164 0.547563
    outer loop
      vertex -1.250000 -1.000000 2.165064
      vertex -0.755025 -5.000000 1.670089
      vertex -0.603284 -5.000000 1.897185
    endloop
  endfacet
  facet normal 0.000000 1.000000 0.000000
    outer loop
      vertex -1.250000 -5.000000 2.165064
      vertex -0.603284 -5.000000 1.897185
      vertex -0.755025 -5.000000 1.670089
    endloop
  endfacet
  facet normal -0.966650 -0.169164 0.192279
    outer loop
      vertex -1.250000 -1.000000 2.165064
      vertex -0.603284 -5.000000 1.897185
      vertex -0.550000 -5.000000 2.165064
    endloop
  endfacet
  facet normal -0.000000 1.000000 0.000000
    outer loop
      vertex -1.250000 -5.000000 2.165064
      vertex -0.550000 -5.000000 2.165064
      vertex -0.603284 -5.000000 1.897185
    endloop
  endfacet
  facet normal -0.966650 -0.169164 -0.192279
    outer loop
      vertex -1.250000 -1.000000 -2.165064
      vertex -0.550000 -5.000000 -2.165064
      vertex -0.603284 -5.000000 -1.897185
    endloop
  endfacet
  facet normal 0.000000 1.000000 0.000000
    outer loop
      vertex -1.250000 -5.000000 -2.165064
      vertex -0.603284 -5.000000 -1.897185
      vertex -0.550000 -5.000000 -2.165064
    endloop
  endfacet
  facet normal -0.819486 -0.169164 -0.547563
    outer loop
      vertex -1.250000 -1.000000 -2.165064
      vertex -0.603284 -5.000000 -1.897185
      vertex -0.755025 -5.000000 -1.670089
    endloop
  endfacet
  facet normal 0.000000 1.000000 0.000000
    outer loop
      vertex -1.250000 -5.000000 -2.165064
      vertex -0.755025 -5.000000 -1.670089
      vertex -0.603284 -5.000000 -1.897185
    endloop
  endfacet
  facet normal -0.547563 -0.169164 -0.819486
    outer loop
      vertex -1.250000 -1.000000 -2.165064
      vertex -0.755025 -5.000000 -1.670089
      vertex -0.982122 -5.000000 -1.518348
    endloop
  endfacet
  facet normal 0.000000 1.000000 0.000000
    outer loop
      vertex -1.250000 -5.000000 -2.165064
      vertex -0.982122 -5.000000 -1.518348
      vertex -0.755025 -5.000000 -1.670089
    endloop
  endfacet
  facet normal -0.192279 -0.169164 -0.966650
    outer loop
      vertex -1.250000 -1.000000 -2.165064
      vertex -0.982122 -5.000000 -1.518348
      vertex -1.250000 -5.000000 -1.465064
    endloop
  endfacet
  facet normal 0.000000 1.000000 0.000000
    outer loop
      vertex -1.250000 -5.000000 -2.165064
      vertex -1.250000 -5.000000 -1.465064
      vertex -0.982122 -5.000000 -1.518348
    endloop
  endfacet
  facet normal 0.192279 -0.169164 -0.966650
    outer loop
      vertex -1.250000 -1.000000 -2.165064
      vertex -1.250000 -5.000000 -1.465064
      vertex -1.517878 -5.000000 -1.518348
    endloop
  endfacet
  facet normal 0.000000 1.000000 -0.000000
    outer loop
      vertex -1.250000 -5.000000 -2.165064
      vertex -1.517878 -5.000000 -1.518348
      vertex -1.250000 -5.000000 -1.465064
    endloop
  endfacet
  facet normal 0.547563 -0.169164 -0.819486
    outer loop
      vertex -1.250000 -1.000000 -2.165064
      vertex -1.517878 -5.000000 -1.518348
      vertex -1.744975 -5.000000 -1.670089
    endloop
  endfacet
  facet normal 0.000000 1.000000 0.000000
    outer loop
      vertex -1.250000 -5.000000 -2.165064
      vertex -1.744975 -5.000000 -1.670089
      vertex -1.517878 -5.000000 -1.518348
    endloop
  endfacet
  facet normal 0.819486 -0.169164 -0.547563
    outer loop
      vertex -1.250000 -1.000000 -2.165064
      vertex -1.744975 -5.000000 -1.670089
      vertex -1.896716 -5.000000 -1.897185
    endloop
  endfacet
  facet normal 0.000000 1.000000 0.000000
    outer loop
      vertex -1.250000 -5.000000 -2.165064
      vertex -1.896716 -5.000000 -1.897185
      vertex -1.744975 -5.000000 -1.670089
    endloop
  endfacet
  facet normal 0.966650 -0.169164 -0.192279
    outer loop
      vertex -1.250000 -1.000000 -2.165064
      vertex -1.896716 -5.000000 -1.897185
      vertex -1.950000 -5.000000 -2.165064
    endloop
  endfacet
  facet normal 0.000000 1.000000 0.000000
    outer loop
      vertex -1.250000 -5.000000 -2.165064
      vertex -1.950000 -5.000000 -2.165064
      vertex -1.896716 -5.000000 -1.897185
    endloop
  endfacet
  facet normal 0.966650 -0.169164 0.192279
    outer loop
      vertex -1.250000 -1.000000 -2.165064
      vertex -1.950000 -5.000000 -2.165064
      vertex -1.896716 -5.000000 -2.432942
    endloop
  endfacet
  facet normal 0.000000 1.000000 0.000000
    outer loop
      vertex -1.250000 -5.000000 -2.165064
      vertex -1.896716 -5.000000 -2.432942
      vertex -1.950000 -5.000000 -2.165064
    endloop
  endfacet
  facet normal 0.819486 -0.169164 0.547563
    outer loop
      vertex -1.250000 -1.000000 -2.165064
      vertex -1.896716 -5.000000 -2.432942
      vertex -1.744975 -5.000000 -2.660038
    endloop
  endfacet
  facet normal 0.000000 1.000000 0.000000
    outer loop
      vertex -1.250000 -5.000000 -2.165064
      vertex -1.744975 -5.000000 -2.660038
      vertex -1.896716 -5.000000 -2.432942
    endloop
  endfacet
  facet normal 0.547563 -0.169164 0.819486
    outer loop
      vertex -1.250000 -1.000000 -2.165064
      vertex -1.744975 -5.000000 -2.660038
      vertex -1.517878 -5.000000 -2.811779
    endloop
  endfacet
  facet normal 0.000000 1.000000 0.000000
    outer loop
      vertex -1.250000 -5.000000 -2.165064
      vertex -1.517878 -5.000000 -2.811779
      vertex -1.744975 -5.000000 -2.660038
    endloop
  endfacet
  facet normal 0.192279 -0.169164 0.966650
    outer loop
      vertex -1.250000 -1.000000 -2.165064
      vertex -1.517878 -5.000000 -2.811779
      vertex -1.250000 -5.000000 -2.865064
    endloop
  endfacet
  facet normal 0.000000 1.000000 0.000000
    outer loop
      vertex -1.250000 -5.000000 -2.165064
      vertex -1.250000 -5.000000 -2.865064
      vertex -1.517878 -5.000000 -2.811779
    endloop
  endfacet
  facet normal -0.192279 -0.169164 0.966650
    outer loop
      vertex -1.250000 -1.000000 -2.165064
      vertex -1.250000 -5.000000 -2.865064
      vertex -0.982122 -5.000000 -2.811779
    endloop
  endfacet
  facet normal 0.000000 1.000000 0.000000
    outer loop
      vertex -1.250000 -5.000000 -2.165064
      vertex -0.982122 -5.000000 -2.811779
      vertex -1.250000 -5.000000 -2.865064
    endloop
  endfacet
  facet normal -0.547563 -0.169164 0.819486
    outer loop
      vertex -1.250000 -1.000000 -2.165064
      vertex -0.982122 -5.000000 -2.811779
      vertex -0.755025 -5.000000 -2.660038
    endloop
  endfacet
  facet normal 0.000000 1.000000 0.000000
    outer loop
      vertex -1.250000 -5.000000 -2.165064
      vertex -0.755025 -5.000000 -2.660038
      vertex -0.982122 -5.000000 -2.811779
    endloop
  endfacet
  facet normal -0.819486 -0.169164 0.547563
    outer loop
      vertex -1.250000 -1.000000 -2.165064
      vertex -0.755025 -5.000000 -2.660038
      vertex -0.603284 -5.000000 -2.432942
    endloop
  endfacet
  facet normal 0.000000 1.000000 0.000000
    outer loop
      vertex -1.250000 -5.000000 -2.165064
      vertex -0.603284 -5.000000 -2.432942
      vertex -0.755025 -5.000000 -2.660038
    endloop
  endfacet
  facet normal -0.966650 -0.169164 0.192279
    outer loop
      vertex -1.250000 -1.000000 -2.165064
      vertex -0.603284 -5.000000 -2.432942
      vertex -0.550000 -5.000000 -2.165064
    endloop
  endfacet
  facet normal -0.000000 1.000000 0.000000
    outer loop
      vertex -1.250000 -5.000000 -2.165064
      vertex -0.550000 -5.000000 -2.165064
      vertex -0.603284 -5.000000 -2.432942
    endloop
  endfacet
endsolid starship
