solid starship_v2_pointednose
 facet normal -9.990482e-01 -0.000000e+00 -4.361973e-02
  outer loop
   vertex 4.500000e+00 3.500000e+01 0.000000e+00
   vertex 4.500000e+00 4.000000e+00 0.000000e+00
   vertex 4.482876e+00 4.000000e+00 3.922010e-01
  endloop
 endfacet
 facet normal -9.990482e-01 0.000000e+00 -4.361973e-02
  outer loop
   vertex 4.500000e+00 3.500000e+01 0.000000e+00
   vertex 4.482876e+00 4.000000e+00 3.922010e-01
   vertex 4.482876e+00 3.500000e+01 3.922010e-01
  endloop
 endfacet
 facet normal -9.914449e-01 -0.000000e+00 -1.305255e-01
  outer loop
   vertex 4.482876e+00 3.500000e+01 3.922010e-01
   vertex 4.482876e+00 4.000000e+00 3.922010e-01
   vertex 4.431635e+00 4.000000e+00 7.814170e-01
  endloop
 endfacet
 facet normal -9.914449e-01 0.000000e+00 -1.305255e-01
  outer loop
   vertex 4.482876e+00 3.500000e+01 3.922010e-01
   vertex 4.431635e+00 4.000000e+00 7.814170e-01
   vertex 4.431635e+00 3.500000e+01 7.814170e-01
  endloop
 endfacet
 facet normal -9.762958e-01 -0.000000e+00 -2.164404e-01
  outer loop
   vertex 4.431635e+00 3.500000e+01 7.814170e-01
   vertex 4.431635e+00 4.000000e+00 7.814170e-01
   vertex 4.346666e+00 4.000000e+00 1.164686e+00
  endloop
 endfacet
 facet normal -9.762958e-01 0.000000e+00 -2.164404e-01
  outer loop
   vertex 4.431635e+00 3.500000e+01 7.814170e-01
   vertex 4.346666e+00 4.000000e+00 1.164686e+00
   vertex 4.346666e+00 3.500000e+01 1.164686e+00
  endloop
 endfacet
 facet normal -9.537173e-01 -0.000000e+00 -3.007048e-01
  outer loop
   vertex 4.346666e+00 3.500000e+01 1.164686e+00
   vertex 4.346666e+00 4.000000e+00 1.164686e+00
   vertex 4.228617e+00 4.000000e+00 1.539091e+00
  endloop
 endfacet
 facet normal -9.537173e-01 0.000000e+00 -3.007048e-01
  outer loop
   vertex 4.346666e+00 3.500000e+01 1.164686e+00
   vertex 4.228617e+00 4.000000e+00 1.539091e+00
   vertex 4.228617e+00 3.500000e+01 1.539091e+00
  endloop
 endfacet
 facet normal -9.238791e-01 -0.000000e+00 -3.826845e-01
  outer loop
   vertex 4.228617e+00 3.500000e+01 1.539091e+00
   vertex 4.228617e+00 4.000000e+00 1.539091e+00
   vertex 4.078385e+00 4.000000e+00 1.901782e+00
  endloop
 endfacet
 facet normal -9.238791e-01 0.000000e+00 -3.826845e-01
  outer loop
   vertex 4.228617e+00 3.500000e+01 1.539091e+00
   vertex 4.078385e+00 4.000000e+00 1.901782e+00
   vertex 4.078385e+00 3.500000e+01 1.901782e+00
  endloop
 endfacet
 facet normal -8.870106e-01 -0.000000e+00 -4.617490e-01
  outer loop
   vertex 4.078385e+00 3.500000e+01 1.901782e+00
   vertex 4.078385e+00 4.000000e+00 1.901782e+00
   vertex 3.897114e+00 4.000000e+00 2.250000e+00
  endloop
 endfacet
 facet normal -8.870106e-01 0.000000e+00 -4.617490e-01
  outer loop
   vertex 4.078385e+00 3.500000e+01 1.901782e+00
   vertex 3.897114e+00 4.000000e+00 2.250000e+00
   vertex 3.897114e+00 3.500000e+01 2.250000e+00
  endloop
 endfacet
 facet normal -8.433916e-01 -0.000000e+00 -5.372994e-01
  outer loop
   vertex 3.897114e+00 3.500000e+01 2.250000e+00
   vertex 3.897114e+00 4.000000e+00 2.250000e+00
   vertex 3.686184e+00 4.000000e+00 2.581094e+00
  endloop
 endfacet
 facet normal -8.433916e-01 0.000000e+00 -5.372994e-01
  outer loop
   vertex 3.897114e+00 3.500000e+01 2.250000e+00
   vertex 3.686184e+00 4.000000e+00 2.581094e+00
   vertex 3.686184e+00 3.500000e+01 2.581094e+00
  endloop
 endfacet
 facet normal -7.933533e-01 -0.000000e+00 -6.087614e-01
  outer loop
   vertex 3.686184e+00 3.500000e+01 2.581094e+00
   vertex 3.686184e+00 4.000000e+00 2.581094e+00
   vertex 3.447200e+00 4.000000e+00 2.892544e+00
  endloop
 endfacet
 facet normal -7.933533e-01 0.000000e+00 -6.087614e-01
  outer loop
   vertex 3.686184e+00 3.500000e+01 2.581094e+00
   vertex 3.447200e+00 4.000000e+00 2.892544e+00
   vertex 3.447200e+00 3.500000e+01 2.892544e+00
  endloop
 endfacet
 facet normal -7.372788e-01 -0.000000e+00 -6.755886e-01
  outer loop
   vertex 3.447200e+00 3.500000e+01 2.892544e+00
   vertex 3.447200e+00 4.000000e+00 2.892544e+00
   vertex 3.181981e+00 4.000000e+00 3.181981e+00
  endloop
 endfacet
 facet normal -7.372788e-01 0.000000e+00 -6.755886e-01
  outer loop
   vertex 3.447200e+00 3.500000e+01 2.892544e+00
   vertex 3.181981e+00 4.000000e+00 3.181981e+00
   vertex 3.181981e+00 3.500000e+01 3.181981e+00
  endloop
 endfacet
 facet normal -6.755886e-01 -0.000000e+00 -7.372788e-01
  outer loop
   vertex 3.181981e+00 3.500000e+01 3.181981e+00
   vertex 3.181981e+00 4.000000e+00 3.181981e+00
   vertex 2.892544e+00 4.000000e+00 3.447200e+00
  endloop
 endfacet
 facet normal -6.755886e-01 0.000000e+00 -7.372788e-01
  outer loop
   vertex 3.181981e+00 3.500000e+01 3.181981e+00
   vertex 2.892544e+00 4.000000e+00 3.447200e+00
   vertex 2.892544e+00 3.500000e+01 3.447200e+00
  endloop
 endfacet
 facet normal -6.087614e-01 -0.000000e+00 -7.933533e-01
  outer loop
   vertex 2.892544e+00 3.500000e+01 3.447200e+00
   vertex 2.892544e+00 4.000000e+00 3.447200e+00
   vertex 2.581094e+00 4.000000e+00 3.686184e+00
  endloop
 endfacet
 facet normal -6.087614e-01 0.000000e+00 -7.933533e-01
  outer loop
   vertex 2.892544e+00 3.500000e+01 3.447200e+00
   vertex 2.581094e+00 4.000000e+00 3.686184e+00
   vertex 2.581094e+00 3.500000e+01 3.686184e+00
  endloop
 endfacet
 facet normal -5.372994e-01 -0.000000e+00 -8.433916e-01
  outer loop
   vertex 2.581094e+00 3.500000e+01 3.686184e+00
   vertex 2.581094e+00 4.000000e+00 3.686184e+00
   vertex 2.250000e+00 4.000000e+00 3.897114e+00
  endloop
 endfacet
 facet normal -5.372994e-01 0.000000e+00 -8.433916e-01
  outer loop
   vertex 2.581094e+00 3.500000e+01 3.686184e+00
   vertex 2.250000e+00 4.000000e+00 3.897114e+00
   vertex 2.250000e+00 3.500000e+01 3.897114e+00
  endloop
 endfacet
 facet normal -4.617490e-01 -0.000000e+00 -8.870106e-01
  outer loop
   vertex 2.250000e+00 3.500000e+01 3.897114e+00
   vertex 2.250000e+00 4.000000e+00 3.897114e+00
   vertex 1.901782e+00 4.000000e+00 4.078385e+00
  endloop
 endfacet
 facet normal -4.617490e-01 0.000000e+00 -8.870106e-01
  outer loop
   vertex 2.250000e+00 3.500000e+01 3.897114e+00
   vertex 1.901782e+00 4.000000e+00 4.078385e+00
   vertex 1.901782e+00 3.500000e+01 4.078385e+00
  endloop
 endfacet
 facet normal -3.826845e-01 -0.000000e+00 -9.238791e-01
  outer loop
   vertex 1.901782e+00 3.500000e+01 4.078385e+00
   vertex 1.901782e+00 4.000000e+00 4.078385e+00
   vertex 1.539091e+00 4.000000e+00 4.228617e+00
  endloop
 endfacet
 facet normal -3.826845e-01 0.000000e+00 -9.238791e-01
  outer loop
   vertex 1.901782e+00 3.500000e+01 4.078385e+00
   vertex 1.539091e+00 4.000000e+00 4.228617e+00
   vertex 1.539091e+00 3.500000e+01 4.228617e+00
  endloop
 endfacet
 facet normal -3.007048e-01 -0.000000e+00 -9.537173e-01
  outer loop
   vertex 1.539091e+00 3.500000e+01 4.228617e+00
   vertex 1.539091e+00 4.000000e+00 4.228617e+00
   vertex 1.164686e+00 4.000000e+00 4.346666e+00
  endloop
 endfacet
 facet normal -3.007048e-01 0.000000e+00 -9.537173e-01
  outer loop
   vertex 1.539091e+00 3.500000e+01 4.228617e+00
   vertex 1.164686e+00 4.000000e+00 4.346666e+00
   vertex 1.164686e+00 3.500000e+01 4.346666e+00
  endloop
 endfacet
 facet normal -2.164404e-01 -0.000000e+00 -9.762958e-01
  outer loop
   vertex 1.164686e+00 3.500000e+01 4.346666e+00
   vertex 1.164686e+00 4.000000e+00 4.346666e+00
   vertex 7.814170e-01 4.000000e+00 4.431635e+00
  endloop
 endfacet
 facet normal -2.164404e-01 0.000000e+00 -9.762958e-01
  outer loop
   vertex 1.164686e+00 3.500000e+01 4.346666e+00
   vertex 7.814170e-01 4.000000e+00 4.431635e+00
   vertex 7.814170e-01 3.500000e+01 4.431635e+00
  endloop
 endfacet
 facet normal -1.305255e-01 -0.000000e+00 -9.914449e-01
  outer loop
   vertex 7.814170e-01 3.500000e+01 4.431635e+00
   vertex 7.814170e-01 4.000000e+00 4.431635e+00
   vertex 3.922010e-01 4.000000e+00 4.482876e+00
  endloop
 endfacet
 facet normal -1.305255e-01 0.000000e+00 -9.914449e-01
  outer loop
   vertex 7.814170e-01 3.500000e+01 4.431635e+00
   vertex 3.922010e-01 4.000000e+00 4.482876e+00
   vertex 3.922010e-01 3.500000e+01 4.482876e+00
  endloop
 endfacet
 facet normal -4.361973e-02 -0.000000e+00 -9.990482e-01
  outer loop
   vertex 3.922010e-01 3.500000e+01 4.482876e+00
   vertex 3.922010e-01 4.000000e+00 4.482876e+00
   vertex 0.000000e+00 4.000000e+00 4.500000e+00
  endloop
 endfacet
 facet normal -4.361973e-02 0.000000e+00 -9.990482e-01
  outer loop
   vertex 3.922010e-01 3.500000e+01 4.482876e+00
   vertex 0.000000e+00 4.000000e+00 4.500000e+00
   vertex 0.000000e+00 3.500000e+01 4.500000e+00
  endloop
 endfacet
 facet normal 4.361973e-02 0.000000e+00 -9.990482e-01
  outer loop
   vertex 0.000000e+00 3.500000e+01 4.500000e+00
   vertex 0.000000e+00 4.000000e+00 4.500000e+00
   vertex -3.922010e-01 4.000000e+00 4.482876e+00
  endloop
 endfacet
 facet normal 4.361973e-02 0.000000e+00 -9.990482e-01
  outer loop
   vertex 0.000000e+00 3.500000e+01 4.500000e+00
   vertex -3.922010e-01 4.000000e+00 4.482876e+00
   vertex -3.922010e-01 3.500000e+01 4.482876e+00
  endloop
 endfacet
 facet normal 1.305255e-01 0.000000e+00 -9.914449e-01
  outer loop
   vertex -3.922010e-01 3.500000e+01 4.482876e+00
   vertex -3.922010e-01 4.000000e+00 4.482876e+00
   vertex -7.814170e-01 4.000000e+00 4.431635e+00
  endloop
 endfacet
 facet normal 1.305255e-01 0.000000e+00 -9.914449e-01
  outer loop
   vertex -3.922010e-01 3.500000e+01 4.482876e+00
   vertex -7.814170e-01 4.000000e+00 4.431635e+00
   vertex -7.814170e-01 3.500000e+01 4.431635e+00
  endloop
 endfacet
 facet normal 2.164404e-01 0.000000e+00 -9.762958e-01
  outer loop
   vertex -7.814170e-01 3.500000e+01 4.431635e+00
   vertex -7.814170e-01 4.000000e+00 4.431635e+00
   vertex -1.164686e+00 4.000000e+00 4.346666e+00
  endloop
 endfacet
 facet normal 2.164404e-01 0.000000e+00 -9.762958e-01
  outer loop
   vertex -7.814170e-01 3.500000e+01 4.431635e+00
   vertex -1.164686e+00 4.000000e+00 4.346666e+00
   vertex -1.164686e+00 3.500000e+01 4.346666e+00
  endloop
 endfacet
 facet normal 3.007048e-01 0.000000e+00 -9.537173e-01
  outer loop
   vertex -1.164686e+00 3.500000e+01 4.346666e+00
   vertex -1.164686e+00 4.000000e+00 4.346666e+00
   vertex -1.539091e+00 4.000000e+00 4.228617e+00
  endloop
 endfacet
 facet normal 3.007048e-01 0.000000e+00 -9.537173e-01
  outer loop
   vertex -1.164686e+00 3.500000e+01 4.346666e+00
   vertex -1.539091e+00 4.000000e+00 4.228617e+00
   vertex -1.539091e+00 3.500000e+01 4.228617e+00
  endloop
 endfacet
 facet normal 3.826845e-01 0.000000e+00 -9.238791e-01
  outer loop
   vertex -1.539091e+00 3.500000e+01 4.228617e+00
   vertex -1.539091e+00 4.000000e+00 4.228617e+00
   vertex -1.901782e+00 4.000000e+00 4.078385e+00
  endloop
 endfacet
 facet normal 3.826845e-01 0.000000e+00 -9.238791e-01
  outer loop
   vertex -1.539091e+00 3.500000e+01 4.228617e+00
   vertex -1.901782e+00 4.000000e+00 4.078385e+00
   vertex -1.901782e+00 3.500000e+01 4.078385e+00
  endloop
 endfacet
 facet normal 4.617490e-01 0.000000e+00 -8.870106e-01
  outer loop
   vertex -1.901782e+00 3.500000e+01 4.078385e+00
   vertex -1.901782e+00 4.000000e+00 4.078385e+00
   vertex -2.250000e+00 4.000000e+00 3.897114e+00
  endloop
 endfacet
 facet normal 4.617490e-01 0.000000e+00 -8.870106e-01
  outer loop
   vertex -1.901782e+00 3.500000e+01 4.078385e+00
   vertex -2.250000e+00 4.000000e+00 3.897114e+00
   vertex -2.250000e+00 3.500000e+01 3.897114e+00
  endloop
 endfacet
 facet normal 5.372994e-01 0.000000e+00 -8.433916e-01
  outer loop
   vertex -2.250000e+00 3.500000e+01 3.897114e+00
   vertex -2.250000e+00 4.000000e+00 3.897114e+00
   vertex -2.581094e+00 4.000000e+00 3.686184e+00
  endloop
 endfacet
 facet normal 5.372994e-01 0.000000e+00 -8.433916e-01
  outer loop
   vertex -2.250000e+00 3.500000e+01 3.897114e+00
   vertex -2.581094e+00 4.000000e+00 3.686184e+00
   vertex -2.581094e+00 3.500000e+01 3.686184e+00
  endloop
 endfacet
 facet normal 6.087614e-01 0.000000e+00 -7.933533e-01
  outer loop
   vertex -2.581094e+00 3.500000e+01 3.686184e+00
   vertex -2.581094e+00 4.000000e+00 3.686184e+00
   vertex -2.892544e+00 4.000000e+00 3.447200e+00
  endloop
 endfacet
 facet normal 6.087614e-01 0.000000e+00 -7.933533e-01
  outer loop
   vertex -2.581094e+00 3.500000e+01 3.686184e+00
   vertex -2.892544e+00 4.000000e+00 3.447200e+00
   vertex -2.892544e+00 3.500000e+01 3.447200e+00
  endloop
 endfacet
 facet normal 6.755886e-01 0.000000e+00 -7.372788e-01
  outer loop
   vertex -2.892544e+00 3.500000e+01 3.447200e+00
   vertex -2.892544e+00 4.000000e+00 3.447200e+00
   vertex -3.181981e+00 4.000000e+00 3.181981e+00
  endloop
 endfacet
 facet normal 6.755886e-01 0.000000e+00 -7.372788e-01
  outer loop
   vertex -2.892544e+00 3.500000e+01 3.447200e+00
   vertex -3.181981e+00 4.000000e+00 3.181981e+00
   vertex -3.181981e+00 3.500000e+01 3.181981e+00
  endloop
 endfacet
 facet normal 7.372788e-01 0.000000e+00 -6.755886e-01
  outer loop
   vertex -3.181981e+00 3.500000e+01 3.181981e+00
   vertex -3.181981e+00 4.000000e+00 3.181981e+00
   vertex -3.447200e+00 4.000000e+00 2.892544e+00
  endloop
 endfacet
 facet normal 7.372788e-01 0.000000e+00 -6.755886e-01
  outer loop
   vertex -3.181981e+00 3.500000e+01 3.181981e+00
   vertex -3.447200e+00 4.000000e+00 2.892544e+00
   vertex -3.447200e+00 3.500000e+01 2.892544e+00
  endloop
 endfacet
 facet normal 7.933533e-01 0.000000e+00 -6.087614e-01
  outer loop
   vertex -3.447200e+00 3.500000e+01 2.892544e+00
   vertex -3.447200e+00 4.000000e+00 2.892544e+00
   vertex -3.686184e+00 4.000000e+00 2.581094e+00
  endloop
 endfacet
 facet normal 7.933533e-01 0.000000e+00 -6.087614e-01
  outer loop
   vertex -3.447200e+00 3.500000e+01 2.892544e+00
   vertex -3.686184e+00 4.000000e+00 2.581094e+00
   vertex -3.686184e+00 3.500000e+01 2.581094e+00
  endloop
 endfacet
 facet normal 8.433916e-01 0.000000e+00 -5.372994e-01
  outer loop
   vertex -3.686184e+00 3.500000e+01 2.581094e+00
   vertex -3.686184e+00 4.000000e+00 2.581094e+00
   vertex -3.897114e+00 4.000000e+00 2.250000e+00
  endloop
 endfacet
 facet normal 8.433916e-01 0.000000e+00 -5.372994e-01
  outer loop
   vertex -3.686184e+00 3.500000e+01 2.581094e+00
   vertex -3.897114e+00 4.000000e+00 2.250000e+00
   vertex -3.897114e+00 3.500000e+01 2.250000e+00
  endloop
 endfacet
 facet normal 8.870106e-01 0.000000e+00 -4.617490e-01
  outer loop
   vertex -3.897114e+00 3.500000e+01 2.250000e+00
   vertex -3.897114e+00 4.000000e+00 2.250000e+00
   vertex -4.078385e+00 4.000000e+00 1.901782e+00
  endloop
 endfacet
 facet normal 8.870106e-01 0.000000e+00 -4.617490e-01
  outer loop
   vertex -3.897114e+00 3.500000e+01 2.250000e+00
   vertex -4.078385e+00 4.000000e+00 1.901782e+00
   vertex -4.078385e+00 3.500000e+01 1.901782e+00
  endloop
 endfacet
 facet normal 9.238791e-01 0.000000e+00 -3.826845e-01
  outer loop
   vertex -4.078385e+00 3.500000e+01 1.901782e+00
   vertex -4.078385e+00 4.000000e+00 1.901782e+00
   vertex -4.228617e+00 4.000000e+00 1.539091e+00
  endloop
 endfacet
 facet normal 9.238791e-01 0.000000e+00 -3.826845e-01
  outer loop
   vertex -4.078385e+00 3.500000e+01 1.901782e+00
   vertex -4.228617e+00 4.000000e+00 1.539091e+00
   vertex -4.228617e+00 3.500000e+01 1.539091e+00
  endloop
 endfacet
 facet normal 9.537173e-01 0.000000e+00 -3.007048e-01
  outer loop
   vertex -4.228617e+00 3.500000e+01 1.539091e+00
   vertex -4.228617e+00 4.000000e+00 1.539091e+00
   vertex -4.346666e+00 4.000000e+00 1.164686e+00
  endloop
 endfacet
 facet normal 9.537173e-01 0.000000e+00 -3.007048e-01
  outer loop
   vertex -4.228617e+00 3.500000e+01 1.539091e+00
   vertex -4.346666e+00 4.000000e+00 1.164686e+00
   vertex -4.346666e+00 3.500000e+01 1.164686e+00
  endloop
 endfacet
 facet normal 9.762958e-01 0.000000e+00 -2.164404e-01
  outer loop
   vertex -4.346666e+00 3.500000e+01 1.164686e+00
   vertex -4.346666e+00 4.000000e+00 1.164686e+00
   vertex -4.431635e+00 4.000000e+00 7.814170e-01
  endloop
 endfacet
 facet normal 9.762958e-01 0.000000e+00 -2.164404e-01
  outer loop
   vertex -4.346666e+00 3.500000e+01 1.164686e+00
   vertex -4.431635e+00 4.000000e+00 7.814170e-01
   vertex -4.431635e+00 3.500000e+01 7.814170e-01
  endloop
 endfacet
 facet normal 9.914449e-01 0.000000e+00 -1.305255e-01
  outer loop
   vertex -4.431635e+00 3.500000e+01 7.814170e-01
   vertex -4.431635e+00 4.000000e+00 7.814170e-01
   vertex -4.482876e+00 4.000000e+00 3.922010e-01
  endloop
 endfacet
 facet normal 9.914449e-01 0.000000e+00 -1.305255e-01
  outer loop
   vertex -4.431635e+00 3.500000e+01 7.814170e-01
   vertex -4.482876e+00 4.000000e+00 3.922010e-01
   vertex -4.482876e+00 3.500000e+01 3.922010e-01
  endloop
 endfacet
 facet normal 9.990482e-01 0.000000e+00 -4.361973e-02
  outer loop
   vertex -4.482876e+00 3.500000e+01 3.922010e-01
   vertex -4.482876e+00 4.000000e+00 3.922010e-01
   vertex -4.500000e+00 4.000000e+00 0.000000e+00
  endloop
 endfacet
 facet normal 9.990482e-01 0.000000e+00 -4.361973e-02
  outer loop
   vertex -4.482876e+00 3.500000e+01 3.922010e-01
   vertex -4.500000e+00 4.000000e+00 0.000000e+00
   vertex -4.500000e+00 3.500000e+01 0.000000e+00
  endloop
 endfacet
 facet normal 9.990482e-01 0.000000e+00 4.361973e-02
  outer loop
   vertex -4.500000e+00 3.500000e+01 0.000000e+00
   vertex -4.500000e+00 4.000000e+00 0.000000e+00
   vertex -4.482876e+00 4.000000e+00 -3.922010e-01
  endloop
 endfacet
 facet normal 9.990482e-01 0.000000e+00 4.361973e-02
  outer loop
   vertex -4.500000e+00 3.500000e+01 0.000000e+00
   vertex -4.482876e+00 4.000000e+00 -3.922010e-01
   vertex -4.482876e+00 3.500000e+01 -3.922010e-01
  endloop
 endfacet
 facet normal 9.914449e-01 0.000000e+00 1.305255e-01
  outer loop
   vertex -4.482876e+00 3.500000e+01 -3.922010e-01
   vertex -4.482876e+00 4.000000e+00 -3.922010e-01
   vertex -4.431635e+00 4.000000e+00 -7.814170e-01
  endloop
 endfacet
 facet normal 9.914449e-01 0.000000e+00 1.305255e-01
  outer loop
   vertex -4.482876e+00 3.500000e+01 -3.922010e-01
   vertex -4.431635e+00 4.000000e+00 -7.814170e-01
   vertex -4.431635e+00 3.500000e+01 -7.814170e-01
  endloop
 endfacet
 facet normal 9.762958e-01 0.000000e+00 2.164404e-01
  outer loop
   vertex -4.431635e+00 3.500000e+01 -7.814170e-01
   vertex -4.431635e+00 4.000000e+00 -7.814170e-01
   vertex -4.346666e+00 4.000000e+00 -1.164686e+00
  endloop
 endfacet
 facet normal 9.762958e-01 0.000000e+00 2.164404e-01
  outer loop
   vertex -4.431635e+00 3.500000e+01 -7.814170e-01
   vertex -4.346666e+00 4.000000e+00 -1.164686e+00
   vertex -4.346666e+00 3.500000e+01 -1.164686e+00
  endloop
 endfacet
 facet normal 9.537173e-01 0.000000e+00 3.007048e-01
  outer loop
   vertex -4.346666e+00 3.500000e+01 -1.164686e+00
   vertex -4.346666e+00 4.000000e+00 -1.164686e+00
   vertex -4.228617e+00 4.000000e+00 -1.539091e+00
  endloop
 endfacet
 facet normal 9.537173e-01 0.000000e+00 3.007048e-01
  outer loop
   vertex -4.346666e+00 3.500000e+01 -1.164686e+00
   vertex -4.228617e+00 4.000000e+00 -1.539091e+00
   vertex -4.228617e+00 3.500000e+01 -1.539091e+00
  endloop
 endfacet
 facet normal 9.238791e-01 0.000000e+00 3.826845e-01
  outer loop
   vertex -4.228617e+00 3.500000e+01 -1.539091e+00
   vertex -4.228617e+00 4.000000e+00 -1.539091e+00
   vertex -4.078385e+00 4.000000e+00 -1.901782e+00
  endloop
 endfacet
 facet normal 9.238791e-01 0.000000e+00 3.826845e-01
  outer loop
   vertex -4.228617e+00 3.500000e+01 -1.539091e+00
   vertex -4.078385e+00 4.000000e+00 -1.901782e+00
   vertex -4.078385e+00 3.500000e+01 -1.901782e+00
  endloop
 endfacet
 facet normal 8.870106e-01 0.000000e+00 4.617490e-01
  outer loop
   vertex -4.078385e+00 3.500000e+01 -1.901782e+00
   vertex -4.078385e+00 4.000000e+00 -1.901782e+00
   vertex -3.897114e+00 4.000000e+00 -2.250000e+00
  endloop
 endfacet
 facet normal 8.870106e-01 0.000000e+00 4.617490e-01
  outer loop
   vertex -4.078385e+00 3.500000e+01 -1.901782e+00
   vertex -3.897114e+00 4.000000e+00 -2.250000e+00
   vertex -3.897114e+00 3.500000e+01 -2.250000e+00
  endloop
 endfacet
 facet normal 8.433916e-01 0.000000e+00 5.372994e-01
  outer loop
   vertex -3.897114e+00 3.500000e+01 -2.250000e+00
   vertex -3.897114e+00 4.000000e+00 -2.250000e+00
   vertex -3.686184e+00 4.000000e+00 -2.581094e+00
  endloop
 endfacet
 facet normal 8.433916e-01 0.000000e+00 5.372994e-01
  outer loop
   vertex -3.897114e+00 3.500000e+01 -2.250000e+00
   vertex -3.686184e+00 4.000000e+00 -2.581094e+00
   vertex -3.686184e+00 3.500000e+01 -2.581094e+00
  endloop
 endfacet
 facet normal 7.933533e-01 0.000000e+00 6.087614e-01
  outer loop
   vertex -3.686184e+00 3.500000e+01 -2.581094e+00
   vertex -3.686184e+00 4.000000e+00 -2.581094e+00
   vertex -3.447200e+00 4.000000e+00 -2.892544e+00
  endloop
 endfacet
 facet normal 7.933533e-01 0.000000e+00 6.087614e-01
  outer loop
   vertex -3.686184e+00 3.500000e+01 -2.581094e+00
   vertex -3.447200e+00 4.000000e+00 -2.892544e+00
   vertex -3.447200e+00 3.500000e+01 -2.892544e+00
  endloop
 endfacet
 facet normal 7.372788e-01 0.000000e+00 6.755886e-01
  outer loop
   vertex -3.447200e+00 3.500000e+01 -2.892544e+00
   vertex -3.447200e+00 4.000000e+00 -2.892544e+00
   vertex -3.181981e+00 4.000000e+00 -3.181981e+00
  endloop
 endfacet
 facet normal 7.372788e-01 0.000000e+00 6.755886e-01
  outer loop
   vertex -3.447200e+00 3.500000e+01 -2.892544e+00
   vertex -3.181981e+00 4.000000e+00 -3.181981e+00
   vertex -3.181981e+00 3.500000e+01 -3.181981e+00
  endloop
 endfacet
 facet normal 6.755886e-01 0.000000e+00 7.372788e-01
  outer loop
   vertex -3.181981e+00 3.500000e+01 -3.181981e+00
   vertex -3.181981e+00 4.000000e+00 -3.181981e+00
   vertex -2.892544e+00 4.000000e+00 -3.447200e+00
  endloop
 endfacet
 facet normal 6.755886e-01 0.000000e+00 7.372788e-01
  outer loop
   vertex -3.181981e+00 3.500000e+01 -3.181981e+00
   vertex -2.892544e+00 4.000000e+00 -3.447200e+00
   vertex -2.892544e+00 3.500000e+01 -3.447200e+00
  endloop
 endfacet
 facet normal 6.087614e-01 0.000000e+00 7.933533e-01
  outer loop
   vertex -2.892544e+00 3.500000e+01 -3.447200e+00
   vertex -2.892544e+00 4.000000e+00 -3.447200e+00
   vertex -2.581094e+00 4.000000e+00 -3.686184e+00
  endloop
 endfacet
 facet normal 6.087614e-01 0.000000e+00 7.933533e-01
  outer loop
   vertex -2.892544e+00 3.500000e+01 -3.447200e+00
   vertex -2.581094e+00 4.000000e+00 -3.686184e+00
   vertex -2.581094e+00 3.500000e+01 -3.686184e+00
  endloop
 endfacet
 facet normal 5.372994e-01 0.000000e+00 8.433916e-01
  outer loop
   vertex -2.581094e+00 3.500000e+01 -3.686184e+00
   vertex -2.581094e+00 4.000000e+00 -3.686184e+00
   vertex -2.250000e+00 4.000000e+00 -3.897114e+00
  endloop
 endfacet
 facet normal 5.372994e-01 0.000000e+00 8.433916e-01
  outer loop
   vertex -2.581094e+00 3.500000e+01 -3.686184e+00
   vertex -2.250000e+00 4.000000e+00 -3.897114e+00
   vertex -2.250000e+00 3.500000e+01 -3.897114e+00
  endloop
 endfacet
 facet normal 4.617490e-01 0.000000e+00 8.870106e-01
  outer loop
   vertex -2.250000e+00 3.500000e+01 -3.897114e+00
   vertex -2.250000e+00 4.000000e+00 -3.897114e+00
   vertex -1.901782e+00 4.000000e+00 -4.078385e+00
  endloop
 endfacet
 facet normal 4.617490e-01 0.000000e+00 8.870106e-01
  outer loop
   vertex -2.250000e+00 3.500000e+01 -3.897114e+00
   vertex -1.901782e+00 4.000000e+00 -4.078385e+00
   vertex -1.901782e+00 3.500000e+01 -4.078385e+00
  endloop
 endfacet
 facet normal 3.826845e-01 0.000000e+00 9.238791e-01
  outer loop
   vertex -1.901782e+00 3.500000e+01 -4.078385e+00
   vertex -1.901782e+00 4.000000e+00 -4.078385e+00
   vertex -1.539091e+00 4.000000e+00 -4.228617e+00
  endloop
 endfacet
 facet normal 3.826845e-01 0.000000e+00 9.238791e-01
  outer loop
   vertex -1.901782e+00 3.500000e+01 -4.078385e+00
   vertex -1.539091e+00 4.000000e+00 -4.228617e+00
   vertex -1.539091e+00 3.500000e+01 -4.228617e+00
  endloop
 endfacet
 facet normal 3.007048e-01 0.000000e+00 9.537173e-01
  outer loop
   vertex -1.539091e+00 3.500000e+01 -4.228617e+00
   vertex -1.539091e+00 4.000000e+00 -4.228617e+00
   vertex -1.164686e+00 4.000000e+00 -4.346666e+00
  endloop
 endfacet
 facet normal 3.007048e-01 0.000000e+00 9.537173e-01
  outer loop
   vertex -1.539091e+00 3.500000e+01 -4.228617e+00
   vertex -1.164686e+00 4.000000e+00 -4.346666e+00
   vertex -1.164686e+00 3.500000e+01 -4.346666e+00
  endloop
 endfacet
 facet normal 2.164404e-01 0.000000e+00 9.762958e-01
  outer loop
   vertex -1.164686e+00 3.500000e+01 -4.346666e+00
   vertex -1.164686e+00 4.000000e+00 -4.346666e+00
   vertex -7.814170e-01 4.000000e+00 -4.431635e+00
  endloop
 endfacet
 facet normal 2.164404e-01 0.000000e+00 9.762958e-01
  outer loop
   vertex -1.164686e+00 3.500000e+01 -4.346666e+00
   vertex -7.814170e-01 4.000000e+00 -4.431635e+00
   vertex -7.814170e-01 3.500000e+01 -4.431635e+00
  endloop
 endfacet
 facet normal 1.305255e-01 0.000000e+00 9.914449e-01
  outer loop
   vertex -7.814170e-01 3.500000e+01 -4.431635e+00
   vertex -7.814170e-01 4.000000e+00 -4.431635e+00
   vertex -3.922010e-01 4.000000e+00 -4.482876e+00
  endloop
 endfacet
 facet normal 1.305255e-01 0.000000e+00 9.914449e-01
  outer loop
   vertex -7.814170e-01 3.500000e+01 -4.431635e+00
   vertex -3.922010e-01 4.000000e+00 -4.482876e+00
   vertex -3.922010e-01 3.500000e+01 -4.482876e+00
  endloop
 endfacet
 facet normal 4.361973e-02 0.000000e+00 9.990482e-01
  outer loop
   vertex -3.922010e-01 3.500000e+01 -4.482876e+00
   vertex -3.922010e-01 4.000000e+00 -4.482876e+00
   vertex -0.000000e+00 4.000000e+00 -4.500000e+00
  endloop
 endfacet
 facet normal 4.361973e-02 0.000000e+00 9.990482e-01
  outer loop
   vertex -3.922010e-01 3.500000e+01 -4.482876e+00
   vertex -0.000000e+00 4.000000e+00 -4.500000e+00
   vertex -0.000000e+00 3.500000e+01 -4.500000e+00
  endloop
 endfacet
 facet normal -4.361973e-02 0.000000e+00 9.990482e-01
  outer loop
   vertex -0.000000e+00 3.500000e+01 -4.500000e+00
   vertex -0.000000e+00 4.000000e+00 -4.500000e+00
   vertex 3.922010e-01 4.000000e+00 -4.482876e+00
  endloop
 endfacet
 facet normal -4.361973e-02 0.000000e+00 9.990482e-01
  outer loop
   vertex -0.000000e+00 3.500000e+01 -4.500000e+00
   vertex 3.922010e-01 4.000000e+00 -4.482876e+00
   vertex 3.922010e-01 3.500000e+01 -4.482876e+00
  endloop
 endfacet
 facet normal -1.305255e-01 0.000000e+00 9.914449e-01
  outer loop
   vertex 3.922010e-01 3.500000e+01 -4.482876e+00
   vertex 3.922010e-01 4.000000e+00 -4.482876e+00
   vertex 7.814170e-01 4.000000e+00 -4.431635e+00
  endloop
 endfacet
 facet normal -1.305255e-01 0.000000e+00 9.914449e-01
  outer loop
   vertex 3.922010e-01 3.500000e+01 -4.482876e+00
   vertex 7.814170e-01 4.000000e+00 -4.431635e+00
   vertex 7.814170e-01 3.500000e+01 -4.431635e+00
  endloop
 endfacet
 facet normal -2.164404e-01 0.000000e+00 9.762958e-01
  outer loop
   vertex 7.814170e-01 3.500000e+01 -4.431635e+00
   vertex 7.814170e-01 4.000000e+00 -4.431635e+00
   vertex 1.164686e+00 4.000000e+00 -4.346666e+00
  endloop
 endfacet
 facet normal -2.164404e-01 0.000000e+00 9.762958e-01
  outer loop
   vertex 7.814170e-01 3.500000e+01 -4.431635e+00
   vertex 1.164686e+00 4.000000e+00 -4.346666e+00
   vertex 1.164686e+00 3.500000e+01 -4.346666e+00
  endloop
 endfacet
 facet normal -3.007048e-01 0.000000e+00 9.537173e-01
  outer loop
   vertex 1.164686e+00 3.500000e+01 -4.346666e+00
   vertex 1.164686e+00 4.000000e+00 -4.346666e+00
   vertex 1.539091e+00 4.000000e+00 -4.228617e+00
  endloop
 endfacet
 facet normal -3.007048e-01 0.000000e+00 9.537173e-01
  outer loop
   vertex 1.164686e+00 3.500000e+01 -4.346666e+00
   vertex 1.539091e+00 4.000000e+00 -4.228617e+00
   vertex 1.539091e+00 3.500000e+01 -4.228617e+00
  endloop
 endfacet
 facet normal -3.826845e-01 0.000000e+00 9.238791e-01
  outer loop
   vertex 1.539091e+00 3.500000e+01 -4.228617e+00
   vertex 1.539091e+00 4.000000e+00 -4.228617e+00
   vertex 1.901782e+00 4.000000e+00 -4.078385e+00
  endloop
 endfacet
 facet normal -3.826845e-01 0.000000e+00 9.238791e-01
  outer loop
   vertex 1.539091e+00 3.500000e+01 -4.228617e+00
   vertex 1.901782e+00 4.000000e+00 -4.078385e+00
   vertex 1.901782e+00 3.500000e+01 -4.078385e+00
  endloop
 endfacet
 facet normal -4.617490e-01 0.000000e+00 8.870106e-01
  outer loop
   vertex 1.901782e+00 3.500000e+01 -4.078385e+00
   vertex 1.901782e+00 4.000000e+00 -4.078385e+00
   vertex 2.250000e+00 4.000000e+00 -3.897114e+00
  endloop
 endfacet
 facet normal -4.617490e-01 0.000000e+00 8.870106e-01
  outer loop
   vertex 1.901782e+00 3.500000e+01 -4.078385e+00
   vertex 2.250000e+00 4.000000e+00 -3.897114e+00
   vertex 2.250000e+00 3.500000e+01 -3.897114e+00
  endloop
 endfacet
 facet normal -5.372994e-01 0.000000e+00 8.433916e-01
  outer loop
   vertex 2.250000e+00 3.500000e+01 -3.897114e+00
   vertex 2.250000e+00 4.000000e+00 -3.897114e+00
   vertex 2.581094e+00 4.000000e+00 -3.686184e+00
  endloop
 endfacet
 facet normal -5.372994e-01 0.000000e+00 8.433916e-01
  outer loop
   vertex 2.250000e+00 3.500000e+01 -3.897114e+00
   vertex 2.581094e+00 4.000000e+00 -3.686184e+00
   vertex 2.581094e+00 3.500000e+01 -3.686184e+00
  endloop
 endfacet
 facet normal -6.087614e-01 0.000000e+00 7.933533e-01
  outer loop
   vertex 2.581094e+00 3.500000e+01 -3.686184e+00
   vertex 2.581094e+00 4.000000e+00 -3.686184e+00
   vertex 2.892544e+00 4.000000e+00 -3.447200e+00
  endloop
 endfacet
 facet normal -6.087614e-01 0.000000e+00 7.933533e-01
  outer loop
   vertex 2.581094e+00 3.500000e+01 -3.686184e+00
   vertex 2.892544e+00 4.000000e+00 -3.447200e+00
   vertex 2.892544e+00 3.500000e+01 -3.447200e+00
  endloop
 endfacet
 facet normal -6.755886e-01 0.000000e+00 7.372788e-01
  outer loop
   vertex 2.892544e+00 3.500000e+01 -3.447200e+00
   vertex 2.892544e+00 4.000000e+00 -3.447200e+00
   vertex 3.181981e+00 4.000000e+00 -3.181981e+00
  endloop
 endfacet
 facet normal -6.755886e-01 0.000000e+00 7.372788e-01
  outer loop
   vertex 2.892544e+00 3.500000e+01 -3.447200e+00
   vertex 3.181981e+00 4.000000e+00 -3.181981e+00
   vertex 3.181981e+00 3.500000e+01 -3.181981e+00
  endloop
 endfacet
 facet normal -7.372788e-01 0.000000e+00 6.755886e-01
  outer loop
   vertex 3.181981e+00 3.500000e+01 -3.181981e+00
   vertex 3.181981e+00 4.000000e+00 -3.181981e+00
   vertex 3.447200e+00 4.000000e+00 -2.892544e+00
  endloop
 endfacet
 facet normal -7.372788e-01 0.000000e+00 6.755886e-01
  outer loop
   vertex 3.181981e+00 3.500000e+01 -3.181981e+00
   vertex 3.447200e+00 4.000000e+00 -2.892544e+00
   vertex 3.447200e+00 3.500000e+01 -2.892544e+00
  endloop
 endfacet
 facet normal -7.933533e-01 0.000000e+00 6.087614e-01
  outer loop
   vertex 3.447200e+00 3.500000e+01 -2.892544e+00
   vertex 3.447200e+00 4.000000e+00 -2.892544e+00
   vertex 3.686184e+00 4.000000e+00 -2.581094e+00
  endloop
 endfacet
 facet normal -7.933533e-01 0.000000e+00 6.087614e-01
  outer loop
   vertex 3.447200e+00 3.500000e+01 -2.892544e+00
   vertex 3.686184e+00 4.000000e+00 -2.581094e+00
   vertex 3.686184e+00 3.500000e+01 -2.581094e+00
  endloop
 endfacet
 facet normal -8.433916e-01 0.000000e+00 5.372994e-01
  outer loop
   vertex 3.686184e+00 3.500000e+01 -2.581094e+00
   vertex 3.686184e+00 4.000000e+00 -2.581094e+00
   vertex 3.897114e+00 4.000000e+00 -2.250000e+00
  endloop
 endfacet
 facet normal -8.433916e-01 0.000000e+00 5.372994e-01
  outer loop
   vertex 3.686184e+00 3.500000e+01 -2.581094e+00
   vertex 3.897114e+00 4.000000e+00 -2.250000e+00
   vertex 3.897114e+00 3.500000e+01 -2.250000e+00
  endloop
 endfacet
 facet normal -8.870106e-01 0.000000e+00 4.617490e-01
  outer loop
   vertex 3.897114e+00 3.500000e+01 -2.250000e+00
   vertex 3.897114e+00 4.000000e+00 -2.250000e+00
   vertex 4.078385e+00 4.000000e+00 -1.901782e+00
  endloop
 endfacet
 facet normal -8.870106e-01 0.000000e+00 4.617490e-01
  outer loop
   vertex 3.897114e+00 3.500000e+01 -2.250000e+00
   vertex 4.078385e+00 4.000000e+00 -1.901782e+00
   vertex 4.078385e+00 3.500000e+01 -1.901782e+00
  endloop
 endfacet
 facet normal -9.238791e-01 0.000000e+00 3.826845e-01
  outer loop
   vertex 4.078385e+00 3.500000e+01 -1.901782e+00
   vertex 4.078385e+00 4.000000e+00 -1.901782e+00
   vertex 4.228617e+00 4.000000e+00 -1.539091e+00
  endloop
 endfacet
 facet normal -9.238791e-01 0.000000e+00 3.826845e-01
  outer loop
   vertex 4.078385e+00 3.500000e+01 -1.901782e+00
   vertex 4.228617e+00 4.000000e+00 -1.539091e+00
   vertex 4.228617e+00 3.500000e+01 -1.539091e+00
  endloop
 endfacet
 facet normal -9.537173e-01 0.000000e+00 3.007048e-01
  outer loop
   vertex 4.228617e+00 3.500000e+01 -1.539091e+00
   vertex 4.228617e+00 4.000000e+00 -1.539091e+00
   vertex 4.346666e+00 4.000000e+00 -1.164686e+00
  endloop
 endfacet
 facet normal -9.537173e-01 0.000000e+00 3.007048e-01
  outer loop
   vertex 4.228617e+00 3.500000e+01 -1.539091e+00
   vertex 4.346666e+00 4.000000e+00 -1.164686e+00
   vertex 4.346666e+00 3.500000e+01 -1.164686e+00
  endloop
 endfacet
 facet normal -9.762958e-01 0.000000e+00 2.164404e-01
  outer loop
   vertex 4.346666e+00 3.500000e+01 -1.164686e+00
   vertex 4.346666e+00 4.000000e+00 -1.164686e+00
   vertex 4.431635e+00 4.000000e+00 -7.814170e-01
  endloop
 endfacet
 facet normal -9.762958e-01 0.000000e+00 2.164404e-01
  outer loop
   vertex 4.346666e+00 3.500000e+01 -1.164686e+00
   vertex 4.431635e+00 4.000000e+00 -7.814170e-01
   vertex 4.431635e+00 3.500000e+01 -7.814170e-01
  endloop
 endfacet
 facet normal -9.914449e-01 0.000000e+00 1.305255e-01
  outer loop
   vertex 4.431635e+00 3.500000e+01 -7.814170e-01
   vertex 4.431635e+00 4.000000e+00 -7.814170e-01
   vertex 4.482876e+00 4.000000e+00 -3.922010e-01
  endloop
 endfacet
 facet normal -9.914449e-01 0.000000e+00 1.305255e-01
  outer loop
   vertex 4.431635e+00 3.500000e+01 -7.814170e-01
   vertex 4.482876e+00 4.000000e+00 -3.922010e-01
   vertex 4.482876e+00 3.500000e+01 -3.922010e-01
  endloop
 endfacet
 facet normal -9.990482e-01 0.000000e+00 4.361973e-02
  outer loop
   vertex 4.482876e+00 3.500000e+01 -3.922010e-01
   vertex 4.482876e+00 4.000000e+00 -3.922010e-01
   vertex 4.500000e+00 4.000000e+00 0.000000e+00
  endloop
 endfacet
 facet normal -9.990482e-01 0.000000e+00 4.361973e-02
  outer loop
   vertex 4.482876e+00 3.500000e+01 -3.922010e-01
   vertex 4.500000e+00 4.000000e+00 0.000000e+00
   vertex 4.500000e+00 3.500000e+01 0.000000e+00
  endloop
 endfacet
 facet normal -9.913479e-01 -1.239185e-01 -4.328427e-02
  outer loop
   vertex 4.500000e+00 4.000000e+00 0.000000e+00
   vertex 5.000000e+00 0.000000e+00 0.000000e+00
   vertex 4.980973e+00 0.000000e+00 4.357790e-01
  endloop
 endfacet
 facet normal -9.913480e-01 -1.239184e-01 -4.328353e-02
  outer loop
   vertex 4.500000e+00 4.000000e+00 0.000000e+00
   vertex 4.980973e+00 0.000000e+00 4.357790e-01
   vertex 4.482876e+00 4.000000e+00 3.922010e-01
  endloop
 endfacet
 facet normal 0.000000e+00 1.000000e+00 0.000000e+00
  outer loop
   vertex 0.000000e+00 4.000000e+00 0.000000e+00
   vertex 4.482876e+00 4.000000e+00 3.922010e-01
   vertex 4.500000e+00 4.000000e+00 0.000000e+00
  endloop
 endfacet
 facet normal 0.000000e+00 -1.000000e+00 0.000000e+00
  outer loop
   vertex 0.000000e+00 0.000000e+00 0.000000e+00
   vertex 5.000000e+00 0.000000e+00 0.000000e+00
   vertex 4.980973e+00 0.000000e+00 4.357790e-01
  endloop
 endfacet
 facet normal -9.838034e-01 -1.239184e-01 -1.295186e-01
  outer loop
   vertex 4.482876e+00 4.000000e+00 3.922010e-01
   vertex 4.980973e+00 0.000000e+00 4.357790e-01
   vertex 4.924039e+00 0.000000e+00 8.682410e-01
  endloop
 endfacet
 facet normal -9.838033e-01 -1.239185e-01 -1.295195e-01
  outer loop
   vertex 4.482876e+00 4.000000e+00 3.922010e-01
   vertex 4.924039e+00 0.000000e+00 8.682410e-01
   vertex 4.431635e+00 4.000000e+00 7.814170e-01
  endloop
 endfacet
 facet normal 0.000000e+00 1.000000e+00 0.000000e+00
  outer loop
   vertex 0.000000e+00 4.000000e+00 0.000000e+00
   vertex 4.431635e+00 4.000000e+00 7.814170e-01
   vertex 4.482876e+00 4.000000e+00 3.922010e-01
  endloop
 endfacet
 facet normal 0.000000e+00 -1.000000e+00 0.000000e+00
  outer loop
   vertex 0.000000e+00 0.000000e+00 0.000000e+00
   vertex 4.980973e+00 0.000000e+00 4.357790e-01
   vertex 4.924039e+00 0.000000e+00 8.682410e-01
  endloop
 endfacet
 facet normal -9.687709e-01 -1.239185e-01 -2.147723e-01
  outer loop
   vertex 4.431635e+00 4.000000e+00 7.814170e-01
   vertex 4.924039e+00 0.000000e+00 8.682410e-01
   vertex 4.829629e+00 0.000000e+00 1.294095e+00
  endloop
 endfacet
 facet normal -9.687709e-01 -1.239185e-01 -2.147721e-01
  outer loop
   vertex 4.431635e+00 4.000000e+00 7.814170e-01
   vertex 4.829629e+00 0.000000e+00 1.294095e+00
   vertex 4.346666e+00 4.000000e+00 1.164686e+00
  endloop
 endfacet
 facet normal 0.000000e+00 1.000000e+00 0.000000e+00
  outer loop
   vertex 0.000000e+00 4.000000e+00 0.000000e+00
   vertex 4.346666e+00 4.000000e+00 1.164686e+00
   vertex 4.431635e+00 4.000000e+00 7.814170e-01
  endloop
 endfacet
 facet normal 0.000000e+00 -1.000000e+00 0.000000e+00
  outer loop
   vertex 0.000000e+00 0.000000e+00 0.000000e+00
   vertex 4.924039e+00 0.000000e+00 8.682410e-01
   vertex 4.829629e+00 0.000000e+00 1.294095e+00
  endloop
 endfacet
 facet normal -9.463662e-01 -1.239185e-01 -2.983877e-01
  outer loop
   vertex 4.346666e+00 4.000000e+00 1.164686e+00
   vertex 4.829629e+00 0.000000e+00 1.294095e+00
   vertex 4.698463e+00 0.000000e+00 1.710101e+00
  endloop
 endfacet
 facet normal -9.463664e-01 -1.239184e-01 -2.983871e-01
  outer loop
   vertex 4.346666e+00 4.000000e+00 1.164686e+00
   vertex 4.698463e+00 0.000000e+00 1.710101e+00
   vertex 4.228617e+00 4.000000e+00 1.539091e+00
  endloop
 endfacet
 facet normal 0.000000e+00 1.000000e+00 0.000000e+00
  outer loop
   vertex 0.000000e+00 4.000000e+00 0.000000e+00
   vertex 4.228617e+00 4.000000e+00 1.539091e+00
   vertex 4.346666e+00 4.000000e+00 1.164686e+00
  endloop
 endfacet
 facet normal 0.000000e+00 -1.000000e+00 0.000000e+00
  outer loop
   vertex 0.000000e+00 0.000000e+00 0.000000e+00
   vertex 4.829629e+00 0.000000e+00 1.294095e+00
   vertex 4.698463e+00 0.000000e+00 1.710101e+00
  endloop
 endfacet
 facet normal -9.167586e-01 -1.239184e-01 -3.797340e-01
  outer loop
   vertex 4.228617e+00 4.000000e+00 1.539091e+00
   vertex 4.698463e+00 0.000000e+00 1.710101e+00
   vertex 4.531539e+00 0.000000e+00 2.113091e+00
  endloop
 endfacet
 facet normal -9.167582e-01 -1.239185e-01 -3.797349e-01
  outer loop
   vertex 4.228617e+00 4.000000e+00 1.539091e+00
   vertex 4.531539e+00 0.000000e+00 2.113091e+00
   vertex 4.078385e+00 4.000000e+00 1.901782e+00
  endloop
 endfacet
 facet normal 0.000000e+00 1.000000e+00 0.000000e+00
  outer loop
   vertex 0.000000e+00 4.000000e+00 0.000000e+00
   vertex 4.078385e+00 4.000000e+00 1.901782e+00
   vertex 4.228617e+00 4.000000e+00 1.539091e+00
  endloop
 endfacet
 facet normal 0.000000e+00 -1.000000e+00 0.000000e+00
  outer loop
   vertex 0.000000e+00 0.000000e+00 0.000000e+00
   vertex 4.698463e+00 0.000000e+00 1.710101e+00
   vertex 4.531539e+00 0.000000e+00 2.113091e+00
  endloop
 endfacet
 facet normal -8.801742e-01 -1.239185e-01 -4.581895e-01
  outer loop
   vertex 4.078385e+00 4.000000e+00 1.901782e+00
   vertex 4.531539e+00 0.000000e+00 2.113091e+00
   vertex 4.330127e+00 0.000000e+00 2.500000e+00
  endloop
 endfacet
 facet normal -8.801739e-01 -1.239186e-01 -4.581900e-01
  outer loop
   vertex 4.078385e+00 4.000000e+00 1.901782e+00
   vertex 4.330127e+00 0.000000e+00 2.500000e+00
   vertex 3.897114e+00 4.000000e+00 2.250000e+00
  endloop
 endfacet
 facet normal 0.000000e+00 1.000000e+00 0.000000e+00
  outer loop
   vertex 0.000000e+00 4.000000e+00 0.000000e+00
   vertex 3.897114e+00 4.000000e+00 2.250000e+00
   vertex 4.078385e+00 4.000000e+00 1.901782e+00
  endloop
 endfacet
 facet normal 0.000000e+00 -1.000000e+00 0.000000e+00
  outer loop
   vertex 0.000000e+00 0.000000e+00 0.000000e+00
   vertex 4.531539e+00 0.000000e+00 2.113091e+00
   vertex 4.330127e+00 0.000000e+00 2.500000e+00
  endloop
 endfacet
 facet normal -8.368906e-01 -1.239186e-01 -5.331588e-01
  outer loop
   vertex 3.897114e+00 4.000000e+00 2.250000e+00
   vertex 4.330127e+00 0.000000e+00 2.500000e+00
   vertex 4.095760e+00 0.000000e+00 2.867882e+00
  endloop
 endfacet
 facet normal -8.368911e-01 -1.239185e-01 -5.331581e-01
  outer loop
   vertex 3.897114e+00 4.000000e+00 2.250000e+00
   vertex 4.095760e+00 0.000000e+00 2.867882e+00
   vertex 3.686184e+00 4.000000e+00 2.581094e+00
  endloop
 endfacet
 facet normal 0.000000e+00 1.000000e+00 0.000000e+00
  outer loop
   vertex 0.000000e+00 4.000000e+00 0.000000e+00
   vertex 3.686184e+00 4.000000e+00 2.581094e+00
   vertex 3.897114e+00 4.000000e+00 2.250000e+00
  endloop
 endfacet
 facet normal 0.000000e+00 -1.000000e+00 0.000000e+00
  outer loop
   vertex 0.000000e+00 0.000000e+00 0.000000e+00
   vertex 4.330127e+00 0.000000e+00 2.500000e+00
   vertex 4.095760e+00 0.000000e+00 2.867882e+00
  endloop
 endfacet
 facet normal -7.872386e-01 -1.239185e-01 -6.040692e-01
  outer loop
   vertex 3.686184e+00 4.000000e+00 2.581094e+00
   vertex 4.095760e+00 0.000000e+00 2.867882e+00
   vertex 3.830222e+00 0.000000e+00 3.213938e+00
  endloop
 endfacet
 facet normal -7.872385e-01 -1.239185e-01 -6.040694e-01
  outer loop
   vertex 3.686184e+00 4.000000e+00 2.581094e+00
   vertex 3.830222e+00 0.000000e+00 3.213938e+00
   vertex 3.447200e+00 4.000000e+00 2.892544e+00
  endloop
 endfacet
 facet normal 0.000000e+00 1.000000e+00 0.000000e+00
  outer loop
   vertex 0.000000e+00 4.000000e+00 0.000000e+00
   vertex 3.447200e+00 4.000000e+00 2.892544e+00
   vertex 3.686184e+00 4.000000e+00 2.581094e+00
  endloop
 endfacet
 facet normal 0.000000e+00 -1.000000e+00 0.000000e+00
  outer loop
   vertex 0.000000e+00 0.000000e+00 0.000000e+00
   vertex 4.095760e+00 0.000000e+00 2.867882e+00
   vertex 3.830222e+00 0.000000e+00 3.213938e+00
  endloop
 endfacet
 facet normal -7.315952e-01 -1.239185e-01 -6.703825e-01
  outer loop
   vertex 3.447200e+00 4.000000e+00 2.892544e+00
   vertex 3.830222e+00 0.000000e+00 3.213938e+00
   vertex 3.535534e+00 0.000000e+00 3.535534e+00
  endloop
 endfacet
 facet normal -7.315962e-01 -1.239183e-01 -6.703815e-01
  outer loop
   vertex 3.447200e+00 4.000000e+00 2.892544e+00
   vertex 3.535534e+00 0.000000e+00 3.535534e+00
   vertex 3.181981e+00 4.000000e+00 3.181981e+00
  endloop
 endfacet
 facet normal 0.000000e+00 1.000000e+00 0.000000e+00
  outer loop
   vertex 0.000000e+00 4.000000e+00 0.000000e+00
   vertex 3.181981e+00 4.000000e+00 3.181981e+00
   vertex 3.447200e+00 4.000000e+00 2.892544e+00
  endloop
 endfacet
 facet normal 0.000000e+00 -1.000000e+00 0.000000e+00
  outer loop
   vertex 0.000000e+00 0.000000e+00 0.000000e+00
   vertex 3.830222e+00 0.000000e+00 3.213938e+00
   vertex 3.535534e+00 0.000000e+00 3.535534e+00
  endloop
 endfacet
 facet normal -6.703825e-01 -1.239184e-01 -7.315952e-01
  outer loop
   vertex 3.181981e+00 4.000000e+00 3.181981e+00
   vertex 3.535534e+00 0.000000e+00 3.535534e+00
   vertex 3.213938e+00 0.000000e+00 3.830222e+00
  endloop
 endfacet
 facet normal -6.703815e-01 -1.239185e-01 -7.315961e-01
  outer loop
   vertex 3.181981e+00 4.000000e+00 3.181981e+00
   vertex 3.213938e+00 0.000000e+00 3.830222e+00
   vertex 2.892544e+00 4.000000e+00 3.447200e+00
  endloop
 endfacet
 facet normal 0.000000e+00 1.000000e+00 0.000000e+00
  outer loop
   vertex 0.000000e+00 4.000000e+00 0.000000e+00
   vertex 2.892544e+00 4.000000e+00 3.447200e+00
   vertex 3.181981e+00 4.000000e+00 3.181981e+00
  endloop
 endfacet
 facet normal 0.000000e+00 -1.000000e+00 0.000000e+00
  outer loop
   vertex 0.000000e+00 0.000000e+00 0.000000e+00
   vertex 3.535534e+00 0.000000e+00 3.535534e+00
   vertex 3.213938e+00 0.000000e+00 3.830222e+00
  endloop
 endfacet
 facet normal -6.040692e-01 -1.239185e-01 -7.872386e-01
  outer loop
   vertex 2.892544e+00 4.000000e+00 3.447200e+00
   vertex 3.213938e+00 0.000000e+00 3.830222e+00
   vertex 2.867882e+00 0.000000e+00 4.095760e+00
  endloop
 endfacet
 facet normal -6.040694e-01 -1.239185e-01 -7.872385e-01
  outer loop
   vertex 2.892544e+00 4.000000e+00 3.447200e+00
   vertex 2.867882e+00 0.000000e+00 4.095760e+00
   vertex 2.581094e+00 4.000000e+00 3.686184e+00
  endloop
 endfacet
 facet normal 0.000000e+00 1.000000e+00 0.000000e+00
  outer loop
   vertex 0.000000e+00 4.000000e+00 0.000000e+00
   vertex 2.581094e+00 4.000000e+00 3.686184e+00
   vertex 2.892544e+00 4.000000e+00 3.447200e+00
  endloop
 endfacet
 facet normal 0.000000e+00 -1.000000e+00 0.000000e+00
  outer loop
   vertex 0.000000e+00 0.000000e+00 0.000000e+00
   vertex 3.213938e+00 0.000000e+00 3.830222e+00
   vertex 2.867882e+00 0.000000e+00 4.095760e+00
  endloop
 endfacet
 facet normal -5.331588e-01 -1.239185e-01 -8.368906e-01
  outer loop
   vertex 2.581094e+00 4.000000e+00 3.686184e+00
   vertex 2.867882e+00 0.000000e+00 4.095760e+00
   vertex 2.500000e+00 0.000000e+00 4.330127e+00
  endloop
 endfacet
 facet normal -5.331581e-01 -1.239186e-01 -8.368911e-01
  outer loop
   vertex 2.581094e+00 4.000000e+00 3.686184e+00
   vertex 2.500000e+00 0.000000e+00 4.330127e+00
   vertex 2.250000e+00 4.000000e+00 3.897114e+00
  endloop
 endfacet
 facet normal 0.000000e+00 1.000000e+00 0.000000e+00
  outer loop
   vertex 0.000000e+00 4.000000e+00 0.000000e+00
   vertex 2.250000e+00 4.000000e+00 3.897114e+00
   vertex 2.581094e+00 4.000000e+00 3.686184e+00
  endloop
 endfacet
 facet normal 0.000000e+00 -1.000000e+00 0.000000e+00
  outer loop
   vertex 0.000000e+00 0.000000e+00 0.000000e+00
   vertex 2.867882e+00 0.000000e+00 4.095760e+00
   vertex 2.500000e+00 0.000000e+00 4.330127e+00
  endloop
 endfacet
 facet normal -4.581895e-01 -1.239186e-01 -8.801742e-01
  outer loop
   vertex 2.250000e+00 4.000000e+00 3.897114e+00
   vertex 2.500000e+00 0.000000e+00 4.330127e+00
   vertex 2.113091e+00 0.000000e+00 4.531539e+00
  endloop
 endfacet
 facet normal -4.581900e-01 -1.239185e-01 -8.801739e-01
  outer loop
   vertex 2.250000e+00 4.000000e+00 3.897114e+00
   vertex 2.113091e+00 0.000000e+00 4.531539e+00
   vertex 1.901782e+00 4.000000e+00 4.078385e+00
  endloop
 endfacet
 facet normal 0.000000e+00 1.000000e+00 0.000000e+00
  outer loop
   vertex 0.000000e+00 4.000000e+00 0.000000e+00
   vertex 1.901782e+00 4.000000e+00 4.078385e+00
   vertex 2.250000e+00 4.000000e+00 3.897114e+00
  endloop
 endfacet
 facet normal 0.000000e+00 -1.000000e+00 0.000000e+00
  outer loop
   vertex 0.000000e+00 0.000000e+00 0.000000e+00
   vertex 2.500000e+00 0.000000e+00 4.330127e+00
   vertex 2.113091e+00 0.000000e+00 4.531539e+00
  endloop
 endfacet
 facet normal -3.797340e-01 -1.239185e-01 -9.167586e-01
  outer loop
   vertex 1.901782e+00 4.000000e+00 4.078385e+00
   vertex 2.113091e+00 0.000000e+00 4.531539e+00
   vertex 1.710101e+00 0.000000e+00 4.698463e+00
  endloop
 endfacet
 facet normal -3.797349e-01 -1.239184e-01 -9.167582e-01
  outer loop
   vertex 1.901782e+00 4.000000e+00 4.078385e+00
   vertex 1.710101e+00 0.000000e+00 4.698463e+00
   vertex 1.539091e+00 4.000000e+00 4.228617e+00
  endloop
 endfacet
 facet normal 0.000000e+00 1.000000e+00 0.000000e+00
  outer loop
   vertex 0.000000e+00 4.000000e+00 0.000000e+00
   vertex 1.539091e+00 4.000000e+00 4.228617e+00
   vertex 1.901782e+00 4.000000e+00 4.078385e+00
  endloop
 endfacet
 facet normal 0.000000e+00 -1.000000e+00 0.000000e+00
  outer loop
   vertex 0.000000e+00 0.000000e+00 0.000000e+00
   vertex 2.113091e+00 0.000000e+00 4.531539e+00
   vertex 1.710101e+00 0.000000e+00 4.698463e+00
  endloop
 endfacet
 facet normal -2.983877e-01 -1.239184e-01 -9.463662e-01
  outer loop
   vertex 1.539091e+00 4.000000e+00 4.228617e+00
   vertex 1.710101e+00 0.000000e+00 4.698463e+00
   vertex 1.294095e+00 0.000000e+00 4.829629e+00
  endloop
 endfacet
 facet normal -2.983871e-01 -1.239185e-01 -9.463664e-01
  outer loop
   vertex 1.539091e+00 4.000000e+00 4.228617e+00
   vertex 1.294095e+00 0.000000e+00 4.829629e+00
   vertex 1.164686e+00 4.000000e+00 4.346666e+00
  endloop
 endfacet
 facet normal 0.000000e+00 1.000000e+00 0.000000e+00
  outer loop
   vertex 0.000000e+00 4.000000e+00 0.000000e+00
   vertex 1.164686e+00 4.000000e+00 4.346666e+00
   vertex 1.539091e+00 4.000000e+00 4.228617e+00
  endloop
 endfacet
 facet normal 0.000000e+00 -1.000000e+00 0.000000e+00
  outer loop
   vertex 0.000000e+00 0.000000e+00 0.000000e+00
   vertex 1.710101e+00 0.000000e+00 4.698463e+00
   vertex 1.294095e+00 0.000000e+00 4.829629e+00
  endloop
 endfacet
 facet normal -2.147723e-01 -1.239185e-01 -9.687709e-01
  outer loop
   vertex 1.164686e+00 4.000000e+00 4.346666e+00
   vertex 1.294095e+00 0.000000e+00 4.829629e+00
   vertex 8.682410e-01 0.000000e+00 4.924039e+00
  endloop
 endfacet
 facet normal -2.147721e-01 -1.239185e-01 -9.687709e-01
  outer loop
   vertex 1.164686e+00 4.000000e+00 4.346666e+00
   vertex 8.682410e-01 0.000000e+00 4.924039e+00
   vertex 7.814170e-01 4.000000e+00 4.431635e+00
  endloop
 endfacet
 facet normal 0.000000e+00 1.000000e+00 0.000000e+00
  outer loop
   vertex 0.000000e+00 4.000000e+00 0.000000e+00
   vertex 7.814170e-01 4.000000e+00 4.431635e+00
   vertex 1.164686e+00 4.000000e+00 4.346666e+00
  endloop
 endfacet
 facet normal 0.000000e+00 -1.000000e+00 0.000000e+00
  outer loop
   vertex 0.000000e+00 0.000000e+00 0.000000e+00
   vertex 1.294095e+00 0.000000e+00 4.829629e+00
   vertex 8.682410e-01 0.000000e+00 4.924039e+00
  endloop
 endfacet
 facet normal -1.295186e-01 -1.239185e-01 -9.838034e-01
  outer loop
   vertex 7.814170e-01 4.000000e+00 4.431635e+00
   vertex 8.682410e-01 0.000000e+00 4.924039e+00
   vertex 4.357790e-01 0.000000e+00 4.980973e+00
  endloop
 endfacet
 facet normal -1.295195e-01 -1.239184e-01 -9.838033e-01
  outer loop
   vertex 7.814170e-01 4.000000e+00 4.431635e+00
   vertex 4.357790e-01 0.000000e+00 4.980973e+00
   vertex 3.922010e-01 4.000000e+00 4.482876e+00
  endloop
 endfacet
 facet normal 0.000000e+00 1.000000e+00 0.000000e+00
  outer loop
   vertex 0.000000e+00 4.000000e+00 0.000000e+00
   vertex 3.922010e-01 4.000000e+00 4.482876e+00
   vertex 7.814170e-01 4.000000e+00 4.431635e+00
  endloop
 endfacet
 facet normal 0.000000e+00 -1.000000e+00 0.000000e+00
  outer loop
   vertex 0.000000e+00 0.000000e+00 0.000000e+00
   vertex 8.682410e-01 0.000000e+00 4.924039e+00
   vertex 4.357790e-01 0.000000e+00 4.980973e+00
  endloop
 endfacet
 facet normal -4.328427e-02 -1.239184e-01 -9.913479e-01
  outer loop
   vertex 3.922010e-01 4.000000e+00 4.482876e+00
   vertex 4.357790e-01 0.000000e+00 4.980973e+00
   vertex 0.000000e+00 0.000000e+00 5.000000e+00
  endloop
 endfacet
 facet normal -4.328353e-02 -1.239185e-01 -9.913479e-01
  outer loop
   vertex 3.922010e-01 4.000000e+00 4.482876e+00
   vertex 0.000000e+00 0.000000e+00 5.000000e+00
   vertex 0.000000e+00 4.000000e+00 4.500000e+00
  endloop
 endfacet
 facet normal 0.000000e+00 1.000000e+00 0.000000e+00
  outer loop
   vertex 0.000000e+00 4.000000e+00 0.000000e+00
   vertex 0.000000e+00 4.000000e+00 4.500000e+00
   vertex 3.922010e-01 4.000000e+00 4.482876e+00
  endloop
 endfacet
 facet normal 0.000000e+00 -1.000000e+00 0.000000e+00
  outer loop
   vertex 0.000000e+00 0.000000e+00 0.000000e+00
   vertex 4.357790e-01 0.000000e+00 4.980973e+00
   vertex 0.000000e+00 0.000000e+00 5.000000e+00
  endloop
 endfacet
 facet normal 4.328427e-02 -1.239185e-01 -9.913479e-01
  outer loop
   vertex 0.000000e+00 4.000000e+00 4.500000e+00
   vertex 0.000000e+00 0.000000e+00 5.000000e+00
   vertex -4.357790e-01 0.000000e+00 4.980973e+00
  endloop
 endfacet
 facet normal 4.328353e-02 -1.239184e-01 -9.913480e-01
  outer loop
   vertex 0.000000e+00 4.000000e+00 4.500000e+00
   vertex -4.357790e-01 0.000000e+00 4.980973e+00
   vertex -3.922010e-01 4.000000e+00 4.482876e+00
  endloop
 endfacet
 facet normal 0.000000e+00 1.000000e+00 -0.000000e+00
  outer loop
   vertex 0.000000e+00 4.000000e+00 0.000000e+00
   vertex -3.922010e-01 4.000000e+00 4.482876e+00
   vertex 0.000000e+00 4.000000e+00 4.500000e+00
  endloop
 endfacet
 facet normal 0.000000e+00 -1.000000e+00 0.000000e+00
  outer loop
   vertex 0.000000e+00 0.000000e+00 0.000000e+00
   vertex 0.000000e+00 0.000000e+00 5.000000e+00
   vertex -4.357790e-01 0.000000e+00 4.980973e+00
  endloop
 endfacet
 facet normal 1.295186e-01 -1.239184e-01 -9.838034e-01
  outer loop
   vertex -3.922010e-01 4.000000e+00 4.482876e+00
   vertex -4.357790e-01 0.000000e+00 4.980973e+00
   vertex -8.682410e-01 0.000000e+00 4.924039e+00
  endloop
 endfacet
 facet normal 1.295195e-01 -1.239185e-01 -9.838033e-01
  outer loop
   vertex -3.922010e-01 4.000000e+00 4.482876e+00
   vertex -8.682410e-01 0.000000e+00 4.924039e+00
   vertex -7.814170e-01 4.000000e+00 4.431635e+00
  endloop
 endfacet
 facet normal 0.000000e+00 1.000000e+00 0.000000e+00
  outer loop
   vertex 0.000000e+00 4.000000e+00 0.000000e+00
   vertex -7.814170e-01 4.000000e+00 4.431635e+00
   vertex -3.922010e-01 4.000000e+00 4.482876e+00
  endloop
 endfacet
 facet normal 0.000000e+00 -1.000000e+00 0.000000e+00
  outer loop
   vertex 0.000000e+00 0.000000e+00 0.000000e+00
   vertex -4.357790e-01 0.000000e+00 4.980973e+00
   vertex -8.682410e-01 0.000000e+00 4.924039e+00
  endloop
 endfacet
 facet normal 2.147723e-01 -1.239185e-01 -9.687709e-01
  outer loop
   vertex -7.814170e-01 4.000000e+00 4.431635e+00
   vertex -8.682410e-01 0.000000e+00 4.924039e+00
   vertex -1.294095e+00 0.000000e+00 4.829629e+00
  endloop
 endfacet
 facet normal 2.147721e-01 -1.239185e-01 -9.687709e-01
  outer loop
   vertex -7.814170e-01 4.000000e+00 4.431635e+00
   vertex -1.294095e+00 0.000000e+00 4.829629e+00
   vertex -1.164686e+00 4.000000e+00 4.346666e+00
  endloop
 endfacet
 facet normal 0.000000e+00 1.000000e+00 0.000000e+00
  outer loop
   vertex 0.000000e+00 4.000000e+00 0.000000e+00
   vertex -1.164686e+00 4.000000e+00 4.346666e+00
   vertex -7.814170e-01 4.000000e+00 4.431635e+00
  endloop
 endfacet
 facet normal 0.000000e+00 -1.000000e+00 0.000000e+00
  outer loop
   vertex 0.000000e+00 0.000000e+00 0.000000e+00
   vertex -8.682410e-01 0.000000e+00 4.924039e+00
   vertex -1.294095e+00 0.000000e+00 4.829629e+00
  endloop
 endfacet
 facet normal 2.983877e-01 -1.239185e-01 -9.463662e-01
  outer loop
   vertex -1.164686e+00 4.000000e+00 4.346666e+00
   vertex -1.294095e+00 0.000000e+00 4.829629e+00
   vertex -1.710101e+00 0.000000e+00 4.698463e+00
  endloop
 endfacet
 facet normal 2.983871e-01 -1.239184e-01 -9.463664e-01
  outer loop
   vertex -1.164686e+00 4.000000e+00 4.346666e+00
   vertex -1.710101e+00 0.000000e+00 4.698463e+00
   vertex -1.539091e+00 4.000000e+00 4.228617e+00
  endloop
 endfacet
 facet normal 0.000000e+00 1.000000e+00 0.000000e+00
  outer loop
   vertex 0.000000e+00 4.000000e+00 0.000000e+00
   vertex -1.539091e+00 4.000000e+00 4.228617e+00
   vertex -1.164686e+00 4.000000e+00 4.346666e+00
  endloop
 endfacet
 facet normal 0.000000e+00 -1.000000e+00 0.000000e+00
  outer loop
   vertex 0.000000e+00 0.000000e+00 0.000000e+00
   vertex -1.294095e+00 0.000000e+00 4.829629e+00
   vertex -1.710101e+00 0.000000e+00 4.698463e+00
  endloop
 endfacet
 facet normal 3.797340e-01 -1.239184e-01 -9.167586e-01
  outer loop
   vertex -1.539091e+00 4.000000e+00 4.228617e+00
   vertex -1.710101e+00 0.000000e+00 4.698463e+00
   vertex -2.113091e+00 0.000000e+00 4.531539e+00
  endloop
 endfacet
 facet normal 3.797349e-01 -1.239185e-01 -9.167582e-01
  outer loop
   vertex -1.539091e+00 4.000000e+00 4.228617e+00
   vertex -2.113091e+00 0.000000e+00 4.531539e+00
   vertex -1.901782e+00 4.000000e+00 4.078385e+00
  endloop
 endfacet
 facet normal 0.000000e+00 1.000000e+00 0.000000e+00
  outer loop
   vertex 0.000000e+00 4.000000e+00 0.000000e+00
   vertex -1.901782e+00 4.000000e+00 4.078385e+00
   vertex -1.539091e+00 4.000000e+00 4.228617e+00
  endloop
 endfacet
 facet normal 0.000000e+00 -1.000000e+00 0.000000e+00
  outer loop
   vertex 0.000000e+00 0.000000e+00 0.000000e+00
   vertex -1.710101e+00 0.000000e+00 4.698463e+00
   vertex -2.113091e+00 0.000000e+00 4.531539e+00
  endloop
 endfacet
 facet normal 4.581895e-01 -1.239185e-01 -8.801742e-01
  outer loop
   vertex -1.901782e+00 4.000000e+00 4.078385e+00
   vertex -2.113091e+00 0.000000e+00 4.531539e+00
   vertex -2.500000e+00 0.000000e+00 4.330127e+00
  endloop
 endfacet
 facet normal 4.581900e-01 -1.239186e-01 -8.801739e-01
  outer loop
   vertex -1.901782e+00 4.000000e+00 4.078385e+00
   vertex -2.500000e+00 0.000000e+00 4.330127e+00
   vertex -2.250000e+00 4.000000e+00 3.897114e+00
  endloop
 endfacet
 facet normal 0.000000e+00 1.000000e+00 0.000000e+00
  outer loop
   vertex 0.000000e+00 4.000000e+00 0.000000e+00
   vertex -2.250000e+00 4.000000e+00 3.897114e+00
   vertex -1.901782e+00 4.000000e+00 4.078385e+00
  endloop
 endfacet
 facet normal 0.000000e+00 -1.000000e+00 0.000000e+00
  outer loop
   vertex 0.000000e+00 0.000000e+00 0.000000e+00
   vertex -2.113091e+00 0.000000e+00 4.531539e+00
   vertex -2.500000e+00 0.000000e+00 4.330127e+00
  endloop
 endfacet
 facet normal 5.331588e-01 -1.239186e-01 -8.368906e-01
  outer loop
   vertex -2.250000e+00 4.000000e+00 3.897114e+00
   vertex -2.500000e+00 0.000000e+00 4.330127e+00
   vertex -2.867882e+00 0.000000e+00 4.095760e+00
  endloop
 endfacet
 facet normal 5.331581e-01 -1.239185e-01 -8.368911e-01
  outer loop
   vertex -2.250000e+00 4.000000e+00 3.897114e+00
   vertex -2.867882e+00 0.000000e+00 4.095760e+00
   vertex -2.581094e+00 4.000000e+00 3.686184e+00
  endloop
 endfacet
 facet normal 0.000000e+00 1.000000e+00 0.000000e+00
  outer loop
   vertex 0.000000e+00 4.000000e+00 0.000000e+00
   vertex -2.581094e+00 4.000000e+00 3.686184e+00
   vertex -2.250000e+00 4.000000e+00 3.897114e+00
  endloop
 endfacet
 facet normal 0.000000e+00 -1.000000e+00 0.000000e+00
  outer loop
   vertex 0.000000e+00 0.000000e+00 0.000000e+00
   vertex -2.500000e+00 0.000000e+00 4.330127e+00
   vertex -2.867882e+00 0.000000e+00 4.095760e+00
  endloop
 endfacet
 facet normal 6.040692e-01 -1.239185e-01 -7.872386e-01
  outer loop
   vertex -2.581094e+00 4.000000e+00 3.686184e+00
   vertex -2.867882e+00 0.000000e+00 4.095760e+00
   vertex -3.213938e+00 0.000000e+00 3.830222e+00
  endloop
 endfacet
 facet normal 6.040694e-01 -1.239185e-01 -7.872385e-01
  outer loop
   vertex -2.581094e+00 4.000000e+00 3.686184e+00
   vertex -3.213938e+00 0.000000e+00 3.830222e+00
   vertex -2.892544e+00 4.000000e+00 3.447200e+00
  endloop
 endfacet
 facet normal 0.000000e+00 1.000000e+00 0.000000e+00
  outer loop
   vertex 0.000000e+00 4.000000e+00 0.000000e+00
   vertex -2.892544e+00 4.000000e+00 3.447200e+00
   vertex -2.581094e+00 4.000000e+00 3.686184e+00
  endloop
 endfacet
 facet normal 0.000000e+00 -1.000000e+00 0.000000e+00
  outer loop
   vertex 0.000000e+00 0.000000e+00 0.000000e+00
   vertex -2.867882e+00 0.000000e+00 4.095760e+00
   vertex -3.213938e+00 0.000000e+00 3.830222e+00
  endloop
 endfacet
 facet normal 6.703825e-01 -1.239185e-01 -7.315952e-01
  outer loop
   vertex -2.892544e+00 4.000000e+00 3.447200e+00
   vertex -3.213938e+00 0.000000e+00 3.830222e+00
   vertex -3.535534e+00 0.000000e+00 3.535534e+00
  endloop
 endfacet
 facet normal 6.703815e-01 -1.239183e-01 -7.315962e-01
  outer loop
   vertex -2.892544e+00 4.000000e+00 3.447200e+00
   vertex -3.535534e+00 0.000000e+00 3.535534e+00
   vertex -3.181981e+00 4.000000e+00 3.181981e+00
  endloop
 endfacet
 facet normal 0.000000e+00 1.000000e+00 0.000000e+00
  outer loop
   vertex 0.000000e+00 4.000000e+00 0.000000e+00
   vertex -3.181981e+00 4.000000e+00 3.181981e+00
   vertex -2.892544e+00 4.000000e+00 3.447200e+00
  endloop
 endfacet
 facet normal 0.000000e+00 -1.000000e+00 0.000000e+00
  outer loop
   vertex 0.000000e+00 0.000000e+00 0.000000e+00
   vertex -3.213938e+00 0.000000e+00 3.830222e+00
   vertex -3.535534e+00 0.000000e+00 3.535534e+00
  endloop
 endfacet
 facet normal 7.315952e-01 -1.239184e-01 -6.703825e-01
  outer loop
   vertex -3.181981e+00 4.000000e+00 3.181981e+00
   vertex -3.535534e+00 0.000000e+00 3.535534e+00
   vertex -3.830222e+00 0.000000e+00 3.213938e+00
  endloop
 endfacet
 facet normal 7.315961e-01 -1.239185e-01 -6.703815e-01
  outer loop
   vertex -3.181981e+00 4.000000e+00 3.181981e+00
   vertex -3.830222e+00 0.000000e+00 3.213938e+00
   vertex -3.447200e+00 4.000000e+00 2.892544e+00
  endloop
 endfacet
 facet normal 0.000000e+00 1.000000e+00 0.000000e+00
  outer loop
   vertex 0.000000e+00 4.000000e+00 0.000000e+00
   vertex -3.447200e+00 4.000000e+00 2.892544e+00
   vertex -3.181981e+00 4.000000e+00 3.181981e+00
  endloop
 endfacet
 facet normal 0.000000e+00 -1.000000e+00 0.000000e+00
  outer loop
   vertex 0.000000e+00 0.000000e+00 0.000000e+00
   vertex -3.535534e+00 0.000000e+00 3.535534e+00
   vertex -3.830222e+00 0.000000e+00 3.213938e+00
  endloop
 endfacet
 facet normal 7.872386e-01 -1.239185e-01 -6.040692e-01
  outer loop
   vertex -3.447200e+00 4.000000e+00 2.892544e+00
   vertex -3.830222e+00 0.000000e+00 3.213938e+00
   vertex -4.095760e+00 0.000000e+00 2.867882e+00
  endloop
 endfacet
 facet normal 7.872385e-01 -1.239185e-01 -6.040694e-01
  outer loop
   vertex -3.447200e+00 4.000000e+00 2.892544e+00
   vertex -4.095760e+00 0.000000e+00 2.867882e+00
   vertex -3.686184e+00 4.000000e+00 2.581094e+00
  endloop
 endfacet
 facet normal 0.000000e+00 1.000000e+00 0.000000e+00
  outer loop
   vertex 0.000000e+00 4.000000e+00 0.000000e+00
   vertex -3.686184e+00 4.000000e+00 2.581094e+00
   vertex -3.447200e+00 4.000000e+00 2.892544e+00
  endloop
 endfacet
 facet normal 0.000000e+00 -1.000000e+00 0.000000e+00
  outer loop
   vertex 0.000000e+00 0.000000e+00 0.000000e+00
   vertex -3.830222e+00 0.000000e+00 3.213938e+00
   vertex -4.095760e+00 0.000000e+00 2.867882e+00
  endloop
 endfacet
 facet normal 8.368906e-01 -1.239185e-01 -5.331588e-01
  outer loop
   vertex -3.686184e+00 4.000000e+00 2.581094e+00
   vertex -4.095760e+00 0.000000e+00 2.867882e+00
   vertex -4.330127e+00 0.000000e+00 2.500000e+00
  endloop
 endfacet
 facet normal 8.368911e-01 -1.239186e-01 -5.331581e-01
  outer loop
   vertex -3.686184e+00 4.000000e+00 2.581094e+00
   vertex -4.330127e+00 0.000000e+00 2.500000e+00
   vertex -3.897114e+00 4.000000e+00 2.250000e+00
  endloop
 endfacet
 facet normal 0.000000e+00 1.000000e+00 0.000000e+00
  outer loop
   vertex 0.000000e+00 4.000000e+00 0.000000e+00
   vertex -3.897114e+00 4.000000e+00 2.250000e+00
   vertex -3.686184e+00 4.000000e+00 2.581094e+00
  endloop
 endfacet
 facet normal 0.000000e+00 -1.000000e+00 0.000000e+00
  outer loop
   vertex 0.000000e+00 0.000000e+00 0.000000e+00
   vertex -4.095760e+00 0.000000e+00 2.867882e+00
   vertex -4.330127e+00 0.000000e+00 2.500000e+00
  endloop
 endfacet
 facet normal 8.801742e-01 -1.239186e-01 -4.581895e-01
  outer loop
   vertex -3.897114e+00 4.000000e+00 2.250000e+00
   vertex -4.330127e+00 0.000000e+00 2.500000e+00
   vertex -4.531539e+00 0.000000e+00 2.113091e+00
  endloop
 endfacet
 facet normal 8.801739e-01 -1.239185e-01 -4.581900e-01
  outer loop
   vertex -3.897114e+00 4.000000e+00 2.250000e+00
   vertex -4.531539e+00 0.000000e+00 2.113091e+00
   vertex -4.078385e+00 4.000000e+00 1.901782e+00
  endloop
 endfacet
 facet normal 0.000000e+00 1.000000e+00 0.000000e+00
  outer loop
   vertex 0.000000e+00 4.000000e+00 0.000000e+00
   vertex -4.078385e+00 4.000000e+00 1.901782e+00
   vertex -3.897114e+00 4.000000e+00 2.250000e+00
  endloop
 endfacet
 facet normal 0.000000e+00 -1.000000e+00 0.000000e+00
  outer loop
   vertex 0.000000e+00 0.000000e+00 0.000000e+00
   vertex -4.330127e+00 0.000000e+00 2.500000e+00
   vertex -4.531539e+00 0.000000e+00 2.113091e+00
  endloop
 endfacet
 facet normal 9.167586e-01 -1.239185e-01 -3.797340e-01
  outer loop
   vertex -4.078385e+00 4.000000e+00 1.901782e+00
   vertex -4.531539e+00 0.000000e+00 2.113091e+00
   vertex -4.698463e+00 0.000000e+00 1.710101e+00
  endloop
 endfacet
 facet normal 9.167582e-01 -1.239184e-01 -3.797349e-01
  outer loop
   vertex -4.078385e+00 4.000000e+00 1.901782e+00
   vertex -4.698463e+00 0.000000e+00 1.710101e+00
   vertex -4.228617e+00 4.000000e+00 1.539091e+00
  endloop
 endfacet
 facet normal 0.000000e+00 1.000000e+00 0.000000e+00
  outer loop
   vertex 0.000000e+00 4.000000e+00 0.000000e+00
   vertex -4.228617e+00 4.000000e+00 1.539091e+00
   vertex -4.078385e+00 4.000000e+00 1.901782e+00
  endloop
 endfacet
 facet normal 0.000000e+00 -1.000000e+00 0.000000e+00
  outer loop
   vertex 0.000000e+00 0.000000e+00 0.000000e+00
   vertex -4.531539e+00 0.000000e+00 2.113091e+00
   vertex -4.698463e+00 0.000000e+00 1.710101e+00
  endloop
 endfacet
 facet normal 9.463662e-01 -1.239184e-01 -2.983877e-01
  outer loop
   vertex -4.228617e+00 4.000000e+00 1.539091e+00
   vertex -4.698463e+00 0.000000e+00 1.710101e+00
   vertex -4.829629e+00 0.000000e+00 1.294095e+00
  endloop
 endfacet
 facet normal 9.463664e-01 -1.239185e-01 -2.983871e-01
  outer loop
   vertex -4.228617e+00 4.000000e+00 1.539091e+00
   vertex -4.829629e+00 0.000000e+00 1.294095e+00
   vertex -4.346666e+00 4.000000e+00 1.164686e+00
  endloop
 endfacet
 facet normal 0.000000e+00 1.000000e+00 0.000000e+00
  outer loop
   vertex 0.000000e+00 4.000000e+00 0.000000e+00
   vertex -4.346666e+00 4.000000e+00 1.164686e+00
   vertex -4.228617e+00 4.000000e+00 1.539091e+00
  endloop
 endfacet
 facet normal 0.000000e+00 -1.000000e+00 0.000000e+00
  outer loop
   vertex 0.000000e+00 0.000000e+00 0.000000e+00
   vertex -4.698463e+00 0.000000e+00 1.710101e+00
   vertex -4.829629e+00 0.000000e+00 1.294095e+00
  endloop
 endfacet
 facet normal 9.687709e-01 -1.239185e-01 -2.147723e-01
  outer loop
   vertex -4.346666e+00 4.000000e+00 1.164686e+00
   vertex -4.829629e+00 0.000000e+00 1.294095e+00
   vertex -4.924039e+00 0.000000e+00 8.682410e-01
  endloop
 endfacet
 facet normal 9.687709e-01 -1.239185e-01 -2.147721e-01
  outer loop
   vertex -4.346666e+00 4.000000e+00 1.164686e+00
   vertex -4.924039e+00 0.000000e+00 8.682410e-01
   vertex -4.431635e+00 4.000000e+00 7.814170e-01
  endloop
 endfacet
 facet normal 0.000000e+00 1.000000e+00 0.000000e+00
  outer loop
   vertex 0.000000e+00 4.000000e+00 0.000000e+00
   vertex -4.431635e+00 4.000000e+00 7.814170e-01
   vertex -4.346666e+00 4.000000e+00 1.164686e+00
  endloop
 endfacet
 facet normal 0.000000e+00 -1.000000e+00 0.000000e+00
  outer loop
   vertex 0.000000e+00 0.000000e+00 0.000000e+00
   vertex -4.829629e+00 0.000000e+00 1.294095e+00
   vertex -4.924039e+00 0.000000e+00 8.682410e-01
  endloop
 endfacet
 facet normal 9.838034e-01 -1.239185e-01 -1.295186e-01
  outer loop
   vertex -4.431635e+00 4.000000e+00 7.814170e-01
   vertex -4.924039e+00 0.000000e+00 8.682410e-01
   vertex -4.980973e+00 0.000000e+00 4.357790e-01
  endloop
 endfacet
 facet normal 9.838033e-01 -1.239184e-01 -1.295195e-01
  outer loop
   vertex -4.431635e+00 4.000000e+00 7.814170e-01
   vertex -4.980973e+00 0.000000e+00 4.357790e-01
   vertex -4.482876e+00 4.000000e+00 3.922010e-01
  endloop
 endfacet
 facet normal 0.000000e+00 1.000000e+00 0.000000e+00
  outer loop
   vertex 0.000000e+00 4.000000e+00 0.000000e+00
   vertex -4.482876e+00 4.000000e+00 3.922010e-01
   vertex -4.431635e+00 4.000000e+00 7.814170e-01
  endloop
 endfacet
 facet normal 0.000000e+00 -1.000000e+00 0.000000e+00
  outer loop
   vertex 0.000000e+00 0.000000e+00 0.000000e+00
   vertex -4.924039e+00 0.000000e+00 8.682410e-01
   vertex -4.980973e+00 0.000000e+00 4.357790e-01
  endloop
 endfacet
 facet normal 9.913479e-01 -1.239184e-01 -4.328427e-02
  outer loop
   vertex -4.482876e+00 4.000000e+00 3.922010e-01
   vertex -4.980973e+00 0.000000e+00 4.357790e-01
   vertex -5.000000e+00 0.000000e+00 0.000000e+00
  endloop
 endfacet
 facet normal 9.913479e-01 -1.239185e-01 -4.328353e-02
  outer loop
   vertex -4.482876e+00 4.000000e+00 3.922010e-01
   vertex -5.000000e+00 0.000000e+00 0.000000e+00
   vertex -4.500000e+00 4.000000e+00 0.000000e+00
  endloop
 endfacet
 facet normal 0.000000e+00 1.000000e+00 0.000000e+00
  outer loop
   vertex 0.000000e+00 4.000000e+00 0.000000e+00
   vertex -4.500000e+00 4.000000e+00 0.000000e+00
   vertex -4.482876e+00 4.000000e+00 3.922010e-01
  endloop
 endfacet
 facet normal 0.000000e+00 -1.000000e+00 0.000000e+00
  outer loop
   vertex 0.000000e+00 0.000000e+00 0.000000e+00
   vertex -4.980973e+00 0.000000e+00 4.357790e-01
   vertex -5.000000e+00 0.000000e+00 0.000000e+00
  endloop
 endfacet
 facet normal 9.913479e-01 -1.239185e-01 4.328427e-02
  outer loop
   vertex -4.500000e+00 4.000000e+00 0.000000e+00
   vertex -5.000000e+00 0.000000e+00 0.000000e+00
   vertex -4.980973e+00 0.000000e+00 -4.357790e-01
  endloop
 endfacet
 facet normal 9.913480e-01 -1.239184e-01 4.328353e-02
  outer loop
   vertex -4.500000e+00 4.000000e+00 0.000000e+00
   vertex -4.980973e+00 0.000000e+00 -4.357790e-01
   vertex -4.482876e+00 4.000000e+00 -3.922010e-01
  endloop
 endfacet
 facet normal 0.000000e+00 1.000000e+00 0.000000e+00
  outer loop
   vertex 0.000000e+00 4.000000e+00 0.000000e+00
   vertex -4.482876e+00 4.000000e+00 -3.922010e-01
   vertex -4.500000e+00 4.000000e+00 0.000000e+00
  endloop
 endfacet
 facet normal -0.000000e+00 -1.000000e+00 0.000000e+00
  outer loop
   vertex 0.000000e+00 0.000000e+00 0.000000e+00
   vertex -5.000000e+00 0.000000e+00 0.000000e+00
   vertex -4.980973e+00 0.000000e+00 -4.357790e-01
  endloop
 endfacet
 facet normal 9.838034e-01 -1.239184e-01 1.295186e-01
  outer loop
   vertex -4.482876e+00 4.000000e+00 -3.922010e-01
   vertex -4.980973e+00 0.000000e+00 -4.357790e-01
   vertex -4.924039e+00 0.000000e+00 -8.682410e-01
  endloop
 endfacet
 facet normal 9.838033e-01 -1.239185e-01 1.295195e-01
  outer loop
   vertex -4.482876e+00 4.000000e+00 -3.922010e-01
   vertex -4.924039e+00 0.000000e+00 -8.682410e-01
   vertex -4.431635e+00 4.000000e+00 -7.814170e-01
  endloop
 endfacet
 facet normal 0.000000e+00 1.000000e+00 0.000000e+00
  outer loop
   vertex 0.000000e+00 4.000000e+00 0.000000e+00
   vertex -4.431635e+00 4.000000e+00 -7.814170e-01
   vertex -4.482876e+00 4.000000e+00 -3.922010e-01
  endloop
 endfacet
 facet normal 0.000000e+00 -1.000000e+00 0.000000e+00
  outer loop
   vertex 0.000000e+00 0.000000e+00 0.000000e+00
   vertex -4.980973e+00 0.000000e+00 -4.357790e-01
   vertex -4.924039e+00 0.000000e+00 -8.682410e-01
  endloop
 endfacet
 facet normal 9.687709e-01 -1.239185e-01 2.147723e-01
  outer loop
   vertex -4.431635e+00 4.000000e+00 -7.814170e-01
   vertex -4.924039e+00 0.000000e+00 -8.682410e-01
   vertex -4.829629e+00 0.000000e+00 -1.294095e+00
  endloop
 endfacet
 facet normal 9.687709e-01 -1.239185e-01 2.147721e-01
  outer loop
   vertex -4.431635e+00 4.000000e+00 -7.814170e-01
   vertex -4.829629e+00 0.000000e+00 -1.294095e+00
   vertex -4.346666e+00 4.000000e+00 -1.164686e+00
  endloop
 endfacet
 facet normal 0.000000e+00 1.000000e+00 0.000000e+00
  outer loop
   vertex 0.000000e+00 4.000000e+00 0.000000e+00
   vertex -4.346666e+00 4.000000e+00 -1.164686e+00
   vertex -4.431635e+00 4.000000e+00 -7.814170e-01
  endloop
 endfacet
 facet normal 0.000000e+00 -1.000000e+00 0.000000e+00
  outer loop
   vertex 0.000000e+00 0.000000e+00 0.000000e+00
   vertex -4.924039e+00 0.000000e+00 -8.682410e-01
   vertex -4.829629e+00 0.000000e+00 -1.294095e+00
  endloop
 endfacet
 facet normal 9.463662e-01 -1.239185e-01 2.983877e-01
  outer loop
   vertex -4.346666e+00 4.000000e+00 -1.164686e+00
   vertex -4.829629e+00 0.000000e+00 -1.294095e+00
   vertex -4.698463e+00 0.000000e+00 -1.710101e+00
  endloop
 endfacet
 facet normal 9.463664e-01 -1.239184e-01 2.983871e-01
  outer loop
   vertex -4.346666e+00 4.000000e+00 -1.164686e+00
   vertex -4.698463e+00 0.000000e+00 -1.710101e+00
   vertex -4.228617e+00 4.000000e+00 -1.539091e+00
  endloop
 endfacet
 facet normal 0.000000e+00 1.000000e+00 0.000000e+00
  outer loop
   vertex 0.000000e+00 4.000000e+00 0.000000e+00
   vertex -4.228617e+00 4.000000e+00 -1.539091e+00
   vertex -4.346666e+00 4.000000e+00 -1.164686e+00
  endloop
 endfacet
 facet normal 0.000000e+00 -1.000000e+00 0.000000e+00
  outer loop
   vertex 0.000000e+00 0.000000e+00 0.000000e+00
   vertex -4.829629e+00 0.000000e+00 -1.294095e+00
   vertex -4.698463e+00 0.000000e+00 -1.710101e+00
  endloop
 endfacet
 facet normal 9.167586e-01 -1.239184e-01 3.797340e-01
  outer loop
   vertex -4.228617e+00 4.000000e+00 -1.539091e+00
   vertex -4.698463e+00 0.000000e+00 -1.710101e+00
   vertex -4.531539e+00 0.000000e+00 -2.113091e+00
  endloop
 endfacet
 facet normal 9.167582e-01 -1.239185e-01 3.797349e-01
  outer loop
   vertex -4.228617e+00 4.000000e+00 -1.539091e+00
   vertex -4.531539e+00 0.000000e+00 -2.113091e+00
   vertex -4.078385e+00 4.000000e+00 -1.901782e+00
  endloop
 endfacet
 facet normal 0.000000e+00 1.000000e+00 0.000000e+00
  outer loop
   vertex 0.000000e+00 4.000000e+00 0.000000e+00
   vertex -4.078385e+00 4.000000e+00 -1.901782e+00
   vertex -4.228617e+00 4.000000e+00 -1.539091e+00
  endloop
 endfacet
 facet normal 0.000000e+00 -1.000000e+00 0.000000e+00
  outer loop
   vertex 0.000000e+00 0.000000e+00 0.000000e+00
   vertex -4.698463e+00 0.000000e+00 -1.710101e+00
   vertex -4.531539e+00 0.000000e+00 -2.113091e+00
  endloop
 endfacet
 facet normal 8.801742e-01 -1.239185e-01 4.581895e-01
  outer loop
   vertex -4.078385e+00 4.000000e+00 -1.901782e+00
   vertex -4.531539e+00 0.000000e+00 -2.113091e+00
   vertex -4.330127e+00 0.000000e+00 -2.500000e+00
  endloop
 endfacet
 facet normal 8.801739e-01 -1.239186e-01 4.581900e-01
  outer loop
   vertex -4.078385e+00 4.000000e+00 -1.901782e+00
   vertex -4.330127e+00 0.000000e+00 -2.500000e+00
   vertex -3.897114e+00 4.000000e+00 -2.250000e+00
  endloop
 endfacet
 facet normal 0.000000e+00 1.000000e+00 0.000000e+00
  outer loop
   vertex 0.000000e+00 4.000000e+00 0.000000e+00
   vertex -3.897114e+00 4.000000e+00 -2.250000e+00
   vertex -4.078385e+00 4.000000e+00 -1.901782e+00
  endloop
 endfacet
 facet normal 0.000000e+00 -1.000000e+00 0.000000e+00
  outer loop
   vertex 0.000000e+00 0.000000e+00 0.000000e+00
   vertex -4.531539e+00 0.000000e+00 -2.113091e+00
   vertex -4.330127e+00 0.000000e+00 -2.500000e+00
  endloop
 endfacet
 facet normal 8.368906e-01 -1.239186e-01 5.331588e-01
  outer loop
   vertex -3.897114e+00 4.000000e+00 -2.250000e+00
   vertex -4.330127e+00 0.000000e+00 -2.500000e+00
   vertex -4.095760e+00 0.000000e+00 -2.867882e+00
  endloop
 endfacet
 facet normal 8.368911e-01 -1.239185e-01 5.331581e-01
  outer loop
   vertex -3.897114e+00 4.000000e+00 -2.250000e+00
   vertex -4.095760e+00 0.000000e+00 -2.867882e+00
   vertex -3.686184e+00 4.000000e+00 -2.581094e+00
  endloop
 endfacet
 facet normal 0.000000e+00 1.000000e+00 0.000000e+00
  outer loop
   vertex 0.000000e+00 4.000000e+00 0.000000e+00
   vertex -3.686184e+00 4.000000e+00 -2.581094e+00
   vertex -3.897114e+00 4.000000e+00 -2.250000e+00
  endloop
 endfacet
 facet normal 0.000000e+00 -1.000000e+00 0.000000e+00
  outer loop
   vertex 0.000000e+00 0.000000e+00 0.000000e+00
   vertex -4.330127e+00 0.000000e+00 -2.500000e+00
   vertex -4.095760e+00 0.000000e+00 -2.867882e+00
  endloop
 endfacet
 facet normal 7.872386e-01 -1.239185e-01 6.040692e-01
  outer loop
   vertex -3.686184e+00 4.000000e+00 -2.581094e+00
   vertex -4.095760e+00 0.000000e+00 -2.867882e+00
   vertex -3.830222e+00 0.000000e+00 -3.213938e+00
  endloop
 endfacet
 facet normal 7.872385e-01 -1.239185e-01 6.040694e-01
  outer loop
   vertex -3.686184e+00 4.000000e+00 -2.581094e+00
   vertex -3.830222e+00 0.000000e+00 -3.213938e+00
   vertex -3.447200e+00 4.000000e+00 -2.892544e+00
  endloop
 endfacet
 facet normal 0.000000e+00 1.000000e+00 0.000000e+00
  outer loop
   vertex 0.000000e+00 4.000000e+00 0.000000e+00
   vertex -3.447200e+00 4.000000e+00 -2.892544e+00
   vertex -3.686184e+00 4.000000e+00 -2.581094e+00
  endloop
 endfacet
 facet normal 0.000000e+00 -1.000000e+00 0.000000e+00
  outer loop
   vertex 0.000000e+00 0.000000e+00 0.000000e+00
   vertex -4.095760e+00 0.000000e+00 -2.867882e+00
   vertex -3.830222e+00 0.000000e+00 -3.213938e+00
  endloop
 endfacet
 facet normal 7.315952e-01 -1.239185e-01 6.703825e-01
  outer loop
   vertex -3.447200e+00 4.000000e+00 -2.892544e+00
   vertex -3.830222e+00 0.000000e+00 -3.213938e+00
   vertex -3.535534e+00 0.000000e+00 -3.535534e+00
  endloop
 endfacet
 facet normal 7.315962e-01 -1.239183e-01 6.703815e-01
  outer loop
   vertex -3.447200e+00 4.000000e+00 -2.892544e+00
   vertex -3.535534e+00 0.000000e+00 -3.535534e+00
   vertex -3.181981e+00 4.000000e+00 -3.181981e+00
  endloop
 endfacet
 facet normal 0.000000e+00 1.000000e+00 0.000000e+00
  outer loop
   vertex 0.000000e+00 4.000000e+00 0.000000e+00
   vertex -3.181981e+00 4.000000e+00 -3.181981e+00
   vertex -3.447200e+00 4.000000e+00 -2.892544e+00
  endloop
 endfacet
 facet normal 0.000000e+00 -1.000000e+00 0.000000e+00
  outer loop
   vertex 0.000000e+00 0.000000e+00 0.000000e+00
   vertex -3.830222e+00 0.000000e+00 -3.213938e+00
   vertex -3.535534e+00 0.000000e+00 -3.535534e+00
  endloop
 endfacet
 facet normal 6.703825e-01 -1.239184e-01 7.315952e-01
  outer loop
   vertex -3.181981e+00 4.000000e+00 -3.181981e+00
   vertex -3.535534e+00 0.000000e+00 -3.535534e+00
   vertex -3.213938e+00 0.000000e+00 -3.830222e+00
  endloop
 endfacet
 facet normal 6.703815e-01 -1.239185e-01 7.315961e-01
  outer loop
   vertex -3.181981e+00 4.000000e+00 -3.181981e+00
   vertex -3.213938e+00 0.000000e+00 -3.830222e+00
   vertex -2.892544e+00 4.000000e+00 -3.447200e+00
  endloop
 endfacet
 facet normal 0.000000e+00 1.000000e+00 0.000000e+00
  outer loop
   vertex 0.000000e+00 4.000000e+00 0.000000e+00
   vertex -2.892544e+00 4.000000e+00 -3.447200e+00
   vertex -3.181981e+00 4.000000e+00 -3.181981e+00
  endloop
 endfacet
 facet normal 0.000000e+00 -1.000000e+00 0.000000e+00
  outer loop
   vertex 0.000000e+00 0.000000e+00 0.000000e+00
   vertex -3.535534e+00 0.000000e+00 -3.535534e+00
   vertex -3.213938e+00 0.000000e+00 -3.830222e+00
  endloop
 endfacet
 facet normal 6.040692e-01 -1.239185e-01 7.872386e-01
  outer loop
   vertex -2.892544e+00 4.000000e+00 -3.447200e+00
   vertex -3.213938e+00 0.000000e+00 -3.830222e+00
   vertex -2.867882e+00 0.000000e+00 -4.095760e+00
  endloop
 endfacet
 facet normal 6.040694e-01 -1.239185e-01 7.872385e-01
  outer loop
   vertex -2.892544e+00 4.000000e+00 -3.447200e+00
   vertex -2.867882e+00 0.000000e+00 -4.095760e+00
   vertex -2.581094e+00 4.000000e+00 -3.686184e+00
  endloop
 endfacet
 facet normal 0.000000e+00 1.000000e+00 0.000000e+00
  outer loop
   vertex 0.000000e+00 4.000000e+00 0.000000e+00
   vertex -2.581094e+00 4.000000e+00 -3.686184e+00
   vertex -2.892544e+00 4.000000e+00 -3.447200e+00
  endloop
 endfacet
 facet normal 0.000000e+00 -1.000000e+00 0.000000e+00
  outer loop
   vertex 0.000000e+00 0.000000e+00 0.000000e+00
   vertex -3.213938e+00 0.000000e+00 -3.830222e+00
   vertex -2.867882e+00 0.000000e+00 -4.095760e+00
  endloop
 endfacet
 facet normal 5.331588e-01 -1.239185e-01 8.368906e-01
  outer loop
   vertex -2.581094e+00 4.000000e+00 -3.686184e+00
   vertex -2.867882e+00 0.000000e+00 -4.095760e+00
   vertex -2.500000e+00 0.000000e+00 -4.330127e+00
  endloop
 endfacet
 facet normal 5.331581e-01 -1.239186e-01 8.368911e-01
  outer loop
   vertex -2.581094e+00 4.000000e+00 -3.686184e+00
   vertex -2.500000e+00 0.000000e+00 -4.330127e+00
   vertex -2.250000e+00 4.000000e+00 -3.897114e+00
  endloop
 endfacet
 facet normal 0.000000e+00 1.000000e+00 0.000000e+00
  outer loop
   vertex 0.000000e+00 4.000000e+00 0.000000e+00
   vertex -2.250000e+00 4.000000e+00 -3.897114e+00
   vertex -2.581094e+00 4.000000e+00 -3.686184e+00
  endloop
 endfacet
 facet normal 0.000000e+00 -1.000000e+00 0.000000e+00
  outer loop
   vertex 0.000000e+00 0.000000e+00 0.000000e+00
   vertex -2.867882e+00 0.000000e+00 -4.095760e+00
   vertex -2.500000e+00 0.000000e+00 -4.330127e+00
  endloop
 endfacet
 facet normal 4.581895e-01 -1.239186e-01 8.801742e-01
  outer loop
   vertex -2.250000e+00 4.000000e+00 -3.897114e+00
   vertex -2.500000e+00 0.000000e+00 -4.330127e+00
   vertex -2.113091e+00 0.000000e+00 -4.531539e+00
  endloop
 endfacet
 facet normal 4.581900e-01 -1.239185e-01 8.801739e-01
  outer loop
   vertex -2.250000e+00 4.000000e+00 -3.897114e+00
   vertex -2.113091e+00 0.000000e+00 -4.531539e+00
   vertex -1.901782e+00 4.000000e+00 -4.078385e+00
  endloop
 endfacet
 facet normal 0.000000e+00 1.000000e+00 0.000000e+00
  outer loop
   vertex 0.000000e+00 4.000000e+00 0.000000e+00
   vertex -1.901782e+00 4.000000e+00 -4.078385e+00
   vertex -2.250000e+00 4.000000e+00 -3.897114e+00
  endloop
 endfacet
 facet normal 0.000000e+00 -1.000000e+00 0.000000e+00
  outer loop
   vertex 0.000000e+00 0.000000e+00 0.000000e+00
   vertex -2.500000e+00 0.000000e+00 -4.330127e+00
   vertex -2.113091e+00 0.000000e+00 -4.531539e+00
  endloop
 endfacet
 facet normal 3.797340e-01 -1.239185e-01 9.167586e-01
  outer loop
   vertex -1.901782e+00 4.000000e+00 -4.078385e+00
   vertex -2.113091e+00 0.000000e+00 -4.531539e+00
   vertex -1.710101e+00 0.000000e+00 -4.698463e+00
  endloop
 endfacet
 facet normal 3.797349e-01 -1.239184e-01 9.167582e-01
  outer loop
   vertex -1.901782e+00 4.000000e+00 -4.078385e+00
   vertex -1.710101e+00 0.000000e+00 -4.698463e+00
   vertex -1.539091e+00 4.000000e+00 -4.228617e+00
  endloop
 endfacet
 facet normal 0.000000e+00 1.000000e+00 0.000000e+00
  outer loop
   vertex 0.000000e+00 4.000000e+00 0.000000e+00
   vertex -1.539091e+00 4.000000e+00 -4.228617e+00
   vertex -1.901782e+00 4.000000e+00 -4.078385e+00
  endloop
 endfacet
 facet normal 0.000000e+00 -1.000000e+00 0.000000e+00
  outer loop
   vertex 0.000000e+00 0.000000e+00 0.000000e+00
   vertex -2.113091e+00 0.000000e+00 -4.531539e+00
   vertex -1.710101e+00 0.000000e+00 -4.698463e+00
  endloop
 endfacet
 facet normal 2.983877e-01 -1.239184e-01 9.463662e-01
  outer loop
   vertex -1.539091e+00 4.000000e+00 -4.228617e+00
   vertex -1.710101e+00 0.000000e+00 -4.698463e+00
   vertex -1.294095e+00 0.000000e+00 -4.829629e+00
  endloop
 endfacet
 facet normal 2.983871e-01 -1.239185e-01 9.463664e-01
  outer loop
   vertex -1.539091e+00 4.000000e+00 -4.228617e+00
   vertex -1.294095e+00 0.000000e+00 -4.829629e+00
   vertex -1.164686e+00 4.000000e+00 -4.346666e+00
  endloop
 endfacet
 facet normal 0.000000e+00 1.000000e+00 0.000000e+00
  outer loop
   vertex 0.000000e+00 4.000000e+00 0.000000e+00
   vertex -1.164686e+00 4.000000e+00 -4.346666e+00
   vertex -1.539091e+00 4.000000e+00 -4.228617e+00
  endloop
 endfacet
 facet normal 0.000000e+00 -1.000000e+00 0.000000e+00
  outer loop
   vertex 0.000000e+00 0.000000e+00 0.000000e+00
   vertex -1.710101e+00 0.000000e+00 -4.698463e+00
   vertex -1.294095e+00 0.000000e+00 -4.829629e+00
  endloop
 endfacet
 facet normal 2.147723e-01 -1.239185e-01 9.687709e-01
  outer loop
   vertex -1.164686e+00 4.000000e+00 -4.346666e+00
   vertex -1.294095e+00 0.000000e+00 -4.829629e+00
   vertex -8.682410e-01 0.000000e+00 -4.924039e+00
  endloop
 endfacet
 facet normal 2.147721e-01 -1.239185e-01 9.687709e-01
  outer loop
   vertex -1.164686e+00 4.000000e+00 -4.346666e+00
   vertex -8.682410e-01 0.000000e+00 -4.924039e+00
   vertex -7.814170e-01 4.000000e+00 -4.431635e+00
  endloop
 endfacet
 facet normal 0.000000e+00 1.000000e+00 0.000000e+00
  outer loop
   vertex 0.000000e+00 4.000000e+00 0.000000e+00
   vertex -7.814170e-01 4.000000e+00 -4.431635e+00
   vertex -1.164686e+00 4.000000e+00 -4.346666e+00
  endloop
 endfacet
 facet normal 0.000000e+00 -1.000000e+00 0.000000e+00
  outer loop
   vertex 0.000000e+00 0.000000e+00 0.000000e+00
   vertex -1.294095e+00 0.000000e+00 -4.829629e+00
   vertex -8.682410e-01 0.000000e+00 -4.924039e+00
  endloop
 endfacet
 facet normal 1.295186e-01 -1.239185e-01 9.838034e-01
  outer loop
   vertex -7.814170e-01 4.000000e+00 -4.431635e+00
   vertex -8.682410e-01 0.000000e+00 -4.924039e+00
   vertex -4.357790e-01 0.000000e+00 -4.980973e+00
  endloop
 endfacet
 facet normal 1.295195e-01 -1.239184e-01 9.838033e-01
  outer loop
   vertex -7.814170e-01 4.000000e+00 -4.431635e+00
   vertex -4.357790e-01 0.000000e+00 -4.980973e+00
   vertex -3.922010e-01 4.000000e+00 -4.482876e+00
  endloop
 endfacet
 facet normal 0.000000e+00 1.000000e+00 0.000000e+00
  outer loop
   vertex 0.000000e+00 4.000000e+00 0.000000e+00
   vertex -3.922010e-01 4.000000e+00 -4.482876e+00
   vertex -7.814170e-01 4.000000e+00 -4.431635e+00
  endloop
 endfacet
 facet normal 0.000000e+00 -1.000000e+00 0.000000e+00
  outer loop
   vertex 0.000000e+00 0.000000e+00 0.000000e+00
   vertex -8.682410e-01 0.000000e+00 -4.924039e+00
   vertex -4.357790e-01 0.000000e+00 -4.980973e+00
  endloop
 endfacet
 facet normal 4.328427e-02 -1.239184e-01 9.913479e-01
  outer loop
   vertex -3.922010e-01 4.000000e+00 -4.482876e+00
   vertex -4.357790e-01 0.000000e+00 -4.980973e+00
   vertex -0.000000e+00 0.000000e+00 -5.000000e+00
  endloop
 endfacet
 facet normal 4.328353e-02 -1.239185e-01 9.913479e-01
  outer loop
   vertex -3.922010e-01 4.000000e+00 -4.482876e+00
   vertex -0.000000e+00 0.000000e+00 -5.000000e+00
   vertex -0.000000e+00 4.000000e+00 -4.500000e+00
  endloop
 endfacet
 facet normal 0.000000e+00 1.000000e+00 0.000000e+00
  outer loop
   vertex 0.000000e+00 4.000000e+00 0.000000e+00
   vertex -0.000000e+00 4.000000e+00 -4.500000e+00
   vertex -3.922010e-01 4.000000e+00 -4.482876e+00
  endloop
 endfacet
 facet normal 0.000000e+00 -1.000000e+00 0.000000e+00
  outer loop
   vertex 0.000000e+00 0.000000e+00 0.000000e+00
   vertex -4.357790e-01 0.000000e+00 -4.980973e+00
   vertex -0.000000e+00 0.000000e+00 -5.000000e+00
  endloop
 endfacet
 facet normal -4.328427e-02 -1.239185e-01 9.913479e-01
  outer loop
   vertex -0.000000e+00 4.000000e+00 -4.500000e+00
   vertex -0.000000e+00 0.000000e+00 -5.000000e+00
   vertex 4.357790e-01 0.000000e+00 -4.980973e+00
  endloop
 endfacet
 facet normal -4.328353e-02 -1.239184e-01 9.913480e-01
  outer loop
   vertex -0.000000e+00 4.000000e+00 -4.500000e+00
   vertex 4.357790e-01 0.000000e+00 -4.980973e+00
   vertex 3.922010e-01 4.000000e+00 -4.482876e+00
  endloop
 endfacet
 facet normal 0.000000e+00 1.000000e+00 0.000000e+00
  outer loop
   vertex 0.000000e+00 4.000000e+00 0.000000e+00
   vertex 3.922010e-01 4.000000e+00 -4.482876e+00
   vertex -0.000000e+00 4.000000e+00 -4.500000e+00
  endloop
 endfacet
 facet normal 0.000000e+00 -1.000000e+00 -0.000000e+00
  outer loop
   vertex 0.000000e+00 0.000000e+00 0.000000e+00
   vertex -0.000000e+00 0.000000e+00 -5.000000e+00
   vertex 4.357790e-01 0.000000e+00 -4.980973e+00
  endloop
 endfacet
 facet normal -1.295186e-01 -1.239184e-01 9.838034e-01
  outer loop
   vertex 3.922010e-01 4.000000e+00 -4.482876e+00
   vertex 4.357790e-01 0.000000e+00 -4.980973e+00
   vertex 8.682410e-01 0.000000e+00 -4.924039e+00
  endloop
 endfacet
 facet normal -1.295195e-01 -1.239185e-01 9.838033e-01
  outer loop
   vertex 3.922010e-01 4.000000e+00 -4.482876e+00
   vertex 8.682410e-01 0.000000e+00 -4.924039e+00
   vertex 7.814170e-01 4.000000e+00 -4.431635e+00
  endloop
 endfacet
 facet normal 0.000000e+00 1.000000e+00 0.000000e+00
  outer loop
   vertex 0.000000e+00 4.000000e+00 0.000000e+00
   vertex 7.814170e-01 4.000000e+00 -4.431635e+00
   vertex 3.922010e-01 4.000000e+00 -4.482876e+00
  endloop
 endfacet
 facet normal 0.000000e+00 -1.000000e+00 0.000000e+00
  outer loop
   vertex 0.000000e+00 0.000000e+00 0.000000e+00
   vertex 4.357790e-01 0.000000e+00 -4.980973e+00
   vertex 8.682410e-01 0.000000e+00 -4.924039e+00
  endloop
 endfacet
 facet normal -2.147723e-01 -1.239185e-01 9.687709e-01
  outer loop
   vertex 7.814170e-01 4.000000e+00 -4.431635e+00
   vertex 8.682410e-01 0.000000e+00 -4.924039e+00
   vertex 1.294095e+00 0.000000e+00 -4.829629e+00
  endloop
 endfacet
 facet normal -2.147721e-01 -1.239185e-01 9.687709e-01
  outer loop
   vertex 7.814170e-01 4.000000e+00 -4.431635e+00
   vertex 1.294095e+00 0.000000e+00 -4.829629e+00
   vertex 1.164686e+00 4.000000e+00 -4.346666e+00
  endloop
 endfacet
 facet normal 0.000000e+00 1.000000e+00 0.000000e+00
  outer loop
   vertex 0.000000e+00 4.000000e+00 0.000000e+00
   vertex 1.164686e+00 4.000000e+00 -4.346666e+00
   vertex 7.814170e-01 4.000000e+00 -4.431635e+00
  endloop
 endfacet
 facet normal 0.000000e+00 -1.000000e+00 0.000000e+00
  outer loop
   vertex 0.000000e+00 0.000000e+00 0.000000e+00
   vertex 8.682410e-01 0.000000e+00 -4.924039e+00
   vertex 1.294095e+00 0.000000e+00 -4.829629e+00
  endloop
 endfacet
 facet normal -2.983877e-01 -1.239185e-01 9.463662e-01
  outer loop
   vertex 1.164686e+00 4.000000e+00 -4.346666e+00
   vertex 1.294095e+00 0.000000e+00 -4.829629e+00
   vertex 1.710101e+00 0.000000e+00 -4.698463e+00
  endloop
 endfacet
 facet normal -2.983871e-01 -1.239184e-01 9.463664e-01
  outer loop
   vertex 1.164686e+00 4.000000e+00 -4.346666e+00
   vertex 1.710101e+00 0.000000e+00 -4.698463e+00
   vertex 1.539091e+00 4.000000e+00 -4.228617e+00
  endloop
 endfacet
 facet normal 0.000000e+00 1.000000e+00 0.000000e+00
  outer loop
   vertex 0.000000e+00 4.000000e+00 0.000000e+00
   vertex 1.539091e+00 4.000000e+00 -4.228617e+00
   vertex 1.164686e+00 4.000000e+00 -4.346666e+00
  endloop
 endfacet
 facet normal 0.000000e+00 -1.000000e+00 0.000000e+00
  outer loop
   vertex 0.000000e+00 0.000000e+00 0.000000e+00
   vertex 1.294095e+00 0.000000e+00 -4.829629e+00
   vertex 1.710101e+00 0.000000e+00 -4.698463e+00
  endloop
 endfacet
 facet normal -3.797340e-01 -1.239184e-01 9.167586e-01
  outer loop
   vertex 1.539091e+00 4.000000e+00 -4.228617e+00
   vertex 1.710101e+00 0.000000e+00 -4.698463e+00
   vertex 2.113091e+00 0.000000e+00 -4.531539e+00
  endloop
 endfacet
 facet normal -3.797349e-01 -1.239185e-01 9.167582e-01
  outer loop
   vertex 1.539091e+00 4.000000e+00 -4.228617e+00
   vertex 2.113091e+00 0.000000e+00 -4.531539e+00
   vertex 1.901782e+00 4.000000e+00 -4.078385e+00
  endloop
 endfacet
 facet normal 0.000000e+00 1.000000e+00 0.000000e+00
  outer loop
   vertex 0.000000e+00 4.000000e+00 0.000000e+00
   vertex 1.901782e+00 4.000000e+00 -4.078385e+00
   vertex 1.539091e+00 4.000000e+00 -4.228617e+00
  endloop
 endfacet
 facet normal 0.000000e+00 -1.000000e+00 0.000000e+00
  outer loop
   vertex 0.000000e+00 0.000000e+00 0.000000e+00
   vertex 1.710101e+00 0.000000e+00 -4.698463e+00
   vertex 2.113091e+00 0.000000e+00 -4.531539e+00
  endloop
 endfacet
 facet normal -4.581895e-01 -1.239185e-01 8.801742e-01
  outer loop
   vertex 1.901782e+00 4.000000e+00 -4.078385e+00
   vertex 2.113091e+00 0.000000e+00 -4.531539e+00
   vertex 2.500000e+00 0.000000e+00 -4.330127e+00
  endloop
 endfacet
 facet normal -4.581900e-01 -1.239186e-01 8.801739e-01
  outer loop
   vertex 1.901782e+00 4.000000e+00 -4.078385e+00
   vertex 2.500000e+00 0.000000e+00 -4.330127e+00
   vertex 2.250000e+00 4.000000e+00 -3.897114e+00
  endloop
 endfacet
 facet normal 0.000000e+00 1.000000e+00 0.000000e+00
  outer loop
   vertex 0.000000e+00 4.000000e+00 0.000000e+00
   vertex 2.250000e+00 4.000000e+00 -3.897114e+00
   vertex 1.901782e+00 4.000000e+00 -4.078385e+00
  endloop
 endfacet
 facet normal 0.000000e+00 -1.000000e+00 0.000000e+00
  outer loop
   vertex 0.000000e+00 0.000000e+00 0.000000e+00
   vertex 2.113091e+00 0.000000e+00 -4.531539e+00
   vertex 2.500000e+00 0.000000e+00 -4.330127e+00
  endloop
 endfacet
 facet normal -5.331588e-01 -1.239186e-01 8.368906e-01
  outer loop
   vertex 2.250000e+00 4.000000e+00 -3.897114e+00
   vertex 2.500000e+00 0.000000e+00 -4.330127e+00
   vertex 2.867882e+00 0.000000e+00 -4.095760e+00
  endloop
 endfacet
 facet normal -5.331581e-01 -1.239185e-01 8.368911e-01
  outer loop
   vertex 2.250000e+00 4.000000e+00 -3.897114e+00
   vertex 2.867882e+00 0.000000e+00 -4.095760e+00
   vertex 2.581094e+00 4.000000e+00 -3.686184e+00
  endloop
 endfacet
 facet normal 0.000000e+00 1.000000e+00 0.000000e+00
  outer loop
   vertex 0.000000e+00 4.000000e+00 0.000000e+00
   vertex 2.581094e+00 4.000000e+00 -3.686184e+00
   vertex 2.250000e+00 4.000000e+00 -3.897114e+00
  endloop
 endfacet
 facet normal 0.000000e+00 -1.000000e+00 0.000000e+00
  outer loop
   vertex 0.000000e+00 0.000000e+00 0.000000e+00
   vertex 2.500000e+00 0.000000e+00 -4.330127e+00
   vertex 2.867882e+00 0.000000e+00 -4.095760e+00
  endloop
 endfacet
 facet normal -6.040692e-01 -1.239185e-01 7.872386e-01
  outer loop
   vertex 2.581094e+00 4.000000e+00 -3.686184e+00
   vertex 2.867882e+00 0.000000e+00 -4.095760e+00
   vertex 3.213938e+00 0.000000e+00 -3.830222e+00
  endloop
 endfacet
 facet normal -6.040694e-01 -1.239185e-01 7.872385e-01
  outer loop
   vertex 2.581094e+00 4.000000e+00 -3.686184e+00
   vertex 3.213938e+00 0.000000e+00 -3.830222e+00
   vertex 2.892544e+00 4.000000e+00 -3.447200e+00
  endloop
 endfacet
 facet normal 0.000000e+00 1.000000e+00 0.000000e+00
  outer loop
   vertex 0.000000e+00 4.000000e+00 0.000000e+00
   vertex 2.892544e+00 4.000000e+00 -3.447200e+00
   vertex 2.581094e+00 4.000000e+00 -3.686184e+00
  endloop
 endfacet
 facet normal 0.000000e+00 -1.000000e+00 0.000000e+00
  outer loop
   vertex 0.000000e+00 0.000000e+00 0.000000e+00
   vertex 2.867882e+00 0.000000e+00 -4.095760e+00
   vertex 3.213938e+00 0.000000e+00 -3.830222e+00
  endloop
 endfacet
 facet normal -6.703825e-01 -1.239185e-01 7.315952e-01
  outer loop
   vertex 2.892544e+00 4.000000e+00 -3.447200e+00
   vertex 3.213938e+00 0.000000e+00 -3.830222e+00
   vertex 3.535534e+00 0.000000e+00 -3.535534e+00
  endloop
 endfacet
 facet normal -6.703815e-01 -1.239183e-01 7.315962e-01
  outer loop
   vertex 2.892544e+00 4.000000e+00 -3.447200e+00
   vertex 3.535534e+00 0.000000e+00 -3.535534e+00
   vertex 3.181981e+00 4.000000e+00 -3.181981e+00
  endloop
 endfacet
 facet normal 0.000000e+00 1.000000e+00 0.000000e+00
  outer loop
   vertex 0.000000e+00 4.000000e+00 0.000000e+00
   vertex 3.181981e+00 4.000000e+00 -3.181981e+00
   vertex 2.892544e+00 4.000000e+00 -3.447200e+00
  endloop
 endfacet
 facet normal 0.000000e+00 -1.000000e+00 0.000000e+00
  outer loop
   vertex 0.000000e+00 0.000000e+00 0.000000e+00
   vertex 3.213938e+00 0.000000e+00 -3.830222e+00
   vertex 3.535534e+00 0.000000e+00 -3.535534e+00
  endloop
 endfacet
 facet normal -7.315952e-01 -1.239184e-01 6.703825e-01
  outer loop
   vertex 3.181981e+00 4.000000e+00 -3.181981e+00
   vertex 3.535534e+00 0.000000e+00 -3.535534e+00
   vertex 3.830222e+00 0.000000e+00 -3.213938e+00
  endloop
 endfacet
 facet normal -7.315961e-01 -1.239185e-01 6.703815e-01
  outer loop
   vertex 3.181981e+00 4.000000e+00 -3.181981e+00
   vertex 3.830222e+00 0.000000e+00 -3.213938e+00
   vertex 3.447200e+00 4.000000e+00 -2.892544e+00
  endloop
 endfacet
 facet normal 0.000000e+00 1.000000e+00 0.000000e+00
  outer loop
   vertex 0.000000e+00 4.000000e+00 0.000000e+00
   vertex 3.447200e+00 4.000000e+00 -2.892544e+00
   vertex 3.181981e+00 4.000000e+00 -3.181981e+00
  endloop
 endfacet
 facet normal 0.000000e+00 -1.000000e+00 0.000000e+00
  outer loop
   vertex 0.000000e+00 0.000000e+00 0.000000e+00
   vertex 3.535534e+00 0.000000e+00 -3.535534e+00
   vertex 3.830222e+00 0.000000e+00 -3.213938e+00
  endloop
 endfacet
 facet normal -7.872386e-01 -1.239185e-01 6.040692e-01
  outer loop
   vertex 3.447200e+00 4.000000e+00 -2.892544e+00
   vertex 3.830222e+00 0.000000e+00 -3.213938e+00
   vertex 4.095760e+00 0.000000e+00 -2.867882e+00
  endloop
 endfacet
 facet normal -7.872385e-01 -1.239185e-01 6.040694e-01
  outer loop
   vertex 3.447200e+00 4.000000e+00 -2.892544e+00
   vertex 4.095760e+00 0.000000e+00 -2.867882e+00
   vertex 3.686184e+00 4.000000e+00 -2.581094e+00
  endloop
 endfacet
 facet normal 0.000000e+00 1.000000e+00 0.000000e+00
  outer loop
   vertex 0.000000e+00 4.000000e+00 0.000000e+00
   vertex 3.686184e+00 4.000000e+00 -2.581094e+00
   vertex 3.447200e+00 4.000000e+00 -2.892544e+00
  endloop
 endfacet
 facet normal 0.000000e+00 -1.000000e+00 0.000000e+00
  outer loop
   vertex 0.000000e+00 0.000000e+00 0.000000e+00
   vertex 3.830222e+00 0.000000e+00 -3.213938e+00
   vertex 4.095760e+00 0.000000e+00 -2.867882e+00
  endloop
 endfacet
 facet normal -8.368906e-01 -1.239185e-01 5.331588e-01
  outer loop
   vertex 3.686184e+00 4.000000e+00 -2.581094e+00
   vertex 4.095760e+00 0.000000e+00 -2.867882e+00
   vertex 4.330127e+00 0.000000e+00 -2.500000e+00
  endloop
 endfacet
 facet normal -8.368911e-01 -1.239186e-01 5.331581e-01
  outer loop
   vertex 3.686184e+00 4.000000e+00 -2.581094e+00
   vertex 4.330127e+00 0.000000e+00 -2.500000e+00
   vertex 3.897114e+00 4.000000e+00 -2.250000e+00
  endloop
 endfacet
 facet normal 0.000000e+00 1.000000e+00 0.000000e+00
  outer loop
   vertex 0.000000e+00 4.000000e+00 0.000000e+00
   vertex 3.897114e+00 4.000000e+00 -2.250000e+00
   vertex 3.686184e+00 4.000000e+00 -2.581094e+00
  endloop
 endfacet
 facet normal 0.000000e+00 -1.000000e+00 0.000000e+00
  outer loop
   vertex 0.000000e+00 0.000000e+00 0.000000e+00
   vertex 4.095760e+00 0.000000e+00 -2.867882e+00
   vertex 4.330127e+00 0.000000e+00 -2.500000e+00
  endloop
 endfacet
 facet normal -8.801742e-01 -1.239186e-01 4.581895e-01
  outer loop
   vertex 3.897114e+00 4.000000e+00 -2.250000e+00
   vertex 4.330127e+00 0.000000e+00 -2.500000e+00
   vertex 4.531539e+00 0.000000e+00 -2.113091e+00
  endloop
 endfacet
 facet normal -8.801739e-01 -1.239185e-01 4.581900e-01
  outer loop
   vertex 3.897114e+00 4.000000e+00 -2.250000e+00
   vertex 4.531539e+00 0.000000e+00 -2.113091e+00
   vertex 4.078385e+00 4.000000e+00 -1.901782e+00
  endloop
 endfacet
 facet normal 0.000000e+00 1.000000e+00 0.000000e+00
  outer loop
   vertex 0.000000e+00 4.000000e+00 0.000000e+00
   vertex 4.078385e+00 4.000000e+00 -1.901782e+00
   vertex 3.897114e+00 4.000000e+00 -2.250000e+00
  endloop
 endfacet
 facet normal 0.000000e+00 -1.000000e+00 0.000000e+00
  outer loop
   vertex 0.000000e+00 0.000000e+00 0.000000e+00
   vertex 4.330127e+00 0.000000e+00 -2.500000e+00
   vertex 4.531539e+00 0.000000e+00 -2.113091e+00
  endloop
 endfacet
 facet normal -9.167586e-01 -1.239185e-01 3.797340e-01
  outer loop
   vertex 4.078385e+00 4.000000e+00 -1.901782e+00
   vertex 4.531539e+00 0.000000e+00 -2.113091e+00
   vertex 4.698463e+00 0.000000e+00 -1.710101e+00
  endloop
 endfacet
 facet normal -9.167582e-01 -1.239184e-01 3.797349e-01
  outer loop
   vertex 4.078385e+00 4.000000e+00 -1.901782e+00
   vertex 4.698463e+00 0.000000e+00 -1.710101e+00
   vertex 4.228617e+00 4.000000e+00 -1.539091e+00
  endloop
 endfacet
 facet normal 0.000000e+00 1.000000e+00 0.000000e+00
  outer loop
   vertex 0.000000e+00 4.000000e+00 0.000000e+00
   vertex 4.228617e+00 4.000000e+00 -1.539091e+00
   vertex 4.078385e+00 4.000000e+00 -1.901782e+00
  endloop
 endfacet
 facet normal 0.000000e+00 -1.000000e+00 0.000000e+00
  outer loop
   vertex 0.000000e+00 0.000000e+00 0.000000e+00
   vertex 4.531539e+00 0.000000e+00 -2.113091e+00
   vertex 4.698463e+00 0.000000e+00 -1.710101e+00
  endloop
 endfacet
 facet normal -9.463662e-01 -1.239184e-01 2.983877e-01
  outer loop
   vertex 4.228617e+00 4.000000e+00 -1.539091e+00
   vertex 4.698463e+00 0.000000e+00 -1.710101e+00
   vertex 4.829629e+00 0.000000e+00 -1.294095e+00
  endloop
 endfacet
 facet normal -9.463664e-01 -1.239185e-01 2.983871e-01
  outer loop
   vertex 4.228617e+00 4.000000e+00 -1.539091e+00
   vertex 4.829629e+00 0.000000e+00 -1.294095e+00
   vertex 4.346666e+00 4.000000e+00 -1.164686e+00
  endloop
 endfacet
 facet normal 0.000000e+00 1.000000e+00 0.000000e+00
  outer loop
   vertex 0.000000e+00 4.000000e+00 0.000000e+00
   vertex 4.346666e+00 4.000000e+00 -1.164686e+00
   vertex 4.228617e+00 4.000000e+00 -1.539091e+00
  endloop
 endfacet
 facet normal 0.000000e+00 -1.000000e+00 0.000000e+00
  outer loop
   vertex 0.000000e+00 0.000000e+00 0.000000e+00
   vertex 4.698463e+00 0.000000e+00 -1.710101e+00
   vertex 4.829629e+00 0.000000e+00 -1.294095e+00
  endloop
 endfacet
 facet normal -9.687709e-01 -1.239185e-01 2.147723e-01
  outer loop
   vertex 4.346666e+00 4.000000e+00 -1.164686e+00
   vertex 4.829629e+00 0.000000e+00 -1.294095e+00
   vertex 4.924039e+00 0.000000e+00 -8.682410e-01
  endloop
 endfacet
 facet normal -9.687709e-01 -1.239185e-01 2.147721e-01
  outer loop
   vertex 4.346666e+00 4.000000e+00 -1.164686e+00
   vertex 4.924039e+00 0.000000e+00 -8.682410e-01
   vertex 4.431635e+00 4.000000e+00 -7.814170e-01
  endloop
 endfacet
 facet normal 0.000000e+00 1.000000e+00 0.000000e+00
  outer loop
   vertex 0.000000e+00 4.000000e+00 0.000000e+00
   vertex 4.431635e+00 4.000000e+00 -7.814170e-01
   vertex 4.346666e+00 4.000000e+00 -1.164686e+00
  endloop
 endfacet
 facet normal 0.000000e+00 -1.000000e+00 0.000000e+00
  outer loop
   vertex 0.000000e+00 0.000000e+00 0.000000e+00
   vertex 4.829629e+00 0.000000e+00 -1.294095e+00
   vertex 4.924039e+00 0.000000e+00 -8.682410e-01
  endloop
 endfacet
 facet normal -9.838034e-01 -1.239185e-01 1.295186e-01
  outer loop
   vertex 4.431635e+00 4.000000e+00 -7.814170e-01
   vertex 4.924039e+00 0.000000e+00 -8.682410e-01
   vertex 4.980973e+00 0.000000e+00 -4.357790e-01
  endloop
 endfacet
 facet normal -9.838033e-01 -1.239184e-01 1.295195e-01
  outer loop
   vertex 4.431635e+00 4.000000e+00 -7.814170e-01
   vertex 4.980973e+00 0.000000e+00 -4.357790e-01
   vertex 4.482876e+00 4.000000e+00 -3.922010e-01
  endloop
 endfacet
 facet normal 0.000000e+00 1.000000e+00 0.000000e+00
  outer loop
   vertex 0.000000e+00 4.000000e+00 0.000000e+00
   vertex 4.482876e+00 4.000000e+00 -3.922010e-01
   vertex 4.431635e+00 4.000000e+00 -7.814170e-01
  endloop
 endfacet
 facet normal 0.000000e+00 -1.000000e+00 0.000000e+00
  outer loop
   vertex 0.000000e+00 0.000000e+00 0.000000e+00
   vertex 4.924039e+00 0.000000e+00 -8.682410e-01
   vertex 4.980973e+00 0.000000e+00 -4.357790e-01
  endloop
 endfacet
 facet normal -9.913479e-01 -1.239184e-01 4.328427e-02
  outer loop
   vertex 4.482876e+00 4.000000e+00 -3.922010e-01
   vertex 4.980973e+00 0.000000e+00 -4.357790e-01
   vertex 5.000000e+00 0.000000e+00 0.000000e+00
  endloop
 endfacet
 facet normal -9.913479e-01 -1.239185e-01 4.328353e-02
  outer loop
   vertex 4.482876e+00 4.000000e+00 -3.922010e-01
   vertex 5.000000e+00 0.000000e+00 0.000000e+00
   vertex 4.500000e+00 4.000000e+00 0.000000e+00
  endloop
 endfacet
 facet normal -0.000000e+00 1.000000e+00 0.000000e+00
  outer loop
   vertex 0.000000e+00 4.000000e+00 0.000000e+00
   vertex 4.500000e+00 4.000000e+00 0.000000e+00
   vertex 4.482876e+00 4.000000e+00 -3.922010e-01
  endloop
 endfacet
 facet normal 0.000000e+00 -1.000000e+00 0.000000e+00
  outer loop
   vertex 0.000000e+00 0.000000e+00 0.000000e+00
   vertex 4.980973e+00 0.000000e+00 -4.357790e-01
   vertex 5.000000e+00 0.000000e+00 0.000000e+00
  endloop
 endfacet
 facet normal 0.000000e+00 0.000000e+00 -1.000000e+00
  outer loop
   vertex 4.500000e+00 3.000000e+00 4.000000e-01
   vertex 4.500000e+00 1.800000e+01 4.000000e-01
   vertex 8.500000e+00 1.462500e+01 4.000000e-01
  endloop
 endfacet
 facet normal 0.000000e+00 0.000000e+00 -1.000000e+00
  outer loop
   vertex 4.500000e+00 3.000000e+00 4.000000e-01
   vertex 8.500000e+00 1.462500e+01 4.000000e-01
   vertex 8.500000e+00 6.375000e+00 4.000000e-01
  endloop
 endfacet
 facet normal 0.000000e+00 0.000000e+00 1.000000e+00
  outer loop
   vertex 4.500000e+00 3.000000e+00 -4.000000e-01
   vertex 8.500000e+00 6.375000e+00 -4.000000e-01
   vertex 8.500000e+00 1.462500e+01 -4.000000e-01
  endloop
 endfacet
 facet normal 0.000000e+00 0.000000e+00 1.000000e+00
  outer loop
   vertex 4.500000e+00 3.000000e+00 -4.000000e-01
   vertex 8.500000e+00 1.462500e+01 -4.000000e-01
   vertex 4.500000e+00 1.800000e+01 -4.000000e-01
  endloop
 endfacet
 facet normal 1.000000e+00 0.000000e+00 0.000000e+00
  outer loop
   vertex 4.500000e+00 3.000000e+00 4.000000e-01
   vertex 4.500000e+00 3.000000e+00 -4.000000e-01
   vertex 4.500000e+00 1.800000e+01 -4.000000e-01
  endloop
 endfacet
 facet normal 1.000000e+00 -0.000000e+00 0.000000e+00
  outer loop
   vertex 4.500000e+00 3.000000e+00 4.000000e-01
   vertex 4.500000e+00 1.800000e+01 -4.000000e-01
   vertex 4.500000e+00 1.800000e+01 4.000000e-01
  endloop
 endfacet
 facet normal -1.000000e+00 0.000000e+00 0.000000e+00
  outer loop
   vertex 8.500000e+00 6.375000e+00 4.000000e-01
   vertex 8.500000e+00 1.462500e+01 4.000000e-01
   vertex 8.500000e+00 1.462500e+01 -4.000000e-01
  endloop
 endfacet
 facet normal -1.000000e+00 0.000000e+00 0.000000e+00
  outer loop
   vertex 8.500000e+00 6.375000e+00 4.000000e-01
   vertex 8.500000e+00 1.462500e+01 -4.000000e-01
   vertex 8.500000e+00 6.375000e+00 -4.000000e-01
  endloop
 endfacet
 facet normal -6.448709e-01 7.642915e-01 0.000000e+00
  outer loop
   vertex 4.500000e+00 3.000000e+00 4.000000e-01
   vertex 8.500000e+00 6.375000e+00 4.000000e-01
   vertex 8.500000e+00 6.375000e+00 -4.000000e-01
  endloop
 endfacet
 facet normal -6.448709e-01 7.642915e-01 0.000000e+00
  outer loop
   vertex 4.500000e+00 3.000000e+00 4.000000e-01
   vertex 8.500000e+00 6.375000e+00 -4.000000e-01
   vertex 4.500000e+00 3.000000e+00 -4.000000e-01
  endloop
 endfacet
 facet normal -6.448709e-01 -7.642915e-01 -0.000000e+00
  outer loop
   vertex 4.500000e+00 1.800000e+01 4.000000e-01
   vertex 4.500000e+00 1.800000e+01 -4.000000e-01
   vertex 8.500000e+00 1.462500e+01 -4.000000e-01
  endloop
 endfacet
 facet normal -6.448709e-01 -7.642915e-01 0.000000e+00
  outer loop
   vertex 4.500000e+00 1.800000e+01 4.000000e-01
   vertex 8.500000e+00 1.462500e+01 -4.000000e-01
   vertex 8.500000e+00 1.462500e+01 4.000000e-01
  endloop
 endfacet
 facet normal 0.000000e+00 -0.000000e+00 1.000000e+00
  outer loop
   vertex -4.500000e+00 3.000000e+00 -4.000000e-01
   vertex -4.500000e+00 1.800000e+01 -4.000000e-01
   vertex -8.500000e+00 1.462500e+01 -4.000000e-01
  endloop
 endfacet
 facet normal 0.000000e+00 0.000000e+00 1.000000e+00
  outer loop
   vertex -4.500000e+00 3.000000e+00 -4.000000e-01
   vertex -8.500000e+00 1.462500e+01 -4.000000e-01
   vertex -8.500000e+00 6.375000e+00 -4.000000e-01
  endloop
 endfacet
 facet normal 0.000000e+00 0.000000e+00 -1.000000e+00
  outer loop
   vertex -4.500000e+00 3.000000e+00 4.000000e-01
   vertex -8.500000e+00 6.375000e+00 4.000000e-01
   vertex -8.500000e+00 1.462500e+01 4.000000e-01
  endloop
 endfacet
 facet normal 0.000000e+00 0.000000e+00 -1.000000e+00
  outer loop
   vertex -4.500000e+00 3.000000e+00 4.000000e-01
   vertex -8.500000e+00 1.462500e+01 4.000000e-01
   vertex -4.500000e+00 1.800000e+01 4.000000e-01
  endloop
 endfacet
 facet normal -1.000000e+00 0.000000e+00 0.000000e+00
  outer loop
   vertex -4.500000e+00 3.000000e+00 -4.000000e-01
   vertex -4.500000e+00 3.000000e+00 4.000000e-01
   vertex -4.500000e+00 1.800000e+01 4.000000e-01
  endloop
 endfacet
 facet normal -1.000000e+00 0.000000e+00 0.000000e+00
  outer loop
   vertex -4.500000e+00 3.000000e+00 -4.000000e-01
   vertex -4.500000e+00 1.800000e+01 4.000000e-01
   vertex -4.500000e+00 1.800000e+01 -4.000000e-01
  endloop
 endfacet
 facet normal 1.000000e+00 0.000000e+00 0.000000e+00
  outer loop
   vertex -8.500000e+00 6.375000e+00 -4.000000e-01
   vertex -8.500000e+00 1.462500e+01 -4.000000e-01
   vertex -8.500000e+00 1.462500e+01 4.000000e-01
  endloop
 endfacet
 facet normal 1.000000e+00 0.000000e+00 0.000000e+00
  outer loop
   vertex -8.500000e+00 6.375000e+00 -4.000000e-01
   vertex -8.500000e+00 1.462500e+01 4.000000e-01
   vertex -8.500000e+00 6.375000e+00 4.000000e-01
  endloop
 endfacet
 facet normal 6.448709e-01 7.642915e-01 0.000000e+00
  outer loop
   vertex -4.500000e+00 3.000000e+00 -4.000000e-01
   vertex -8.500000e+00 6.375000e+00 -4.000000e-01
   vertex -8.500000e+00 6.375000e+00 4.000000e-01
  endloop
 endfacet
 facet normal 6.448709e-01 7.642915e-01 -0.000000e+00
  outer loop
   vertex -4.500000e+00 3.000000e+00 -4.000000e-01
   vertex -8.500000e+00 6.375000e+00 4.000000e-01
   vertex -4.500000e+00 3.000000e+00 4.000000e-01
  endloop
 endfacet
 facet normal 6.448709e-01 -7.642915e-01 0.000000e+00
  outer loop
   vertex -4.500000e+00 1.800000e+01 -4.000000e-01
   vertex -4.500000e+00 1.800000e+01 4.000000e-01
   vertex -8.500000e+00 1.462500e+01 4.000000e-01
  endloop
 endfacet
 facet normal 6.448709e-01 -7.642915e-01 0.000000e+00
  outer loop
   vertex -4.500000e+00 1.800000e+01 -4.000000e-01
   vertex -8.500000e+00 1.462500e+01 4.000000e-01
   vertex -8.500000e+00 1.462500e+01 -4.000000e-01
  endloop
 endfacet
 facet normal 1.000000e+00 0.000000e+00 0.000000e+00
  outer loop
   vertex -3.000000e-01 3.800000e+01 4.500000e+00
   vertex -3.000000e-01 4.600000e+01 4.500000e+00
   vertex -3.000000e-01 4.380000e+01 7.500000e+00
  endloop
 endfacet
 facet normal 1.000000e+00 0.000000e+00 0.000000e+00
  outer loop
   vertex -3.000000e-01 3.800000e+01 4.500000e+00
   vertex -3.000000e-01 4.380000e+01 7.500000e+00
   vertex -3.000000e-01 4.020000e+01 7.500000e+00
  endloop
 endfacet
 facet normal -1.000000e+00 0.000000e+00 0.000000e+00
  outer loop
   vertex 3.000000e-01 3.800000e+01 4.500000e+00
   vertex 3.000000e-01 4.020000e+01 7.500000e+00
   vertex 3.000000e-01 4.380000e+01 7.500000e+00
  endloop
 endfacet
 facet normal -1.000000e+00 0.000000e+00 0.000000e+00
  outer loop
   vertex 3.000000e-01 3.800000e+01 4.500000e+00
   vertex 3.000000e-01 4.380000e+01 7.500000e+00
   vertex 3.000000e-01 4.600000e+01 4.500000e+00
  endloop
 endfacet
 facet normal 0.000000e+00 0.000000e+00 -1.000000e+00
  outer loop
   vertex -3.000000e-01 4.020000e+01 7.500000e+00
   vertex -3.000000e-01 4.380000e+01 7.500000e+00
   vertex 3.000000e-01 4.380000e+01 7.500000e+00
  endloop
 endfacet
 facet normal 0.000000e+00 0.000000e+00 -1.000000e+00
  outer loop
   vertex -3.000000e-01 4.020000e+01 7.500000e+00
   vertex 3.000000e-01 4.380000e+01 7.500000e+00
   vertex 3.000000e-01 4.020000e+01 7.500000e+00
  endloop
 endfacet
 facet normal 0.000000e+00 8.064050e-01 -5.913637e-01
  outer loop
   vertex -3.000000e-01 3.800000e+01 4.500000e+00
   vertex -3.000000e-01 4.020000e+01 7.500000e+00
   vertex 3.000000e-01 4.020000e+01 7.500000e+00
  endloop
 endfacet
 facet normal 0.000000e+00 8.064050e-01 -5.913637e-01
  outer loop
   vertex -3.000000e-01 3.800000e+01 4.500000e+00
   vertex 3.000000e-01 4.020000e+01 7.500000e+00
   vertex 3.000000e-01 3.800000e+01 4.500000e+00
  endloop
 endfacet
 facet normal 0.000000e+00 -8.064050e-01 -5.913637e-01
  outer loop
   vertex -3.000000e-01 4.600000e+01 4.500000e+00
   vertex 3.000000e-01 4.600000e+01 4.500000e+00
   vertex 3.000000e-01 4.380000e+01 7.500000e+00
  endloop
 endfacet
 facet normal 0.000000e+00 -8.064050e-01 -5.913637e-01
  outer loop
   vertex -3.000000e-01 4.600000e+01 4.500000e+00
   vertex 3.000000e-01 4.380000e+01 7.500000e+00
   vertex -3.000000e-01 4.380000e+01 7.500000e+00
  endloop
 endfacet
 facet normal -1.000000e+00 0.000000e+00 0.000000e+00
  outer loop
   vertex 3.000000e-01 3.800000e+01 -4.500000e+00
   vertex 3.000000e-01 4.600000e+01 -4.500000e+00
   vertex 3.000000e-01 4.380000e+01 -7.500000e+00
  endloop
 endfacet
 facet normal -1.000000e+00 0.000000e+00 0.000000e+00
  outer loop
   vertex 3.000000e-01 3.800000e+01 -4.500000e+00
   vertex 3.000000e-01 4.380000e+01 -7.500000e+00
   vertex 3.000000e-01 4.020000e+01 -7.500000e+00
  endloop
 endfacet
 facet normal 1.000000e+00 0.000000e+00 0.000000e+00
  outer loop
   vertex -3.000000e-01 3.800000e+01 -4.500000e+00
   vertex -3.000000e-01 4.020000e+01 -7.500000e+00
   vertex -3.000000e-01 4.380000e+01 -7.500000e+00
  endloop
 endfacet
 facet normal 1.000000e+00 -0.000000e+00 0.000000e+00
  outer loop
   vertex -3.000000e-01 3.800000e+01 -4.500000e+00
   vertex -3.000000e-01 4.380000e+01 -7.500000e+00
   vertex -3.000000e-01 4.600000e+01 -4.500000e+00
  endloop
 endfacet
 facet normal 0.000000e+00 -0.000000e+00 1.000000e+00
  outer loop
   vertex 3.000000e-01 4.020000e+01 -7.500000e+00
   vertex 3.000000e-01 4.380000e+01 -7.500000e+00
   vertex -3.000000e-01 4.380000e+01 -7.500000e+00
  endloop
 endfacet
 facet normal 0.000000e+00 0.000000e+00 1.000000e+00
  outer loop
   vertex 3.000000e-01 4.020000e+01 -7.500000e+00
   vertex -3.000000e-01 4.380000e+01 -7.500000e+00
   vertex -3.000000e-01 4.020000e+01 -7.500000e+00
  endloop
 endfacet
 facet normal 0.000000e+00 8.064050e-01 5.913637e-01
  outer loop
   vertex 3.000000e-01 3.800000e+01 -4.500000e+00
   vertex 3.000000e-01 4.020000e+01 -7.500000e+00
   vertex -3.000000e-01 4.020000e+01 -7.500000e+00
  endloop
 endfacet
 facet normal 0.000000e+00 8.064050e-01 5.913637e-01
  outer loop
   vertex 3.000000e-01 3.800000e+01 -4.500000e+00
   vertex -3.000000e-01 4.020000e+01 -7.500000e+00
   vertex -3.000000e-01 3.800000e+01 -4.500000e+00
  endloop
 endfacet
 facet normal 0.000000e+00 -8.064050e-01 5.913637e-01
  outer loop
   vertex 3.000000e-01 4.600000e+01 -4.500000e+00
   vertex -3.000000e-01 4.600000e+01 -4.500000e+00
   vertex -3.000000e-01 4.380000e+01 -7.500000e+00
  endloop
 endfacet
 facet normal 0.000000e+00 -8.064050e-01 5.913637e-01
  outer loop
   vertex 3.000000e-01 4.600000e+01 -4.500000e+00
   vertex -3.000000e-01 4.380000e+01 -7.500000e+00
   vertex 3.000000e-01 4.380000e+01 -7.500000e+00
  endloop
 endfacet
 facet normal -9.792332e-01 1.305644e-01 -1.550974e-01
  outer loop
   vertex 9.000000e-01 0.000000e+00 1.500000e+00
   vertex 5.000000e-01 -3.000000e+00 1.500000e+00
   vertex 4.755280e-01 -3.000000e+00 1.654508e+00
  endloop
 endfacet
 facet normal -9.792336e-01 1.305646e-01 -1.550951e-01
  outer loop
   vertex 9.000000e-01 0.000000e+00 1.500000e+00
   vertex 4.755280e-01 -3.000000e+00 1.654508e+00
   vertex 8.559510e-01 0.000000e+00 1.778115e+00
  endloop
 endfacet
 facet normal 0.000000e+00 1.000000e+00 0.000000e+00
  outer loop
   vertex 0.000000e+00 0.000000e+00 1.500000e+00
   vertex 8.559510e-01 0.000000e+00 1.778115e+00
   vertex 9.000000e-01 0.000000e+00 1.500000e+00
  endloop
 endfacet
 facet normal 0.000000e+00 -1.000000e+00 0.000000e+00
  outer loop
   vertex 0.000000e+00 -3.000000e+00 1.500000e+00
   vertex 5.000000e-01 -3.000000e+00 1.500000e+00
   vertex 4.755280e-01 -3.000000e+00 1.654508e+00
  endloop
 endfacet
 facet normal -8.833799e-01 1.305646e-01 -4.501032e-01
  outer loop
   vertex 8.559510e-01 0.000000e+00 1.778115e+00
   vertex 4.755280e-01 -3.000000e+00 1.654508e+00
   vertex 4.045080e-01 -3.000000e+00 1.793893e+00
  endloop
 endfacet
 facet normal -8.833791e-01 1.305645e-01 -4.501047e-01
  outer loop
   vertex 8.559510e-01 0.000000e+00 1.778115e+00
   vertex 4.045080e-01 -3.000000e+00 1.793893e+00
   vertex 7.281150e-01 0.000000e+00 2.029007e+00
  endloop
 endfacet
 facet normal 0.000000e+00 1.000000e+00 0.000000e+00
  outer loop
   vertex 0.000000e+00 0.000000e+00 1.500000e+00
   vertex 7.281150e-01 0.000000e+00 2.029007e+00
   vertex 8.559510e-01 0.000000e+00 1.778115e+00
  endloop
 endfacet
 facet normal 0.000000e+00 -1.000000e+00 0.000000e+00
  outer loop
   vertex 0.000000e+00 -3.000000e+00 1.500000e+00
   vertex 4.755280e-01 -3.000000e+00 1.654508e+00
   vertex 4.045080e-01 -3.000000e+00 1.793893e+00
  endloop
 endfacet
 facet normal -7.010538e-01 1.305645e-01 -7.010538e-01
  outer loop
   vertex 7.281150e-01 0.000000e+00 2.029007e+00
   vertex 4.045080e-01 -3.000000e+00 1.793893e+00
   vertex 2.938930e-01 -3.000000e+00 1.904508e+00
  endloop
 endfacet
 facet normal -7.010538e-01 1.305645e-01 -7.010538e-01
  outer loop
   vertex 7.281150e-01 0.000000e+00 2.029007e+00
   vertex 2.938930e-01 -3.000000e+00 1.904508e+00
   vertex 5.290070e-01 0.000000e+00 2.228115e+00
  endloop
 endfacet
 facet normal 0.000000e+00 1.000000e+00 0.000000e+00
  outer loop
   vertex 0.000000e+00 0.000000e+00 1.500000e+00
   vertex 5.290070e-01 0.000000e+00 2.228115e+00
   vertex 7.281150e-01 0.000000e+00 2.029007e+00
  endloop
 endfacet
 facet normal 0.000000e+00 -1.000000e+00 0.000000e+00
  outer loop
   vertex 0.000000e+00 -3.000000e+00 1.500000e+00
   vertex 4.045080e-01 -3.000000e+00 1.793893e+00
   vertex 2.938930e-01 -3.000000e+00 1.904508e+00
  endloop
 endfacet
 facet normal -4.501032e-01 1.305645e-01 -8.833799e-01
  outer loop
   vertex 5.290070e-01 0.000000e+00 2.228115e+00
   vertex 2.938930e-01 -3.000000e+00 1.904508e+00
   vertex 1.545080e-01 -3.000000e+00 1.975528e+00
  endloop
 endfacet
 facet normal -4.501046e-01 1.305646e-01 -8.833791e-01
  outer loop
   vertex 5.290070e-01 0.000000e+00 2.228115e+00
   vertex 1.545080e-01 -3.000000e+00 1.975528e+00
   vertex 2.781150e-01 0.000000e+00 2.355951e+00
  endloop
 endfacet
 facet normal 0.000000e+00 1.000000e+00 0.000000e+00
  outer loop
   vertex 0.000000e+00 0.000000e+00 1.500000e+00
   vertex 2.781150e-01 0.000000e+00 2.355951e+00
   vertex 5.290070e-01 0.000000e+00 2.228115e+00
  endloop
 endfacet
 facet normal 0.000000e+00 -1.000000e+00 0.000000e+00
  outer loop
   vertex 0.000000e+00 -3.000000e+00 1.500000e+00
   vertex 2.938930e-01 -3.000000e+00 1.904508e+00
   vertex 1.545080e-01 -3.000000e+00 1.975528e+00
  endloop
 endfacet
 facet normal -1.550974e-01 1.305647e-01 -9.792332e-01
  outer loop
   vertex 2.781150e-01 0.000000e+00 2.355951e+00
   vertex 1.545080e-01 -3.000000e+00 1.975528e+00
   vertex 0.000000e+00 -3.000000e+00 2.000000e+00
  endloop
 endfacet
 facet normal -1.550951e-01 1.305645e-01 -9.792336e-01
  outer loop
   vertex 2.781150e-01 0.000000e+00 2.355951e+00
   vertex 0.000000e+00 -3.000000e+00 2.000000e+00
   vertex 0.000000e+00 0.000000e+00 2.400000e+00
  endloop
 endfacet
 facet normal 0.000000e+00 1.000000e+00 0.000000e+00
  outer loop
   vertex 0.000000e+00 0.000000e+00 1.500000e+00
   vertex 0.000000e+00 0.000000e+00 2.400000e+00
   vertex 2.781150e-01 0.000000e+00 2.355951e+00
  endloop
 endfacet
 facet normal 0.000000e+00 -1.000000e+00 0.000000e+00
  outer loop
   vertex 0.000000e+00 -3.000000e+00 1.500000e+00
   vertex 1.545080e-01 -3.000000e+00 1.975528e+00
   vertex 0.000000e+00 -3.000000e+00 2.000000e+00
  endloop
 endfacet
 facet normal 1.550974e-01 1.305644e-01 -9.792332e-01
  outer loop
   vertex 0.000000e+00 0.000000e+00 2.400000e+00
   vertex 0.000000e+00 -3.000000e+00 2.000000e+00
   vertex -1.545080e-01 -3.000000e+00 1.975528e+00
  endloop
 endfacet
 facet normal 1.550951e-01 1.305646e-01 -9.792336e-01
  outer loop
   vertex 0.000000e+00 0.000000e+00 2.400000e+00
   vertex -1.545080e-01 -3.000000e+00 1.975528e+00
   vertex -2.781150e-01 0.000000e+00 2.355951e+00
  endloop
 endfacet
 facet normal 0.000000e+00 1.000000e+00 -0.000000e+00
  outer loop
   vertex 0.000000e+00 0.000000e+00 1.500000e+00
   vertex -2.781150e-01 0.000000e+00 2.355951e+00
   vertex 0.000000e+00 0.000000e+00 2.400000e+00
  endloop
 endfacet
 facet normal 0.000000e+00 -1.000000e+00 0.000000e+00
  outer loop
   vertex 0.000000e+00 -3.000000e+00 1.500000e+00
   vertex 0.000000e+00 -3.000000e+00 2.000000e+00
   vertex -1.545080e-01 -3.000000e+00 1.975528e+00
  endloop
 endfacet
 facet normal 4.501032e-01 1.305646e-01 -8.833799e-01
  outer loop
   vertex -2.781150e-01 0.000000e+00 2.355951e+00
   vertex -1.545080e-01 -3.000000e+00 1.975528e+00
   vertex -2.938930e-01 -3.000000e+00 1.904508e+00
  endloop
 endfacet
 facet normal 4.501047e-01 1.305645e-01 -8.833791e-01
  outer loop
   vertex -2.781150e-01 0.000000e+00 2.355951e+00
   vertex -2.938930e-01 -3.000000e+00 1.904508e+00
   vertex -5.290070e-01 0.000000e+00 2.228115e+00
  endloop
 endfacet
 facet normal 0.000000e+00 1.000000e+00 0.000000e+00
  outer loop
   vertex 0.000000e+00 0.000000e+00 1.500000e+00
   vertex -5.290070e-01 0.000000e+00 2.228115e+00
   vertex -2.781150e-01 0.000000e+00 2.355951e+00
  endloop
 endfacet
 facet normal 0.000000e+00 -1.000000e+00 0.000000e+00
  outer loop
   vertex 0.000000e+00 -3.000000e+00 1.500000e+00
   vertex -1.545080e-01 -3.000000e+00 1.975528e+00
   vertex -2.938930e-01 -3.000000e+00 1.904508e+00
  endloop
 endfacet
 facet normal 7.010538e-01 1.305645e-01 -7.010538e-01
  outer loop
   vertex -5.290070e-01 0.000000e+00 2.228115e+00
   vertex -2.938930e-01 -3.000000e+00 1.904508e+00
   vertex -4.045080e-01 -3.000000e+00 1.793893e+00
  endloop
 endfacet
 facet normal 7.010538e-01 1.305645e-01 -7.010538e-01
  outer loop
   vertex -5.290070e-01 0.000000e+00 2.228115e+00
   vertex -4.045080e-01 -3.000000e+00 1.793893e+00
   vertex -7.281150e-01 0.000000e+00 2.029007e+00
  endloop
 endfacet
 facet normal 0.000000e+00 1.000000e+00 0.000000e+00
  outer loop
   vertex 0.000000e+00 0.000000e+00 1.500000e+00
   vertex -7.281150e-01 0.000000e+00 2.029007e+00
   vertex -5.290070e-01 0.000000e+00 2.228115e+00
  endloop
 endfacet
 facet normal 0.000000e+00 -1.000000e+00 0.000000e+00
  outer loop
   vertex 0.000000e+00 -3.000000e+00 1.500000e+00
   vertex -2.938930e-01 -3.000000e+00 1.904508e+00
   vertex -4.045080e-01 -3.000000e+00 1.793893e+00
  endloop
 endfacet
 facet normal 8.833799e-01 1.305645e-01 -4.501032e-01
  outer loop
   vertex -7.281150e-01 0.000000e+00 2.029007e+00
   vertex -4.045080e-01 -3.000000e+00 1.793893e+00
   vertex -4.755280e-01 -3.000000e+00 1.654508e+00
  endloop
 endfacet
 facet normal 8.833791e-01 1.305646e-01 -4.501046e-01
  outer loop
   vertex -7.281150e-01 0.000000e+00 2.029007e+00
   vertex -4.755280e-01 -3.000000e+00 1.654508e+00
   vertex -8.559510e-01 0.000000e+00 1.778115e+00
  endloop
 endfacet
 facet normal 0.000000e+00 1.000000e+00 0.000000e+00
  outer loop
   vertex 0.000000e+00 0.000000e+00 1.500000e+00
   vertex -8.559510e-01 0.000000e+00 1.778115e+00
   vertex -7.281150e-01 0.000000e+00 2.029007e+00
  endloop
 endfacet
 facet normal 0.000000e+00 -1.000000e+00 0.000000e+00
  outer loop
   vertex 0.000000e+00 -3.000000e+00 1.500000e+00
   vertex -4.045080e-01 -3.000000e+00 1.793893e+00
   vertex -4.755280e-01 -3.000000e+00 1.654508e+00
  endloop
 endfacet
 facet normal 9.792332e-01 1.305647e-01 -1.550974e-01
  outer loop
   vertex -8.559510e-01 0.000000e+00 1.778115e+00
   vertex -4.755280e-01 -3.000000e+00 1.654508e+00
   vertex -5.000000e-01 -3.000000e+00 1.500000e+00
  endloop
 endfacet
 facet normal 9.792336e-01 1.305645e-01 -1.550951e-01
  outer loop
   vertex -8.559510e-01 0.000000e+00 1.778115e+00
   vertex -5.000000e-01 -3.000000e+00 1.500000e+00
   vertex -9.000000e-01 0.000000e+00 1.500000e+00
  endloop
 endfacet
 facet normal 0.000000e+00 1.000000e+00 0.000000e+00
  outer loop
   vertex 0.000000e+00 0.000000e+00 1.500000e+00
   vertex -9.000000e-01 0.000000e+00 1.500000e+00
   vertex -8.559510e-01 0.000000e+00 1.778115e+00
  endloop
 endfacet
 facet normal 0.000000e+00 -1.000000e+00 0.000000e+00
  outer loop
   vertex 0.000000e+00 -3.000000e+00 1.500000e+00
   vertex -4.755280e-01 -3.000000e+00 1.654508e+00
   vertex -5.000000e-01 -3.000000e+00 1.500000e+00
  endloop
 endfacet
 facet normal 9.792332e-01 1.305644e-01 1.550974e-01
  outer loop
   vertex -9.000000e-01 0.000000e+00 1.500000e+00
   vertex -5.000000e-01 -3.000000e+00 1.500000e+00
   vertex -4.755280e-01 -3.000000e+00 1.345492e+00
  endloop
 endfacet
 facet normal 9.792336e-01 1.305646e-01 1.550951e-01
  outer loop
   vertex -9.000000e-01 0.000000e+00 1.500000e+00
   vertex -4.755280e-01 -3.000000e+00 1.345492e+00
   vertex -8.559510e-01 0.000000e+00 1.221885e+00
  endloop
 endfacet
 facet normal 0.000000e+00 1.000000e+00 0.000000e+00
  outer loop
   vertex 0.000000e+00 0.000000e+00 1.500000e+00
   vertex -8.559510e-01 0.000000e+00 1.221885e+00
   vertex -9.000000e-01 0.000000e+00 1.500000e+00
  endloop
 endfacet
 facet normal -0.000000e+00 -1.000000e+00 0.000000e+00
  outer loop
   vertex 0.000000e+00 -3.000000e+00 1.500000e+00
   vertex -5.000000e-01 -3.000000e+00 1.500000e+00
   vertex -4.755280e-01 -3.000000e+00 1.345492e+00
  endloop
 endfacet
 facet normal 8.833799e-01 1.305646e-01 4.501032e-01
  outer loop
   vertex -8.559510e-01 0.000000e+00 1.221885e+00
   vertex -4.755280e-01 -3.000000e+00 1.345492e+00
   vertex -4.045080e-01 -3.000000e+00 1.206107e+00
  endloop
 endfacet
 facet normal 8.833791e-01 1.305645e-01 4.501047e-01
  outer loop
   vertex -8.559510e-01 0.000000e+00 1.221885e+00
   vertex -4.045080e-01 -3.000000e+00 1.206107e+00
   vertex -7.281150e-01 0.000000e+00 9.709930e-01
  endloop
 endfacet
 facet normal 0.000000e+00 1.000000e+00 0.000000e+00
  outer loop
   vertex 0.000000e+00 0.000000e+00 1.500000e+00
   vertex -7.281150e-01 0.000000e+00 9.709930e-01
   vertex -8.559510e-01 0.000000e+00 1.221885e+00
  endloop
 endfacet
 facet normal 0.000000e+00 -1.000000e+00 0.000000e+00
  outer loop
   vertex 0.000000e+00 -3.000000e+00 1.500000e+00
   vertex -4.755280e-01 -3.000000e+00 1.345492e+00
   vertex -4.045080e-01 -3.000000e+00 1.206107e+00
  endloop
 endfacet
 facet normal 7.010538e-01 1.305645e-01 7.010538e-01
  outer loop
   vertex -7.281150e-01 0.000000e+00 9.709930e-01
   vertex -4.045080e-01 -3.000000e+00 1.206107e+00
   vertex -2.938930e-01 -3.000000e+00 1.095492e+00
  endloop
 endfacet
 facet normal 7.010538e-01 1.305645e-01 7.010538e-01
  outer loop
   vertex -7.281150e-01 0.000000e+00 9.709930e-01
   vertex -2.938930e-01 -3.000000e+00 1.095492e+00
   vertex -5.290070e-01 0.000000e+00 7.718850e-01
  endloop
 endfacet
 facet normal 0.000000e+00 1.000000e+00 0.000000e+00
  outer loop
   vertex 0.000000e+00 0.000000e+00 1.500000e+00
   vertex -5.290070e-01 0.000000e+00 7.718850e-01
   vertex -7.281150e-01 0.000000e+00 9.709930e-01
  endloop
 endfacet
 facet normal 0.000000e+00 -1.000000e+00 0.000000e+00
  outer loop
   vertex 0.000000e+00 -3.000000e+00 1.500000e+00
   vertex -4.045080e-01 -3.000000e+00 1.206107e+00
   vertex -2.938930e-01 -3.000000e+00 1.095492e+00
  endloop
 endfacet
 facet normal 4.501032e-01 1.305645e-01 8.833799e-01
  outer loop
   vertex -5.290070e-01 0.000000e+00 7.718850e-01
   vertex -2.938930e-01 -3.000000e+00 1.095492e+00
   vertex -1.545080e-01 -3.000000e+00 1.024472e+00
  endloop
 endfacet
 facet normal 4.501046e-01 1.305646e-01 8.833791e-01
  outer loop
   vertex -5.290070e-01 0.000000e+00 7.718850e-01
   vertex -1.545080e-01 -3.000000e+00 1.024472e+00
   vertex -2.781150e-01 0.000000e+00 6.440490e-01
  endloop
 endfacet
 facet normal 0.000000e+00 1.000000e+00 0.000000e+00
  outer loop
   vertex 0.000000e+00 0.000000e+00 1.500000e+00
   vertex -2.781150e-01 0.000000e+00 6.440490e-01
   vertex -5.290070e-01 0.000000e+00 7.718850e-01
  endloop
 endfacet
 facet normal 0.000000e+00 -1.000000e+00 0.000000e+00
  outer loop
   vertex 0.000000e+00 -3.000000e+00 1.500000e+00
   vertex -2.938930e-01 -3.000000e+00 1.095492e+00
   vertex -1.545080e-01 -3.000000e+00 1.024472e+00
  endloop
 endfacet
 facet normal 1.550974e-01 1.305647e-01 9.792332e-01
  outer loop
   vertex -2.781150e-01 0.000000e+00 6.440490e-01
   vertex -1.545080e-01 -3.000000e+00 1.024472e+00
   vertex 0.000000e+00 -3.000000e+00 1.000000e+00
  endloop
 endfacet
 facet normal 1.550951e-01 1.305645e-01 9.792336e-01
  outer loop
   vertex -2.781150e-01 0.000000e+00 6.440490e-01
   vertex 0.000000e+00 -3.000000e+00 1.000000e+00
   vertex -0.000000e+00 0.000000e+00 6.000000e-01
  endloop
 endfacet
 facet normal 0.000000e+00 1.000000e+00 0.000000e+00
  outer loop
   vertex 0.000000e+00 0.000000e+00 1.500000e+00
   vertex -0.000000e+00 0.000000e+00 6.000000e-01
   vertex -2.781150e-01 0.000000e+00 6.440490e-01
  endloop
 endfacet
 facet normal 0.000000e+00 -1.000000e+00 -0.000000e+00
  outer loop
   vertex 0.000000e+00 -3.000000e+00 1.500000e+00
   vertex -1.545080e-01 -3.000000e+00 1.024472e+00
   vertex 0.000000e+00 -3.000000e+00 1.000000e+00
  endloop
 endfacet
 facet normal -1.550974e-01 1.305644e-01 9.792332e-01
  outer loop
   vertex -0.000000e+00 0.000000e+00 6.000000e-01
   vertex 0.000000e+00 -3.000000e+00 1.000000e+00
   vertex 1.545080e-01 -3.000000e+00 1.024472e+00
  endloop
 endfacet
 facet normal -1.550951e-01 1.305646e-01 9.792336e-01
  outer loop
   vertex -0.000000e+00 0.000000e+00 6.000000e-01
   vertex 1.545080e-01 -3.000000e+00 1.024472e+00
   vertex 2.781150e-01 0.000000e+00 6.440490e-01
  endloop
 endfacet
 facet normal 0.000000e+00 1.000000e+00 0.000000e+00
  outer loop
   vertex 0.000000e+00 0.000000e+00 1.500000e+00
   vertex 2.781150e-01 0.000000e+00 6.440490e-01
   vertex -0.000000e+00 0.000000e+00 6.000000e-01
  endloop
 endfacet
 facet normal 0.000000e+00 -1.000000e+00 0.000000e+00
  outer loop
   vertex 0.000000e+00 -3.000000e+00 1.500000e+00
   vertex 0.000000e+00 -3.000000e+00 1.000000e+00
   vertex 1.545080e-01 -3.000000e+00 1.024472e+00
  endloop
 endfacet
 facet normal -4.501032e-01 1.305646e-01 8.833799e-01
  outer loop
   vertex 2.781150e-01 0.000000e+00 6.440490e-01
   vertex 1.545080e-01 -3.000000e+00 1.024472e+00
   vertex 2.938930e-01 -3.000000e+00 1.095492e+00
  endloop
 endfacet
 facet normal -4.501047e-01 1.305645e-01 8.833791e-01
  outer loop
   vertex 2.781150e-01 0.000000e+00 6.440490e-01
   vertex 2.938930e-01 -3.000000e+00 1.095492e+00
   vertex 5.290070e-01 0.000000e+00 7.718850e-01
  endloop
 endfacet
 facet normal 0.000000e+00 1.000000e+00 0.000000e+00
  outer loop
   vertex 0.000000e+00 0.000000e+00 1.500000e+00
   vertex 5.290070e-01 0.000000e+00 7.718850e-01
   vertex 2.781150e-01 0.000000e+00 6.440490e-01
  endloop
 endfacet
 facet normal 0.000000e+00 -1.000000e+00 0.000000e+00
  outer loop
   vertex 0.000000e+00 -3.000000e+00 1.500000e+00
   vertex 1.545080e-01 -3.000000e+00 1.024472e+00
   vertex 2.938930e-01 -3.000000e+00 1.095492e+00
  endloop
 endfacet
 facet normal -7.010538e-01 1.305645e-01 7.010538e-01
  outer loop
   vertex 5.290070e-01 0.000000e+00 7.718850e-01
   vertex 2.938930e-01 -3.000000e+00 1.095492e+00
   vertex 4.045080e-01 -3.000000e+00 1.206107e+00
  endloop
 endfacet
 facet normal -7.010538e-01 1.305645e-01 7.010538e-01
  outer loop
   vertex 5.290070e-01 0.000000e+00 7.718850e-01
   vertex 4.045080e-01 -3.000000e+00 1.206107e+00
   vertex 7.281150e-01 0.000000e+00 9.709930e-01
  endloop
 endfacet
 facet normal 0.000000e+00 1.000000e+00 0.000000e+00
  outer loop
   vertex 0.000000e+00 0.000000e+00 1.500000e+00
   vertex 7.281150e-01 0.000000e+00 9.709930e-01
   vertex 5.290070e-01 0.000000e+00 7.718850e-01
  endloop
 endfacet
 facet normal 0.000000e+00 -1.000000e+00 0.000000e+00
  outer loop
   vertex 0.000000e+00 -3.000000e+00 1.500000e+00
   vertex 2.938930e-01 -3.000000e+00 1.095492e+00
   vertex 4.045080e-01 -3.000000e+00 1.206107e+00
  endloop
 endfacet
 facet normal -8.833799e-01 1.305645e-01 4.501032e-01
  outer loop
   vertex 7.281150e-01 0.000000e+00 9.709930e-01
   vertex 4.045080e-01 -3.000000e+00 1.206107e+00
   vertex 4.755280e-01 -3.000000e+00 1.345492e+00
  endloop
 endfacet
 facet normal -8.833791e-01 1.305646e-01 4.501046e-01
  outer loop
   vertex 7.281150e-01 0.000000e+00 9.709930e-01
   vertex 4.755280e-01 -3.000000e+00 1.345492e+00
   vertex 8.559510e-01 0.000000e+00 1.221885e+00
  endloop
 endfacet
 facet normal 0.000000e+00 1.000000e+00 0.000000e+00
  outer loop
   vertex 0.000000e+00 0.000000e+00 1.500000e+00
   vertex 8.559510e-01 0.000000e+00 1.221885e+00
   vertex 7.281150e-01 0.000000e+00 9.709930e-01
  endloop
 endfacet
 facet normal 0.000000e+00 -1.000000e+00 0.000000e+00
  outer loop
   vertex 0.000000e+00 -3.000000e+00 1.500000e+00
   vertex 4.045080e-01 -3.000000e+00 1.206107e+00
   vertex 4.755280e-01 -3.000000e+00 1.345492e+00
  endloop
 endfacet
 facet normal -9.792332e-01 1.305647e-01 1.550974e-01
  outer loop
   vertex 8.559510e-01 0.000000e+00 1.221885e+00
   vertex 4.755280e-01 -3.000000e+00 1.345492e+00
   vertex 5.000000e-01 -3.000000e+00 1.500000e+00
  endloop
 endfacet
 facet normal -9.792336e-01 1.305645e-01 1.550951e-01
  outer loop
   vertex 8.559510e-01 0.000000e+00 1.221885e+00
   vertex 5.000000e-01 -3.000000e+00 1.500000e+00
   vertex 9.000000e-01 0.000000e+00 1.500000e+00
  endloop
 endfacet
 facet normal -0.000000e+00 1.000000e+00 0.000000e+00
  outer loop
   vertex 0.000000e+00 0.000000e+00 1.500000e+00
   vertex 9.000000e-01 0.000000e+00 1.500000e+00
   vertex 8.559510e-01 0.000000e+00 1.221885e+00
  endloop
 endfacet
 facet normal 0.000000e+00 -1.000000e+00 0.000000e+00
  outer loop
   vertex 0.000000e+00 -3.000000e+00 1.500000e+00
   vertex 4.755280e-01 -3.000000e+00 1.345492e+00
   vertex 5.000000e-01 -3.000000e+00 1.500000e+00
  endloop
 endfacet
 facet normal -9.792332e-01 1.305644e-01 -1.550974e-01
  outer loop
   vertex -3.990380e-01 0.000000e+00 -7.500000e-01
   vertex -7.990380e-01 -3.000000e+00 -7.500000e-01
   vertex -8.235100e-01 -3.000000e+00 -5.954920e-01
  endloop
 endfacet
 facet normal -9.792336e-01 1.305646e-01 -1.550951e-01
  outer loop
   vertex -3.990380e-01 0.000000e+00 -7.500000e-01
   vertex -8.235100e-01 -3.000000e+00 -5.954920e-01
   vertex -4.430870e-01 0.000000e+00 -4.718850e-01
  endloop
 endfacet
 facet normal 0.000000e+00 1.000000e+00 0.000000e+00
  outer loop
   vertex -1.299038e+00 0.000000e+00 -7.500000e-01
   vertex -4.430870e-01 0.000000e+00 -4.718850e-01
   vertex -3.990380e-01 0.000000e+00 -7.500000e-01
  endloop
 endfacet
 facet normal 0.000000e+00 -1.000000e+00 0.000000e+00
  outer loop
   vertex -1.299038e+00 -3.000000e+00 -7.500000e-01
   vertex -7.990380e-01 -3.000000e+00 -7.500000e-01
   vertex -8.235100e-01 -3.000000e+00 -5.954920e-01
  endloop
 endfacet
 facet normal -8.833799e-01 1.305646e-01 -4.501032e-01
  outer loop
   vertex -4.430870e-01 0.000000e+00 -4.718850e-01
   vertex -8.235100e-01 -3.000000e+00 -5.954920e-01
   vertex -8.945300e-01 -3.000000e+00 -4.561070e-01
  endloop
 endfacet
 facet normal -8.833791e-01 1.305645e-01 -4.501047e-01
  outer loop
   vertex -4.430870e-01 0.000000e+00 -4.718850e-01
   vertex -8.945300e-01 -3.000000e+00 -4.561070e-01
   vertex -5.709230e-01 0.000000e+00 -2.209930e-01
  endloop
 endfacet
 facet normal 0.000000e+00 1.000000e+00 0.000000e+00
  outer loop
   vertex -1.299038e+00 0.000000e+00 -7.500000e-01
   vertex -5.709230e-01 0.000000e+00 -2.209930e-01
   vertex -4.430870e-01 0.000000e+00 -4.718850e-01
  endloop
 endfacet
 facet normal 0.000000e+00 -1.000000e+00 0.000000e+00
  outer loop
   vertex -1.299038e+00 -3.000000e+00 -7.500000e-01
   vertex -8.235100e-01 -3.000000e+00 -5.954920e-01
   vertex -8.945300e-01 -3.000000e+00 -4.561070e-01
  endloop
 endfacet
 facet normal -7.010538e-01 1.305645e-01 -7.010538e-01
  outer loop
   vertex -5.709230e-01 0.000000e+00 -2.209930e-01
   vertex -8.945300e-01 -3.000000e+00 -4.561070e-01
   vertex -1.005145e+00 -3.000000e+00 -3.454920e-01
  endloop
 endfacet
 facet normal -7.010538e-01 1.305645e-01 -7.010538e-01
  outer loop
   vertex -5.709230e-01 0.000000e+00 -2.209930e-01
   vertex -1.005145e+00 -3.000000e+00 -3.454920e-01
   vertex -7.700310e-01 0.000000e+00 -2.188500e-02
  endloop
 endfacet
 facet normal 0.000000e+00 1.000000e+00 0.000000e+00
  outer loop
   vertex -1.299038e+00 0.000000e+00 -7.500000e-01
   vertex -7.700310e-01 0.000000e+00 -2.188500e-02
   vertex -5.709230e-01 0.000000e+00 -2.209930e-01
  endloop
 endfacet
 facet normal 0.000000e+00 -1.000000e+00 0.000000e+00
  outer loop
   vertex -1.299038e+00 -3.000000e+00 -7.500000e-01
   vertex -8.945300e-01 -3.000000e+00 -4.561070e-01
   vertex -1.005145e+00 -3.000000e+00 -3.454920e-01
  endloop
 endfacet
 facet normal -4.501032e-01 1.305645e-01 -8.833799e-01
  outer loop
   vertex -7.700310e-01 0.000000e+00 -2.188500e-02
   vertex -1.005145e+00 -3.000000e+00 -3.454920e-01
   vertex -1.144530e+00 -3.000000e+00 -2.744720e-01
  endloop
 endfacet
 facet normal -4.501046e-01 1.305646e-01 -8.833791e-01
  outer loop
   vertex -7.700310e-01 0.000000e+00 -2.188500e-02
   vertex -1.144530e+00 -3.000000e+00 -2.744720e-01
   vertex -1.020923e+00 0.000000e+00 1.059510e-01
  endloop
 endfacet
 facet normal 0.000000e+00 1.000000e+00 0.000000e+00
  outer loop
   vertex -1.299038e+00 0.000000e+00 -7.500000e-01
   vertex -1.020923e+00 0.000000e+00 1.059510e-01
   vertex -7.700310e-01 0.000000e+00 -2.188500e-02
  endloop
 endfacet
 facet normal 0.000000e+00 -1.000000e+00 0.000000e+00
  outer loop
   vertex -1.299038e+00 -3.000000e+00 -7.500000e-01
   vertex -1.005145e+00 -3.000000e+00 -3.454920e-01
   vertex -1.144530e+00 -3.000000e+00 -2.744720e-01
  endloop
 endfacet
 facet normal -1.550974e-01 1.305647e-01 -9.792332e-01
  outer loop
   vertex -1.020923e+00 0.000000e+00 1.059510e-01
   vertex -1.144530e+00 -3.000000e+00 -2.744720e-01
   vertex -1.299038e+00 -3.000000e+00 -2.500000e-01
  endloop
 endfacet
 facet normal -1.550951e-01 1.305645e-01 -9.792336e-01
  outer loop
   vertex -1.020923e+00 0.000000e+00 1.059510e-01
   vertex -1.299038e+00 -3.000000e+00 -2.500000e-01
   vertex -1.299038e+00 0.000000e+00 1.500000e-01
  endloop
 endfacet
 facet normal 0.000000e+00 1.000000e+00 0.000000e+00
  outer loop
   vertex -1.299038e+00 0.000000e+00 -7.500000e-01
   vertex -1.299038e+00 0.000000e+00 1.500000e-01
   vertex -1.020923e+00 0.000000e+00 1.059510e-01
  endloop
 endfacet
 facet normal 0.000000e+00 -1.000000e+00 0.000000e+00
  outer loop
   vertex -1.299038e+00 -3.000000e+00 -7.500000e-01
   vertex -1.144530e+00 -3.000000e+00 -2.744720e-01
   vertex -1.299038e+00 -3.000000e+00 -2.500000e-01
  endloop
 endfacet
 facet normal 1.550965e-01 1.305645e-01 -9.792334e-01
  outer loop
   vertex -1.299038e+00 0.000000e+00 1.500000e-01
   vertex -1.299038e+00 -3.000000e+00 -2.500000e-01
   vertex -1.453547e+00 -3.000000e+00 -2.744720e-01
  endloop
 endfacet
 facet normal 1.550951e-01 1.305646e-01 -9.792336e-01
  outer loop
   vertex -1.299038e+00 0.000000e+00 1.500000e-01
   vertex -1.453547e+00 -3.000000e+00 -2.744720e-01
   vertex -1.577153e+00 0.000000e+00 1.059510e-01
  endloop
 endfacet
 facet normal 0.000000e+00 1.000000e+00 -0.000000e+00
  outer loop
   vertex -1.299038e+00 0.000000e+00 -7.500000e-01
   vertex -1.577153e+00 0.000000e+00 1.059510e-01
   vertex -1.299038e+00 0.000000e+00 1.500000e-01
  endloop
 endfacet
 facet normal 0.000000e+00 -1.000000e+00 0.000000e+00
  outer loop
   vertex -1.299038e+00 -3.000000e+00 -7.500000e-01
   vertex -1.299038e+00 -3.000000e+00 -2.500000e-01
   vertex -1.453547e+00 -3.000000e+00 -2.744720e-01
  endloop
 endfacet
 facet normal 4.501058e-01 1.305644e-01 -8.833786e-01
  outer loop
   vertex -1.577153e+00 0.000000e+00 1.059510e-01
   vertex -1.453547e+00 -3.000000e+00 -2.744720e-01
   vertex -1.592931e+00 -3.000000e+00 -3.454920e-01
  endloop
 endfacet
 facet normal 4.501047e-01 1.305645e-01 -8.833791e-01
  outer loop
   vertex -1.577153e+00 0.000000e+00 1.059510e-01
   vertex -1.592931e+00 -3.000000e+00 -3.454920e-01
   vertex -1.828045e+00 0.000000e+00 -2.188500e-02
  endloop
 endfacet
 facet normal 0.000000e+00 1.000000e+00 0.000000e+00
  outer loop
   vertex -1.299038e+00 0.000000e+00 -7.500000e-01
   vertex -1.828045e+00 0.000000e+00 -2.188500e-02
   vertex -1.577153e+00 0.000000e+00 1.059510e-01
  endloop
 endfacet
 facet normal 0.000000e+00 -1.000000e+00 0.000000e+00
  outer loop
   vertex -1.299038e+00 -3.000000e+00 -7.500000e-01
   vertex -1.453547e+00 -3.000000e+00 -2.744720e-01
   vertex -1.592931e+00 -3.000000e+00 -3.454920e-01
  endloop
 endfacet
 facet normal 7.010506e-01 1.305646e-01 -7.010570e-01
  outer loop
   vertex -1.828045e+00 0.000000e+00 -2.188500e-02
   vertex -1.592931e+00 -3.000000e+00 -3.454920e-01
   vertex -1.703547e+00 -3.000000e+00 -4.561070e-01
  endloop
 endfacet
 facet normal 7.010538e-01 1.305643e-01 -7.010538e-01
  outer loop
   vertex -1.828045e+00 0.000000e+00 -2.188500e-02
   vertex -1.703547e+00 -3.000000e+00 -4.561070e-01
   vertex -2.027153e+00 0.000000e+00 -2.209930e-01
  endloop
 endfacet
 facet normal 0.000000e+00 1.000000e+00 0.000000e+00
  outer loop
   vertex -1.299038e+00 0.000000e+00 -7.500000e-01
   vertex -2.027153e+00 0.000000e+00 -2.209930e-01
   vertex -1.828045e+00 0.000000e+00 -2.188500e-02
  endloop
 endfacet
 facet normal 0.000000e+00 -1.000000e+00 0.000000e+00
  outer loop
   vertex -1.299038e+00 -3.000000e+00 -7.500000e-01
   vertex -1.592931e+00 -3.000000e+00 -3.454920e-01
   vertex -1.703547e+00 -3.000000e+00 -4.561070e-01
  endloop
 endfacet
 facet normal 8.833825e-01 1.305641e-01 -4.500982e-01
  outer loop
   vertex -2.027153e+00 0.000000e+00 -2.209930e-01
   vertex -1.703547e+00 -3.000000e+00 -4.561070e-01
   vertex -1.774566e+00 -3.000000e+00 -5.954920e-01
  endloop
 endfacet
 facet normal 8.833791e-01 1.305646e-01 -4.501046e-01
  outer loop
   vertex -2.027153e+00 0.000000e+00 -2.209930e-01
   vertex -1.774566e+00 -3.000000e+00 -5.954920e-01
   vertex -2.154989e+00 0.000000e+00 -4.718850e-01
  endloop
 endfacet
 facet normal 0.000000e+00 1.000000e+00 0.000000e+00
  outer loop
   vertex -1.299038e+00 0.000000e+00 -7.500000e-01
   vertex -2.154989e+00 0.000000e+00 -4.718850e-01
   vertex -2.027153e+00 0.000000e+00 -2.209930e-01
  endloop
 endfacet
 facet normal 0.000000e+00 -1.000000e+00 0.000000e+00
  outer loop
   vertex -1.299038e+00 -3.000000e+00 -7.500000e-01
   vertex -1.703547e+00 -3.000000e+00 -4.561070e-01
   vertex -1.774566e+00 -3.000000e+00 -5.954920e-01
  endloop
 endfacet
 facet normal 9.792332e-01 1.305647e-01 -1.550974e-01
  outer loop
   vertex -2.154989e+00 0.000000e+00 -4.718850e-01
   vertex -1.774566e+00 -3.000000e+00 -5.954920e-01
   vertex -1.799038e+00 -3.000000e+00 -7.500000e-01
  endloop
 endfacet
 facet normal 9.792336e-01 1.305645e-01 -1.550951e-01
  outer loop
   vertex -2.154989e+00 0.000000e+00 -4.718850e-01
   vertex -1.799038e+00 -3.000000e+00 -7.500000e-01
   vertex -2.199038e+00 0.000000e+00 -7.500000e-01
  endloop
 endfacet
 facet normal 0.000000e+00 1.000000e+00 0.000000e+00
  outer loop
   vertex -1.299038e+00 0.000000e+00 -7.500000e-01
   vertex -2.199038e+00 0.000000e+00 -7.500000e-01
   vertex -2.154989e+00 0.000000e+00 -4.718850e-01
  endloop
 endfacet
 facet normal 0.000000e+00 -1.000000e+00 0.000000e+00
  outer loop
   vertex -1.299038e+00 -3.000000e+00 -7.500000e-01
   vertex -1.774566e+00 -3.000000e+00 -5.954920e-01
   vertex -1.799038e+00 -3.000000e+00 -7.500000e-01
  endloop
 endfacet
 facet normal 9.792332e-01 1.305644e-01 1.550974e-01
  outer loop
   vertex -2.199038e+00 0.000000e+00 -7.500000e-01
   vertex -1.799038e+00 -3.000000e+00 -7.500000e-01
   vertex -1.774566e+00 -3.000000e+00 -9.045080e-01
  endloop
 endfacet
 facet normal 9.792336e-01 1.305646e-01 1.550951e-01
  outer loop
   vertex -2.199038e+00 0.000000e+00 -7.500000e-01
   vertex -1.774566e+00 -3.000000e+00 -9.045080e-01
   vertex -2.154989e+00 0.000000e+00 -1.028115e+00
  endloop
 endfacet
 facet normal 0.000000e+00 1.000000e+00 0.000000e+00
  outer loop
   vertex -1.299038e+00 0.000000e+00 -7.500000e-01
   vertex -2.154989e+00 0.000000e+00 -1.028115e+00
   vertex -2.199038e+00 0.000000e+00 -7.500000e-01
  endloop
 endfacet
 facet normal -0.000000e+00 -1.000000e+00 0.000000e+00
  outer loop
   vertex -1.299038e+00 -3.000000e+00 -7.500000e-01
   vertex -1.799038e+00 -3.000000e+00 -7.500000e-01
   vertex -1.774566e+00 -3.000000e+00 -9.045080e-01
  endloop
 endfacet
 facet normal 8.833824e-01 1.305648e-01 4.500982e-01
  outer loop
   vertex -2.154989e+00 0.000000e+00 -1.028115e+00
   vertex -1.774566e+00 -3.000000e+00 -9.045080e-01
   vertex -1.703547e+00 -3.000000e+00 -1.043893e+00
  endloop
 endfacet
 facet normal 8.833792e-01 1.305642e-01 4.501047e-01
  outer loop
   vertex -2.154989e+00 0.000000e+00 -1.028115e+00
   vertex -1.703547e+00 -3.000000e+00 -1.043893e+00
   vertex -2.027153e+00 0.000000e+00 -1.279007e+00
  endloop
 endfacet
 facet normal 0.000000e+00 1.000000e+00 0.000000e+00
  outer loop
   vertex -1.299038e+00 0.000000e+00 -7.500000e-01
   vertex -2.027153e+00 0.000000e+00 -1.279007e+00
   vertex -2.154989e+00 0.000000e+00 -1.028115e+00
  endloop
 endfacet
 facet normal 0.000000e+00 -1.000000e+00 0.000000e+00
  outer loop
   vertex -1.299038e+00 -3.000000e+00 -7.500000e-01
   vertex -1.774566e+00 -3.000000e+00 -9.045080e-01
   vertex -1.703547e+00 -3.000000e+00 -1.043893e+00
  endloop
 endfacet
 facet normal 7.010507e-01 1.305642e-01 7.010570e-01
  outer loop
   vertex -2.027153e+00 0.000000e+00 -1.279007e+00
   vertex -1.703547e+00 -3.000000e+00 -1.043893e+00
   vertex -1.592931e+00 -3.000000e+00 -1.154508e+00
  endloop
 endfacet
 facet normal 7.010538e-01 1.305645e-01 7.010538e-01
  outer loop
   vertex -2.027153e+00 0.000000e+00 -1.279007e+00
   vertex -1.592931e+00 -3.000000e+00 -1.154508e+00
   vertex -1.828045e+00 0.000000e+00 -1.478115e+00
  endloop
 endfacet
 facet normal 0.000000e+00 1.000000e+00 0.000000e+00
  outer loop
   vertex -1.299038e+00 0.000000e+00 -7.500000e-01
   vertex -1.828045e+00 0.000000e+00 -1.478115e+00
   vertex -2.027153e+00 0.000000e+00 -1.279007e+00
  endloop
 endfacet
 facet normal 0.000000e+00 -1.000000e+00 0.000000e+00
  outer loop
   vertex -1.299038e+00 -3.000000e+00 -7.500000e-01
   vertex -1.703547e+00 -3.000000e+00 -1.043893e+00
   vertex -1.592931e+00 -3.000000e+00 -1.154508e+00
  endloop
 endfacet
 facet normal 4.501058e-01 1.305646e-01 8.833786e-01
  outer loop
   vertex -1.828045e+00 0.000000e+00 -1.478115e+00
   vertex -1.592931e+00 -3.000000e+00 -1.154508e+00
   vertex -1.453547e+00 -3.000000e+00 -1.225528e+00
  endloop
 endfacet
 facet normal 4.501047e-01 1.305645e-01 8.833791e-01
  outer loop
   vertex -1.828045e+00 0.000000e+00 -1.478115e+00
   vertex -1.453547e+00 -3.000000e+00 -1.225528e+00
   vertex -1.577153e+00 0.000000e+00 -1.605951e+00
  endloop
 endfacet
 facet normal 0.000000e+00 1.000000e+00 0.000000e+00
  outer loop
   vertex -1.299038e+00 0.000000e+00 -7.500000e-01
   vertex -1.577153e+00 0.000000e+00 -1.605951e+00
   vertex -1.828045e+00 0.000000e+00 -1.478115e+00
  endloop
 endfacet
 facet normal 0.000000e+00 -1.000000e+00 0.000000e+00
  outer loop
   vertex -1.299038e+00 -3.000000e+00 -7.500000e-01
   vertex -1.592931e+00 -3.000000e+00 -1.154508e+00
   vertex -1.453547e+00 -3.000000e+00 -1.225528e+00
  endloop
 endfacet
 facet normal 1.550965e-01 1.305646e-01 9.792334e-01
  outer loop
   vertex -1.577153e+00 0.000000e+00 -1.605951e+00
   vertex -1.453547e+00 -3.000000e+00 -1.225528e+00
   vertex -1.299038e+00 -3.000000e+00 -1.250000e+00
  endloop
 endfacet
 facet normal 1.550951e-01 1.305645e-01 9.792336e-01
  outer loop
   vertex -1.577153e+00 0.000000e+00 -1.605951e+00
   vertex -1.299038e+00 -3.000000e+00 -1.250000e+00
   vertex -1.299038e+00 0.000000e+00 -1.650000e+00
  endloop
 endfacet
 facet normal 0.000000e+00 1.000000e+00 0.000000e+00
  outer loop
   vertex -1.299038e+00 0.000000e+00 -7.500000e-01
   vertex -1.299038e+00 0.000000e+00 -1.650000e+00
   vertex -1.577153e+00 0.000000e+00 -1.605951e+00
  endloop
 endfacet
 facet normal 0.000000e+00 -1.000000e+00 -0.000000e+00
  outer loop
   vertex -1.299038e+00 -3.000000e+00 -7.500000e-01
   vertex -1.453547e+00 -3.000000e+00 -1.225528e+00
   vertex -1.299038e+00 -3.000000e+00 -1.250000e+00
  endloop
 endfacet
 facet normal -1.550974e-01 1.305644e-01 9.792332e-01
  outer loop
   vertex -1.299038e+00 0.000000e+00 -1.650000e+00
   vertex -1.299038e+00 -3.000000e+00 -1.250000e+00
   vertex -1.144530e+00 -3.000000e+00 -1.225528e+00
  endloop
 endfacet
 facet normal -1.550951e-01 1.305646e-01 9.792336e-01
  outer loop
   vertex -1.299038e+00 0.000000e+00 -1.650000e+00
   vertex -1.144530e+00 -3.000000e+00 -1.225528e+00
   vertex -1.020923e+00 0.000000e+00 -1.605951e+00
  endloop
 endfacet
 facet normal 0.000000e+00 1.000000e+00 0.000000e+00
  outer loop
   vertex -1.299038e+00 0.000000e+00 -7.500000e-01
   vertex -1.020923e+00 0.000000e+00 -1.605951e+00
   vertex -1.299038e+00 0.000000e+00 -1.650000e+00
  endloop
 endfacet
 facet normal 0.000000e+00 -1.000000e+00 0.000000e+00
  outer loop
   vertex -1.299038e+00 -3.000000e+00 -7.500000e-01
   vertex -1.299038e+00 -3.000000e+00 -1.250000e+00
   vertex -1.144530e+00 -3.000000e+00 -1.225528e+00
  endloop
 endfacet
 facet normal -4.501032e-01 1.305646e-01 8.833799e-01
  outer loop
   vertex -1.020923e+00 0.000000e+00 -1.605951e+00
   vertex -1.144530e+00 -3.000000e+00 -1.225528e+00
   vertex -1.005145e+00 -3.000000e+00 -1.154508e+00
  endloop
 endfacet
 facet normal -4.501047e-01 1.305645e-01 8.833791e-01
  outer loop
   vertex -1.020923e+00 0.000000e+00 -1.605951e+00
   vertex -1.005145e+00 -3.000000e+00 -1.154508e+00
   vertex -7.700310e-01 0.000000e+00 -1.478115e+00
  endloop
 endfacet
 facet normal 0.000000e+00 1.000000e+00 0.000000e+00
  outer loop
   vertex -1.299038e+00 0.000000e+00 -7.500000e-01
   vertex -7.700310e-01 0.000000e+00 -1.478115e+00
   vertex -1.020923e+00 0.000000e+00 -1.605951e+00
  endloop
 endfacet
 facet normal 0.000000e+00 -1.000000e+00 0.000000e+00
  outer loop
   vertex -1.299038e+00 -3.000000e+00 -7.500000e-01
   vertex -1.144530e+00 -3.000000e+00 -1.225528e+00
   vertex -1.005145e+00 -3.000000e+00 -1.154508e+00
  endloop
 endfacet
 facet normal -7.010538e-01 1.305645e-01 7.010538e-01
  outer loop
   vertex -7.700310e-01 0.000000e+00 -1.478115e+00
   vertex -1.005145e+00 -3.000000e+00 -1.154508e+00
   vertex -8.945300e-01 -3.000000e+00 -1.043893e+00
  endloop
 endfacet
 facet normal -7.010538e-01 1.305645e-01 7.010538e-01
  outer loop
   vertex -7.700310e-01 0.000000e+00 -1.478115e+00
   vertex -8.945300e-01 -3.000000e+00 -1.043893e+00
   vertex -5.709230e-01 0.000000e+00 -1.279007e+00
  endloop
 endfacet
 facet normal 0.000000e+00 1.000000e+00 0.000000e+00
  outer loop
   vertex -1.299038e+00 0.000000e+00 -7.500000e-01
   vertex -5.709230e-01 0.000000e+00 -1.279007e+00
   vertex -7.700310e-01 0.000000e+00 -1.478115e+00
  endloop
 endfacet
 facet normal 0.000000e+00 -1.000000e+00 0.000000e+00
  outer loop
   vertex -1.299038e+00 -3.000000e+00 -7.500000e-01
   vertex -1.005145e+00 -3.000000e+00 -1.154508e+00
   vertex -8.945300e-01 -3.000000e+00 -1.043893e+00
  endloop
 endfacet
 facet normal -8.833799e-01 1.305645e-01 4.501032e-01
  outer loop
   vertex -5.709230e-01 0.000000e+00 -1.279007e+00
   vertex -8.945300e-01 -3.000000e+00 -1.043893e+00
   vertex -8.235100e-01 -3.000000e+00 -9.045080e-01
  endloop
 endfacet
 facet normal -8.833791e-01 1.305646e-01 4.501046e-01
  outer loop
   vertex -5.709230e-01 0.000000e+00 -1.279007e+00
   vertex -8.235100e-01 -3.000000e+00 -9.045080e-01
   vertex -4.430870e-01 0.000000e+00 -1.028115e+00
  endloop
 endfacet
 facet normal 0.000000e+00 1.000000e+00 0.000000e+00
  outer loop
   vertex -1.299038e+00 0.000000e+00 -7.500000e-01
   vertex -4.430870e-01 0.000000e+00 -1.028115e+00
   vertex -5.709230e-01 0.000000e+00 -1.279007e+00
  endloop
 endfacet
 facet normal 0.000000e+00 -1.000000e+00 0.000000e+00
  outer loop
   vertex -1.299038e+00 -3.000000e+00 -7.500000e-01
   vertex -8.945300e-01 -3.000000e+00 -1.043893e+00
   vertex -8.235100e-01 -3.000000e+00 -9.045080e-01
  endloop
 endfacet
 facet normal -9.792332e-01 1.305647e-01 1.550974e-01
  outer loop
   vertex -4.430870e-01 0.000000e+00 -1.028115e+00
   vertex -8.235100e-01 -3.000000e+00 -9.045080e-01
   vertex -7.990380e-01 -3.000000e+00 -7.500000e-01
  endloop
 endfacet
 facet normal -9.792336e-01 1.305645e-01 1.550951e-01
  outer loop
   vertex -4.430870e-01 0.000000e+00 -1.028115e+00
   vertex -7.990380e-01 -3.000000e+00 -7.500000e-01
   vertex -3.990380e-01 0.000000e+00 -7.500000e-01
  endloop
 endfacet
 facet normal -0.000000e+00 1.000000e+00 0.000000e+00
  outer loop
   vertex -1.299038e+00 0.000000e+00 -7.500000e-01
   vertex -3.990380e-01 0.000000e+00 -7.500000e-01
   vertex -4.430870e-01 0.000000e+00 -1.028115e+00
  endloop
 endfacet
 facet normal 0.000000e+00 -1.000000e+00 0.000000e+00
  outer loop
   vertex -1.299038e+00 -3.000000e+00 -7.500000e-01
   vertex -8.235100e-01 -3.000000e+00 -9.045080e-01
   vertex -7.990380e-01 -3.000000e+00 -7.500000e-01
  endloop
 endfacet
 facet normal -9.792332e-01 1.305644e-01 -1.550974e-01
  outer loop
   vertex 2.199038e+00 0.000000e+00 -7.500000e-01
   vertex 1.799038e+00 -3.000000e+00 -7.500000e-01
   vertex 1.774566e+00 -3.000000e+00 -5.954920e-01
  endloop
 endfacet
 facet normal -9.792336e-01 1.305646e-01 -1.550951e-01
  outer loop
   vertex 2.199038e+00 0.000000e+00 -7.500000e-01
   vertex 1.774566e+00 -3.000000e+00 -5.954920e-01
   vertex 2.154989e+00 0.000000e+00 -4.718850e-01
  endloop
 endfacet
 facet normal 0.000000e+00 1.000000e+00 0.000000e+00
  outer loop
   vertex 1.299038e+00 0.000000e+00 -7.500000e-01
   vertex 2.154989e+00 0.000000e+00 -4.718850e-01
   vertex 2.199038e+00 0.000000e+00 -7.500000e-01
  endloop
 endfacet
 facet normal 0.000000e+00 -1.000000e+00 0.000000e+00
  outer loop
   vertex 1.299038e+00 -3.000000e+00 -7.500000e-01
   vertex 1.799038e+00 -3.000000e+00 -7.500000e-01
   vertex 1.774566e+00 -3.000000e+00 -5.954920e-01
  endloop
 endfacet
 facet normal -8.833824e-01 1.305648e-01 -4.500982e-01
  outer loop
   vertex 2.154989e+00 0.000000e+00 -4.718850e-01
   vertex 1.774566e+00 -3.000000e+00 -5.954920e-01
   vertex 1.703547e+00 -3.000000e+00 -4.561070e-01
  endloop
 endfacet
 facet normal -8.833792e-01 1.305642e-01 -4.501047e-01
  outer loop
   vertex 2.154989e+00 0.000000e+00 -4.718850e-01
   vertex 1.703547e+00 -3.000000e+00 -4.561070e-01
   vertex 2.027153e+00 0.000000e+00 -2.209930e-01
  endloop
 endfacet
 facet normal 0.000000e+00 1.000000e+00 0.000000e+00
  outer loop
   vertex 1.299038e+00 0.000000e+00 -7.500000e-01
   vertex 2.027153e+00 0.000000e+00 -2.209930e-01
   vertex 2.154989e+00 0.000000e+00 -4.718850e-01
  endloop
 endfacet
 facet normal 0.000000e+00 -1.000000e+00 0.000000e+00
  outer loop
   vertex 1.299038e+00 -3.000000e+00 -7.500000e-01
   vertex 1.774566e+00 -3.000000e+00 -5.954920e-01
   vertex 1.703547e+00 -3.000000e+00 -4.561070e-01
  endloop
 endfacet
 facet normal -7.010507e-01 1.305642e-01 -7.010570e-01
  outer loop
   vertex 2.027153e+00 0.000000e+00 -2.209930e-01
   vertex 1.703547e+00 -3.000000e+00 -4.561070e-01
   vertex 1.592931e+00 -3.000000e+00 -3.454920e-01
  endloop
 endfacet
 facet normal -7.010538e-01 1.305645e-01 -7.010538e-01
  outer loop
   vertex 2.027153e+00 0.000000e+00 -2.209930e-01
   vertex 1.592931e+00 -3.000000e+00 -3.454920e-01
   vertex 1.828045e+00 0.000000e+00 -2.188500e-02
  endloop
 endfacet
 facet normal 0.000000e+00 1.000000e+00 0.000000e+00
  outer loop
   vertex 1.299038e+00 0.000000e+00 -7.500000e-01
   vertex 1.828045e+00 0.000000e+00 -2.188500e-02
   vertex 2.027153e+00 0.000000e+00 -2.209930e-01
  endloop
 endfacet
 facet normal 0.000000e+00 -1.000000e+00 0.000000e+00
  outer loop
   vertex 1.299038e+00 -3.000000e+00 -7.500000e-01
   vertex 1.703547e+00 -3.000000e+00 -4.561070e-01
   vertex 1.592931e+00 -3.000000e+00 -3.454920e-01
  endloop
 endfacet
 facet normal -4.501058e-01 1.305646e-01 -8.833786e-01
  outer loop
   vertex 1.828045e+00 0.000000e+00 -2.188500e-02
   vertex 1.592931e+00 -3.000000e+00 -3.454920e-01
   vertex 1.453547e+00 -3.000000e+00 -2.744720e-01
  endloop
 endfacet
 facet normal -4.501047e-01 1.305645e-01 -8.833791e-01
  outer loop
   vertex 1.828045e+00 0.000000e+00 -2.188500e-02
   vertex 1.453547e+00 -3.000000e+00 -2.744720e-01
   vertex 1.577153e+00 0.000000e+00 1.059510e-01
  endloop
 endfacet
 facet normal 0.000000e+00 1.000000e+00 0.000000e+00
  outer loop
   vertex 1.299038e+00 0.000000e+00 -7.500000e-01
   vertex 1.577153e+00 0.000000e+00 1.059510e-01
   vertex 1.828045e+00 0.000000e+00 -2.188500e-02
  endloop
 endfacet
 facet normal 0.000000e+00 -1.000000e+00 0.000000e+00
  outer loop
   vertex 1.299038e+00 -3.000000e+00 -7.500000e-01
   vertex 1.592931e+00 -3.000000e+00 -3.454920e-01
   vertex 1.453547e+00 -3.000000e+00 -2.744720e-01
  endloop
 endfacet
 facet normal -1.550965e-01 1.305646e-01 -9.792334e-01
  outer loop
   vertex 1.577153e+00 0.000000e+00 1.059510e-01
   vertex 1.453547e+00 -3.000000e+00 -2.744720e-01
   vertex 1.299038e+00 -3.000000e+00 -2.500000e-01
  endloop
 endfacet
 facet normal -1.550951e-01 1.305645e-01 -9.792336e-01
  outer loop
   vertex 1.577153e+00 0.000000e+00 1.059510e-01
   vertex 1.299038e+00 -3.000000e+00 -2.500000e-01
   vertex 1.299038e+00 0.000000e+00 1.500000e-01
  endloop
 endfacet
 facet normal 0.000000e+00 1.000000e+00 0.000000e+00
  outer loop
   vertex 1.299038e+00 0.000000e+00 -7.500000e-01
   vertex 1.299038e+00 0.000000e+00 1.500000e-01
   vertex 1.577153e+00 0.000000e+00 1.059510e-01
  endloop
 endfacet
 facet normal 0.000000e+00 -1.000000e+00 0.000000e+00
  outer loop
   vertex 1.299038e+00 -3.000000e+00 -7.500000e-01
   vertex 1.453547e+00 -3.000000e+00 -2.744720e-01
   vertex 1.299038e+00 -3.000000e+00 -2.500000e-01
  endloop
 endfacet
 facet normal 1.550974e-01 1.305644e-01 -9.792332e-01
  outer loop
   vertex 1.299038e+00 0.000000e+00 1.500000e-01
   vertex 1.299038e+00 -3.000000e+00 -2.500000e-01
   vertex 1.144530e+00 -3.000000e+00 -2.744720e-01
  endloop
 endfacet
 facet normal 1.550951e-01 1.305646e-01 -9.792336e-01
  outer loop
   vertex 1.299038e+00 0.000000e+00 1.500000e-01
   vertex 1.144530e+00 -3.000000e+00 -2.744720e-01
   vertex 1.020923e+00 0.000000e+00 1.059510e-01
  endloop
 endfacet
 facet normal 0.000000e+00 1.000000e+00 -0.000000e+00
  outer loop
   vertex 1.299038e+00 0.000000e+00 -7.500000e-01
   vertex 1.020923e+00 0.000000e+00 1.059510e-01
   vertex 1.299038e+00 0.000000e+00 1.500000e-01
  endloop
 endfacet
 facet normal 0.000000e+00 -1.000000e+00 0.000000e+00
  outer loop
   vertex 1.299038e+00 -3.000000e+00 -7.500000e-01
   vertex 1.299038e+00 -3.000000e+00 -2.500000e-01
   vertex 1.144530e+00 -3.000000e+00 -2.744720e-01
  endloop
 endfacet
 facet normal 4.501032e-01 1.305646e-01 -8.833799e-01
  outer loop
   vertex 1.020923e+00 0.000000e+00 1.059510e-01
   vertex 1.144530e+00 -3.000000e+00 -2.744720e-01
   vertex 1.005145e+00 -3.000000e+00 -3.454920e-01
  endloop
 endfacet
 facet normal 4.501047e-01 1.305645e-01 -8.833791e-01
  outer loop
   vertex 1.020923e+00 0.000000e+00 1.059510e-01
   vertex 1.005145e+00 -3.000000e+00 -3.454920e-01
   vertex 7.700310e-01 0.000000e+00 -2.188500e-02
  endloop
 endfacet
 facet normal 0.000000e+00 1.000000e+00 0.000000e+00
  outer loop
   vertex 1.299038e+00 0.000000e+00 -7.500000e-01
   vertex 7.700310e-01 0.000000e+00 -2.188500e-02
   vertex 1.020923e+00 0.000000e+00 1.059510e-01
  endloop
 endfacet
 facet normal 0.000000e+00 -1.000000e+00 0.000000e+00
  outer loop
   vertex 1.299038e+00 -3.000000e+00 -7.500000e-01
   vertex 1.144530e+00 -3.000000e+00 -2.744720e-01
   vertex 1.005145e+00 -3.000000e+00 -3.454920e-01
  endloop
 endfacet
 facet normal 7.010538e-01 1.305645e-01 -7.010538e-01
  outer loop
   vertex 7.700310e-01 0.000000e+00 -2.188500e-02
   vertex 1.005145e+00 -3.000000e+00 -3.454920e-01
   vertex 8.945300e-01 -3.000000e+00 -4.561070e-01
  endloop
 endfacet
 facet normal 7.010538e-01 1.305645e-01 -7.010538e-01
  outer loop
   vertex 7.700310e-01 0.000000e+00 -2.188500e-02
   vertex 8.945300e-01 -3.000000e+00 -4.561070e-01
   vertex 5.709230e-01 0.000000e+00 -2.209930e-01
  endloop
 endfacet
 facet normal 0.000000e+00 1.000000e+00 0.000000e+00
  outer loop
   vertex 1.299038e+00 0.000000e+00 -7.500000e-01
   vertex 5.709230e-01 0.000000e+00 -2.209930e-01
   vertex 7.700310e-01 0.000000e+00 -2.188500e-02
  endloop
 endfacet
 facet normal 0.000000e+00 -1.000000e+00 0.000000e+00
  outer loop
   vertex 1.299038e+00 -3.000000e+00 -7.500000e-01
   vertex 1.005145e+00 -3.000000e+00 -3.454920e-01
   vertex 8.945300e-01 -3.000000e+00 -4.561070e-01
  endloop
 endfacet
 facet normal 8.833799e-01 1.305645e-01 -4.501032e-01
  outer loop
   vertex 5.709230e-01 0.000000e+00 -2.209930e-01
   vertex 8.945300e-01 -3.000000e+00 -4.561070e-01
   vertex 8.235100e-01 -3.000000e+00 -5.954920e-01
  endloop
 endfacet
 facet normal 8.833791e-01 1.305646e-01 -4.501046e-01
  outer loop
   vertex 5.709230e-01 0.000000e+00 -2.209930e-01
   vertex 8.235100e-01 -3.000000e+00 -5.954920e-01
   vertex 4.430870e-01 0.000000e+00 -4.718850e-01
  endloop
 endfacet
 facet normal 0.000000e+00 1.000000e+00 0.000000e+00
  outer loop
   vertex 1.299038e+00 0.000000e+00 -7.500000e-01
   vertex 4.430870e-01 0.000000e+00 -4.718850e-01
   vertex 5.709230e-01 0.000000e+00 -2.209930e-01
  endloop
 endfacet
 facet normal 0.000000e+00 -1.000000e+00 0.000000e+00
  outer loop
   vertex 1.299038e+00 -3.000000e+00 -7.500000e-01
   vertex 8.945300e-01 -3.000000e+00 -4.561070e-01
   vertex 8.235100e-01 -3.000000e+00 -5.954920e-01
  endloop
 endfacet
 facet normal 9.792332e-01 1.305647e-01 -1.550974e-01
  outer loop
   vertex 4.430870e-01 0.000000e+00 -4.718850e-01
   vertex 8.235100e-01 -3.000000e+00 -5.954920e-01
   vertex 7.990380e-01 -3.000000e+00 -7.500000e-01
  endloop
 endfacet
 facet normal 9.792336e-01 1.305645e-01 -1.550951e-01
  outer loop
   vertex 4.430870e-01 0.000000e+00 -4.718850e-01
   vertex 7.990380e-01 -3.000000e+00 -7.500000e-01
   vertex 3.990380e-01 0.000000e+00 -7.500000e-01
  endloop
 endfacet
 facet normal 0.000000e+00 1.000000e+00 0.000000e+00
  outer loop
   vertex 1.299038e+00 0.000000e+00 -7.500000e-01
   vertex 3.990380e-01 0.000000e+00 -7.500000e-01
   vertex 4.430870e-01 0.000000e+00 -4.718850e-01
  endloop
 endfacet
 facet normal 0.000000e+00 -1.000000e+00 0.000000e+00
  outer loop
   vertex 1.299038e+00 -3.000000e+00 -7.500000e-01
   vertex 8.235100e-01 -3.000000e+00 -5.954920e-01
   vertex 7.990380e-01 -3.000000e+00 -7.500000e-01
  endloop
 endfacet
 facet normal 9.792332e-01 1.305644e-01 1.550974e-01
  outer loop
   vertex 3.990380e-01 0.000000e+00 -7.500000e-01
   vertex 7.990380e-01 -3.000000e+00 -7.500000e-01
   vertex 8.235100e-01 -3.000000e+00 -9.045080e-01
  endloop
 endfacet
 facet normal 9.792336e-01 1.305646e-01 1.550951e-01
  outer loop
   vertex 3.990380e-01 0.000000e+00 -7.500000e-01
   vertex 8.235100e-01 -3.000000e+00 -9.045080e-01
   vertex 4.430870e-01 0.000000e+00 -1.028115e+00
  endloop
 endfacet
 facet normal 0.000000e+00 1.000000e+00 0.000000e+00
  outer loop
   vertex 1.299038e+00 0.000000e+00 -7.500000e-01
   vertex 4.430870e-01 0.000000e+00 -1.028115e+00
   vertex 3.990380e-01 0.000000e+00 -7.500000e-01
  endloop
 endfacet
 facet normal -0.000000e+00 -1.000000e+00 0.000000e+00
  outer loop
   vertex 1.299038e+00 -3.000000e+00 -7.500000e-01
   vertex 7.990380e-01 -3.000000e+00 -7.500000e-01
   vertex 8.235100e-01 -3.000000e+00 -9.045080e-01
  endloop
 endfacet
 facet normal 8.833799e-01 1.305646e-01 4.501032e-01
  outer loop
   vertex 4.430870e-01 0.000000e+00 -1.028115e+00
   vertex 8.235100e-01 -3.000000e+00 -9.045080e-01
   vertex 8.945300e-01 -3.000000e+00 -1.043893e+00
  endloop
 endfacet
 facet normal 8.833791e-01 1.305645e-01 4.501047e-01
  outer loop
   vertex 4.430870e-01 0.000000e+00 -1.028115e+00
   vertex 8.945300e-01 -3.000000e+00 -1.043893e+00
   vertex 5.709230e-01 0.000000e+00 -1.279007e+00
  endloop
 endfacet
 facet normal 0.000000e+00 1.000000e+00 0.000000e+00
  outer loop
   vertex 1.299038e+00 0.000000e+00 -7.500000e-01
   vertex 5.709230e-01 0.000000e+00 -1.279007e+00
   vertex 4.430870e-01 0.000000e+00 -1.028115e+00
  endloop
 endfacet
 facet normal 0.000000e+00 -1.000000e+00 0.000000e+00
  outer loop
   vertex 1.299038e+00 -3.000000e+00 -7.500000e-01
   vertex 8.235100e-01 -3.000000e+00 -9.045080e-01
   vertex 8.945300e-01 -3.000000e+00 -1.043893e+00
  endloop
 endfacet
 facet normal 7.010538e-01 1.305645e-01 7.010538e-01
  outer loop
   vertex 5.709230e-01 0.000000e+00 -1.279007e+00
   vertex 8.945300e-01 -3.000000e+00 -1.043893e+00
   vertex 1.005145e+00 -3.000000e+00 -1.154508e+00
  endloop
 endfacet
 facet normal 7.010538e-01 1.305645e-01 7.010538e-01
  outer loop
   vertex 5.709230e-01 0.000000e+00 -1.279007e+00
   vertex 1.005145e+00 -3.000000e+00 -1.154508e+00
   vertex 7.700310e-01 0.000000e+00 -1.478115e+00
  endloop
 endfacet
 facet normal 0.000000e+00 1.000000e+00 0.000000e+00
  outer loop
   vertex 1.299038e+00 0.000000e+00 -7.500000e-01
   vertex 7.700310e-01 0.000000e+00 -1.478115e+00
   vertex 5.709230e-01 0.000000e+00 -1.279007e+00
  endloop
 endfacet
 facet normal 0.000000e+00 -1.000000e+00 0.000000e+00
  outer loop
   vertex 1.299038e+00 -3.000000e+00 -7.500000e-01
   vertex 8.945300e-01 -3.000000e+00 -1.043893e+00
   vertex 1.005145e+00 -3.000000e+00 -1.154508e+00
  endloop
 endfacet
 facet normal 4.501032e-01 1.305645e-01 8.833799e-01
  outer loop
   vertex 7.700310e-01 0.000000e+00 -1.478115e+00
   vertex 1.005145e+00 -3.000000e+00 -1.154508e+00
   vertex 1.144530e+00 -3.000000e+00 -1.225528e+00
  endloop
 endfacet
 facet normal 4.501046e-01 1.305646e-01 8.833791e-01
  outer loop
   vertex 7.700310e-01 0.000000e+00 -1.478115e+00
   vertex 1.144530e+00 -3.000000e+00 -1.225528e+00
   vertex 1.020923e+00 0.000000e+00 -1.605951e+00
  endloop
 endfacet
 facet normal 0.000000e+00 1.000000e+00 0.000000e+00
  outer loop
   vertex 1.299038e+00 0.000000e+00 -7.500000e-01
   vertex 1.020923e+00 0.000000e+00 -1.605951e+00
   vertex 7.700310e-01 0.000000e+00 -1.478115e+00
  endloop
 endfacet
 facet normal 0.000000e+00 -1.000000e+00 0.000000e+00
  outer loop
   vertex 1.299038e+00 -3.000000e+00 -7.500000e-01
   vertex 1.005145e+00 -3.000000e+00 -1.154508e+00
   vertex 1.144530e+00 -3.000000e+00 -1.225528e+00
  endloop
 endfacet
 facet normal 1.550974e-01 1.305647e-01 9.792332e-01
  outer loop
   vertex 1.020923e+00 0.000000e+00 -1.605951e+00
   vertex 1.144530e+00 -3.000000e+00 -1.225528e+00
   vertex 1.299038e+00 -3.000000e+00 -1.250000e+00
  endloop
 endfacet
 facet normal 1.550951e-01 1.305645e-01 9.792336e-01
  outer loop
   vertex 1.020923e+00 0.000000e+00 -1.605951e+00
   vertex 1.299038e+00 -3.000000e+00 -1.250000e+00
   vertex 1.299038e+00 0.000000e+00 -1.650000e+00
  endloop
 endfacet
 facet normal 0.000000e+00 1.000000e+00 0.000000e+00
  outer loop
   vertex 1.299038e+00 0.000000e+00 -7.500000e-01
   vertex 1.299038e+00 0.000000e+00 -1.650000e+00
   vertex 1.020923e+00 0.000000e+00 -1.605951e+00
  endloop
 endfacet
 facet normal 0.000000e+00 -1.000000e+00 -0.000000e+00
  outer loop
   vertex 1.299038e+00 -3.000000e+00 -7.500000e-01
   vertex 1.144530e+00 -3.000000e+00 -1.225528e+00
   vertex 1.299038e+00 -3.000000e+00 -1.250000e+00
  endloop
 endfacet
 facet normal -1.550965e-01 1.305645e-01 9.792334e-01
  outer loop
   vertex 1.299038e+00 0.000000e+00 -1.650000e+00
   vertex 1.299038e+00 -3.000000e+00 -1.250000e+00
   vertex 1.453547e+00 -3.000000e+00 -1.225528e+00
  endloop
 endfacet
 facet normal -1.550951e-01 1.305646e-01 9.792336e-01
  outer loop
   vertex 1.299038e+00 0.000000e+00 -1.650000e+00
   vertex 1.453547e+00 -3.000000e+00 -1.225528e+00
   vertex 1.577153e+00 0.000000e+00 -1.605951e+00
  endloop
 endfacet
 facet normal 0.000000e+00 1.000000e+00 0.000000e+00
  outer loop
   vertex 1.299038e+00 0.000000e+00 -7.500000e-01
   vertex 1.577153e+00 0.000000e+00 -1.605951e+00
   vertex 1.299038e+00 0.000000e+00 -1.650000e+00
  endloop
 endfacet
 facet normal 0.000000e+00 -1.000000e+00 0.000000e+00
  outer loop
   vertex 1.299038e+00 -3.000000e+00 -7.500000e-01
   vertex 1.299038e+00 -3.000000e+00 -1.250000e+00
   vertex 1.453547e+00 -3.000000e+00 -1.225528e+00
  endloop
 endfacet
 facet normal -4.501058e-01 1.305644e-01 8.833786e-01
  outer loop
   vertex 1.577153e+00 0.000000e+00 -1.605951e+00
   vertex 1.453547e+00 -3.000000e+00 -1.225528e+00
   vertex 1.592931e+00 -3.000000e+00 -1.154508e+00
  endloop
 endfacet
 facet normal -4.501047e-01 1.305645e-01 8.833791e-01
  outer loop
   vertex 1.577153e+00 0.000000e+00 -1.605951e+00
   vertex 1.592931e+00 -3.000000e+00 -1.154508e+00
   vertex 1.828045e+00 0.000000e+00 -1.478115e+00
  endloop
 endfacet
 facet normal 0.000000e+00 1.000000e+00 0.000000e+00
  outer loop
   vertex 1.299038e+00 0.000000e+00 -7.500000e-01
   vertex 1.828045e+00 0.000000e+00 -1.478115e+00
   vertex 1.577153e+00 0.000000e+00 -1.605951e+00
  endloop
 endfacet
 facet normal 0.000000e+00 -1.000000e+00 0.000000e+00
  outer loop
   vertex 1.299038e+00 -3.000000e+00 -7.500000e-01
   vertex 1.453547e+00 -3.000000e+00 -1.225528e+00
   vertex 1.592931e+00 -3.000000e+00 -1.154508e+00
  endloop
 endfacet
 facet normal -7.010506e-01 1.305646e-01 7.010570e-01
  outer loop
   vertex 1.828045e+00 0.000000e+00 -1.478115e+00
   vertex 1.592931e+00 -3.000000e+00 -1.154508e+00
   vertex 1.703547e+00 -3.000000e+00 -1.043893e+00
  endloop
 endfacet
 facet normal -7.010538e-01 1.305643e-01 7.010538e-01
  outer loop
   vertex 1.828045e+00 0.000000e+00 -1.478115e+00
   vertex 1.703547e+00 -3.000000e+00 -1.043893e+00
   vertex 2.027153e+00 0.000000e+00 -1.279007e+00
  endloop
 endfacet
 facet normal 0.000000e+00 1.000000e+00 0.000000e+00
  outer loop
   vertex 1.299038e+00 0.000000e+00 -7.500000e-01
   vertex 2.027153e+00 0.000000e+00 -1.279007e+00
   vertex 1.828045e+00 0.000000e+00 -1.478115e+00
  endloop
 endfacet
 facet normal 0.000000e+00 -1.000000e+00 0.000000e+00
  outer loop
   vertex 1.299038e+00 -3.000000e+00 -7.500000e-01
   vertex 1.592931e+00 -3.000000e+00 -1.154508e+00
   vertex 1.703547e+00 -3.000000e+00 -1.043893e+00
  endloop
 endfacet
 facet normal -8.833825e-01 1.305641e-01 4.500982e-01
  outer loop
   vertex 2.027153e+00 0.000000e+00 -1.279007e+00
   vertex 1.703547e+00 -3.000000e+00 -1.043893e+00
   vertex 1.774566e+00 -3.000000e+00 -9.045080e-01
  endloop
 endfacet
 facet normal -8.833791e-01 1.305646e-01 4.501046e-01
  outer loop
   vertex 2.027153e+00 0.000000e+00 -1.279007e+00
   vertex 1.774566e+00 -3.000000e+00 -9.045080e-01
   vertex 2.154989e+00 0.000000e+00 -1.028115e+00
  endloop
 endfacet
 facet normal 0.000000e+00 1.000000e+00 0.000000e+00
  outer loop
   vertex 1.299038e+00 0.000000e+00 -7.500000e-01
   vertex 2.154989e+00 0.000000e+00 -1.028115e+00
   vertex 2.027153e+00 0.000000e+00 -1.279007e+00
  endloop
 endfacet
 facet normal 0.000000e+00 -1.000000e+00 0.000000e+00
  outer loop
   vertex 1.299038e+00 -3.000000e+00 -7.500000e-01
   vertex 1.703547e+00 -3.000000e+00 -1.043893e+00
   vertex 1.774566e+00 -3.000000e+00 -9.045080e-01
  endloop
 endfacet
 facet normal -9.792332e-01 1.305647e-01 1.550974e-01
  outer loop
   vertex 2.154989e+00 0.000000e+00 -1.028115e+00
   vertex 1.774566e+00 -3.000000e+00 -9.045080e-01
   vertex 1.799038e+00 -3.000000e+00 -7.500000e-01
  endloop
 endfacet
 facet normal -9.792336e-01 1.305645e-01 1.550951e-01
  outer loop
   vertex 2.154989e+00 0.000000e+00 -1.028115e+00
   vertex 1.799038e+00 -3.000000e+00 -7.500000e-01
   vertex 2.199038e+00 0.000000e+00 -7.500000e-01
  endloop
 endfacet
 facet normal -0.000000e+00 1.000000e+00 0.000000e+00
  outer loop
   vertex 1.299038e+00 0.000000e+00 -7.500000e-01
   vertex 2.199038e+00 0.000000e+00 -7.500000e-01
   vertex 2.154989e+00 0.000000e+00 -1.028115e+00
  endloop
 endfacet
 facet normal 0.000000e+00 -1.000000e+00 0.000000e+00
  outer loop
   vertex 1.299038e+00 -3.000000e+00 -7.500000e-01
   vertex 1.774566e+00 -3.000000e+00 -9.045080e-01
   vertex 1.799038e+00 -3.000000e+00 -7.500000e-01
  endloop
 endfacet
 facet normal -9.745723e-01 1.624287e-01 -1.543558e-01
  outer loop
   vertex 3.824871e+00 0.000000e+00 1.400000e+00
   vertex 3.074871e+00 -4.500000e+00 1.400000e+00
   vertex 3.043058e+00 -4.500000e+00 1.600861e+00
  endloop
 endfacet
 facet normal -9.745721e-01 1.624286e-01 -1.543573e-01
  outer loop
   vertex 3.824871e+00 0.000000e+00 1.400000e+00
   vertex 3.043058e+00 -4.500000e+00 1.600861e+00
   vertex 3.756350e+00 0.000000e+00 1.832624e+00
  endloop
 endfacet
 facet normal 0.000000e+00 1.000000e+00 0.000000e+00
  outer loop
   vertex 2.424871e+00 0.000000e+00 1.400000e+00
   vertex 3.756350e+00 0.000000e+00 1.832624e+00
   vertex 3.824871e+00 0.000000e+00 1.400000e+00
  endloop
 endfacet
 facet normal 0.000000e+00 -1.000000e+00 0.000000e+00
  outer loop
   vertex 2.424871e+00 -4.500000e+00 1.400000e+00
   vertex 3.074871e+00 -4.500000e+00 1.400000e+00
   vertex 3.043058e+00 -4.500000e+00 1.600861e+00
  endloop
 endfacet
 facet normal -8.791732e-01 1.624286e-01 -4.479636e-01
  outer loop
   vertex 3.756350e+00 0.000000e+00 1.832624e+00
   vertex 3.043058e+00 -4.500000e+00 1.600861e+00
   vertex 2.950732e+00 -4.500000e+00 1.782060e+00
  endloop
 endfacet
 facet normal -8.791742e-01 1.624287e-01 -4.479616e-01
  outer loop
   vertex 3.756350e+00 0.000000e+00 1.832624e+00
   vertex 2.950732e+00 -4.500000e+00 1.782060e+00
   vertex 3.557495e+00 0.000000e+00 2.222899e+00
  endloop
 endfacet
 facet normal 0.000000e+00 1.000000e+00 0.000000e+00
  outer loop
   vertex 2.424871e+00 0.000000e+00 1.400000e+00
   vertex 3.557495e+00 0.000000e+00 2.222899e+00
   vertex 3.756350e+00 0.000000e+00 1.832624e+00
  endloop
 endfacet
 facet normal 0.000000e+00 -1.000000e+00 0.000000e+00
  outer loop
   vertex 2.424871e+00 -4.500000e+00 1.400000e+00
   vertex 3.043058e+00 -4.500000e+00 1.600861e+00
   vertex 2.950732e+00 -4.500000e+00 1.782060e+00
  endloop
 endfacet
 facet normal -6.977190e-01 1.624288e-01 -6.977142e-01
  outer loop
   vertex 3.557495e+00 0.000000e+00 2.222899e+00
   vertex 2.950732e+00 -4.500000e+00 1.782060e+00
   vertex 2.806932e+00 -4.500000e+00 1.925861e+00
  endloop
 endfacet
 facet normal -6.977166e-01 1.624286e-01 -6.977166e-01
  outer loop
   vertex 3.557495e+00 0.000000e+00 2.222899e+00
   vertex 2.806932e+00 -4.500000e+00 1.925861e+00
   vertex 3.247770e+00 0.000000e+00 2.532624e+00
  endloop
 endfacet
 facet normal 0.000000e+00 1.000000e+00 0.000000e+00
  outer loop
   vertex 2.424871e+00 0.000000e+00 1.400000e+00
   vertex 3.247770e+00 0.000000e+00 2.532624e+00
   vertex 3.557495e+00 0.000000e+00 2.222899e+00
  endloop
 endfacet
 facet normal 0.000000e+00 -1.000000e+00 0.000000e+00
  outer loop
   vertex 2.424871e+00 -4.500000e+00 1.400000e+00
   vertex 2.950732e+00 -4.500000e+00 1.782060e+00
   vertex 2.806932e+00 -4.500000e+00 1.925861e+00
  endloop
 endfacet
 facet normal -4.479616e-01 1.624286e-01 -8.791742e-01
  outer loop
   vertex 3.247770e+00 0.000000e+00 2.532624e+00
   vertex 2.806932e+00 -4.500000e+00 1.925861e+00
   vertex 2.625732e+00 -4.500000e+00 2.018187e+00
  endloop
 endfacet
 facet normal -4.479616e-01 1.624286e-01 -8.791743e-01
  outer loop
   vertex 3.247770e+00 0.000000e+00 2.532624e+00
   vertex 2.625732e+00 -4.500000e+00 2.018187e+00
   vertex 2.857495e+00 0.000000e+00 2.731479e+00
  endloop
 endfacet
 facet normal 0.000000e+00 1.000000e+00 0.000000e+00
  outer loop
   vertex 2.424871e+00 0.000000e+00 1.400000e+00
   vertex 2.857495e+00 0.000000e+00 2.731479e+00
   vertex 3.247770e+00 0.000000e+00 2.532624e+00
  endloop
 endfacet
 facet normal 0.000000e+00 -1.000000e+00 0.000000e+00
  outer loop
   vertex 2.424871e+00 -4.500000e+00 1.400000e+00
   vertex 2.806932e+00 -4.500000e+00 1.925861e+00
   vertex 2.625732e+00 -4.500000e+00 2.018187e+00
  endloop
 endfacet
 facet normal -1.543558e-01 1.624286e-01 -9.745723e-01
  outer loop
   vertex 2.857495e+00 0.000000e+00 2.731479e+00
   vertex 2.625732e+00 -4.500000e+00 2.018187e+00
   vertex 2.424871e+00 -4.500000e+00 2.050000e+00
  endloop
 endfacet
 facet normal -1.543573e-01 1.624287e-01 -9.745721e-01
  outer loop
   vertex 2.857495e+00 0.000000e+00 2.731479e+00
   vertex 2.424871e+00 -4.500000e+00 2.050000e+00
   vertex 2.424871e+00 0.000000e+00 2.800000e+00
  endloop
 endfacet
 facet normal 0.000000e+00 1.000000e+00 0.000000e+00
  outer loop
   vertex 2.424871e+00 0.000000e+00 1.400000e+00
   vertex 2.424871e+00 0.000000e+00 2.800000e+00
   vertex 2.857495e+00 0.000000e+00 2.731479e+00
  endloop
 endfacet
 facet normal 0.000000e+00 -1.000000e+00 0.000000e+00
  outer loop
   vertex 2.424871e+00 -4.500000e+00 1.400000e+00
   vertex 2.625732e+00 -4.500000e+00 2.018187e+00
   vertex 2.424871e+00 -4.500000e+00 2.050000e+00
  endloop
 endfacet
 facet normal 1.543558e-01 1.624287e-01 -9.745723e-01
  outer loop
   vertex 2.424871e+00 0.000000e+00 2.800000e+00
   vertex 2.424871e+00 -4.500000e+00 2.050000e+00
   vertex 2.224010e+00 -4.500000e+00 2.018187e+00
  endloop
 endfacet
 facet normal 1.543573e-01 1.624286e-01 -9.745721e-01
  outer loop
   vertex 2.424871e+00 0.000000e+00 2.800000e+00
   vertex 2.224010e+00 -4.500000e+00 2.018187e+00
   vertex 1.992247e+00 0.000000e+00 2.731479e+00
  endloop
 endfacet
 facet normal 0.000000e+00 1.000000e+00 -0.000000e+00
  outer loop
   vertex 2.424871e+00 0.000000e+00 1.400000e+00
   vertex 1.992247e+00 0.000000e+00 2.731479e+00
   vertex 2.424871e+00 0.000000e+00 2.800000e+00
  endloop
 endfacet
 facet normal 0.000000e+00 -1.000000e+00 0.000000e+00
  outer loop
   vertex 2.424871e+00 -4.500000e+00 1.400000e+00
   vertex 2.424871e+00 -4.500000e+00 2.050000e+00
   vertex 2.224010e+00 -4.500000e+00 2.018187e+00
  endloop
 endfacet
 facet normal 4.479636e-01 1.624286e-01 -8.791732e-01
  outer loop
   vertex 1.992247e+00 0.000000e+00 2.731479e+00
   vertex 2.224010e+00 -4.500000e+00 2.018187e+00
   vertex 2.042811e+00 -4.500000e+00 1.925861e+00
  endloop
 endfacet
 facet normal 4.479616e-01 1.624287e-01 -8.791742e-01
  outer loop
   vertex 1.992247e+00 0.000000e+00 2.731479e+00
   vertex 2.042811e+00 -4.500000e+00 1.925861e+00
   vertex 1.601972e+00 0.000000e+00 2.532624e+00
  endloop
 endfacet
 facet normal 0.000000e+00 1.000000e+00 0.000000e+00
  outer loop
   vertex 2.424871e+00 0.000000e+00 1.400000e+00
   vertex 1.601972e+00 0.000000e+00 2.532624e+00
   vertex 1.992247e+00 0.000000e+00 2.731479e+00
  endloop
 endfacet
 facet normal 0.000000e+00 -1.000000e+00 0.000000e+00
  outer loop
   vertex 2.424871e+00 -4.500000e+00 1.400000e+00
   vertex 2.224010e+00 -4.500000e+00 2.018187e+00
   vertex 2.042811e+00 -4.500000e+00 1.925861e+00
  endloop
 endfacet
 facet normal 6.977166e-01 1.624287e-01 -6.977166e-01
  outer loop
   vertex 1.601972e+00 0.000000e+00 2.532624e+00
   vertex 2.042811e+00 -4.500000e+00 1.925861e+00
   vertex 1.899010e+00 -4.500000e+00 1.782060e+00
  endloop
 endfacet
 facet normal 6.977166e-01 1.624287e-01 -6.977166e-01
  outer loop
   vertex 1.601972e+00 0.000000e+00 2.532624e+00
   vertex 1.899010e+00 -4.500000e+00 1.782060e+00
   vertex 1.292247e+00 0.000000e+00 2.222899e+00
  endloop
 endfacet
 facet normal 0.000000e+00 1.000000e+00 0.000000e+00
  outer loop
   vertex 2.424871e+00 0.000000e+00 1.400000e+00
   vertex 1.292247e+00 0.000000e+00 2.222899e+00
   vertex 1.601972e+00 0.000000e+00 2.532624e+00
  endloop
 endfacet
 facet normal 0.000000e+00 -1.000000e+00 0.000000e+00
  outer loop
   vertex 2.424871e+00 -4.500000e+00 1.400000e+00
   vertex 2.042811e+00 -4.500000e+00 1.925861e+00
   vertex 1.899010e+00 -4.500000e+00 1.782060e+00
  endloop
 endfacet
 facet normal 8.791732e-01 1.624288e-01 -4.479635e-01
  outer loop
   vertex 1.292247e+00 0.000000e+00 2.222899e+00
   vertex 1.899010e+00 -4.500000e+00 1.782060e+00
   vertex 1.806684e+00 -4.500000e+00 1.600861e+00
  endloop
 endfacet
 facet normal 8.791743e-01 1.624286e-01 -4.479616e-01
  outer loop
   vertex 1.292247e+00 0.000000e+00 2.222899e+00
   vertex 1.806684e+00 -4.500000e+00 1.600861e+00
   vertex 1.093392e+00 0.000000e+00 1.832624e+00
  endloop
 endfacet
 facet normal 0.000000e+00 1.000000e+00 0.000000e+00
  outer loop
   vertex 2.424871e+00 0.000000e+00 1.400000e+00
   vertex 1.093392e+00 0.000000e+00 1.832624e+00
   vertex 1.292247e+00 0.000000e+00 2.222899e+00
  endloop
 endfacet
 facet normal 0.000000e+00 -1.000000e+00 0.000000e+00
  outer loop
   vertex 2.424871e+00 -4.500000e+00 1.400000e+00
   vertex 1.899010e+00 -4.500000e+00 1.782060e+00
   vertex 1.806684e+00 -4.500000e+00 1.600861e+00
  endloop
 endfacet
 facet normal 9.745723e-01 1.624286e-01 -1.543558e-01
  outer loop
   vertex 1.093392e+00 0.000000e+00 1.832624e+00
   vertex 1.806684e+00 -4.500000e+00 1.600861e+00
   vertex 1.774871e+00 -4.500000e+00 1.400000e+00
  endloop
 endfacet
 facet normal 9.745721e-01 1.624287e-01 -1.543573e-01
  outer loop
   vertex 1.093392e+00 0.000000e+00 1.832624e+00
   vertex 1.774871e+00 -4.500000e+00 1.400000e+00
   vertex 1.024871e+00 0.000000e+00 1.400000e+00
  endloop
 endfacet
 facet normal 0.000000e+00 1.000000e+00 0.000000e+00
  outer loop
   vertex 2.424871e+00 0.000000e+00 1.400000e+00
   vertex 1.024871e+00 0.000000e+00 1.400000e+00
   vertex 1.093392e+00 0.000000e+00 1.832624e+00
  endloop
 endfacet
 facet normal 0.000000e+00 -1.000000e+00 0.000000e+00
  outer loop
   vertex 2.424871e+00 -4.500000e+00 1.400000e+00
   vertex 1.806684e+00 -4.500000e+00 1.600861e+00
   vertex 1.774871e+00 -4.500000e+00 1.400000e+00
  endloop
 endfacet
 facet normal 9.745723e-01 1.624287e-01 1.543558e-01
  outer loop
   vertex 1.024871e+00 0.000000e+00 1.400000e+00
   vertex 1.774871e+00 -4.500000e+00 1.400000e+00
   vertex 1.806684e+00 -4.500000e+00 1.199139e+00
  endloop
 endfacet
 facet normal 9.745721e-01 1.624286e-01 1.543573e-01
  outer loop
   vertex 1.024871e+00 0.000000e+00 1.400000e+00
   vertex 1.806684e+00 -4.500000e+00 1.199139e+00
   vertex 1.093392e+00 0.000000e+00 9.673760e-01
  endloop
 endfacet
 facet normal 0.000000e+00 1.000000e+00 0.000000e+00
  outer loop
   vertex 2.424871e+00 0.000000e+00 1.400000e+00
   vertex 1.093392e+00 0.000000e+00 9.673760e-01
   vertex 1.024871e+00 0.000000e+00 1.400000e+00
  endloop
 endfacet
 facet normal -0.000000e+00 -1.000000e+00 0.000000e+00
  outer loop
   vertex 2.424871e+00 -4.500000e+00 1.400000e+00
   vertex 1.774871e+00 -4.500000e+00 1.400000e+00
   vertex 1.806684e+00 -4.500000e+00 1.199139e+00
  endloop
 endfacet
 facet normal 8.791732e-01 1.624286e-01 4.479636e-01
  outer loop
   vertex 1.093392e+00 0.000000e+00 9.673760e-01
   vertex 1.806684e+00 -4.500000e+00 1.199139e+00
   vertex 1.899010e+00 -4.500000e+00 1.017940e+00
  endloop
 endfacet
 facet normal 8.791742e-01 1.624287e-01 4.479616e-01
  outer loop
   vertex 1.093392e+00 0.000000e+00 9.673760e-01
   vertex 1.899010e+00 -4.500000e+00 1.017940e+00
   vertex 1.292247e+00 0.000000e+00 5.771010e-01
  endloop
 endfacet
 facet normal 0.000000e+00 1.000000e+00 0.000000e+00
  outer loop
   vertex 2.424871e+00 0.000000e+00 1.400000e+00
   vertex 1.292247e+00 0.000000e+00 5.771010e-01
   vertex 1.093392e+00 0.000000e+00 9.673760e-01
  endloop
 endfacet
 facet normal 0.000000e+00 -1.000000e+00 0.000000e+00
  outer loop
   vertex 2.424871e+00 -4.500000e+00 1.400000e+00
   vertex 1.806684e+00 -4.500000e+00 1.199139e+00
   vertex 1.899010e+00 -4.500000e+00 1.017940e+00
  endloop
 endfacet
 facet normal 6.977166e-01 1.624287e-01 6.977166e-01
  outer loop
   vertex 1.292247e+00 0.000000e+00 5.771010e-01
   vertex 1.899010e+00 -4.500000e+00 1.017940e+00
   vertex 2.042811e+00 -4.500000e+00 8.741390e-01
  endloop
 endfacet
 facet normal 6.977166e-01 1.624287e-01 6.977166e-01
  outer loop
   vertex 1.292247e+00 0.000000e+00 5.771010e-01
   vertex 2.042811e+00 -4.500000e+00 8.741390e-01
   vertex 1.601972e+00 0.000000e+00 2.673760e-01
  endloop
 endfacet
 facet normal 0.000000e+00 1.000000e+00 0.000000e+00
  outer loop
   vertex 2.424871e+00 0.000000e+00 1.400000e+00
   vertex 1.601972e+00 0.000000e+00 2.673760e-01
   vertex 1.292247e+00 0.000000e+00 5.771010e-01
  endloop
 endfacet
 facet normal 0.000000e+00 -1.000000e+00 0.000000e+00
  outer loop
   vertex 2.424871e+00 -4.500000e+00 1.400000e+00
   vertex 1.899010e+00 -4.500000e+00 1.017940e+00
   vertex 2.042811e+00 -4.500000e+00 8.741390e-01
  endloop
 endfacet
 facet normal 4.479635e-01 1.624288e-01 8.791732e-01
  outer loop
   vertex 1.601972e+00 0.000000e+00 2.673760e-01
   vertex 2.042811e+00 -4.500000e+00 8.741390e-01
   vertex 2.224010e+00 -4.500000e+00 7.818130e-01
  endloop
 endfacet
 facet normal 4.479616e-01 1.624286e-01 8.791743e-01
  outer loop
   vertex 1.601972e+00 0.000000e+00 2.673760e-01
   vertex 2.224010e+00 -4.500000e+00 7.818130e-01
   vertex 1.992247e+00 0.000000e+00 6.852100e-02
  endloop
 endfacet
 facet normal 0.000000e+00 1.000000e+00 0.000000e+00
  outer loop
   vertex 2.424871e+00 0.000000e+00 1.400000e+00
   vertex 1.992247e+00 0.000000e+00 6.852100e-02
   vertex 1.601972e+00 0.000000e+00 2.673760e-01
  endloop
 endfacet
 facet normal 0.000000e+00 -1.000000e+00 0.000000e+00
  outer loop
   vertex 2.424871e+00 -4.500000e+00 1.400000e+00
   vertex 2.042811e+00 -4.500000e+00 8.741390e-01
   vertex 2.224010e+00 -4.500000e+00 7.818130e-01
  endloop
 endfacet
 facet normal 1.543558e-01 1.624286e-01 9.745723e-01
  outer loop
   vertex 1.992247e+00 0.000000e+00 6.852100e-02
   vertex 2.224010e+00 -4.500000e+00 7.818130e-01
   vertex 2.424871e+00 -4.500000e+00 7.500000e-01
  endloop
 endfacet
 facet normal 1.543573e-01 1.624287e-01 9.745721e-01
  outer loop
   vertex 1.992247e+00 0.000000e+00 6.852100e-02
   vertex 2.424871e+00 -4.500000e+00 7.500000e-01
   vertex 2.424871e+00 0.000000e+00 -0.000000e+00
  endloop
 endfacet
 facet normal 0.000000e+00 1.000000e+00 0.000000e+00
  outer loop
   vertex 2.424871e+00 0.000000e+00 1.400000e+00
   vertex 2.424871e+00 0.000000e+00 -0.000000e+00
   vertex 1.992247e+00 0.000000e+00 6.852100e-02
  endloop
 endfacet
 facet normal 0.000000e+00 -1.000000e+00 -0.000000e+00
  outer loop
   vertex 2.424871e+00 -4.500000e+00 1.400000e+00
   vertex 2.224010e+00 -4.500000e+00 7.818130e-01
   vertex 2.424871e+00 -4.500000e+00 7.500000e-01
  endloop
 endfacet
 facet normal -1.543558e-01 1.624287e-01 9.745723e-01
  outer loop
   vertex 2.424871e+00 0.000000e+00 -0.000000e+00
   vertex 2.424871e+00 -4.500000e+00 7.500000e-01
   vertex 2.625732e+00 -4.500000e+00 7.818130e-01
  endloop
 endfacet
 facet normal -1.543573e-01 1.624286e-01 9.745721e-01
  outer loop
   vertex 2.424871e+00 0.000000e+00 -0.000000e+00
   vertex 2.625732e+00 -4.500000e+00 7.818130e-01
   vertex 2.857495e+00 0.000000e+00 6.852100e-02
  endloop
 endfacet
 facet normal 0.000000e+00 1.000000e+00 0.000000e+00
  outer loop
   vertex 2.424871e+00 0.000000e+00 1.400000e+00
   vertex 2.857495e+00 0.000000e+00 6.852100e-02
   vertex 2.424871e+00 0.000000e+00 -0.000000e+00
  endloop
 endfacet
 facet normal 0.000000e+00 -1.000000e+00 0.000000e+00
  outer loop
   vertex 2.424871e+00 -4.500000e+00 1.400000e+00
   vertex 2.424871e+00 -4.500000e+00 7.500000e-01
   vertex 2.625732e+00 -4.500000e+00 7.818130e-01
  endloop
 endfacet
 facet normal -4.479616e-01 1.624286e-01 8.791742e-01
  outer loop
   vertex 2.857495e+00 0.000000e+00 6.852100e-02
   vertex 2.625732e+00 -4.500000e+00 7.818130e-01
   vertex 2.806932e+00 -4.500000e+00 8.741390e-01
  endloop
 endfacet
 facet normal -4.479616e-01 1.624286e-01 8.791743e-01
  outer loop
   vertex 2.857495e+00 0.000000e+00 6.852100e-02
   vertex 2.806932e+00 -4.500000e+00 8.741390e-01
   vertex 3.247770e+00 0.000000e+00 2.673760e-01
  endloop
 endfacet
 facet normal 0.000000e+00 1.000000e+00 0.000000e+00
  outer loop
   vertex 2.424871e+00 0.000000e+00 1.400000e+00
   vertex 3.247770e+00 0.000000e+00 2.673760e-01
   vertex 2.857495e+00 0.000000e+00 6.852100e-02
  endloop
 endfacet
 facet normal 0.000000e+00 -1.000000e+00 0.000000e+00
  outer loop
   vertex 2.424871e+00 -4.500000e+00 1.400000e+00
   vertex 2.625732e+00 -4.500000e+00 7.818130e-01
   vertex 2.806932e+00 -4.500000e+00 8.741390e-01
  endloop
 endfacet
 facet normal -6.977191e-01 1.624285e-01 6.977142e-01
  outer loop
   vertex 3.247770e+00 0.000000e+00 2.673760e-01
   vertex 2.806932e+00 -4.500000e+00 8.741390e-01
   vertex 2.950732e+00 -4.500000e+00 1.017940e+00
  endloop
 endfacet
 facet normal -6.977166e-01 1.624287e-01 6.977166e-01
  outer loop
   vertex 3.247770e+00 0.000000e+00 2.673760e-01
   vertex 2.950732e+00 -4.500000e+00 1.017940e+00
   vertex 3.557495e+00 0.000000e+00 5.771010e-01
  endloop
 endfacet
 facet normal 0.000000e+00 1.000000e+00 0.000000e+00
  outer loop
   vertex 2.424871e+00 0.000000e+00 1.400000e+00
   vertex 3.557495e+00 0.000000e+00 5.771010e-01
   vertex 3.247770e+00 0.000000e+00 2.673760e-01
  endloop
 endfacet
 facet normal 0.000000e+00 -1.000000e+00 0.000000e+00
  outer loop
   vertex 2.424871e+00 -4.500000e+00 1.400000e+00
   vertex 2.806932e+00 -4.500000e+00 8.741390e-01
   vertex 2.950732e+00 -4.500000e+00 1.017940e+00
  endloop
 endfacet
 facet normal -8.791732e-01 1.624288e-01 4.479635e-01
  outer loop
   vertex 3.557495e+00 0.000000e+00 5.771010e-01
   vertex 2.950732e+00 -4.500000e+00 1.017940e+00
   vertex 3.043058e+00 -4.500000e+00 1.199139e+00
  endloop
 endfacet
 facet normal -8.791743e-01 1.624286e-01 4.479616e-01
  outer loop
   vertex 3.557495e+00 0.000000e+00 5.771010e-01
   vertex 3.043058e+00 -4.500000e+00 1.199139e+00
   vertex 3.756350e+00 0.000000e+00 9.673760e-01
  endloop
 endfacet
 facet normal 0.000000e+00 1.000000e+00 0.000000e+00
  outer loop
   vertex 2.424871e+00 0.000000e+00 1.400000e+00
   vertex 3.756350e+00 0.000000e+00 9.673760e-01
   vertex 3.557495e+00 0.000000e+00 5.771010e-01
  endloop
 endfacet
 facet normal 0.000000e+00 -1.000000e+00 0.000000e+00
  outer loop
   vertex 2.424871e+00 -4.500000e+00 1.400000e+00
   vertex 2.950732e+00 -4.500000e+00 1.017940e+00
   vertex 3.043058e+00 -4.500000e+00 1.199139e+00
  endloop
 endfacet
 facet normal -9.745723e-01 1.624286e-01 1.543558e-01
  outer loop
   vertex 3.756350e+00 0.000000e+00 9.673760e-01
   vertex 3.043058e+00 -4.500000e+00 1.199139e+00
   vertex 3.074871e+00 -4.500000e+00 1.400000e+00
  endloop
 endfacet
 facet normal -9.745721e-01 1.624287e-01 1.543573e-01
  outer loop
   vertex 3.756350e+00 0.000000e+00 9.673760e-01
   vertex 3.074871e+00 -4.500000e+00 1.400000e+00
   vertex 3.824871e+00 0.000000e+00 1.400000e+00
  endloop
 endfacet
 facet normal -0.000000e+00 1.000000e+00 0.000000e+00
  outer loop
   vertex 2.424871e+00 0.000000e+00 1.400000e+00
   vertex 3.824871e+00 0.000000e+00 1.400000e+00
   vertex 3.756350e+00 0.000000e+00 9.673760e-01
  endloop
 endfacet
 facet normal 0.000000e+00 -1.000000e+00 0.000000e+00
  outer loop
   vertex 2.424871e+00 -4.500000e+00 1.400000e+00
   vertex 3.043058e+00 -4.500000e+00 1.199139e+00
   vertex 3.074871e+00 -4.500000e+00 1.400000e+00
  endloop
 endfacet
 facet normal -9.745723e-01 1.624287e-01 -1.543558e-01
  outer loop
   vertex -1.024871e+00 0.000000e+00 1.400000e+00
   vertex -1.774871e+00 -4.500000e+00 1.400000e+00
   vertex -1.806684e+00 -4.500000e+00 1.600861e+00
  endloop
 endfacet
 facet normal -9.745721e-01 1.624286e-01 -1.543573e-01
  outer loop
   vertex -1.024871e+00 0.000000e+00 1.400000e+00
   vertex -1.806684e+00 -4.500000e+00 1.600861e+00
   vertex -1.093392e+00 0.000000e+00 1.832624e+00
  endloop
 endfacet
 facet normal 0.000000e+00 1.000000e+00 0.000000e+00
  outer loop
   vertex -2.424871e+00 0.000000e+00 1.400000e+00
   vertex -1.093392e+00 0.000000e+00 1.832624e+00
   vertex -1.024871e+00 0.000000e+00 1.400000e+00
  endloop
 endfacet
 facet normal 0.000000e+00 -1.000000e+00 0.000000e+00
  outer loop
   vertex -2.424871e+00 -4.500000e+00 1.400000e+00
   vertex -1.774871e+00 -4.500000e+00 1.400000e+00
   vertex -1.806684e+00 -4.500000e+00 1.600861e+00
  endloop
 endfacet
 facet normal -8.791732e-01 1.624286e-01 -4.479636e-01
  outer loop
   vertex -1.093392e+00 0.000000e+00 1.832624e+00
   vertex -1.806684e+00 -4.500000e+00 1.600861e+00
   vertex -1.899010e+00 -4.500000e+00 1.782060e+00
  endloop
 endfacet
 facet normal -8.791742e-01 1.624287e-01 -4.479616e-01
  outer loop
   vertex -1.093392e+00 0.000000e+00 1.832624e+00
   vertex -1.899010e+00 -4.500000e+00 1.782060e+00
   vertex -1.292247e+00 0.000000e+00 2.222899e+00
  endloop
 endfacet
 facet normal 0.000000e+00 1.000000e+00 0.000000e+00
  outer loop
   vertex -2.424871e+00 0.000000e+00 1.400000e+00
   vertex -1.292247e+00 0.000000e+00 2.222899e+00
   vertex -1.093392e+00 0.000000e+00 1.832624e+00
  endloop
 endfacet
 facet normal 0.000000e+00 -1.000000e+00 0.000000e+00
  outer loop
   vertex -2.424871e+00 -4.500000e+00 1.400000e+00
   vertex -1.806684e+00 -4.500000e+00 1.600861e+00
   vertex -1.899010e+00 -4.500000e+00 1.782060e+00
  endloop
 endfacet
 facet normal -6.977166e-01 1.624287e-01 -6.977166e-01
  outer loop
   vertex -1.292247e+00 0.000000e+00 2.222899e+00
   vertex -1.899010e+00 -4.500000e+00 1.782060e+00
   vertex -2.042811e+00 -4.500000e+00 1.925861e+00
  endloop
 endfacet
 facet normal -6.977166e-01 1.624287e-01 -6.977166e-01
  outer loop
   vertex -1.292247e+00 0.000000e+00 2.222899e+00
   vertex -2.042811e+00 -4.500000e+00 1.925861e+00
   vertex -1.601972e+00 0.000000e+00 2.532624e+00
  endloop
 endfacet
 facet normal 0.000000e+00 1.000000e+00 0.000000e+00
  outer loop
   vertex -2.424871e+00 0.000000e+00 1.400000e+00
   vertex -1.601972e+00 0.000000e+00 2.532624e+00
   vertex -1.292247e+00 0.000000e+00 2.222899e+00
  endloop
 endfacet
 facet normal 0.000000e+00 -1.000000e+00 0.000000e+00
  outer loop
   vertex -2.424871e+00 -4.500000e+00 1.400000e+00
   vertex -1.899010e+00 -4.500000e+00 1.782060e+00
   vertex -2.042811e+00 -4.500000e+00 1.925861e+00
  endloop
 endfacet
 facet normal -4.479635e-01 1.624288e-01 -8.791732e-01
  outer loop
   vertex -1.601972e+00 0.000000e+00 2.532624e+00
   vertex -2.042811e+00 -4.500000e+00 1.925861e+00
   vertex -2.224010e+00 -4.500000e+00 2.018187e+00
  endloop
 endfacet
 facet normal -4.479616e-01 1.624286e-01 -8.791743e-01
  outer loop
   vertex -1.601972e+00 0.000000e+00 2.532624e+00
   vertex -2.224010e+00 -4.500000e+00 2.018187e+00
   vertex -1.992247e+00 0.000000e+00 2.731479e+00
  endloop
 endfacet
 facet normal 0.000000e+00 1.000000e+00 0.000000e+00
  outer loop
   vertex -2.424871e+00 0.000000e+00 1.400000e+00
   vertex -1.992247e+00 0.000000e+00 2.731479e+00
   vertex -1.601972e+00 0.000000e+00 2.532624e+00
  endloop
 endfacet
 facet normal 0.000000e+00 -1.000000e+00 0.000000e+00
  outer loop
   vertex -2.424871e+00 -4.500000e+00 1.400000e+00
   vertex -2.042811e+00 -4.500000e+00 1.925861e+00
   vertex -2.224010e+00 -4.500000e+00 2.018187e+00
  endloop
 endfacet
 facet normal -1.543558e-01 1.624286e-01 -9.745723e-01
  outer loop
   vertex -1.992247e+00 0.000000e+00 2.731479e+00
   vertex -2.224010e+00 -4.500000e+00 2.018187e+00
   vertex -2.424871e+00 -4.500000e+00 2.050000e+00
  endloop
 endfacet
 facet normal -1.543573e-01 1.624287e-01 -9.745721e-01
  outer loop
   vertex -1.992247e+00 0.000000e+00 2.731479e+00
   vertex -2.424871e+00 -4.500000e+00 2.050000e+00
   vertex -2.424871e+00 0.000000e+00 2.800000e+00
  endloop
 endfacet
 facet normal 0.000000e+00 1.000000e+00 0.000000e+00
  outer loop
   vertex -2.424871e+00 0.000000e+00 1.400000e+00
   vertex -2.424871e+00 0.000000e+00 2.800000e+00
   vertex -1.992247e+00 0.000000e+00 2.731479e+00
  endloop
 endfacet
 facet normal 0.000000e+00 -1.000000e+00 0.000000e+00
  outer loop
   vertex -2.424871e+00 -4.500000e+00 1.400000e+00
   vertex -2.224010e+00 -4.500000e+00 2.018187e+00
   vertex -2.424871e+00 -4.500000e+00 2.050000e+00
  endloop
 endfacet
 facet normal 1.543558e-01 1.624287e-01 -9.745723e-01
  outer loop
   vertex -2.424871e+00 0.000000e+00 2.800000e+00
   vertex -2.424871e+00 -4.500000e+00 2.050000e+00
   vertex -2.625732e+00 -4.500000e+00 2.018187e+00
  endloop
 endfacet
 facet normal 1.543573e-01 1.624286e-01 -9.745721e-01
  outer loop
   vertex -2.424871e+00 0.000000e+00 2.800000e+00
   vertex -2.625732e+00 -4.500000e+00 2.018187e+00
   vertex -2.857495e+00 0.000000e+00 2.731479e+00
  endloop
 endfacet
 facet normal 0.000000e+00 1.000000e+00 -0.000000e+00
  outer loop
   vertex -2.424871e+00 0.000000e+00 1.400000e+00
   vertex -2.857495e+00 0.000000e+00 2.731479e+00
   vertex -2.424871e+00 0.000000e+00 2.800000e+00
  endloop
 endfacet
 facet normal 0.000000e+00 -1.000000e+00 0.000000e+00
  outer loop
   vertex -2.424871e+00 -4.500000e+00 1.400000e+00
   vertex -2.424871e+00 -4.500000e+00 2.050000e+00
   vertex -2.625732e+00 -4.500000e+00 2.018187e+00
  endloop
 endfacet
 facet normal 4.479616e-01 1.624286e-01 -8.791742e-01
  outer loop
   vertex -2.857495e+00 0.000000e+00 2.731479e+00
   vertex -2.625732e+00 -4.500000e+00 2.018187e+00
   vertex -2.806932e+00 -4.500000e+00 1.925861e+00
  endloop
 endfacet
 facet normal 4.479616e-01 1.624286e-01 -8.791743e-01
  outer loop
   vertex -2.857495e+00 0.000000e+00 2.731479e+00
   vertex -2.806932e+00 -4.500000e+00 1.925861e+00
   vertex -3.247770e+00 0.000000e+00 2.532624e+00
  endloop
 endfacet
 facet normal 0.000000e+00 1.000000e+00 0.000000e+00
  outer loop
   vertex -2.424871e+00 0.000000e+00 1.400000e+00
   vertex -3.247770e+00 0.000000e+00 2.532624e+00
   vertex -2.857495e+00 0.000000e+00 2.731479e+00
  endloop
 endfacet
 facet normal 0.000000e+00 -1.000000e+00 0.000000e+00
  outer loop
   vertex -2.424871e+00 -4.500000e+00 1.400000e+00
   vertex -2.625732e+00 -4.500000e+00 2.018187e+00
   vertex -2.806932e+00 -4.500000e+00 1.925861e+00
  endloop
 endfacet
 facet normal 6.977191e-01 1.624285e-01 -6.977142e-01
  outer loop
   vertex -3.247770e+00 0.000000e+00 2.532624e+00
   vertex -2.806932e+00 -4.500000e+00 1.925861e+00
   vertex -2.950732e+00 -4.500000e+00 1.782060e+00
  endloop
 endfacet
 facet normal 6.977166e-01 1.624287e-01 -6.977166e-01
  outer loop
   vertex -3.247770e+00 0.000000e+00 2.532624e+00
   vertex -2.950732e+00 -4.500000e+00 1.782060e+00
   vertex -3.557495e+00 0.000000e+00 2.222899e+00
  endloop
 endfacet
 facet normal 0.000000e+00 1.000000e+00 0.000000e+00
  outer loop
   vertex -2.424871e+00 0.000000e+00 1.400000e+00
   vertex -3.557495e+00 0.000000e+00 2.222899e+00
   vertex -3.247770e+00 0.000000e+00 2.532624e+00
  endloop
 endfacet
 facet normal 0.000000e+00 -1.000000e+00 0.000000e+00
  outer loop
   vertex -2.424871e+00 -4.500000e+00 1.400000e+00
   vertex -2.806932e+00 -4.500000e+00 1.925861e+00
   vertex -2.950732e+00 -4.500000e+00 1.782060e+00
  endloop
 endfacet
 facet normal 8.791732e-01 1.624288e-01 -4.479635e-01
  outer loop
   vertex -3.557495e+00 0.000000e+00 2.222899e+00
   vertex -2.950732e+00 -4.500000e+00 1.782060e+00
   vertex -3.043058e+00 -4.500000e+00 1.600861e+00
  endloop
 endfacet
 facet normal 8.791743e-01 1.624286e-01 -4.479616e-01
  outer loop
   vertex -3.557495e+00 0.000000e+00 2.222899e+00
   vertex -3.043058e+00 -4.500000e+00 1.600861e+00
   vertex -3.756350e+00 0.000000e+00 1.832624e+00
  endloop
 endfacet
 facet normal 0.000000e+00 1.000000e+00 0.000000e+00
  outer loop
   vertex -2.424871e+00 0.000000e+00 1.400000e+00
   vertex -3.756350e+00 0.000000e+00 1.832624e+00
   vertex -3.557495e+00 0.000000e+00 2.222899e+00
  endloop
 endfacet
 facet normal 0.000000e+00 -1.000000e+00 0.000000e+00
  outer loop
   vertex -2.424871e+00 -4.500000e+00 1.400000e+00
   vertex -2.950732e+00 -4.500000e+00 1.782060e+00
   vertex -3.043058e+00 -4.500000e+00 1.600861e+00
  endloop
 endfacet
 facet normal 9.745723e-01 1.624286e-01 -1.543558e-01
  outer loop
   vertex -3.756350e+00 0.000000e+00 1.832624e+00
   vertex -3.043058e+00 -4.500000e+00 1.600861e+00
   vertex -3.074871e+00 -4.500000e+00 1.400000e+00
  endloop
 endfacet
 facet normal 9.745721e-01 1.624287e-01 -1.543573e-01
  outer loop
   vertex -3.756350e+00 0.000000e+00 1.832624e+00
   vertex -3.074871e+00 -4.500000e+00 1.400000e+00
   vertex -3.824871e+00 0.000000e+00 1.400000e+00
  endloop
 endfacet
 facet normal 0.000000e+00 1.000000e+00 0.000000e+00
  outer loop
   vertex -2.424871e+00 0.000000e+00 1.400000e+00
   vertex -3.824871e+00 0.000000e+00 1.400000e+00
   vertex -3.756350e+00 0.000000e+00 1.832624e+00
  endloop
 endfacet
 facet normal 0.000000e+00 -1.000000e+00 0.000000e+00
  outer loop
   vertex -2.424871e+00 -4.500000e+00 1.400000e+00
   vertex -3.043058e+00 -4.500000e+00 1.600861e+00
   vertex -3.074871e+00 -4.500000e+00 1.400000e+00
  endloop
 endfacet
 facet normal 9.745723e-01 1.624287e-01 1.543558e-01
  outer loop
   vertex -3.824871e+00 0.000000e+00 1.400000e+00
   vertex -3.074871e+00 -4.500000e+00 1.400000e+00
   vertex -3.043058e+00 -4.500000e+00 1.199139e+00
  endloop
 endfacet
 facet normal 9.745721e-01 1.624286e-01 1.543573e-01
  outer loop
   vertex -3.824871e+00 0.000000e+00 1.400000e+00
   vertex -3.043058e+00 -4.500000e+00 1.199139e+00
   vertex -3.756350e+00 0.000000e+00 9.673760e-01
  endloop
 endfacet
 facet normal 0.000000e+00 1.000000e+00 0.000000e+00
  outer loop
   vertex -2.424871e+00 0.000000e+00 1.400000e+00
   vertex -3.756350e+00 0.000000e+00 9.673760e-01
   vertex -3.824871e+00 0.000000e+00 1.400000e+00
  endloop
 endfacet
 facet normal -0.000000e+00 -1.000000e+00 0.000000e+00
  outer loop
   vertex -2.424871e+00 -4.500000e+00 1.400000e+00
   vertex -3.074871e+00 -4.500000e+00 1.400000e+00
   vertex -3.043058e+00 -4.500000e+00 1.199139e+00
  endloop
 endfacet
 facet normal 8.791732e-01 1.624286e-01 4.479636e-01
  outer loop
   vertex -3.756350e+00 0.000000e+00 9.673760e-01
   vertex -3.043058e+00 -4.500000e+00 1.199139e+00
   vertex -2.950732e+00 -4.500000e+00 1.017940e+00
  endloop
 endfacet
 facet normal 8.791742e-01 1.624287e-01 4.479616e-01
  outer loop
   vertex -3.756350e+00 0.000000e+00 9.673760e-01
   vertex -2.950732e+00 -4.500000e+00 1.017940e+00
   vertex -3.557495e+00 0.000000e+00 5.771010e-01
  endloop
 endfacet
 facet normal 0.000000e+00 1.000000e+00 0.000000e+00
  outer loop
   vertex -2.424871e+00 0.000000e+00 1.400000e+00
   vertex -3.557495e+00 0.000000e+00 5.771010e-01
   vertex -3.756350e+00 0.000000e+00 9.673760e-01
  endloop
 endfacet
 facet normal 0.000000e+00 -1.000000e+00 0.000000e+00
  outer loop
   vertex -2.424871e+00 -4.500000e+00 1.400000e+00
   vertex -3.043058e+00 -4.500000e+00 1.199139e+00
   vertex -2.950732e+00 -4.500000e+00 1.017940e+00
  endloop
 endfacet
 facet normal 6.977190e-01 1.624288e-01 6.977142e-01
  outer loop
   vertex -3.557495e+00 0.000000e+00 5.771010e-01
   vertex -2.950732e+00 -4.500000e+00 1.017940e+00
   vertex -2.806932e+00 -4.500000e+00 8.741390e-01
  endloop
 endfacet
 facet normal 6.977166e-01 1.624286e-01 6.977166e-01
  outer loop
   vertex -3.557495e+00 0.000000e+00 5.771010e-01
   vertex -2.806932e+00 -4.500000e+00 8.741390e-01
   vertex -3.247770e+00 0.000000e+00 2.673760e-01
  endloop
 endfacet
 facet normal 0.000000e+00 1.000000e+00 0.000000e+00
  outer loop
   vertex -2.424871e+00 0.000000e+00 1.400000e+00
   vertex -3.247770e+00 0.000000e+00 2.673760e-01
   vertex -3.557495e+00 0.000000e+00 5.771010e-01
  endloop
 endfacet
 facet normal 0.000000e+00 -1.000000e+00 0.000000e+00
  outer loop
   vertex -2.424871e+00 -4.500000e+00 1.400000e+00
   vertex -2.950732e+00 -4.500000e+00 1.017940e+00
   vertex -2.806932e+00 -4.500000e+00 8.741390e-01
  endloop
 endfacet
 facet normal 4.479616e-01 1.624286e-01 8.791742e-01
  outer loop
   vertex -3.247770e+00 0.000000e+00 2.673760e-01
   vertex -2.806932e+00 -4.500000e+00 8.741390e-01
   vertex -2.625732e+00 -4.500000e+00 7.818130e-01
  endloop
 endfacet
 facet normal 4.479616e-01 1.624286e-01 8.791743e-01
  outer loop
   vertex -3.247770e+00 0.000000e+00 2.673760e-01
   vertex -2.625732e+00 -4.500000e+00 7.818130e-01
   vertex -2.857495e+00 0.000000e+00 6.852100e-02
  endloop
 endfacet
 facet normal 0.000000e+00 1.000000e+00 0.000000e+00
  outer loop
   vertex -2.424871e+00 0.000000e+00 1.400000e+00
   vertex -2.857495e+00 0.000000e+00 6.852100e-02
   vertex -3.247770e+00 0.000000e+00 2.673760e-01
  endloop
 endfacet
 facet normal 0.000000e+00 -1.000000e+00 0.000000e+00
  outer loop
   vertex -2.424871e+00 -4.500000e+00 1.400000e+00
   vertex -2.806932e+00 -4.500000e+00 8.741390e-01
   vertex -2.625732e+00 -4.500000e+00 7.818130e-01
  endloop
 endfacet
 facet normal 1.543558e-01 1.624286e-01 9.745723e-01
  outer loop
   vertex -2.857495e+00 0.000000e+00 6.852100e-02
   vertex -2.625732e+00 -4.500000e+00 7.818130e-01
   vertex -2.424871e+00 -4.500000e+00 7.500000e-01
  endloop
 endfacet
 facet normal 1.543573e-01 1.624287e-01 9.745721e-01
  outer loop
   vertex -2.857495e+00 0.000000e+00 6.852100e-02
   vertex -2.424871e+00 -4.500000e+00 7.500000e-01
   vertex -2.424871e+00 0.000000e+00 -0.000000e+00
  endloop
 endfacet
 facet normal 0.000000e+00 1.000000e+00 0.000000e+00
  outer loop
   vertex -2.424871e+00 0.000000e+00 1.400000e+00
   vertex -2.424871e+00 0.000000e+00 -0.000000e+00
   vertex -2.857495e+00 0.000000e+00 6.852100e-02
  endloop
 endfacet
 facet normal 0.000000e+00 -1.000000e+00 -0.000000e+00
  outer loop
   vertex -2.424871e+00 -4.500000e+00 1.400000e+00
   vertex -2.625732e+00 -4.500000e+00 7.818130e-01
   vertex -2.424871e+00 -4.500000e+00 7.500000e-01
  endloop
 endfacet
 facet normal -1.543558e-01 1.624287e-01 9.745723e-01
  outer loop
   vertex -2.424871e+00 0.000000e+00 -0.000000e+00
   vertex -2.424871e+00 -4.500000e+00 7.500000e-01
   vertex -2.224010e+00 -4.500000e+00 7.818130e-01
  endloop
 endfacet
 facet normal -1.543573e-01 1.624286e-01 9.745721e-01
  outer loop
   vertex -2.424871e+00 0.000000e+00 -0.000000e+00
   vertex -2.224010e+00 -4.500000e+00 7.818130e-01
   vertex -1.992247e+00 0.000000e+00 6.852100e-02
  endloop
 endfacet
 facet normal 0.000000e+00 1.000000e+00 0.000000e+00
  outer loop
   vertex -2.424871e+00 0.000000e+00 1.400000e+00
   vertex -1.992247e+00 0.000000e+00 6.852100e-02
   vertex -2.424871e+00 0.000000e+00 -0.000000e+00
  endloop
 endfacet
 facet normal 0.000000e+00 -1.000000e+00 0.000000e+00
  outer loop
   vertex -2.424871e+00 -4.500000e+00 1.400000e+00
   vertex -2.424871e+00 -4.500000e+00 7.500000e-01
   vertex -2.224010e+00 -4.500000e+00 7.818130e-01
  endloop
 endfacet
 facet normal -4.479636e-01 1.624286e-01 8.791732e-01
  outer loop
   vertex -1.992247e+00 0.000000e+00 6.852100e-02
   vertex -2.224010e+00 -4.500000e+00 7.818130e-01
   vertex -2.042811e+00 -4.500000e+00 8.741390e-01
  endloop
 endfacet
 facet normal -4.479616e-01 1.624287e-01 8.791742e-01
  outer loop
   vertex -1.992247e+00 0.000000e+00 6.852100e-02
   vertex -2.042811e+00 -4.500000e+00 8.741390e-01
   vertex -1.601972e+00 0.000000e+00 2.673760e-01
  endloop
 endfacet
 facet normal 0.000000e+00 1.000000e+00 0.000000e+00
  outer loop
   vertex -2.424871e+00 0.000000e+00 1.400000e+00
   vertex -1.601972e+00 0.000000e+00 2.673760e-01
   vertex -1.992247e+00 0.000000e+00 6.852100e-02
  endloop
 endfacet
 facet normal 0.000000e+00 -1.000000e+00 0.000000e+00
  outer loop
   vertex -2.424871e+00 -4.500000e+00 1.400000e+00
   vertex -2.224010e+00 -4.500000e+00 7.818130e-01
   vertex -2.042811e+00 -4.500000e+00 8.741390e-01
  endloop
 endfacet
 facet normal -6.977166e-01 1.624287e-01 6.977166e-01
  outer loop
   vertex -1.601972e+00 0.000000e+00 2.673760e-01
   vertex -2.042811e+00 -4.500000e+00 8.741390e-01
   vertex -1.899010e+00 -4.500000e+00 1.017940e+00
  endloop
 endfacet
 facet normal -6.977166e-01 1.624287e-01 6.977166e-01
  outer loop
   vertex -1.601972e+00 0.000000e+00 2.673760e-01
   vertex -1.899010e+00 -4.500000e+00 1.017940e+00
   vertex -1.292247e+00 0.000000e+00 5.771010e-01
  endloop
 endfacet
 facet normal 0.000000e+00 1.000000e+00 0.000000e+00
  outer loop
   vertex -2.424871e+00 0.000000e+00 1.400000e+00
   vertex -1.292247e+00 0.000000e+00 5.771010e-01
   vertex -1.601972e+00 0.000000e+00 2.673760e-01
  endloop
 endfacet
 facet normal 0.000000e+00 -1.000000e+00 0.000000e+00
  outer loop
   vertex -2.424871e+00 -4.500000e+00 1.400000e+00
   vertex -2.042811e+00 -4.500000e+00 8.741390e-01
   vertex -1.899010e+00 -4.500000e+00 1.017940e+00
  endloop
 endfacet
 facet normal -8.791732e-01 1.624288e-01 4.479635e-01
  outer loop
   vertex -1.292247e+00 0.000000e+00 5.771010e-01
   vertex -1.899010e+00 -4.500000e+00 1.017940e+00
   vertex -1.806684e+00 -4.500000e+00 1.199139e+00
  endloop
 endfacet
 facet normal -8.791743e-01 1.624286e-01 4.479616e-01
  outer loop
   vertex -1.292247e+00 0.000000e+00 5.771010e-01
   vertex -1.806684e+00 -4.500000e+00 1.199139e+00
   vertex -1.093392e+00 0.000000e+00 9.673760e-01
  endloop
 endfacet
 facet normal 0.000000e+00 1.000000e+00 0.000000e+00
  outer loop
   vertex -2.424871e+00 0.000000e+00 1.400000e+00
   vertex -1.093392e+00 0.000000e+00 9.673760e-01
   vertex -1.292247e+00 0.000000e+00 5.771010e-01
  endloop
 endfacet
 facet normal 0.000000e+00 -1.000000e+00 0.000000e+00
  outer loop
   vertex -2.424871e+00 -4.500000e+00 1.400000e+00
   vertex -1.899010e+00 -4.500000e+00 1.017940e+00
   vertex -1.806684e+00 -4.500000e+00 1.199139e+00
  endloop
 endfacet
 facet normal -9.745723e-01 1.624286e-01 1.543558e-01
  outer loop
   vertex -1.093392e+00 0.000000e+00 9.673760e-01
   vertex -1.806684e+00 -4.500000e+00 1.199139e+00
   vertex -1.774871e+00 -4.500000e+00 1.400000e+00
  endloop
 endfacet
 facet normal -9.745721e-01 1.624287e-01 1.543573e-01
  outer loop
   vertex -1.093392e+00 0.000000e+00 9.673760e-01
   vertex -1.774871e+00 -4.500000e+00 1.400000e+00
   vertex -1.024871e+00 0.000000e+00 1.400000e+00
  endloop
 endfacet
 facet normal -0.000000e+00 1.000000e+00 0.000000e+00
  outer loop
   vertex -2.424871e+00 0.000000e+00 1.400000e+00
   vertex -1.024871e+00 0.000000e+00 1.400000e+00
   vertex -1.093392e+00 0.000000e+00 9.673760e-01
  endloop
 endfacet
 facet normal 0.000000e+00 -1.000000e+00 0.000000e+00
  outer loop
   vertex -2.424871e+00 -4.500000e+00 1.400000e+00
   vertex -1.806684e+00 -4.500000e+00 1.199139e+00
   vertex -1.774871e+00 -4.500000e+00 1.400000e+00
  endloop
 endfacet
 facet normal -9.745723e-01 1.624287e-01 -1.543558e-01
  outer loop
   vertex 1.400000e+00 0.000000e+00 -2.800000e+00
   vertex 6.500000e-01 -4.500000e+00 -2.800000e+00
   vertex 6.181870e-01 -4.500000e+00 -2.599139e+00
  endloop
 endfacet
 facet normal -9.745721e-01 1.624286e-01 -1.543573e-01
  outer loop
   vertex 1.400000e+00 0.000000e+00 -2.800000e+00
   vertex 6.181870e-01 -4.500000e+00 -2.599139e+00
   vertex 1.331479e+00 0.000000e+00 -2.367376e+00
  endloop
 endfacet
 facet normal 0.000000e+00 1.000000e+00 0.000000e+00
  outer loop
   vertex -0.000000e+00 0.000000e+00 -2.800000e+00
   vertex 1.331479e+00 0.000000e+00 -2.367376e+00
   vertex 1.400000e+00 0.000000e+00 -2.800000e+00
  endloop
 endfacet
 facet normal 0.000000e+00 -1.000000e+00 0.000000e+00
  outer loop
   vertex -0.000000e+00 -4.500000e+00 -2.800000e+00
   vertex 6.500000e-01 -4.500000e+00 -2.800000e+00
   vertex 6.181870e-01 -4.500000e+00 -2.599139e+00
  endloop
 endfacet
 facet normal -8.791732e-01 1.624286e-01 -4.479636e-01
  outer loop
   vertex 1.331479e+00 0.000000e+00 -2.367376e+00
   vertex 6.181870e-01 -4.500000e+00 -2.599139e+00
   vertex 5.258610e-01 -4.500000e+00 -2.417940e+00
  endloop
 endfacet
 facet normal -8.791742e-01 1.624287e-01 -4.479616e-01
  outer loop
   vertex 1.331479e+00 0.000000e+00 -2.367376e+00
   vertex 5.258610e-01 -4.500000e+00 -2.417940e+00
   vertex 1.132624e+00 0.000000e+00 -1.977101e+00
  endloop
 endfacet
 facet normal 0.000000e+00 1.000000e+00 0.000000e+00
  outer loop
   vertex -0.000000e+00 0.000000e+00 -2.800000e+00
   vertex 1.132624e+00 0.000000e+00 -1.977101e+00
   vertex 1.331479e+00 0.000000e+00 -2.367376e+00
  endloop
 endfacet
 facet normal 0.000000e+00 -1.000000e+00 0.000000e+00
  outer loop
   vertex -0.000000e+00 -4.500000e+00 -2.800000e+00
   vertex 6.181870e-01 -4.500000e+00 -2.599139e+00
   vertex 5.258610e-01 -4.500000e+00 -2.417940e+00
  endloop
 endfacet
 facet normal -6.977166e-01 1.624287e-01 -6.977166e-01
  outer loop
   vertex 1.132624e+00 0.000000e+00 -1.977101e+00
   vertex 5.258610e-01 -4.500000e+00 -2.417940e+00
   vertex 3.820600e-01 -4.500000e+00 -2.274139e+00
  endloop
 endfacet
 facet normal -6.977166e-01 1.624287e-01 -6.977166e-01
  outer loop
   vertex 1.132624e+00 0.000000e+00 -1.977101e+00
   vertex 3.820600e-01 -4.500000e+00 -2.274139e+00
   vertex 8.228990e-01 0.000000e+00 -1.667376e+00
  endloop
 endfacet
 facet normal 0.000000e+00 1.000000e+00 0.000000e+00
  outer loop
   vertex -0.000000e+00 0.000000e+00 -2.800000e+00
   vertex 8.228990e-01 0.000000e+00 -1.667376e+00
   vertex 1.132624e+00 0.000000e+00 -1.977101e+00
  endloop
 endfacet
 facet normal 0.000000e+00 -1.000000e+00 0.000000e+00
  outer loop
   vertex -0.000000e+00 -4.500000e+00 -2.800000e+00
   vertex 5.258610e-01 -4.500000e+00 -2.417940e+00
   vertex 3.820600e-01 -4.500000e+00 -2.274139e+00
  endloop
 endfacet
 facet normal -4.479635e-01 1.624288e-01 -8.791732e-01
  outer loop
   vertex 8.228990e-01 0.000000e+00 -1.667376e+00
   vertex 3.820600e-01 -4.500000e+00 -2.274139e+00
   vertex 2.008610e-01 -4.500000e+00 -2.181813e+00
  endloop
 endfacet
 facet normal -4.479616e-01 1.624286e-01 -8.791743e-01
  outer loop
   vertex 8.228990e-01 0.000000e+00 -1.667376e+00
   vertex 2.008610e-01 -4.500000e+00 -2.181813e+00
   vertex 4.326240e-01 0.000000e+00 -1.468521e+00
  endloop
 endfacet
 facet normal 0.000000e+00 1.000000e+00 0.000000e+00
  outer loop
   vertex -0.000000e+00 0.000000e+00 -2.800000e+00
   vertex 4.326240e-01 0.000000e+00 -1.468521e+00
   vertex 8.228990e-01 0.000000e+00 -1.667376e+00
  endloop
 endfacet
 facet normal 0.000000e+00 -1.000000e+00 0.000000e+00
  outer loop
   vertex -0.000000e+00 -4.500000e+00 -2.800000e+00
   vertex 3.820600e-01 -4.500000e+00 -2.274139e+00
   vertex 2.008610e-01 -4.500000e+00 -2.181813e+00
  endloop
 endfacet
 facet normal -1.543558e-01 1.624286e-01 -9.745723e-01
  outer loop
   vertex 4.326240e-01 0.000000e+00 -1.468521e+00
   vertex 2.008610e-01 -4.500000e+00 -2.181813e+00
   vertex -0.000000e+00 -4.500000e+00 -2.150000e+00
  endloop
 endfacet
 facet normal -1.543573e-01 1.624287e-01 -9.745721e-01
  outer loop
   vertex 4.326240e-01 0.000000e+00 -1.468521e+00
   vertex -0.000000e+00 -4.500000e+00 -2.150000e+00
   vertex -0.000000e+00 0.000000e+00 -1.400000e+00
  endloop
 endfacet
 facet normal 0.000000e+00 1.000000e+00 0.000000e+00
  outer loop
   vertex -0.000000e+00 0.000000e+00 -2.800000e+00
   vertex -0.000000e+00 0.000000e+00 -1.400000e+00
   vertex 4.326240e-01 0.000000e+00 -1.468521e+00
  endloop
 endfacet
 facet normal 0.000000e+00 -1.000000e+00 0.000000e+00
  outer loop
   vertex -0.000000e+00 -4.500000e+00 -2.800000e+00
   vertex 2.008610e-01 -4.500000e+00 -2.181813e+00
   vertex -0.000000e+00 -4.500000e+00 -2.150000e+00
  endloop
 endfacet
 facet normal 1.543558e-01 1.624287e-01 -9.745723e-01
  outer loop
   vertex -0.000000e+00 0.000000e+00 -1.400000e+00
   vertex -0.000000e+00 -4.500000e+00 -2.150000e+00
   vertex -2.008610e-01 -4.500000e+00 -2.181813e+00
  endloop
 endfacet
 facet normal 1.543573e-01 1.624286e-01 -9.745721e-01
  outer loop
   vertex -0.000000e+00 0.000000e+00 -1.400000e+00
   vertex -2.008610e-01 -4.500000e+00 -2.181813e+00
   vertex -4.326240e-01 0.000000e+00 -1.468521e+00
  endloop
 endfacet
 facet normal 0.000000e+00 1.000000e+00 -0.000000e+00
  outer loop
   vertex -0.000000e+00 0.000000e+00 -2.800000e+00
   vertex -4.326240e-01 0.000000e+00 -1.468521e+00
   vertex -0.000000e+00 0.000000e+00 -1.400000e+00
  endloop
 endfacet
 facet normal 0.000000e+00 -1.000000e+00 0.000000e+00
  outer loop
   vertex -0.000000e+00 -4.500000e+00 -2.800000e+00
   vertex -0.000000e+00 -4.500000e+00 -2.150000e+00
   vertex -2.008610e-01 -4.500000e+00 -2.181813e+00
  endloop
 endfacet
 facet normal 4.479636e-01 1.624286e-01 -8.791732e-01
  outer loop
   vertex -4.326240e-01 0.000000e+00 -1.468521e+00
   vertex -2.008610e-01 -4.500000e+00 -2.181813e+00
   vertex -3.820600e-01 -4.500000e+00 -2.274139e+00
  endloop
 endfacet
 facet normal 4.479616e-01 1.624287e-01 -8.791742e-01
  outer loop
   vertex -4.326240e-01 0.000000e+00 -1.468521e+00
   vertex -3.820600e-01 -4.500000e+00 -2.274139e+00
   vertex -8.228990e-01 0.000000e+00 -1.667376e+00
  endloop
 endfacet
 facet normal 0.000000e+00 1.000000e+00 0.000000e+00
  outer loop
   vertex -0.000000e+00 0.000000e+00 -2.800000e+00
   vertex -8.228990e-01 0.000000e+00 -1.667376e+00
   vertex -4.326240e-01 0.000000e+00 -1.468521e+00
  endloop
 endfacet
 facet normal 0.000000e+00 -1.000000e+00 0.000000e+00
  outer loop
   vertex -0.000000e+00 -4.500000e+00 -2.800000e+00
   vertex -2.008610e-01 -4.500000e+00 -2.181813e+00
   vertex -3.820600e-01 -4.500000e+00 -2.274139e+00
  endloop
 endfacet
 facet normal 6.977166e-01 1.624287e-01 -6.977166e-01
  outer loop
   vertex -8.228990e-01 0.000000e+00 -1.667376e+00
   vertex -3.820600e-01 -4.500000e+00 -2.274139e+00
   vertex -5.258610e-01 -4.500000e+00 -2.417940e+00
  endloop
 endfacet
 facet normal 6.977166e-01 1.624287e-01 -6.977166e-01
  outer loop
   vertex -8.228990e-01 0.000000e+00 -1.667376e+00
   vertex -5.258610e-01 -4.500000e+00 -2.417940e+00
   vertex -1.132624e+00 0.000000e+00 -1.977101e+00
  endloop
 endfacet
 facet normal 0.000000e+00 1.000000e+00 0.000000e+00
  outer loop
   vertex -0.000000e+00 0.000000e+00 -2.800000e+00
   vertex -1.132624e+00 0.000000e+00 -1.977101e+00
   vertex -8.228990e-01 0.000000e+00 -1.667376e+00
  endloop
 endfacet
 facet normal 0.000000e+00 -1.000000e+00 0.000000e+00
  outer loop
   vertex -0.000000e+00 -4.500000e+00 -2.800000e+00
   vertex -3.820600e-01 -4.500000e+00 -2.274139e+00
   vertex -5.258610e-01 -4.500000e+00 -2.417940e+00
  endloop
 endfacet
 facet normal 8.791732e-01 1.624288e-01 -4.479635e-01
  outer loop
   vertex -1.132624e+00 0.000000e+00 -1.977101e+00
   vertex -5.258610e-01 -4.500000e+00 -2.417940e+00
   vertex -6.181870e-01 -4.500000e+00 -2.599139e+00
  endloop
 endfacet
 facet normal 8.791743e-01 1.624286e-01 -4.479616e-01
  outer loop
   vertex -1.132624e+00 0.000000e+00 -1.977101e+00
   vertex -6.181870e-01 -4.500000e+00 -2.599139e+00
   vertex -1.331479e+00 0.000000e+00 -2.367376e+00
  endloop
 endfacet
 facet normal 0.000000e+00 1.000000e+00 0.000000e+00
  outer loop
   vertex -0.000000e+00 0.000000e+00 -2.800000e+00
   vertex -1.331479e+00 0.000000e+00 -2.367376e+00
   vertex -1.132624e+00 0.000000e+00 -1.977101e+00
  endloop
 endfacet
 facet normal 0.000000e+00 -1.000000e+00 0.000000e+00
  outer loop
   vertex -0.000000e+00 -4.500000e+00 -2.800000e+00
   vertex -5.258610e-01 -4.500000e+00 -2.417940e+00
   vertex -6.181870e-01 -4.500000e+00 -2.599139e+00
  endloop
 endfacet
 facet normal 9.745723e-01 1.624286e-01 -1.543558e-01
  outer loop
   vertex -1.331479e+00 0.000000e+00 -2.367376e+00
   vertex -6.181870e-01 -4.500000e+00 -2.599139e+00
   vertex -6.500000e-01 -4.500000e+00 -2.800000e+00
  endloop
 endfacet
 facet normal 9.745721e-01 1.624287e-01 -1.543573e-01
  outer loop
   vertex -1.331479e+00 0.000000e+00 -2.367376e+00
   vertex -6.500000e-01 -4.500000e+00 -2.800000e+00
   vertex -1.400000e+00 0.000000e+00 -2.800000e+00
  endloop
 endfacet
 facet normal 0.000000e+00 1.000000e+00 0.000000e+00
  outer loop
   vertex -0.000000e+00 0.000000e+00 -2.800000e+00
   vertex -1.400000e+00 0.000000e+00 -2.800000e+00
   vertex -1.331479e+00 0.000000e+00 -2.367376e+00
  endloop
 endfacet
 facet normal 0.000000e+00 -1.000000e+00 0.000000e+00
  outer loop
   vertex -0.000000e+00 -4.500000e+00 -2.800000e+00
   vertex -6.181870e-01 -4.500000e+00 -2.599139e+00
   vertex -6.500000e-01 -4.500000e+00 -2.800000e+00
  endloop
 endfacet
 facet normal 9.745723e-01 1.624287e-01 1.543558e-01
  outer loop
   vertex -1.400000e+00 0.000000e+00 -2.800000e+00
   vertex -6.500000e-01 -4.500000e+00 -2.800000e+00
   vertex -6.181870e-01 -4.500000e+00 -3.000861e+00
  endloop
 endfacet
 facet normal 9.745721e-01 1.624286e-01 1.543573e-01
  outer loop
   vertex -1.400000e+00 0.000000e+00 -2.800000e+00
   vertex -6.181870e-01 -4.500000e+00 -3.000861e+00
   vertex -1.331479e+00 0.000000e+00 -3.232624e+00
  endloop
 endfacet
 facet normal 0.000000e+00 1.000000e+00 0.000000e+00
  outer loop
   vertex -0.000000e+00 0.000000e+00 -2.800000e+00
   vertex -1.331479e+00 0.000000e+00 -3.232624e+00
   vertex -1.400000e+00 0.000000e+00 -2.800000e+00
  endloop
 endfacet
 facet normal -0.000000e+00 -1.000000e+00 0.000000e+00
  outer loop
   vertex -0.000000e+00 -4.500000e+00 -2.800000e+00
   vertex -6.500000e-01 -4.500000e+00 -2.800000e+00
   vertex -6.181870e-01 -4.500000e+00 -3.000861e+00
  endloop
 endfacet
 facet normal 8.791732e-01 1.624286e-01 4.479636e-01
  outer loop
   vertex -1.331479e+00 0.000000e+00 -3.232624e+00
   vertex -6.181870e-01 -4.500000e+00 -3.000861e+00
   vertex -5.258610e-01 -4.500000e+00 -3.182060e+00
  endloop
 endfacet
 facet normal 8.791742e-01 1.624287e-01 4.479616e-01
  outer loop
   vertex -1.331479e+00 0.000000e+00 -3.232624e+00
   vertex -5.258610e-01 -4.500000e+00 -3.182060e+00
   vertex -1.132624e+00 0.000000e+00 -3.622899e+00
  endloop
 endfacet
 facet normal 0.000000e+00 1.000000e+00 0.000000e+00
  outer loop
   vertex -0.000000e+00 0.000000e+00 -2.800000e+00
   vertex -1.132624e+00 0.000000e+00 -3.622899e+00
   vertex -1.331479e+00 0.000000e+00 -3.232624e+00
  endloop
 endfacet
 facet normal 0.000000e+00 -1.000000e+00 0.000000e+00
  outer loop
   vertex -0.000000e+00 -4.500000e+00 -2.800000e+00
   vertex -6.181870e-01 -4.500000e+00 -3.000861e+00
   vertex -5.258610e-01 -4.500000e+00 -3.182060e+00
  endloop
 endfacet
 facet normal 6.977166e-01 1.624287e-01 6.977166e-01
  outer loop
   vertex -1.132624e+00 0.000000e+00 -3.622899e+00
   vertex -5.258610e-01 -4.500000e+00 -3.182060e+00
   vertex -3.820600e-01 -4.500000e+00 -3.325861e+00
  endloop
 endfacet
 facet normal 6.977166e-01 1.624287e-01 6.977166e-01
  outer loop
   vertex -1.132624e+00 0.000000e+00 -3.622899e+00
   vertex -3.820600e-01 -4.500000e+00 -3.325861e+00
   vertex -8.228990e-01 0.000000e+00 -3.932624e+00
  endloop
 endfacet
 facet normal 0.000000e+00 1.000000e+00 0.000000e+00
  outer loop
   vertex -0.000000e+00 0.000000e+00 -2.800000e+00
   vertex -8.228990e-01 0.000000e+00 -3.932624e+00
   vertex -1.132624e+00 0.000000e+00 -3.622899e+00
  endloop
 endfacet
 facet normal 0.000000e+00 -1.000000e+00 0.000000e+00
  outer loop
   vertex -0.000000e+00 -4.500000e+00 -2.800000e+00
   vertex -5.258610e-01 -4.500000e+00 -3.182060e+00
   vertex -3.820600e-01 -4.500000e+00 -3.325861e+00
  endloop
 endfacet
 facet normal 4.479635e-01 1.624288e-01 8.791732e-01
  outer loop
   vertex -8.228990e-01 0.000000e+00 -3.932624e+00
   vertex -3.820600e-01 -4.500000e+00 -3.325861e+00
   vertex -2.008610e-01 -4.500000e+00 -3.418187e+00
  endloop
 endfacet
 facet normal 4.479616e-01 1.624286e-01 8.791743e-01
  outer loop
   vertex -8.228990e-01 0.000000e+00 -3.932624e+00
   vertex -2.008610e-01 -4.500000e+00 -3.418187e+00
   vertex -4.326240e-01 0.000000e+00 -4.131479e+00
  endloop
 endfacet
 facet normal 0.000000e+00 1.000000e+00 0.000000e+00
  outer loop
   vertex -0.000000e+00 0.000000e+00 -2.800000e+00
   vertex -4.326240e-01 0.000000e+00 -4.131479e+00
   vertex -8.228990e-01 0.000000e+00 -3.932624e+00
  endloop
 endfacet
 facet normal 0.000000e+00 -1.000000e+00 0.000000e+00
  outer loop
   vertex -0.000000e+00 -4.500000e+00 -2.800000e+00
   vertex -3.820600e-01 -4.500000e+00 -3.325861e+00
   vertex -2.008610e-01 -4.500000e+00 -3.418187e+00
  endloop
 endfacet
 facet normal 1.543558e-01 1.624286e-01 9.745723e-01
  outer loop
   vertex -4.326240e-01 0.000000e+00 -4.131479e+00
   vertex -2.008610e-01 -4.500000e+00 -3.418187e+00
   vertex -0.000000e+00 -4.500000e+00 -3.450000e+00
  endloop
 endfacet
 facet normal 1.543573e-01 1.624287e-01 9.745721e-01
  outer loop
   vertex -4.326240e-01 0.000000e+00 -4.131479e+00
   vertex -0.000000e+00 -4.500000e+00 -3.450000e+00
   vertex -0.000000e+00 0.000000e+00 -4.200000e+00
  endloop
 endfacet
 facet normal 0.000000e+00 1.000000e+00 0.000000e+00
  outer loop
   vertex -0.000000e+00 0.000000e+00 -2.800000e+00
   vertex -0.000000e+00 0.000000e+00 -4.200000e+00
   vertex -4.326240e-01 0.000000e+00 -4.131479e+00
  endloop
 endfacet
 facet normal 0.000000e+00 -1.000000e+00 -0.000000e+00
  outer loop
   vertex -0.000000e+00 -4.500000e+00 -2.800000e+00
   vertex -2.008610e-01 -4.500000e+00 -3.418187e+00
   vertex -0.000000e+00 -4.500000e+00 -3.450000e+00
  endloop
 endfacet
 facet normal -1.543558e-01 1.624287e-01 9.745723e-01
  outer loop
   vertex -0.000000e+00 0.000000e+00 -4.200000e+00
   vertex -0.000000e+00 -4.500000e+00 -3.450000e+00
   vertex 2.008610e-01 -4.500000e+00 -3.418187e+00
  endloop
 endfacet
 facet normal -1.543573e-01 1.624286e-01 9.745721e-01
  outer loop
   vertex -0.000000e+00 0.000000e+00 -4.200000e+00
   vertex 2.008610e-01 -4.500000e+00 -3.418187e+00
   vertex 4.326240e-01 0.000000e+00 -4.131479e+00
  endloop
 endfacet
 facet normal 0.000000e+00 1.000000e+00 0.000000e+00
  outer loop
   vertex -0.000000e+00 0.000000e+00 -2.800000e+00
   vertex 4.326240e-01 0.000000e+00 -4.131479e+00
   vertex -0.000000e+00 0.000000e+00 -4.200000e+00
  endloop
 endfacet
 facet normal 0.000000e+00 -1.000000e+00 0.000000e+00
  outer loop
   vertex -0.000000e+00 -4.500000e+00 -2.800000e+00
   vertex -0.000000e+00 -4.500000e+00 -3.450000e+00
   vertex 2.008610e-01 -4.500000e+00 -3.418187e+00
  endloop
 endfacet
 facet normal -4.479636e-01 1.624286e-01 8.791732e-01
  outer loop
   vertex 4.326240e-01 0.000000e+00 -4.131479e+00
   vertex 2.008610e-01 -4.500000e+00 -3.418187e+00
   vertex 3.820600e-01 -4.500000e+00 -3.325861e+00
  endloop
 endfacet
 facet normal -4.479616e-01 1.624287e-01 8.791742e-01
  outer loop
   vertex 4.326240e-01 0.000000e+00 -4.131479e+00
   vertex 3.820600e-01 -4.500000e+00 -3.325861e+00
   vertex 8.228990e-01 0.000000e+00 -3.932624e+00
  endloop
 endfacet
 facet normal 0.000000e+00 1.000000e+00 0.000000e+00
  outer loop
   vertex -0.000000e+00 0.000000e+00 -2.800000e+00
   vertex 8.228990e-01 0.000000e+00 -3.932624e+00
   vertex 4.326240e-01 0.000000e+00 -4.131479e+00
  endloop
 endfacet
 facet normal 0.000000e+00 -1.000000e+00 0.000000e+00
  outer loop
   vertex -0.000000e+00 -4.500000e+00 -2.800000e+00
   vertex 2.008610e-01 -4.500000e+00 -3.418187e+00
   vertex 3.820600e-01 -4.500000e+00 -3.325861e+00
  endloop
 endfacet
 facet normal -6.977166e-01 1.624287e-01 6.977166e-01
  outer loop
   vertex 8.228990e-01 0.000000e+00 -3.932624e+00
   vertex 3.820600e-01 -4.500000e+00 -3.325861e+00
   vertex 5.258610e-01 -4.500000e+00 -3.182060e+00
  endloop
 endfacet
 facet normal -6.977166e-01 1.624287e-01 6.977166e-01
  outer loop
   vertex 8.228990e-01 0.000000e+00 -3.932624e+00
   vertex 5.258610e-01 -4.500000e+00 -3.182060e+00
   vertex 1.132624e+00 0.000000e+00 -3.622899e+00
  endloop
 endfacet
 facet normal 0.000000e+00 1.000000e+00 0.000000e+00
  outer loop
   vertex -0.000000e+00 0.000000e+00 -2.800000e+00
   vertex 1.132624e+00 0.000000e+00 -3.622899e+00
   vertex 8.228990e-01 0.000000e+00 -3.932624e+00
  endloop
 endfacet
 facet normal 0.000000e+00 -1.000000e+00 0.000000e+00
  outer loop
   vertex -0.000000e+00 -4.500000e+00 -2.800000e+00
   vertex 3.820600e-01 -4.500000e+00 -3.325861e+00
   vertex 5.258610e-01 -4.500000e+00 -3.182060e+00
  endloop
 endfacet
 facet normal -8.791732e-01 1.624288e-01 4.479635e-01
  outer loop
   vertex 1.132624e+00 0.000000e+00 -3.622899e+00
   vertex 5.258610e-01 -4.500000e+00 -3.182060e+00
   vertex 6.181870e-01 -4.500000e+00 -3.000861e+00
  endloop
 endfacet
 facet normal -8.791743e-01 1.624286e-01 4.479616e-01
  outer loop
   vertex 1.132624e+00 0.000000e+00 -3.622899e+00
   vertex 6.181870e-01 -4.500000e+00 -3.000861e+00
   vertex 1.331479e+00 0.000000e+00 -3.232624e+00
  endloop
 endfacet
 facet normal 0.000000e+00 1.000000e+00 0.000000e+00
  outer loop
   vertex -0.000000e+00 0.000000e+00 -2.800000e+00
   vertex 1.331479e+00 0.000000e+00 -3.232624e+00
   vertex 1.132624e+00 0.000000e+00 -3.622899e+00
  endloop
 endfacet
 facet normal 0.000000e+00 -1.000000e+00 0.000000e+00
  outer loop
   vertex -0.000000e+00 -4.500000e+00 -2.800000e+00
   vertex 5.258610e-01 -4.500000e+00 -3.182060e+00
   vertex 6.181870e-01 -4.500000e+00 -3.000861e+00
  endloop
 endfacet
 facet normal -9.745723e-01 1.624286e-01 1.543558e-01
  outer loop
   vertex 1.331479e+00 0.000000e+00 -3.232624e+00
   vertex 6.181870e-01 -4.500000e+00 -3.000861e+00
   vertex 6.500000e-01 -4.500000e+00 -2.800000e+00
  endloop
 endfacet
 facet normal -9.745721e-01 1.624287e-01 1.543573e-01
  outer loop
   vertex 1.331479e+00 0.000000e+00 -3.232624e+00
   vertex 6.500000e-01 -4.500000e+00 -2.800000e+00
   vertex 1.400000e+00 0.000000e+00 -2.800000e+00
  endloop
 endfacet
 facet normal -0.000000e+00 1.000000e+00 0.000000e+00
  outer loop
   vertex -0.000000e+00 0.000000e+00 -2.800000e+00
   vertex 1.400000e+00 0.000000e+00 -2.800000e+00
   vertex 1.331479e+00 0.000000e+00 -3.232624e+00
  endloop
 endfacet
 facet normal 0.000000e+00 -1.000000e+00 0.000000e+00
  outer loop
   vertex -0.000000e+00 -4.500000e+00 -2.800000e+00
   vertex 6.181870e-01 -4.500000e+00 -3.000861e+00
   vertex 6.500000e-01 -4.500000e+00 -2.800000e+00
  endloop
 endfacet
 facet normal -9.607405e-01 -2.702083e-01 -6.297026e-02
  outer loop
   vertex 4.500000e+00 3.600000e+01 0.000000e+00
   vertex 4.461502e+00 3.600000e+01 5.873679e-01
   vertex 0.000000e+00 5.200000e+01 0.000000e+00
  endloop
 endfacet
 facet normal -9.443019e-01 -2.702083e-01 -1.878333e-01
  outer loop
   vertex 4.461502e+00 3.600000e+01 5.873679e-01
   vertex 4.346666e+00 3.600000e+01 1.164686e+00
   vertex 0.000000e+00 5.200000e+01 0.000000e+00
  endloop
 endfacet
 facet normal -9.117061e-01 -2.702083e-01 -3.094825e-01
  outer loop
   vertex 4.346666e+00 3.600000e+01 1.164686e+00
   vertex 4.157458e+00 3.600000e+01 1.722075e+00
   vertex 0.000000e+00 5.200000e+01 0.000000e+00
  endloop
 endfacet
 facet normal -8.635108e-01 -2.702083e-01 -4.258364e-01
  outer loop
   vertex 4.157458e+00 3.600000e+01 1.722075e+00
   vertex 3.897114e+00 3.600000e+01 2.250000e+00
   vertex 0.000000e+00 5.200000e+01 0.000000e+00
  endloop
 endfacet
 facet normal -8.005405e-01 -2.702083e-01 -5.349041e-01
  outer loop
   vertex 3.897114e+00 3.600000e+01 2.250000e+00
   vertex 3.570090e+00 3.600000e+01 2.739426e+00
   vertex 0.000000e+00 5.200000e+01 0.000000e+00
  endloop
 endfacet
 facet normal -7.238728e-01 -2.702083e-01 -6.348194e-01
  outer loop
   vertex 3.570090e+00 3.600000e+01 2.739426e+00
   vertex 3.181981e+00 3.600000e+01 3.181981e+00
   vertex 0.000000e+00 5.200000e+01 0.000000e+00
  endloop
 endfacet
 facet normal -6.348194e-01 -2.702083e-01 -7.238728e-01
  outer loop
   vertex 3.181981e+00 3.600000e+01 3.181981e+00
   vertex 2.739426e+00 3.600000e+01 3.570090e+00
   vertex 0.000000e+00 5.200000e+01 0.000000e+00
  endloop
 endfacet
 facet normal -5.349041e-01 -2.702083e-01 -8.005405e-01
  outer loop
   vertex 2.739426e+00 3.600000e+01 3.570090e+00
   vertex 2.250000e+00 3.600000e+01 3.897114e+00
   vertex 0.000000e+00 5.200000e+01 0.000000e+00
  endloop
 endfacet
 facet normal -4.258364e-01 -2.702083e-01 -8.635108e-01
  outer loop
   vertex 2.250000e+00 3.600000e+01 3.897114e+00
   vertex 1.722075e+00 3.600000e+01 4.157458e+00
   vertex 0.000000e+00 5.200000e+01 0.000000e+00
  endloop
 endfacet
 facet normal -3.094825e-01 -2.702083e-01 -9.117061e-01
  outer loop
   vertex 1.722075e+00 3.600000e+01 4.157458e+00
   vertex 1.164686e+00 3.600000e+01 4.346666e+00
   vertex 0.000000e+00 5.200000e+01 0.000000e+00
  endloop
 endfacet
 facet normal -1.878333e-01 -2.702083e-01 -9.443019e-01
  outer loop
   vertex 1.164686e+00 3.600000e+01 4.346666e+00
   vertex 5.873679e-01 3.600000e+01 4.461502e+00
   vertex 0.000000e+00 5.200000e+01 0.000000e+00
  endloop
 endfacet
 facet normal -6.297026e-02 -2.702083e-01 -9.607405e-01
  outer loop
   vertex 5.873679e-01 3.600000e+01 4.461502e+00
   vertex 2.755455e-16 3.600000e+01 4.500000e+00
   vertex 0.000000e+00 5.200000e+01 0.000000e+00
  endloop
 endfacet
 facet normal 6.297026e-02 -2.702083e-01 -9.607405e-01
  outer loop
   vertex 2.755455e-16 3.600000e+01 4.500000e+00
   vertex -5.873679e-01 3.600000e+01 4.461502e+00
   vertex 0.000000e+00 5.200000e+01 0.000000e+00
  endloop
 endfacet
 facet normal 1.878333e-01 -2.702083e-01 -9.443019e-01
  outer loop
   vertex -5.873679e-01 3.600000e+01 4.461502e+00
   vertex -1.164686e+00 3.600000e+01 4.346666e+00
   vertex 0.000000e+00 5.200000e+01 0.000000e+00
  endloop
 endfacet
 facet normal 3.094825e-01 -2.702083e-01 -9.117061e-01
  outer loop
   vertex -1.164686e+00 3.600000e+01 4.346666e+00
   vertex -1.722075e+00 3.600000e+01 4.157458e+00
   vertex 0.000000e+00 5.200000e+01 0.000000e+00
  endloop
 endfacet
 facet normal 4.258364e-01 -2.702083e-01 -8.635108e-01
  outer loop
   vertex -1.722075e+00 3.600000e+01 4.157458e+00
   vertex -2.250000e+00 3.600000e+01 3.897114e+00
   vertex 0.000000e+00 5.200000e+01 0.000000e+00
  endloop
 endfacet
 facet normal 5.349041e-01 -2.702083e-01 -8.005405e-01
  outer loop
   vertex -2.250000e+00 3.600000e+01 3.897114e+00
   vertex -2.739426e+00 3.600000e+01 3.570090e+00
   vertex 0.000000e+00 5.200000e+01 0.000000e+00
  endloop
 endfacet
 facet normal 6.348194e-01 -2.702083e-01 -7.238728e-01
  outer loop
   vertex -2.739426e+00 3.600000e+01 3.570090e+00
   vertex -3.181981e+00 3.600000e+01 3.181981e+00
   vertex 0.000000e+00 5.200000e+01 0.000000e+00
  endloop
 endfacet
 facet normal 7.238728e-01 -2.702083e-01 -6.348194e-01
  outer loop
   vertex -3.181981e+00 3.600000e+01 3.181981e+00
   vertex -3.570090e+00 3.600000e+01 2.739426e+00
   vertex 0.000000e+00 5.200000e+01 0.000000e+00
  endloop
 endfacet
 facet normal 8.005405e-01 -2.702083e-01 -5.349041e-01
  outer loop
   vertex -3.570090e+00 3.600000e+01 2.739426e+00
   vertex -3.897114e+00 3.600000e+01 2.250000e+00
   vertex 0.000000e+00 5.200000e+01 0.000000e+00
  endloop
 endfacet
 facet normal 8.635108e-01 -2.702083e-01 -4.258364e-01
  outer loop
   vertex -3.897114e+00 3.600000e+01 2.250000e+00
   vertex -4.157458e+00 3.600000e+01 1.722075e+00
   vertex 0.000000e+00 5.200000e+01 0.000000e+00
  endloop
 endfacet
 facet normal 9.117061e-01 -2.702083e-01 -3.094825e-01
  outer loop
   vertex -4.157458e+00 3.600000e+01 1.722075e+00
   vertex -4.346666e+00 3.600000e+01 1.164686e+00
   vertex 0.000000e+00 5.200000e+01 0.000000e+00
  endloop
 endfacet
 facet normal 9.443019e-01 -2.702083e-01 -1.878333e-01
  outer loop
   vertex -4.346666e+00 3.600000e+01 1.164686e+00
   vertex -4.461502e+00 3.600000e+01 5.873679e-01
   vertex 0.000000e+00 5.200000e+01 0.000000e+00
  endloop
 endfacet
 facet normal 9.607405e-01 -2.702083e-01 -6.297026e-02
  outer loop
   vertex -4.461502e+00 3.600000e+01 5.873679e-01
   vertex -4.500000e+00 3.600000e+01 5.510911e-16
   vertex 0.000000e+00 5.200000e+01 0.000000e+00
  endloop
 endfacet
 facet normal 9.607405e-01 -2.702083e-01 6.297026e-02
  outer loop
   vertex -4.500000e+00 3.600000e+01 5.510911e-16
   vertex -4.461502e+00 3.600000e+01 -5.873679e-01
   vertex 0.000000e+00 5.200000e+01 0.000000e+00
  endloop
 endfacet
 facet normal 9.443019e-01 -2.702083e-01 1.878333e-01
  outer loop
   vertex -4.461502e+00 3.600000e+01 -5.873679e-01
   vertex -4.346666e+00 3.600000e+01 -1.164686e+00
   vertex 0.000000e+00 5.200000e+01 0.000000e+00
  endloop
 endfacet
 facet normal 9.117061e-01 -2.702083e-01 3.094825e-01
  outer loop
   vertex -4.346666e+00 3.600000e+01 -1.164686e+00
   vertex -4.157458e+00 3.600000e+01 -1.722075e+00
   vertex 0.000000e+00 5.200000e+01 0.000000e+00
  endloop
 endfacet
 facet normal 8.635108e-01 -2.702083e-01 4.258364e-01
  outer loop
   vertex -4.157458e+00 3.600000e+01 -1.722075e+00
   vertex -3.897114e+00 3.600000e+01 -2.250000e+00
   vertex 0.000000e+00 5.200000e+01 0.000000e+00
  endloop
 endfacet
 facet normal 8.005405e-01 -2.702083e-01 5.349041e-01
  outer loop
   vertex -3.897114e+00 3.600000e+01 -2.250000e+00
   vertex -3.570090e+00 3.600000e+01 -2.739426e+00
   vertex 0.000000e+00 5.200000e+01 0.000000e+00
  endloop
 endfacet
 facet normal 7.238728e-01 -2.702083e-01 6.348194e-01
  outer loop
   vertex -3.570090e+00 3.600000e+01 -2.739426e+00
   vertex -3.181981e+00 3.600000e+01 -3.181981e+00
   vertex 0.000000e+00 5.200000e+01 0.000000e+00
  endloop
 endfacet
 facet normal 6.348194e-01 -2.702083e-01 7.238728e-01
  outer loop
   vertex -3.181981e+00 3.600000e+01 -3.181981e+00
   vertex -2.739426e+00 3.600000e+01 -3.570090e+00
   vertex 0.000000e+00 5.200000e+01 0.000000e+00
  endloop
 endfacet
 facet normal 5.349041e-01 -2.702083e-01 8.005405e-01
  outer loop
   vertex -2.739426e+00 3.600000e+01 -3.570090e+00
   vertex -2.250000e+00 3.600000e+01 -3.897114e+00
   vertex 0.000000e+00 5.200000e+01 0.000000e+00
  endloop
 endfacet
 facet normal 4.258364e-01 -2.702083e-01 8.635108e-01
  outer loop
   vertex -2.250000e+00 3.600000e+01 -3.897114e+00
   vertex -1.722075e+00 3.600000e+01 -4.157458e+00
   vertex 0.000000e+00 5.200000e+01 0.000000e+00
  endloop
 endfacet
 facet normal 3.094825e-01 -2.702083e-01 9.117061e-01
  outer loop
   vertex -1.722075e+00 3.600000e+01 -4.157458e+00
   vertex -1.164686e+00 3.600000e+01 -4.346666e+00
   vertex 0.000000e+00 5.200000e+01 0.000000e+00
  endloop
 endfacet
 facet normal 1.878333e-01 -2.702083e-01 9.443019e-01
  outer loop
   vertex -1.164686e+00 3.600000e+01 -4.346666e+00
   vertex -5.873679e-01 3.600000e+01 -4.461502e+00
   vertex 0.000000e+00 5.200000e+01 0.000000e+00
  endloop
 endfacet
 facet normal 6.297026e-02 -2.702083e-01 9.607405e-01
  outer loop
   vertex -5.873679e-01 3.600000e+01 -4.461502e+00
   vertex -8.266366e-16 3.600000e+01 -4.500000e+00
   vertex 0.000000e+00 5.200000e+01 0.000000e+00
  endloop
 endfacet
 facet normal -6.297026e-02 -2.702083e-01 9.607405e-01
  outer loop
   vertex -8.266366e-16 3.600000e+01 -4.500000e+00
   vertex 5.873679e-01 3.600000e+01 -4.461502e+00
   vertex 0.000000e+00 5.200000e+01 0.000000e+00
  endloop
 endfacet
 facet normal -1.878333e-01 -2.702083e-01 9.443019e-01
  outer loop
   vertex 5.873679e-01 3.600000e+01 -4.461502e+00
   vertex 1.164686e+00 3.600000e+01 -4.346666e+00
   vertex 0.000000e+00 5.200000e+01 0.000000e+00
  endloop
 endfacet
 facet normal -3.094825e-01 -2.702083e-01 9.117061e-01
  outer loop
   vertex 1.164686e+00 3.600000e+01 -4.346666e+00
   vertex 1.722075e+00 3.600000e+01 -4.157458e+00
   vertex 0.000000e+00 5.200000e+01 0.000000e+00
  endloop
 endfacet
 facet normal -4.258364e-01 -2.702083e-01 8.635108e-01
  outer loop
   vertex 1.722075e+00 3.600000e+01 -4.157458e+00
   vertex 2.250000e+00 3.600000e+01 -3.897114e+00
   vertex 0.000000e+00 5.200000e+01 0.000000e+00
  endloop
 endfacet
 facet normal -5.349041e-01 -2.702083e-01 8.005405e-01
  outer loop
   vertex 2.250000e+00 3.600000e+01 -3.897114e+00
   vertex 2.739426e+00 3.600000e+01 -3.570090e+00
   vertex 0.000000e+00 5.200000e+01 0.000000e+00
  endloop
 endfacet
 facet normal -6.348194e-01 -2.702083e-01 7.238728e-01
  outer loop
   vertex 2.739426e+00 3.600000e+01 -3.570090e+00
   vertex 3.181981e+00 3.600000e+01 -3.181981e+00
   vertex 0.000000e+00 5.200000e+01 0.000000e+00
  endloop
 endfacet
 facet normal -7.238728e-01 -2.702083e-01 6.348194e-01
  outer loop
   vertex 3.181981e+00 3.600000e+01 -3.181981e+00
   vertex 3.570090e+00 3.600000e+01 -2.739426e+00
   vertex 0.000000e+00 5.200000e+01 0.000000e+00
  endloop
 endfacet
 facet normal -8.005405e-01 -2.702083e-01 5.349041e-01
  outer loop
   vertex 3.570090e+00 3.600000e+01 -2.739426e+00
   vertex 3.897114e+00 3.600000e+01 -2.250000e+00
   vertex 0.000000e+00 5.200000e+01 0.000000e+00
  endloop
 endfacet
 facet normal -8.635108e-01 -2.702083e-01 4.258364e-01
  outer loop
   vertex 3.897114e+00 3.600000e+01 -2.250000e+00
   vertex 4.157458e+00 3.600000e+01 -1.722075e+00
   vertex 0.000000e+00 5.200000e+01 0.000000e+00
  endloop
 endfacet
 facet normal -9.117061e-01 -2.702083e-01 3.094825e-01
  outer loop
   vertex 4.157458e+00 3.600000e+01 -1.722075e+00
   vertex 4.346666e+00 3.600000e+01 -1.164686e+00
   vertex 0.000000e+00 5.200000e+01 0.000000e+00
  endloop
 endfacet
 facet normal -9.443019e-01 -2.702083e-01 1.878333e-01
  outer loop
   vertex 4.346666e+00 3.600000e+01 -1.164686e+00
   vertex 4.461502e+00 3.600000e+01 -5.873679e-01
   vertex 0.000000e+00 5.200000e+01 0.000000e+00
  endloop
 endfacet
 facet normal -9.607405e-01 -2.702083e-01 6.297026e-02
  outer loop
   vertex 4.461502e+00 3.600000e+01 -5.873679e-01
   vertex 4.500000e+00 3.600000e+01 0.000000e+00
   vertex 0.000000e+00 5.200000e+01 0.000000e+00
  endloop
 endfacet
 facet normal 0.000000e+00 1.000000e+00 0.000000e+00
  outer loop
   vertex 4.461502e+00 3.600000e+01 5.873679e-01
   vertex 4.500000e+00 3.600000e+01 0.000000e+00
   vertex 0.000000e+00 3.600000e+01 0.000000e+00
  endloop
 endfacet
 facet normal 0.000000e+00 1.000000e+00 0.000000e+00
  outer loop
   vertex 4.346666e+00 3.600000e+01 1.164686e+00
   vertex 4.461502e+00 3.600000e+01 5.873679e-01
   vertex 0.000000e+00 3.600000e+01 0.000000e+00
  endloop
 endfacet
 facet normal 0.000000e+00 1.000000e+00 0.000000e+00
  outer loop
   vertex 4.157458e+00 3.600000e+01 1.722075e+00
   vertex 4.346666e+00 3.600000e+01 1.164686e+00
   vertex 0.000000e+00 3.600000e+01 0.000000e+00
  endloop
 endfacet
 facet normal 0.000000e+00 1.000000e+00 0.000000e+00
  outer loop
   vertex 3.897114e+00 3.600000e+01 2.250000e+00
   vertex 4.157458e+00 3.600000e+01 1.722075e+00
   vertex 0.000000e+00 3.600000e+01 0.000000e+00
  endloop
 endfacet
 facet normal 0.000000e+00 1.000000e+00 0.000000e+00
  outer loop
   vertex 3.570090e+00 3.600000e+01 2.739426e+00
   vertex 3.897114e+00 3.600000e+01 2.250000e+00
   vertex 0.000000e+00 3.600000e+01 0.000000e+00
  endloop
 endfacet
 facet normal 0.000000e+00 1.000000e+00 0.000000e+00
  outer loop
   vertex 3.181981e+00 3.600000e+01 3.181981e+00
   vertex 3.570090e+00 3.600000e+01 2.739426e+00
   vertex 0.000000e+00 3.600000e+01 0.000000e+00
  endloop
 endfacet
 facet normal 0.000000e+00 1.000000e+00 0.000000e+00
  outer loop
   vertex 2.739426e+00 3.600000e+01 3.570090e+00
   vertex 3.181981e+00 3.600000e+01 3.181981e+00
   vertex 0.000000e+00 3.600000e+01 0.000000e+00
  endloop
 endfacet
 facet normal 0.000000e+00 1.000000e+00 0.000000e+00
  outer loop
   vertex 2.250000e+00 3.600000e+01 3.897114e+00
   vertex 2.739426e+00 3.600000e+01 3.570090e+00
   vertex 0.000000e+00 3.600000e+01 0.000000e+00
  endloop
 endfacet
 facet normal 0.000000e+00 1.000000e+00 0.000000e+00
  outer loop
   vertex 1.722075e+00 3.600000e+01 4.157458e+00
   vertex 2.250000e+00 3.600000e+01 3.897114e+00
   vertex 0.000000e+00 3.600000e+01 0.000000e+00
  endloop
 endfacet
 facet normal 0.000000e+00 1.000000e+00 0.000000e+00
  outer loop
   vertex 1.164686e+00 3.600000e+01 4.346666e+00
   vertex 1.722075e+00 3.600000e+01 4.157458e+00
   vertex 0.000000e+00 3.600000e+01 0.000000e+00
  endloop
 endfacet
 facet normal 0.000000e+00 1.000000e+00 0.000000e+00
  outer loop
   vertex 5.873679e-01 3.600000e+01 4.461502e+00
   vertex 1.164686e+00 3.600000e+01 4.346666e+00
   vertex 0.000000e+00 3.600000e+01 0.000000e+00
  endloop
 endfacet
 facet normal 0.000000e+00 1.000000e+00 0.000000e+00
  outer loop
   vertex 2.755455e-16 3.600000e+01 4.500000e+00
   vertex 5.873679e-01 3.600000e+01 4.461502e+00
   vertex 0.000000e+00 3.600000e+01 0.000000e+00
  endloop
 endfacet
 facet normal -0.000000e+00 1.000000e+00 0.000000e+00
  outer loop
   vertex -5.873679e-01 3.600000e+01 4.461502e+00
   vertex 2.755455e-16 3.600000e+01 4.500000e+00
   vertex 0.000000e+00 3.600000e+01 0.000000e+00
  endloop
 endfacet
 facet normal -0.000000e+00 1.000000e+00 0.000000e+00
  outer loop
   vertex -1.164686e+00 3.600000e+01 4.346666e+00
   vertex -5.873679e-01 3.600000e+01 4.461502e+00
   vertex 0.000000e+00 3.600000e+01 0.000000e+00
  endloop
 endfacet
 facet normal -0.000000e+00 1.000000e+00 0.000000e+00
  outer loop
   vertex -1.722075e+00 3.600000e+01 4.157458e+00
   vertex -1.164686e+00 3.600000e+01 4.346666e+00
   vertex 0.000000e+00 3.600000e+01 0.000000e+00
  endloop
 endfacet
 facet normal -0.000000e+00 1.000000e+00 0.000000e+00
  outer loop
   vertex -2.250000e+00 3.600000e+01 3.897114e+00
   vertex -1.722075e+00 3.600000e+01 4.157458e+00
   vertex 0.000000e+00 3.600000e+01 0.000000e+00
  endloop
 endfacet
 facet normal -0.000000e+00 1.000000e+00 0.000000e+00
  outer loop
   vertex -2.739426e+00 3.600000e+01 3.570090e+00
   vertex -2.250000e+00 3.600000e+01 3.897114e+00
   vertex 0.000000e+00 3.600000e+01 0.000000e+00
  endloop
 endfacet
 facet normal -0.000000e+00 1.000000e+00 0.000000e+00
  outer loop
   vertex -3.181981e+00 3.600000e+01 3.181981e+00
   vertex -2.739426e+00 3.600000e+01 3.570090e+00
   vertex 0.000000e+00 3.600000e+01 0.000000e+00
  endloop
 endfacet
 facet normal -0.000000e+00 1.000000e+00 0.000000e+00
  outer loop
   vertex -3.570090e+00 3.600000e+01 2.739426e+00
   vertex -3.181981e+00 3.600000e+01 3.181981e+00
   vertex 0.000000e+00 3.600000e+01 0.000000e+00
  endloop
 endfacet
 facet normal -0.000000e+00 1.000000e+00 0.000000e+00
  outer loop
   vertex -3.897114e+00 3.600000e+01 2.250000e+00
   vertex -3.570090e+00 3.600000e+01 2.739426e+00
   vertex 0.000000e+00 3.600000e+01 0.000000e+00
  endloop
 endfacet
 facet normal -0.000000e+00 1.000000e+00 0.000000e+00
  outer loop
   vertex -4.157458e+00 3.600000e+01 1.722075e+00
   vertex -3.897114e+00 3.600000e+01 2.250000e+00
   vertex 0.000000e+00 3.600000e+01 0.000000e+00
  endloop
 endfacet
 facet normal -0.000000e+00 1.000000e+00 0.000000e+00
  outer loop
   vertex -4.346666e+00 3.600000e+01 1.164686e+00
   vertex -4.157458e+00 3.600000e+01 1.722075e+00
   vertex 0.000000e+00 3.600000e+01 0.000000e+00
  endloop
 endfacet
 facet normal -0.000000e+00 1.000000e+00 0.000000e+00
  outer loop
   vertex -4.461502e+00 3.600000e+01 5.873679e-01
   vertex -4.346666e+00 3.600000e+01 1.164686e+00
   vertex 0.000000e+00 3.600000e+01 0.000000e+00
  endloop
 endfacet
 facet normal -0.000000e+00 1.000000e+00 0.000000e+00
  outer loop
   vertex -4.500000e+00 3.600000e+01 5.510911e-16
   vertex -4.461502e+00 3.600000e+01 5.873679e-01
   vertex 0.000000e+00 3.600000e+01 0.000000e+00
  endloop
 endfacet
 facet normal 0.000000e+00 1.000000e+00 -0.000000e+00
  outer loop
   vertex -4.461502e+00 3.600000e+01 -5.873679e-01
   vertex -4.500000e+00 3.600000e+01 5.510911e-16
   vertex 0.000000e+00 3.600000e+01 0.000000e+00
  endloop
 endfacet
 facet normal 0.000000e+00 1.000000e+00 -0.000000e+00
  outer loop
   vertex -4.346666e+00 3.600000e+01 -1.164686e+00
   vertex -4.461502e+00 3.600000e+01 -5.873679e-01
   vertex 0.000000e+00 3.600000e+01 0.000000e+00
  endloop
 endfacet
 facet normal 0.000000e+00 1.000000e+00 -0.000000e+00
  outer loop
   vertex -4.157458e+00 3.600000e+01 -1.722075e+00
   vertex -4.346666e+00 3.600000e+01 -1.164686e+00
   vertex 0.000000e+00 3.600000e+01 0.000000e+00
  endloop
 endfacet
 facet normal 0.000000e+00 1.000000e+00 -0.000000e+00
  outer loop
   vertex -3.897114e+00 3.600000e+01 -2.250000e+00
   vertex -4.157458e+00 3.600000e+01 -1.722075e+00
   vertex 0.000000e+00 3.600000e+01 0.000000e+00
  endloop
 endfacet
 facet normal 0.000000e+00 1.000000e+00 -0.000000e+00
  outer loop
   vertex -3.570090e+00 3.600000e+01 -2.739426e+00
   vertex -3.897114e+00 3.600000e+01 -2.250000e+00
   vertex 0.000000e+00 3.600000e+01 0.000000e+00
  endloop
 endfacet
 facet normal 0.000000e+00 1.000000e+00 -0.000000e+00
  outer loop
   vertex -3.181981e+00 3.600000e+01 -3.181981e+00
   vertex -3.570090e+00 3.600000e+01 -2.739426e+00
   vertex 0.000000e+00 3.600000e+01 0.000000e+00
  endloop
 endfacet
 facet normal 0.000000e+00 1.000000e+00 -0.000000e+00
  outer loop
   vertex -2.739426e+00 3.600000e+01 -3.570090e+00
   vertex -3.181981e+00 3.600000e+01 -3.181981e+00
   vertex 0.000000e+00 3.600000e+01 0.000000e+00
  endloop
 endfacet
 facet normal 0.000000e+00 1.000000e+00 -0.000000e+00
  outer loop
   vertex -2.250000e+00 3.600000e+01 -3.897114e+00
   vertex -2.739426e+00 3.600000e+01 -3.570090e+00
   vertex 0.000000e+00 3.600000e+01 0.000000e+00
  endloop
 endfacet
 facet normal 0.000000e+00 1.000000e+00 -0.000000e+00
  outer loop
   vertex -1.722075e+00 3.600000e+01 -4.157458e+00
   vertex -2.250000e+00 3.600000e+01 -3.897114e+00
   vertex 0.000000e+00 3.600000e+01 0.000000e+00
  endloop
 endfacet
 facet normal 0.000000e+00 1.000000e+00 -0.000000e+00
  outer loop
   vertex -1.164686e+00 3.600000e+01 -4.346666e+00
   vertex -1.722075e+00 3.600000e+01 -4.157458e+00
   vertex 0.000000e+00 3.600000e+01 0.000000e+00
  endloop
 endfacet
 facet normal 0.000000e+00 1.000000e+00 -0.000000e+00
  outer loop
   vertex -5.873679e-01 3.600000e+01 -4.461502e+00
   vertex -1.164686e+00 3.600000e+01 -4.346666e+00
   vertex 0.000000e+00 3.600000e+01 0.000000e+00
  endloop
 endfacet
 facet normal 0.000000e+00 1.000000e+00 -0.000000e+00
  outer loop
   vertex -8.266366e-16 3.600000e+01 -4.500000e+00
   vertex -5.873679e-01 3.600000e+01 -4.461502e+00
   vertex 0.000000e+00 3.600000e+01 0.000000e+00
  endloop
 endfacet
 facet normal 0.000000e+00 1.000000e+00 0.000000e+00
  outer loop
   vertex 5.873679e-01 3.600000e+01 -4.461502e+00
   vertex -8.266366e-16 3.600000e+01 -4.500000e+00
   vertex 0.000000e+00 3.600000e+01 0.000000e+00
  endloop
 endfacet
 facet normal 0.000000e+00 1.000000e+00 0.000000e+00
  outer loop
   vertex 1.164686e+00 3.600000e+01 -4.346666e+00
   vertex 5.873679e-01 3.600000e+01 -4.461502e+00
   vertex 0.000000e+00 3.600000e+01 0.000000e+00
  endloop
 endfacet
 facet normal 0.000000e+00 1.000000e+00 0.000000e+00
  outer loop
   vertex 1.722075e+00 3.600000e+01 -4.157458e+00
   vertex 1.164686e+00 3.600000e+01 -4.346666e+00
   vertex 0.000000e+00 3.600000e+01 0.000000e+00
  endloop
 endfacet
 facet normal 0.000000e+00 1.000000e+00 0.000000e+00
  outer loop
   vertex 2.250000e+00 3.600000e+01 -3.897114e+00
   vertex 1.722075e+00 3.600000e+01 -4.157458e+00
   vertex 0.000000e+00 3.600000e+01 0.000000e+00
  endloop
 endfacet
 facet normal 0.000000e+00 1.000000e+00 0.000000e+00
  outer loop
   vertex 2.739426e+00 3.600000e+01 -3.570090e+00
   vertex 2.250000e+00 3.600000e+01 -3.897114e+00
   vertex 0.000000e+00 3.600000e+01 0.000000e+00
  endloop
 endfacet
 facet normal 0.000000e+00 1.000000e+00 0.000000e+00
  outer loop
   vertex 3.181981e+00 3.600000e+01 -3.181981e+00
   vertex 2.739426e+00 3.600000e+01 -3.570090e+00
   vertex 0.000000e+00 3.600000e+01 0.000000e+00
  endloop
 endfacet
 facet normal 0.000000e+00 1.000000e+00 0.000000e+00
  outer loop
   vertex 3.570090e+00 3.600000e+01 -2.739426e+00
   vertex 3.181981e+00 3.600000e+01 -3.181981e+00
   vertex 0.000000e+00 3.600000e+01 0.000000e+00
  endloop
 endfacet
 facet normal 0.000000e+00 1.000000e+00 0.000000e+00
  outer loop
   vertex 3.897114e+00 3.600000e+01 -2.250000e+00
   vertex 3.570090e+00 3.600000e+01 -2.739426e+00
   vertex 0.000000e+00 3.600000e+01 0.000000e+00
  endloop
 endfacet
 facet normal 0.000000e+00 1.000000e+00 0.000000e+00
  outer loop
   vertex 4.157458e+00 3.600000e+01 -1.722075e+00
   vertex 3.897114e+00 3.600000e+01 -2.250000e+00
   vertex 0.000000e+00 3.600000e+01 0.000000e+00
  endloop
 endfacet
 facet normal 0.000000e+00 1.000000e+00 0.000000e+00
  outer loop
   vertex 4.346666e+00 3.600000e+01 -1.164686e+00
   vertex 4.157458e+00 3.600000e+01 -1.722075e+00
   vertex 0.000000e+00 3.600000e+01 0.000000e+00
  endloop
 endfacet
 facet normal 0.000000e+00 1.000000e+00 0.000000e+00
  outer loop
   vertex 4.461502e+00 3.600000e+01 -5.873679e-01
   vertex 4.346666e+00 3.600000e+01 -1.164686e+00
   vertex 0.000000e+00 3.600000e+01 0.000000e+00
  endloop
 endfacet
 facet normal 0.000000e+00 1.000000e+00 0.000000e+00
  outer loop
   vertex 4.500000e+00 3.600000e+01 0.000000e+00
   vertex 4.461502e+00 3.600000e+01 -5.873679e-01
   vertex 0.000000e+00 3.600000e+01 0.000000e+00
  endloop
 endfacet
endsolid starship_v2_pointednose
